CUSTOMER_ID,OBSERVATION_END_DATE,LAST_PURCHASE_DATE,MONTHS_OBSERVED,INSUFFICIENT_HISTORY_FLAG,CHURNED,PRE_WINDOW_TXN,LABEL_WINDOW_TXN,LABEL_MISMATCH,NO_PRE_WINDOW_HISTORY
500001,2024-06-30,2024-06-01,18,0,0,68.0,11.0,0,0
500002,2024-06-30,2024-06-01,12,0,0,53.0,18.0,0,0
500003,2024-06-30,2024-06-01,18,0,0,69.0,15.0,0,0
500004,2024-06-30,2024-06-01,18,0,0,75.0,9.0,0,0
500005,2024-06-30,,1,1,0,0.0,0.0,0,1
500006,2024-06-30,2024-06-01,18,0,0,37.0,10.0,0,0
500007,2024-06-30,2024-06-01,18,0,0,52.0,14.0,0,0
500008,2024-06-30,2024-06-01,18,0,0,97.0,23.0,0,0
500009,2024-06-30,2024-06-01,18,0,0,49.0,11.0,0,0
500010,2024-06-30,2024-06-01,18,0,0,16.0,5.0,0,0
500011,2024-06-30,2024-06-01,3,1,0,0.0,11.0,0,1
500012,2024-06-30,2024-05-01,18,0,0,69.0,6.0,0,0
500013,2024-06-30,2024-06-01,18,0,0,57.0,10.0,0,0
500014,2024-06-30,2024-02-01,1,1,1,1.0,0.0,0,0
500015,2024-06-30,2024-06-01,11,0,0,44.0,12.0,0,0
500016,2024-06-30,2024-06-01,18,0,0,90.0,7.0,0,0
500017,2024-06-30,2023-02-01,2,1,1,2.0,0.0,0,0
500018,2024-06-30,2024-06-01,18,0,0,58.0,15.0,0,0
500019,2024-06-30,2023-12-01,13,0,1,44.0,0.0,0,0
500020,2024-06-30,2024-06-01,18,0,0,31.0,12.0,0,0
500021,2024-06-30,2024-06-01,18,0,0,105.0,18.0,0,0
500022,2024-06-30,2023-11-01,11,0,1,17.0,0.0,0,0
500023,2024-06-30,2024-06-01,18,0,0,68.0,19.0,0,0
500024,2024-06-30,2024-01-01,14,0,1,41.0,0.0,0,0
500025,2024-06-30,2024-06-01,6,0,0,8.0,11.0,0,0
500026,2024-06-30,2024-06-01,4,0,0,4.0,16.0,0,0
500027,2024-06-30,,1,1,0,0.0,0.0,0,1
500028,2024-06-30,2024-06-01,16,0,0,81.0,15.0,0,0
500029,2024-06-30,2024-06-01,18,0,0,106.0,19.0,0,0
500030,2024-06-30,2024-06-01,14,0,0,16.0,1.0,0,0
500031,2024-06-30,2024-06-01,10,0,0,8.0,2.0,0,0
500032,2024-06-30,2024-03-01,6,0,1,2.0,0.0,0,0
500033,2024-06-30,2024-06-01,16,0,0,61.0,14.0,0,0
500034,2024-06-30,2023-05-01,6,0,1,5.0,0.0,0,0
500035,2024-06-30,,1,1,0,0.0,0.0,0,1
500036,2024-06-30,2023-06-01,5,0,1,29.0,0.0,0,0
500037,2024-06-30,2024-04-01,16,0,0,26.0,1.0,0,0
500038,2024-06-30,2024-06-01,18,0,0,39.0,14.0,0,0
500039,2024-06-30,2024-06-01,17,0,0,103.0,19.0,0,0
500040,2024-06-30,2024-06-01,18,0,0,75.0,19.0,0,0
500041,2024-06-30,2024-06-01,18,0,0,76.0,18.0,0,0
500042,2024-06-30,,2,1,0,0.0,0.0,0,1
500043,2024-06-30,,2,1,0,0.0,0.0,0,1
500044,2024-06-30,2023-12-01,15,0,1,45.0,0.0,0,0
500045,2024-06-30,2023-06-01,7,0,1,14.0,0.0,0,0
500046,2024-06-30,2024-06-01,18,0,0,93.0,14.0,0,0
500047,2024-06-30,2023-06-01,7,0,1,30.0,0.0,0,0
500048,2024-06-30,2024-06-01,7,0,0,13.0,15.0,0,0
500049,2024-06-30,,1,1,0,0.0,0.0,0,1
500050,2024-06-30,2024-06-01,18,0,0,51.0,13.0,0,0
500051,2024-06-30,2024-06-01,15,0,0,37.0,14.0,0,0
500052,2024-06-30,2024-06-01,11,0,0,42.0,17.0,0,0
500053,2024-06-30,2024-06-01,3,1,0,0.0,17.0,0,1
500054,2024-06-30,2024-06-01,17,0,0,45.0,19.0,0,0
500055,2024-06-30,2023-11-01,12,0,1,34.0,0.0,0,0
500056,2024-06-30,,1,1,0,0.0,0.0,0,1
500057,2024-06-30,2024-06-01,17,0,0,95.0,29.0,0,0
500058,2024-06-30,2024-06-01,18,0,0,67.0,18.0,0,0
500059,2024-06-30,2024-06-01,18,0,0,61.0,15.0,0,0
500060,2024-06-30,2024-06-01,10,0,0,35.0,26.0,0,0
500061,2024-06-30,2024-06-01,2,1,0,0.0,2.0,0,1
500062,2024-06-30,2024-06-01,18,0,0,100.0,23.0,0,0
500063,2024-06-30,2024-06-01,2,1,0,0.0,13.0,0,1
500064,2024-06-30,2024-06-01,13,0,0,56.0,17.0,0,0
500065,2024-06-30,,6,0,0,0.0,0.0,0,1
500066,2024-06-30,2024-06-01,18,0,0,63.0,16.0,0,0
500067,2024-06-30,2024-06-01,5,0,0,23.0,27.0,0,0
500068,2024-06-30,2023-11-01,11,0,1,24.0,0.0,0,0
500069,2024-06-30,2024-03-01,15,0,1,25.0,0.0,0,0
500070,2024-06-30,2024-06-01,7,0,0,23.0,20.0,0,0
500071,2024-06-30,2024-06-01,18,0,0,126.0,20.0,0,0
500072,2024-06-30,2024-06-01,18,0,0,64.0,7.0,0,0
500073,2024-06-30,2024-06-01,18,0,0,35.0,7.0,0,0
500074,2024-06-30,2023-09-01,9,0,1,19.0,0.0,0,0
500075,2024-06-30,2024-04-01,17,0,0,55.0,2.0,0,0
500076,2024-06-30,2024-04-01,17,0,0,47.0,2.0,0,0
500077,2024-06-30,2023-11-01,14,0,1,26.0,0.0,0,0
500078,2024-06-30,2024-06-01,18,0,0,31.0,8.0,0,0
500079,2024-06-30,2023-11-01,6,0,1,10.0,0.0,0,0
500080,2024-06-30,2024-05-01,7,0,0,19.0,10.0,0,0
500081,2024-06-30,2024-06-01,18,0,0,89.0,18.0,0,0
500082,2024-06-30,2023-11-01,2,1,1,2.0,0.0,0,0
500083,2024-06-30,2024-06-01,18,0,0,66.0,19.0,0,0
500084,2024-06-30,2023-12-01,14,0,1,45.0,0.0,0,0
500085,2024-06-30,2024-02-01,8,0,1,15.0,0.0,0,0
500086,2024-06-30,2023-06-01,7,0,1,25.0,0.0,0,0
500087,2024-06-30,2024-06-01,3,1,0,0.0,23.0,0,1
500088,2024-06-30,2024-06-01,8,0,0,21.0,16.0,0,0
500089,2024-06-30,2023-05-01,4,0,1,10.0,0.0,0,0
500090,2024-06-30,2023-12-01,13,0,1,70.0,0.0,0,0
500091,2024-06-30,2024-06-01,18,0,0,98.0,18.0,0,0
500092,2024-06-30,2024-02-01,14,0,1,62.0,0.0,0,0
500093,2024-06-30,2024-06-01,18,0,0,67.0,9.0,0,0
500094,2024-06-30,2023-04-01,5,0,1,10.0,0.0,0,0
500095,2024-06-30,2024-06-01,4,0,0,2.0,7.0,0,0
500096,2024-06-30,2024-06-01,16,0,0,59.0,17.0,0,0
500097,2024-06-30,2024-05-01,17,0,0,87.0,2.0,0,0
500098,2024-06-30,2024-06-01,17,0,0,55.0,15.0,0,0
500099,2024-06-30,2023-11-01,3,1,1,9.0,0.0,0,0
500100,2024-06-30,2024-06-01,11,0,0,33.0,2.0,0,0
500101,2024-06-30,2023-02-01,2,1,1,3.0,0.0,0,0
500102,2024-06-30,2024-06-01,3,1,0,0.0,11.0,0,1
500103,2024-06-30,2024-06-01,18,0,0,58.0,10.0,0,0
500104,2024-06-30,2024-06-01,18,0,0,35.0,9.0,0,0
500105,2024-06-30,2024-05-01,18,0,0,47.0,4.0,0,0
500106,2024-06-30,2024-06-01,18,0,0,56.0,10.0,0,0
500107,2024-06-30,2023-04-01,5,0,1,14.0,0.0,0,0
500108,2024-06-30,2024-06-01,18,0,0,82.0,28.0,0,0
500109,2024-06-30,2023-03-01,4,0,1,2.0,0.0,0,0
500110,2024-06-30,2024-06-01,14,0,0,88.0,20.0,0,0
500111,2024-06-30,2024-06-01,18,0,0,63.0,12.0,0,0
500112,2024-06-30,2024-06-01,18,0,0,63.0,6.0,0,0
500113,2024-06-30,2024-06-01,4,0,0,4.0,14.0,0,0
500114,2024-06-30,2024-06-01,2,1,0,0.0,4.0,0,1
500115,2024-06-30,2024-06-01,18,0,0,68.0,14.0,0,0
500116,2024-06-30,2023-06-01,11,0,1,3.0,0.0,0,0
500117,2024-06-30,2024-06-01,18,0,0,49.0,12.0,0,0
500118,2024-06-30,2024-04-01,2,1,0,0.0,2.0,0,1
500119,2024-06-30,2023-12-01,14,0,1,77.0,0.0,0,0
500120,2024-06-30,2024-04-01,6,0,0,6.0,1.0,0,0
500121,2024-06-30,2023-12-01,15,0,1,10.0,0.0,0,0
500122,2024-06-30,2024-06-01,18,0,0,80.0,13.0,0,0
500123,2024-06-30,2024-05-01,6,0,0,23.0,13.0,0,0
500124,2024-06-30,2023-08-01,9,0,1,8.0,0.0,0,0
500125,2024-06-30,2023-09-01,10,0,1,41.0,0.0,0,0
500126,2024-06-30,2024-06-01,18,0,0,84.0,16.0,0,0
500127,2024-06-30,2024-06-01,5,0,0,16.0,16.0,0,0
500128,2024-06-30,2024-06-01,18,0,0,55.0,16.0,0,0
500129,2024-06-30,2023-04-01,5,0,1,6.0,0.0,0,0
500130,2024-06-30,2023-09-01,10,0,1,6.0,0.0,0,0
500131,2024-06-30,2024-06-01,18,0,0,65.0,16.0,0,0
500132,2024-06-30,2023-12-01,10,0,1,43.0,0.0,0,0
500133,2024-06-30,2024-06-01,4,0,0,4.0,22.0,0,0
500134,2024-06-30,2024-06-01,18,0,0,105.0,21.0,0,0
500135,2024-06-30,2023-08-01,3,1,1,7.0,0.0,0,0
500136,2024-06-30,2024-06-01,18,0,0,89.0,18.0,0,0
500137,2024-06-30,2023-04-01,6,0,1,11.0,0.0,0,0
500138,2024-06-30,2024-06-01,15,0,0,112.0,27.0,0,0
500139,2024-06-30,2024-06-01,18,0,0,33.0,9.0,0,0
500140,2024-06-30,2024-04-01,16,0,0,33.0,2.0,0,0
500141,2024-06-30,2024-06-01,18,0,0,114.0,18.0,0,0
500142,2024-06-30,2024-06-01,18,0,0,64.0,10.0,0,0
500143,2024-06-30,2024-06-01,18,0,0,67.0,10.0,0,0
500144,2024-06-30,,1,1,0,0.0,0.0,0,1
500145,2024-06-30,2023-08-01,8,0,1,30.0,0.0,0,0
500146,2024-06-30,2024-04-01,5,0,0,12.0,1.0,0,0
500147,2024-06-30,2023-04-01,6,0,1,8.0,0.0,0,0
500148,2024-06-30,2024-06-01,18,0,0,54.0,12.0,0,0
500149,2024-06-30,2024-05-01,13,0,0,20.0,4.0,0,0
500150,2024-06-30,2024-06-01,2,1,0,0.0,4.0,0,1
500151,2024-06-30,2023-08-01,11,0,1,17.0,0.0,0,0
500152,2024-06-30,2023-09-01,10,0,1,19.0,0.0,0,0
500153,2024-06-30,2023-07-01,8,0,1,37.0,0.0,0,0
500154,2024-06-30,2024-06-01,18,0,0,41.0,8.0,0,0
500155,2024-06-30,2024-06-01,18,0,0,73.0,16.0,0,0
500156,2024-06-30,2024-06-01,7,0,0,10.0,3.0,0,0
500157,2024-06-30,2023-07-01,7,0,1,19.0,0.0,0,0
500158,2024-06-30,2023-12-01,13,0,1,32.0,0.0,0,0
500159,2024-06-30,2024-06-01,18,0,0,83.0,24.0,0,0
500160,2024-06-30,2024-06-01,18,0,0,47.0,7.0,0,0
500161,2024-06-30,2024-06-01,18,0,0,102.0,13.0,0,0
500162,2024-06-30,2024-06-01,2,1,0,0.0,11.0,0,1
500163,2024-06-30,2023-05-01,6,0,1,39.0,0.0,0,0
500164,2024-06-30,,1,1,0,0.0,0.0,0,1
500165,2024-06-30,2024-06-01,18,0,0,38.0,5.0,0,0
500166,2024-06-30,2024-06-01,18,0,0,25.0,8.0,0,0
500167,2024-06-30,2024-04-01,17,0,0,26.0,2.0,0,0
500168,2024-06-30,2024-04-01,17,0,0,87.0,2.0,0,0
500169,2024-06-30,2024-05-01,5,0,0,7.0,5.0,0,0
500170,2024-06-30,2024-02-01,15,0,1,39.0,0.0,0,0
500171,2024-06-30,2024-06-01,10,0,0,41.0,18.0,0,0
500172,2024-06-30,2024-06-01,10,0,0,66.0,24.0,0,0
500173,2024-06-30,2023-11-01,3,1,1,3.0,0.0,0,0
500174,2024-06-30,2024-06-01,9,0,0,25.0,13.0,0,0
500175,2024-06-30,2024-06-01,18,0,0,25.0,2.0,0,0
500176,2024-06-30,2023-08-01,6,0,1,12.0,0.0,0,0
500177,2024-06-30,2024-06-01,6,0,0,10.0,7.0,0,0
500178,2024-06-30,2024-06-01,8,0,0,24.0,17.0,0,0
500179,2024-06-30,2024-06-01,17,0,0,52.0,12.0,0,0
500180,2024-06-30,2024-06-01,15,0,0,91.0,27.0,0,0
500181,2024-06-30,2024-06-01,13,0,0,67.0,13.0,0,0
500182,2024-06-30,2024-06-01,18,0,0,50.0,10.0,0,0
500183,2024-06-30,2024-06-01,18,0,0,25.0,11.0,0,0
500184,2024-06-30,2024-06-01,18,0,0,78.0,9.0,0,0
500185,2024-06-30,2023-05-01,5,0,1,13.0,0.0,0,0
500186,2024-06-30,2023-06-01,4,0,1,6.0,0.0,0,0
500187,2024-06-30,2024-06-01,7,0,0,7.0,6.0,0,0
500188,2024-06-30,2024-06-01,12,0,0,50.0,7.0,0,0
500189,2024-06-30,2024-06-01,5,0,0,16.0,26.0,0,0
500190,2024-06-30,2024-06-01,18,0,0,59.0,10.0,0,0
500191,2024-06-30,2024-06-01,10,0,0,27.0,12.0,0,0
500192,2024-06-30,2024-06-01,18,0,0,54.0,15.0,0,0
500193,2024-06-30,2024-05-01,9,0,0,7.0,4.0,0,0
500194,2024-06-30,2024-06-01,18,0,0,52.0,9.0,0,0
500195,2024-06-30,2024-06-01,8,0,0,9.0,12.0,0,0
500196,2024-06-30,2023-08-01,8,0,1,21.0,0.0,0,0
500197,2024-06-30,2023-04-01,5,0,1,9.0,0.0,0,0
500198,2024-06-30,2023-01-01,1,1,1,1.0,0.0,0,0
500199,2024-06-30,2024-06-01,18,0,0,83.0,21.0,0,0
500200,2024-06-30,2024-06-01,18,0,0,28.0,6.0,0,0
500201,2024-06-30,2024-01-01,14,0,1,53.0,0.0,0,0
500202,2024-06-30,,1,1,0,0.0,0.0,0,1
500203,2024-06-30,2023-02-01,4,0,1,9.0,0.0,0,0
500204,2024-06-30,2023-01-01,1,1,1,1.0,0.0,0,0
500205,2024-06-30,2024-06-01,18,0,0,111.0,15.0,0,0
500206,2024-06-30,2024-06-01,18,0,0,73.0,11.0,0,0
500207,2024-06-30,2023-07-01,7,0,1,18.0,0.0,0,0
500208,2024-06-30,2024-06-01,18,0,0,44.0,8.0,0,0
500209,2024-06-30,2024-06-01,16,0,0,38.0,13.0,0,0
500210,2024-06-30,2024-06-01,17,0,0,49.0,3.0,0,0
500211,2024-06-30,2023-02-01,4,0,1,4.0,0.0,0,0
500212,2024-06-30,2024-06-01,18,0,0,54.0,9.0,0,0
500213,2024-06-30,2024-06-01,5,0,0,7.0,8.0,0,0
500214,2024-06-30,2024-05-01,4,0,0,2.0,6.0,0,0
500215,2024-06-30,2024-06-01,11,0,0,64.0,24.0,0,0
500216,2024-06-30,2024-06-01,18,0,0,71.0,19.0,0,0
500217,2024-06-30,2023-12-01,3,1,1,5.0,0.0,0,0
500218,2024-06-30,2023-07-01,9,0,1,14.0,0.0,0,0
500219,2024-06-30,2023-10-01,11,0,1,37.0,0.0,0,0
500220,2024-06-30,2024-06-01,18,0,0,62.0,8.0,0,0
500221,2024-06-30,2023-10-01,11,0,1,20.0,0.0,0,0
500222,2024-06-30,2024-01-01,8,0,1,8.0,0.0,0,0
500223,2024-06-30,2024-06-01,18,0,0,44.0,3.0,0,0
500224,2024-06-30,2024-06-01,18,0,0,36.0,8.0,0,0
500225,2024-06-30,2023-04-01,6,0,1,13.0,0.0,0,0
500226,2024-06-30,2024-03-01,16,0,1,36.0,0.0,0,0
500227,2024-06-30,2023-11-01,7,0,1,34.0,0.0,0,0
500228,2024-06-30,2024-06-01,18,0,0,53.0,9.0,0,0
500229,2024-06-30,2024-06-01,7,0,0,10.0,6.0,0,0
500230,2024-06-30,,1,1,0,0.0,0.0,0,1
500231,2024-06-30,2024-06-01,18,0,0,73.0,15.0,0,0
500232,2024-06-30,2023-06-01,7,0,1,25.0,0.0,0,0
500233,2024-06-30,2024-06-01,13,0,0,76.0,11.0,0,0
500234,2024-06-30,,1,1,0,0.0,0.0,0,1
500235,2024-06-30,2024-02-01,15,0,1,35.0,0.0,0,0
500236,2024-06-30,2023-06-01,6,0,1,26.0,0.0,0,0
500237,2024-06-30,2023-02-01,3,1,1,6.0,0.0,0,0
500238,2024-06-30,2024-06-01,9,0,0,24.0,14.0,0,0
500239,2024-06-30,2023-11-01,2,1,1,1.0,0.0,0,0
500240,2024-06-30,2024-06-01,3,1,0,0.0,23.0,0,1
500241,2024-06-30,2024-06-01,18,0,0,77.0,15.0,0,0
500242,2024-06-30,2024-03-01,8,0,1,32.0,0.0,0,0
500243,2024-06-30,2024-06-01,13,0,0,48.0,9.0,0,0
500244,2024-06-30,2023-02-01,4,0,1,6.0,0.0,0,0
500245,2024-06-30,2024-06-01,18,0,0,67.0,17.0,0,0
500246,2024-06-30,2023-10-01,13,0,1,28.0,0.0,0,0
500247,2024-06-30,2023-09-01,9,0,1,34.0,0.0,0,0
500248,2024-06-30,2024-05-01,5,0,0,18.0,2.0,0,0
500249,2024-06-30,2023-03-01,3,1,1,5.0,0.0,0,0
500250,2024-06-30,2024-06-01,18,0,0,80.0,18.0,0,0
500251,2024-06-30,2024-06-01,18,0,0,39.0,8.0,0,0
500252,2024-06-30,2024-06-01,18,0,0,50.0,5.0,0,0
500253,2024-06-30,2024-06-01,8,0,0,26.0,11.0,0,0
500254,2024-06-30,2023-06-01,7,0,1,22.0,0.0,0,0
500255,2024-06-30,2024-06-01,18,0,0,105.0,26.0,0,0
500256,2024-06-30,2024-03-01,16,0,1,41.0,0.0,0,0
500257,2024-06-30,2024-06-01,16,0,0,65.0,26.0,0,0
500258,2024-06-30,2024-06-01,13,0,0,34.0,7.0,0,0
500259,2024-06-30,2024-06-01,6,0,0,25.0,26.0,0,0
500260,2024-06-30,2023-10-01,10,0,1,48.0,0.0,0,0
500261,2024-06-30,2024-06-01,18,0,0,53.0,10.0,0,0
500262,2024-06-30,2024-03-01,18,0,1,31.0,0.0,0,0
500263,2024-06-30,2024-06-01,10,0,0,13.0,7.0,0,0
500264,2024-06-30,2024-06-01,18,0,0,66.0,22.0,0,0
500265,2024-06-30,2023-05-01,4,0,1,17.0,0.0,0,0
500266,2024-06-30,2024-06-01,18,0,0,83.0,16.0,0,0
500267,2024-06-30,2024-06-01,5,0,0,11.0,22.0,0,0
500268,2024-06-30,2024-06-01,9,0,0,29.0,19.0,0,0
500269,2024-06-30,2024-03-01,16,0,1,54.0,0.0,0,0
500270,2024-06-30,2024-06-01,4,0,0,7.0,16.0,0,0
500271,2024-06-30,2024-05-01,18,0,0,20.0,3.0,0,0
500272,2024-06-30,2023-08-01,7,0,1,35.0,0.0,0,0
500273,2024-06-30,2024-06-01,2,1,0,0.0,3.0,0,1
500274,2024-06-30,2023-08-01,9,0,1,16.0,0.0,0,0
500275,2024-06-30,2024-06-01,18,0,0,66.0,10.0,0,0
500276,2024-06-30,2024-02-01,14,0,1,47.0,0.0,0,0
500277,2024-06-30,2024-05-01,18,0,0,66.0,6.0,0,0
500278,2024-06-30,2023-08-01,10,0,1,10.0,0.0,0,0
500279,2024-06-30,2024-06-01,18,0,0,35.0,4.0,0,0
500280,2024-06-30,2024-06-01,6,0,0,11.0,5.0,0,0
500281,2024-06-30,2023-04-01,6,0,1,10.0,0.0,0,0
500282,2024-06-30,2024-01-01,14,0,1,47.0,0.0,0,0
500283,2024-06-30,2024-06-01,18,0,0,35.0,8.0,0,0
500284,2024-06-30,2023-04-01,5,0,1,10.0,0.0,0,0
500285,2024-06-30,2024-06-01,18,0,0,38.0,17.0,0,0
500286,2024-06-30,2024-06-01,18,0,0,106.0,27.0,0,0
500287,2024-06-30,2024-06-01,18,0,0,64.0,14.0,0,0
500288,2024-06-30,2024-06-01,18,0,0,58.0,9.0,0,0
500289,2024-06-30,2023-12-01,13,0,1,57.0,0.0,0,0
500290,2024-06-30,2023-10-01,10,0,1,47.0,0.0,0,0
500291,2024-06-30,2024-06-01,13,0,0,56.0,17.0,0,0
500292,2024-06-30,2024-06-01,3,1,0,0.0,9.0,0,1
500293,2024-06-30,2024-06-01,8,0,0,17.0,9.0,0,0
500294,2024-06-30,2024-06-01,3,1,0,0.0,5.0,0,1
500295,2024-06-30,2023-01-01,3,1,1,1.0,0.0,0,0
500296,2024-06-30,2024-06-01,2,1,0,0.0,9.0,0,1
500297,2024-06-30,2024-06-01,11,0,0,21.0,11.0,0,0
500298,2024-06-30,2023-09-01,4,0,1,4.0,0.0,0,0
500299,2024-06-30,2024-06-01,18,0,0,91.0,12.0,0,0
500300,2024-06-30,2024-06-01,11,0,0,33.0,13.0,0,0
500301,2024-06-30,2024-06-01,18,0,0,80.0,24.0,0,0
500302,2024-06-30,2023-11-01,3,1,1,11.0,0.0,0,0
500303,2024-06-30,2024-02-01,15,0,1,31.0,0.0,0,0
500304,2024-06-30,2024-06-01,18,0,0,58.0,15.0,0,0
500305,2024-06-30,2024-06-01,11,0,0,34.0,12.0,0,0
500306,2024-06-30,2024-06-01,3,1,0,0.0,6.0,0,1
500307,2024-06-30,2024-06-01,13,0,0,39.0,11.0,0,0
500308,2024-06-30,2024-06-01,18,0,0,66.0,10.0,0,0
500309,2024-06-30,2024-03-01,6,0,1,4.0,0.0,0,0
500310,2024-06-30,2023-12-01,3,1,1,3.0,0.0,0,0
500311,2024-06-30,2024-06-01,6,0,0,9.0,6.0,0,0
500312,2024-06-30,2024-06-01,18,0,0,142.0,23.0,0,0
500313,2024-06-30,2024-06-01,5,0,0,26.0,15.0,0,0
500314,2024-06-30,2024-06-01,2,1,0,0.0,11.0,0,1
500315,2024-06-30,2024-06-01,18,0,0,119.0,23.0,0,0
500316,2024-06-30,2023-06-01,2,1,1,1.0,0.0,0,0
500317,2024-06-30,2024-06-01,18,0,0,94.0,18.0,0,0
500318,2024-06-30,2024-06-01,18,0,0,69.0,18.0,0,0
500319,2024-06-30,2024-06-01,18,0,0,108.0,9.0,0,0
500320,2024-06-30,2023-01-01,2,1,1,1.0,0.0,0,0
500321,2024-06-30,2024-06-01,18,0,0,85.0,20.0,0,0
500322,2024-06-30,2024-06-01,18,0,0,45.0,5.0,0,0
500323,2024-06-30,2024-06-01,18,0,0,59.0,7.0,0,0
500324,2024-06-30,2024-03-01,18,0,1,28.0,0.0,0,0
500325,2024-06-30,2024-06-01,10,0,0,23.0,6.0,0,0
500326,2024-06-30,2024-06-01,18,0,0,63.0,13.0,0,0
500327,2024-06-30,,1,1,0,0.0,0.0,0,1
500328,2024-06-30,2024-06-01,9,0,0,26.0,16.0,0,0
500329,2024-06-30,2024-06-01,18,0,0,65.0,24.0,0,0
500330,2024-06-30,2024-05-01,18,0,0,66.0,5.0,0,0
500331,2024-06-30,2024-06-01,16,0,0,64.0,14.0,0,0
500332,2024-06-30,2024-06-01,3,1,0,0.0,14.0,0,1
500333,2024-06-30,2023-10-01,4,0,1,5.0,0.0,0,0
500334,2024-06-30,2024-06-01,18,0,0,67.0,16.0,0,0
500335,2024-06-30,2024-06-01,18,0,0,100.0,27.0,0,0
500336,2024-06-30,2024-06-01,18,0,0,22.0,2.0,0,0
500337,2024-06-30,2024-05-01,18,0,0,35.0,7.0,0,0
500338,2024-06-30,2024-06-01,18,0,0,61.0,21.0,0,0
500339,2024-06-30,2024-06-01,2,1,0,0.0,11.0,0,1
500340,2024-06-30,,1,1,0,0.0,0.0,0,1
500341,2024-06-30,2023-11-01,14,0,1,6.0,0.0,0,0
500342,2024-06-30,2024-06-01,14,0,0,52.0,24.0,0,0
500343,2024-06-30,2024-04-01,17,0,0,48.0,2.0,0,0
500344,2024-06-30,2023-05-01,4,0,1,2.0,0.0,0,0
500345,2024-06-30,2024-06-01,7,0,0,13.0,10.0,0,0
500346,2024-06-30,2024-06-01,6,0,0,9.0,10.0,0,0
500347,2024-06-30,2024-06-01,13,0,0,77.0,22.0,0,0
500348,2024-06-30,2023-02-01,2,1,1,2.0,0.0,0,0
500349,2024-06-30,2024-06-01,6,0,0,17.0,19.0,0,0
500350,2024-06-30,2024-06-01,18,0,0,61.0,7.0,0,0
500351,2024-06-30,2024-06-01,13,0,0,50.0,17.0,0,0
500352,2024-06-30,2024-05-01,14,0,0,34.0,3.0,0,0
500353,2024-06-30,,1,1,0,0.0,0.0,0,1
500354,2024-06-30,2023-04-01,6,0,1,13.0,0.0,0,0
500355,2024-06-30,2024-06-01,18,0,0,101.0,17.0,0,0
500356,2024-06-30,2024-06-01,18,0,0,70.0,18.0,0,0
500357,2024-06-30,2024-06-01,13,0,0,39.0,10.0,0,0
500358,2024-06-30,2024-06-01,6,0,0,13.0,17.0,0,0
500359,2024-06-30,2024-06-01,18,0,0,63.0,6.0,0,0
500360,2024-06-30,2024-06-01,18,0,0,83.0,16.0,0,0
500361,2024-06-30,2023-10-01,11,0,1,61.0,0.0,0,0
500362,2024-06-30,2023-02-01,4,0,1,5.0,0.0,0,0
500363,2024-06-30,2024-06-01,18,0,0,88.0,9.0,0,0
500364,2024-06-30,2024-06-01,9,0,0,41.0,14.0,0,0
500365,2024-06-30,2023-02-01,2,1,1,1.0,0.0,0,0
500366,2024-06-30,,1,1,0,0.0,0.0,0,1
500367,2024-06-30,2024-06-01,16,0,0,57.0,15.0,0,0
500368,2024-06-30,2024-06-01,18,0,0,70.0,18.0,0,0
500369,2024-06-30,2024-06-01,12,0,0,48.0,17.0,0,0
500370,2024-06-30,2024-06-01,18,0,0,44.0,9.0,0,0
500371,2024-06-30,2024-06-01,18,0,0,117.0,17.0,0,0
500372,2024-06-30,2024-06-01,5,0,0,3.0,8.0,0,0
500373,2024-06-30,2024-06-01,18,0,0,83.0,21.0,0,0
500374,2024-06-30,2023-11-01,13,0,1,54.0,0.0,0,0
500375,2024-06-30,2024-06-01,3,1,0,0.0,8.0,0,1
500376,2024-06-30,2023-03-01,4,0,1,9.0,0.0,0,0
500377,2024-06-30,2023-06-01,8,0,1,14.0,0.0,0,0
500378,2024-06-30,2024-06-01,18,0,0,47.0,5.0,0,0
500379,2024-06-30,2024-06-01,18,0,0,79.0,10.0,0,0
500380,2024-06-30,2024-06-01,18,0,0,93.0,22.0,0,0
500381,2024-06-30,2024-06-01,15,0,0,67.0,13.0,0,0
500382,2024-06-30,2024-04-01,13,0,0,54.0,1.0,0,0
500383,2024-06-30,2024-06-01,5,0,0,8.0,15.0,0,0
500384,2024-06-30,2024-06-01,18,0,0,28.0,5.0,0,0
500385,2024-06-30,2024-06-01,14,0,0,64.0,22.0,0,0
500386,2024-06-30,2023-01-01,1,1,1,1.0,0.0,0,0
500387,2024-06-30,2024-06-01,18,0,0,41.0,15.0,0,0
500388,2024-06-30,2023-08-01,10,0,1,26.0,0.0,0,0
500389,2024-06-30,2024-05-01,7,0,0,27.0,12.0,0,0
500390,2024-06-30,2024-06-01,8,0,0,27.0,21.0,0,0
500391,2024-06-30,2024-06-01,15,0,0,43.0,13.0,0,0
500392,2024-06-30,2024-06-01,3,1,0,0.0,18.0,0,1
500393,2024-06-30,2024-06-01,18,0,0,100.0,9.0,0,0
500394,2024-06-30,2024-04-01,16,0,0,101.0,1.0,0,0
500395,2024-06-30,2023-09-01,10,0,1,35.0,0.0,0,0
500396,2024-06-30,2023-12-01,5,0,1,10.0,0.0,0,0
500397,2024-06-30,2024-06-01,8,0,0,14.0,5.0,0,0
500398,2024-06-30,2024-04-01,18,0,0,6.0,1.0,0,0
500399,2024-06-30,,9,0,0,0.0,0.0,0,1
500400,2024-06-30,2024-06-01,18,0,0,73.0,21.0,0,0
500401,2024-06-30,2023-02-01,2,1,1,3.0,0.0,0,0
500402,2024-06-30,2024-05-01,16,0,0,20.0,4.0,0,0
500403,2024-06-30,2024-06-01,8,0,0,26.0,14.0,0,0
500404,2024-06-30,2024-06-01,11,0,0,34.0,6.0,0,0
500405,2024-06-30,2024-06-01,18,0,0,70.0,11.0,0,0
500406,2024-06-30,2023-02-01,3,1,1,6.0,0.0,0,0
500407,2024-06-30,2024-06-01,18,0,0,112.0,21.0,0,0
500408,2024-06-30,2024-06-01,18,0,0,82.0,20.0,0,0
500409,2024-06-30,2023-07-01,9,0,1,28.0,0.0,0,0
500410,2024-06-30,2024-06-01,5,0,0,20.0,41.0,0,0
500411,2024-06-30,2024-06-01,18,0,0,51.0,6.0,0,0
500412,2024-06-30,2024-06-01,16,0,0,55.0,18.0,0,0
500413,2024-06-30,2024-06-01,18,0,0,38.0,6.0,0,0
500414,2024-06-30,2024-06-01,7,0,0,2.0,1.0,0,0
500415,2024-06-30,2024-01-01,5,0,1,9.0,0.0,0,0
500416,2024-06-30,2024-02-01,18,0,1,11.0,0.0,0,0
500417,2024-06-30,2024-06-01,18,0,0,103.0,22.0,0,0
500418,2024-06-30,2023-07-01,7,0,1,16.0,0.0,0,0
500419,2024-06-30,2024-04-01,16,0,0,44.0,1.0,0,0
500420,2024-06-30,2024-06-01,16,0,0,100.0,19.0,0,0
500421,2024-06-30,2024-02-01,10,0,1,24.0,0.0,0,0
500422,2024-06-30,2024-06-01,16,0,0,74.0,17.0,0,0
500423,2024-06-30,2024-06-01,18,0,0,80.0,7.0,0,0
500424,2024-06-30,2024-06-01,18,0,0,48.0,6.0,0,0
500425,2024-06-30,,1,1,0,0.0,0.0,0,1
500426,2024-06-30,2024-05-01,10,0,0,25.0,6.0,0,0
500427,2024-06-30,2024-06-01,18,0,0,54.0,11.0,0,0
500428,2024-06-30,,1,1,0,0.0,0.0,0,1
500429,2024-06-30,2024-06-01,10,0,0,52.0,22.0,0,0
500430,2024-06-30,2024-06-01,14,0,0,82.0,21.0,0,0
500431,2024-06-30,2023-07-01,8,0,1,52.0,0.0,0,0
500432,2024-06-30,2024-06-01,18,0,0,48.0,10.0,0,0
500433,2024-06-30,2024-06-01,18,0,0,36.0,11.0,0,0
500434,2024-06-30,2024-06-01,5,0,0,12.0,23.0,0,0
500435,2024-06-30,2024-06-01,15,0,0,77.0,13.0,0,0
500436,2024-06-30,2023-03-01,4,0,1,4.0,0.0,0,0
500437,2024-06-30,2023-02-01,5,0,1,1.0,0.0,0,0
500438,2024-06-30,2024-06-01,18,0,0,121.0,29.0,0,0
500439,2024-06-30,2024-06-01,18,0,0,44.0,4.0,0,0
500440,2024-06-30,2024-06-01,13,0,0,39.0,8.0,0,0
500441,2024-06-30,2024-06-01,8,0,0,11.0,7.0,0,0
500442,2024-06-30,2024-06-01,4,0,0,12.0,22.0,0,0
500443,2024-06-30,2024-06-01,9,0,0,12.0,2.0,0,0
500444,2024-06-30,2023-03-01,3,1,1,2.0,0.0,0,0
500445,2024-06-30,2023-05-01,6,0,1,13.0,0.0,0,0
500446,2024-06-30,2024-06-01,7,0,0,28.0,23.0,0,0
500447,2024-06-30,2024-06-01,18,0,0,51.0,14.0,0,0
500448,2024-06-30,2024-06-01,7,0,0,15.0,16.0,0,0
500449,2024-06-30,2023-05-01,5,0,1,9.0,0.0,0,0
500450,2024-06-30,2024-06-01,6,0,0,12.0,16.0,0,0
500451,2024-06-30,2023-03-01,3,1,1,4.0,0.0,0,0
500452,2024-06-30,,1,1,0,0.0,0.0,0,1
500453,2024-06-30,2024-06-01,18,0,0,15.0,3.0,0,0
500454,2024-06-30,2023-12-01,15,0,1,33.0,0.0,0,0
500455,2024-06-30,2024-05-01,18,0,0,8.0,2.0,0,0
500456,2024-06-30,,1,1,0,0.0,0.0,0,1
500457,2024-06-30,2024-05-01,18,0,0,98.0,4.0,0,0
500458,2024-06-30,2024-06-01,13,0,0,7.0,2.0,0,0
500459,2024-06-30,2023-09-01,10,0,1,38.0,0.0,0,0
500460,2024-06-30,2024-06-01,18,0,0,26.0,4.0,0,0
500461,2024-06-30,2023-08-01,9,0,1,13.0,0.0,0,0
500462,2024-06-30,2024-06-01,18,0,0,102.0,21.0,0,0
500463,2024-06-30,2024-06-01,18,0,0,97.0,18.0,0,0
500464,2024-06-30,2024-06-01,9,0,0,24.0,4.0,0,0
500465,2024-06-30,2024-06-01,2,1,0,0.0,5.0,0,1
500466,2024-06-30,2024-06-01,18,0,0,55.0,5.0,0,0
500467,2024-06-30,2024-02-01,4,0,1,12.0,0.0,0,0
500468,2024-06-30,2024-05-01,18,0,0,39.0,3.0,0,0
500469,2024-06-30,2023-04-01,8,0,1,1.0,0.0,0,0
500470,2024-06-30,2023-03-01,3,1,1,4.0,0.0,0,0
500471,2024-06-30,2024-06-01,13,0,0,51.0,8.0,0,0
500472,2024-06-30,2024-06-01,18,0,0,69.0,19.0,0,0
500473,2024-06-30,2024-06-01,18,0,0,45.0,5.0,0,0
500474,2024-06-30,2024-06-01,5,0,0,10.0,16.0,0,0
500475,2024-06-30,2024-06-01,18,0,0,55.0,15.0,0,0
500476,2024-06-30,2024-06-01,18,0,0,58.0,10.0,0,0
500477,2024-06-30,2024-06-01,4,0,0,1.0,4.0,0,0
500478,2024-06-30,2023-10-01,10,0,1,26.0,0.0,0,0
500479,2024-06-30,2024-06-01,18,0,0,68.0,19.0,0,0
500480,2024-06-30,2024-06-01,18,0,0,67.0,11.0,0,0
500481,2024-06-30,,17,0,0,0.0,0.0,0,1
500482,2024-06-30,2024-06-01,18,0,0,92.0,9.0,0,0
500483,2024-06-30,2023-05-01,1,1,1,1.0,0.0,0,0
500484,2024-06-30,2024-04-01,16,0,0,15.0,2.0,0,0
500485,2024-06-30,2024-06-01,18,0,0,74.0,18.0,0,0
500486,2024-06-30,2024-06-01,4,0,0,8.0,15.0,0,0
500487,2024-06-30,2024-06-01,10,0,0,46.0,22.0,0,0
500488,2024-06-30,2024-06-01,18,0,0,85.0,18.0,0,0
500489,2024-06-30,2024-06-01,18,0,0,111.0,18.0,0,0
500490,2024-06-30,2024-05-01,18,0,0,47.0,3.0,0,0
500491,2024-06-30,2024-06-01,18,0,0,50.0,13.0,0,0
500492,2024-06-30,2023-10-01,3,1,1,1.0,0.0,0,0
500493,2024-06-30,2024-06-01,12,0,0,55.0,10.0,0,0
500494,2024-06-30,,1,1,0,0.0,0.0,0,1
500495,2024-06-30,2024-06-01,18,0,0,52.0,17.0,0,0
500496,2024-06-30,2023-01-01,2,1,1,1.0,0.0,0,0
500497,2024-06-30,2024-06-01,10,0,0,32.0,19.0,0,0
500498,2024-06-30,2023-11-01,12,0,1,46.0,0.0,0,0
500499,2024-06-30,2023-12-01,13,0,1,17.0,0.0,0,0
500500,2024-06-30,2024-06-01,18,0,0,88.0,19.0,0,0
500501,2024-06-30,2023-08-01,8,0,1,26.0,0.0,0,0
500502,2024-06-30,2024-06-01,6,0,0,8.0,15.0,0,0
500503,2024-06-30,2023-06-01,7,0,1,16.0,0.0,0,0
500504,2024-06-30,2024-06-01,9,0,0,12.0,3.0,0,0
500505,2024-06-30,2024-06-01,4,0,0,1.0,11.0,0,0
500506,2024-06-30,2024-06-01,18,0,0,69.0,19.0,0,0
500507,2024-06-30,2024-06-01,18,0,0,58.0,13.0,0,0
500508,2024-06-30,2024-06-01,18,0,0,49.0,7.0,0,0
500509,2024-06-30,2024-06-01,6,0,0,6.0,9.0,0,0
500510,2024-06-30,2024-06-01,18,0,0,87.0,20.0,0,0
500511,2024-06-30,2023-04-01,5,0,1,4.0,0.0,0,0
500512,2024-06-30,2024-06-01,18,0,0,156.0,30.0,0,0
500513,2024-06-30,,4,0,0,0.0,0.0,0,1
500514,2024-06-30,2023-05-01,6,0,1,15.0,0.0,0,0
500515,2024-06-30,2024-06-01,18,0,0,35.0,8.0,0,0
500516,2024-06-30,2024-06-01,18,0,0,71.0,28.0,0,0
500517,2024-06-30,2024-06-01,5,0,0,12.0,24.0,0,0
500518,2024-06-30,,1,1,0,0.0,0.0,0,1
500519,2024-06-30,2024-01-01,15,0,1,40.0,0.0,0,0
500520,2024-06-30,2024-06-01,17,0,0,73.0,13.0,0,0
500521,2024-06-30,2024-06-01,13,0,0,68.0,9.0,0,0
500522,2024-06-30,,1,1,0,0.0,0.0,0,1
500523,2024-06-30,2024-06-01,9,0,0,30.0,10.0,0,0
500524,2024-06-30,2024-06-01,9,0,0,13.0,6.0,0,0
500525,2024-06-30,2024-06-01,18,0,0,73.0,11.0,0,0
500526,2024-06-30,2024-06-01,18,0,0,35.0,11.0,0,0
500527,2024-06-30,2024-06-01,18,0,0,65.0,12.0,0,0
500528,2024-06-30,2024-06-01,18,0,0,55.0,9.0,0,0
500529,2024-06-30,,2,1,0,0.0,0.0,0,1
500530,2024-06-30,2024-06-01,18,0,0,47.0,7.0,0,0
500531,2024-06-30,2024-06-01,9,0,0,11.0,12.0,0,0
500532,2024-06-30,2024-03-01,16,0,1,68.0,0.0,0,0
500533,2024-06-30,2024-06-01,7,0,0,23.0,10.0,0,0
500534,2024-06-30,2023-11-01,10,0,1,18.0,0.0,0,0
500535,2024-06-30,2024-06-01,15,0,0,59.0,13.0,0,0
500536,2024-06-30,2024-06-01,18,0,0,100.0,23.0,0,0
500537,2024-06-30,2024-06-01,18,0,0,44.0,9.0,0,0
500538,2024-06-30,2024-06-01,3,1,0,0.0,16.0,0,1
500539,2024-06-30,2024-06-01,15,0,0,25.0,9.0,0,0
500540,2024-06-30,2024-06-01,18,0,0,60.0,20.0,0,0
500541,2024-06-30,2024-06-01,18,0,0,91.0,25.0,0,0
500542,2024-06-30,2024-06-01,18,0,0,64.0,11.0,0,0
500543,2024-06-30,2024-06-01,5,0,0,20.0,16.0,0,0
500544,2024-06-30,2024-04-01,16,0,0,5.0,1.0,0,0
500545,2024-06-30,2023-02-01,3,1,1,4.0,0.0,0,0
500546,2024-06-30,2024-06-01,18,0,0,70.0,10.0,0,0
500547,2024-06-30,,2,1,0,0.0,0.0,0,1
500548,2024-06-30,2024-06-01,18,0,0,61.0,18.0,0,0
500549,2024-06-30,2023-11-01,11,0,1,30.0,0.0,0,0
500550,2024-06-30,2024-06-01,16,0,0,67.0,14.0,0,0
500551,2024-06-30,2024-06-01,3,1,0,0.0,11.0,0,1
500552,2024-06-30,2024-06-01,18,0,0,72.0,10.0,0,0
500553,2024-06-30,2024-06-01,11,0,0,46.0,15.0,0,0
500554,2024-06-30,2024-06-01,18,0,0,66.0,20.0,0,0
500555,2024-06-30,2024-06-01,15,0,0,60.0,13.0,0,0
500556,2024-06-30,2024-06-01,16,0,0,39.0,10.0,0,0
500557,2024-06-30,,3,1,0,0.0,0.0,0,1
500558,2024-06-30,2024-06-01,7,0,0,12.0,10.0,0,0
500559,2024-06-30,2024-06-01,3,1,0,0.0,9.0,0,1
500560,2024-06-30,2023-06-01,7,0,1,12.0,0.0,0,0
500561,2024-06-30,2024-06-01,18,0,0,108.0,19.0,0,0
500562,2024-06-30,2024-06-01,18,0,0,70.0,19.0,0,0
500563,2024-06-30,2024-06-01,6,0,0,13.0,7.0,0,0
500564,2024-06-30,2024-01-01,4,0,1,2.0,0.0,0,0
500565,2024-06-30,2024-06-01,14,0,0,51.0,10.0,0,0
500566,2024-06-30,2023-08-01,8,0,1,17.0,0.0,0,0
500567,2024-06-30,2023-03-01,4,0,1,7.0,0.0,0,0
500568,2024-06-30,2024-04-01,17,0,0,12.0,1.0,0,0
500569,2024-06-30,2023-04-01,4,0,1,4.0,0.0,0,0
500570,2024-06-30,2024-06-01,18,0,0,100.0,21.0,0,0
500571,2024-06-30,2024-06-01,11,0,0,24.0,14.0,0,0
500572,2024-06-30,2024-05-01,6,0,0,7.0,2.0,0,0
500573,2024-06-30,2023-08-01,9,0,1,44.0,0.0,0,0
500574,2024-06-30,2024-06-01,5,0,0,12.0,19.0,0,0
500575,2024-06-30,2024-06-01,18,0,0,96.0,28.0,0,0
500576,2024-06-30,2024-02-01,14,0,1,80.0,0.0,0,0
500577,2024-06-30,2024-06-01,6,0,0,22.0,33.0,0,0
500578,2024-06-30,2024-06-01,6,0,0,4.0,6.0,0,0
500579,2024-06-30,,1,1,0,0.0,0.0,0,1
500580,2024-06-30,2024-02-01,6,0,1,8.0,0.0,0,0
500581,2024-06-30,2023-05-01,5,0,1,20.0,0.0,0,0
500582,2024-06-30,2023-03-01,5,0,1,7.0,0.0,0,0
500583,2024-06-30,2023-08-01,10,0,1,15.0,0.0,0,0
500584,2024-06-30,2023-10-01,10,0,1,25.0,0.0,0,0
500585,2024-06-30,2024-03-01,15,0,1,23.0,0.0,0,0
500586,2024-06-30,,2,1,0,0.0,0.0,0,1
500587,2024-06-30,2024-06-01,18,0,0,105.0,23.0,0,0
500588,2024-06-30,2023-12-01,3,1,1,3.0,0.0,0,0
500589,2024-06-30,2024-06-01,18,0,0,46.0,8.0,0,0
500590,2024-06-30,2023-02-01,2,1,1,2.0,0.0,0,0
500591,2024-06-30,2023-02-01,2,1,1,2.0,0.0,0,0
500592,2024-06-30,2024-06-01,10,0,0,16.0,7.0,0,0
500593,2024-06-30,2024-06-01,18,0,0,64.0,11.0,0,0
500594,2024-06-30,2024-06-01,18,0,0,24.0,9.0,0,0
500595,2024-06-30,2024-06-01,7,0,0,19.0,15.0,0,0
500596,2024-06-30,2024-04-01,2,1,0,1.0,1.0,0,0
500597,2024-06-30,2024-06-01,11,0,0,25.0,15.0,0,0
500598,2024-06-30,2024-06-01,18,0,0,97.0,13.0,0,0
500599,2024-06-30,2024-06-01,7,0,0,17.0,15.0,0,0
500600,2024-06-30,2024-06-01,3,1,0,0.0,14.0,0,1
500601,2024-06-30,2024-06-01,6,0,0,17.0,11.0,0,0
500602,2024-06-30,2024-06-01,14,0,0,53.0,5.0,0,0
500603,2024-06-30,2023-08-01,7,0,1,17.0,0.0,0,0
500604,2024-06-30,2024-05-01,13,0,0,13.0,1.0,0,0
500605,2024-06-30,2024-06-01,18,0,0,61.0,19.0,0,0
500606,2024-06-30,2024-01-01,15,0,1,6.0,0.0,0,0
500607,2024-06-30,2023-08-01,2,1,1,1.0,0.0,0,0
500608,2024-06-30,2024-06-01,18,0,0,94.0,19.0,0,0
500609,2024-06-30,2024-06-01,18,0,0,74.0,19.0,0,0
500610,2024-06-30,2024-06-01,4,0,0,3.0,12.0,0,0
500611,2024-06-30,2023-04-01,5,0,1,17.0,0.0,0,0
500612,2024-06-30,2023-02-01,2,1,1,1.0,0.0,0,0
500613,2024-06-30,2024-04-01,12,0,0,46.0,5.0,0,0
500614,2024-06-30,2024-03-01,15,0,1,39.0,0.0,0,0
500615,2024-06-30,2024-06-01,11,0,0,30.0,12.0,0,0
500616,2024-06-30,2024-06-01,18,0,0,42.0,14.0,0,0
500617,2024-06-30,2024-06-01,18,0,0,77.0,16.0,0,0
500618,2024-06-30,2024-06-01,11,0,0,56.0,20.0,0,0
500619,2024-06-30,2024-06-01,4,0,0,4.0,19.0,0,0
500620,2024-06-30,2024-06-01,17,0,0,55.0,9.0,0,0
500621,2024-06-30,2023-06-01,7,0,1,15.0,0.0,0,0
500622,2024-06-30,2024-06-01,10,0,0,61.0,27.0,0,0
500623,2024-06-30,2024-06-01,18,0,0,35.0,3.0,0,0
500624,2024-06-30,2024-04-01,4,0,0,6.0,1.0,0,0
500625,2024-06-30,2024-02-01,15,0,1,60.0,0.0,0,0
500626,2024-06-30,2024-06-01,3,1,0,0.0,11.0,0,1
500627,2024-06-30,2024-05-01,18,0,0,8.0,2.0,0,0
500628,2024-06-30,2023-08-01,9,0,1,27.0,0.0,0,0
500629,2024-06-30,2024-06-01,18,0,0,53.0,16.0,0,0
500630,2024-06-30,2024-06-01,6,0,0,8.0,12.0,0,0
500631,2024-06-30,2024-01-01,5,0,1,7.0,0.0,0,0
500632,2024-06-30,2023-11-01,1,1,1,1.0,0.0,0,0
500633,2024-06-30,2024-06-01,18,0,0,57.0,13.0,0,0
500634,2024-06-30,2023-01-01,3,1,1,3.0,0.0,0,0
500635,2024-06-30,2024-06-01,18,0,0,43.0,4.0,0,0
500636,2024-06-30,2024-06-01,18,0,0,81.0,11.0,0,0
500637,2024-06-30,2023-05-01,8,0,1,13.0,0.0,0,0
500638,2024-06-30,2024-06-01,9,0,0,32.0,11.0,0,0
500639,2024-06-30,2024-06-01,8,0,0,42.0,31.0,0,0
500640,2024-06-30,2024-02-01,16,0,1,36.0,0.0,0,0
500641,2024-06-30,2023-03-01,4,0,1,11.0,0.0,0,0
500642,2024-06-30,2024-06-01,12,0,0,55.0,14.0,0,0
500643,2024-06-30,2024-04-01,9,0,0,17.0,1.0,0,0
500644,2024-06-30,2023-11-01,12,0,1,42.0,0.0,0,0
500645,2024-06-30,2024-05-01,18,0,0,37.0,7.0,0,0
500646,2024-06-30,2024-06-01,12,0,0,51.0,18.0,0,0
500647,2024-06-30,2024-06-01,18,0,0,86.0,14.0,0,0
500648,2024-06-30,2024-06-01,18,0,0,45.0,3.0,0,0
500649,2024-06-30,2023-03-01,3,1,1,8.0,0.0,0,0
500650,2024-06-30,2024-06-01,18,0,0,51.0,7.0,0,0
500651,2024-06-30,2023-01-01,2,1,1,0.0,0.0,1,1
500652,2024-06-30,2024-06-01,18,0,0,16.0,4.0,0,0
500653,2024-06-30,2023-01-01,3,1,1,1.0,0.0,0,0
500654,2024-06-30,2023-02-01,2,1,1,3.0,0.0,0,0
500655,2024-06-30,2024-06-01,18,0,0,79.0,11.0,0,0
500656,2024-06-30,2024-06-01,18,0,0,83.0,17.0,0,0
500657,2024-06-30,2024-06-01,8,0,0,11.0,9.0,0,0
500658,2024-06-30,2024-06-01,18,0,0,72.0,6.0,0,0
500659,2024-06-30,2023-05-01,4,0,1,7.0,0.0,0,0
500660,2024-06-30,2024-06-01,8,0,0,22.0,11.0,0,0
500661,2024-06-30,2024-06-01,11,0,0,14.0,4.0,0,0
500662,2024-06-30,2024-06-01,7,0,0,21.0,14.0,0,0
500663,2024-06-30,,2,1,0,0.0,0.0,0,1
500664,2024-06-30,2024-06-01,6,0,0,17.0,8.0,0,0
500665,2024-06-30,2024-06-01,18,0,0,62.0,15.0,0,0
500666,2024-06-30,2023-01-01,1,1,1,1.0,0.0,0,0
500667,2024-06-30,2024-06-01,18,0,0,44.0,15.0,0,0
500668,2024-06-30,2024-06-01,18,0,0,83.0,16.0,0,0
500669,2024-06-30,2023-11-01,4,0,1,9.0,0.0,0,0
500670,2024-06-30,2024-06-01,10,0,0,50.0,17.0,0,0
500671,2024-06-30,2024-06-01,18,0,0,91.0,17.0,0,0
500672,2024-06-30,2024-05-01,18,0,0,36.0,3.0,0,0
500673,2024-06-30,2024-06-01,18,0,0,64.0,8.0,0,0
500674,2024-06-30,2024-06-01,9,0,0,38.0,10.0,0,0
500675,2024-06-30,2024-06-01,18,0,0,88.0,26.0,0,0
500676,2024-06-30,2024-06-01,18,0,0,110.0,31.0,0,0
500677,2024-06-30,2023-02-01,2,1,1,3.0,0.0,0,0
500678,2024-06-30,2024-06-01,18,0,0,75.0,11.0,0,0
500679,2024-06-30,2024-05-01,18,0,0,18.0,7.0,0,0
500680,2024-06-30,2023-06-01,6,0,1,32.0,0.0,0,0
500681,2024-06-30,2023-10-01,10,0,1,27.0,0.0,0,0
500682,2024-06-30,2024-06-01,3,1,0,0.0,11.0,0,1
500683,2024-06-30,2023-01-01,2,1,1,4.0,0.0,0,0
500684,2024-06-30,2024-06-01,14,0,0,64.0,12.0,0,0
500685,2024-06-30,2024-06-01,14,0,0,40.0,10.0,0,0
500686,2024-06-30,2024-06-01,18,0,0,88.0,14.0,0,0
500687,2024-06-30,2024-06-01,18,0,0,59.0,14.0,0,0
500688,2024-06-30,2024-06-01,4,0,0,6.0,12.0,0,0
500689,2024-06-30,2023-04-01,6,0,1,14.0,0.0,0,0
500690,2024-06-30,2023-10-01,4,0,1,12.0,0.0,0,0
500691,2024-06-30,2024-06-01,18,0,0,88.0,14.0,0,0
500692,2024-06-30,2023-12-01,14,0,1,65.0,0.0,0,0
500693,2024-06-30,2024-06-01,18,0,0,47.0,8.0,0,0
500694,2024-06-30,2023-07-01,9,0,1,22.0,0.0,0,0
500695,2024-06-30,2024-06-01,5,0,0,14.0,15.0,0,0
500696,2024-06-30,2024-06-01,18,0,0,86.0,13.0,0,0
500697,2024-06-30,2024-06-01,18,0,0,70.0,16.0,0,0
500698,2024-06-30,2024-06-01,18,0,0,97.0,16.0,0,0
500699,2024-06-30,2024-02-01,15,0,1,76.0,0.0,0,0
500700,2024-06-30,2023-12-01,13,0,1,96.0,0.0,0,0
500701,2024-06-30,,1,1,0,0.0,0.0,0,1
500702,2024-06-30,2023-10-01,11,0,1,49.0,0.0,0,0
500703,2024-06-30,2024-06-01,13,0,0,17.0,5.0,0,0
500704,2024-06-30,2024-06-01,18,0,0,145.0,31.0,0,0
500705,2024-06-30,2024-06-01,18,0,0,41.0,15.0,0,0
500706,2024-06-30,2024-06-01,18,0,0,73.0,10.0,0,0
500707,2024-06-30,2024-06-01,18,0,0,16.0,5.0,0,0
500708,2024-06-30,2024-06-01,18,0,0,60.0,9.0,0,0
500709,2024-06-30,2024-06-01,14,0,0,53.0,12.0,0,0
500710,2024-06-30,2024-06-01,13,0,0,63.0,14.0,0,0
500711,2024-06-30,2024-06-01,14,0,0,37.0,8.0,0,0
500712,2024-06-30,2024-06-01,8,0,0,36.0,28.0,0,0
500713,2024-06-30,2024-06-01,5,0,0,7.0,13.0,0,0
500714,2024-06-30,2024-06-01,18,0,0,98.0,24.0,0,0
500715,2024-06-30,2023-04-01,5,0,1,8.0,0.0,0,0
500716,2024-06-30,2024-05-01,7,0,0,15.0,2.0,0,0
500717,2024-06-30,2024-06-01,17,0,0,74.0,20.0,0,0
500718,2024-06-30,,1,1,0,0.0,0.0,0,1
500719,2024-06-30,2023-02-01,2,1,1,2.0,0.0,0,0
500720,2024-06-30,2023-08-01,9,0,1,12.0,0.0,0,0
500721,2024-06-30,2024-06-01,18,0,0,65.0,20.0,0,0
500722,2024-06-30,2024-02-01,11,0,1,24.0,0.0,0,0
500723,2024-06-30,2023-03-01,3,1,1,5.0,0.0,0,0
500724,2024-06-30,2023-11-01,11,0,1,30.0,0.0,0,0
500725,2024-06-30,2023-04-01,5,0,1,11.0,0.0,0,0
500726,2024-06-30,2024-06-01,7,0,0,21.0,17.0,0,0
500727,2024-06-30,2023-10-01,5,0,1,24.0,0.0,0,0
500728,2024-06-30,2024-06-01,18,0,0,87.0,22.0,0,0
500729,2024-06-30,2024-06-01,12,0,0,49.0,16.0,0,0
500730,2024-06-30,2024-06-01,5,0,0,14.0,19.0,0,0
500731,2024-06-30,2024-06-01,8,0,0,13.0,13.0,0,0
500732,2024-06-30,2024-06-01,18,0,0,69.0,19.0,0,0
500733,2024-06-30,2024-06-01,16,0,0,75.0,18.0,0,0
500734,2024-06-30,2024-01-01,14,0,1,44.0,0.0,0,0
500735,2024-06-30,2024-06-01,18,0,0,60.0,9.0,0,0
500736,2024-06-30,2024-06-01,18,0,0,29.0,9.0,0,0
500737,2024-06-30,2024-06-01,5,0,0,7.0,5.0,0,0
500738,2024-06-30,2024-03-01,11,0,1,13.0,0.0,0,0
500739,2024-06-30,2023-06-01,8,0,1,7.0,0.0,0,0
500740,2024-06-30,2024-06-01,18,0,0,54.0,4.0,0,0
500741,2024-06-30,2024-06-01,18,0,0,47.0,16.0,0,0
500742,2024-06-30,2024-06-01,18,0,0,84.0,25.0,0,0
500743,2024-06-30,2024-06-01,18,0,0,62.0,18.0,0,0
500744,2024-06-30,2024-06-01,18,0,0,78.0,16.0,0,0
500745,2024-06-30,2024-06-01,18,0,0,109.0,22.0,0,0
500746,2024-06-30,2024-06-01,18,0,0,54.0,8.0,0,0
500747,2024-06-30,2024-06-01,10,0,0,28.0,16.0,0,0
500748,2024-06-30,2024-06-01,18,0,0,77.0,10.0,0,0
500749,2024-06-30,2024-06-01,10,0,0,30.0,13.0,0,0
500750,2024-06-30,2023-05-01,5,0,1,16.0,0.0,0,0
500751,2024-06-30,2024-06-01,2,1,0,0.0,1.0,0,1
500752,2024-06-30,2023-03-01,3,1,1,5.0,0.0,0,0
500753,2024-06-30,2024-06-01,11,0,0,32.0,18.0,0,0
500754,2024-06-30,,1,1,0,0.0,0.0,0,1
500755,2024-06-30,2024-01-01,15,0,1,20.0,0.0,0,0
500756,2024-06-30,2023-05-01,2,1,1,1.0,0.0,0,0
500757,2024-06-30,2024-06-01,18,0,0,62.0,10.0,0,0
500758,2024-06-30,2024-06-01,18,0,0,48.0,6.0,0,0
500759,2024-06-30,2023-06-01,7,0,1,23.0,0.0,0,0
500760,2024-06-30,2024-02-01,7,0,1,14.0,0.0,0,0
500761,2024-06-30,2024-06-01,3,1,0,0.0,14.0,0,1
500762,2024-06-30,2023-10-01,11,0,1,55.0,0.0,0,0
500763,2024-06-30,2024-02-01,15,0,1,52.0,0.0,0,0
500764,2024-06-30,2024-06-01,18,0,0,94.0,15.0,0,0
500765,2024-06-30,2024-06-01,6,0,0,20.0,24.0,0,0
500766,2024-06-30,2024-06-01,4,0,0,4.0,11.0,0,0
500767,2024-06-30,2024-06-01,18,0,0,97.0,18.0,0,0
500768,2024-06-30,2023-10-01,12,0,1,24.0,0.0,0,0
500769,2024-06-30,2024-03-01,16,0,1,48.0,0.0,0,0
500770,2024-06-30,2024-06-01,2,1,0,0.0,6.0,0,1
500771,2024-06-30,2024-06-01,18,0,0,137.0,27.0,0,0
500772,2024-06-30,2024-06-01,18,0,0,43.0,5.0,0,0
500773,2024-06-30,2023-06-01,6,0,1,8.0,0.0,0,0
500774,2024-06-30,2024-06-01,18,0,0,100.0,13.0,0,0
500775,2024-06-30,2024-06-01,18,0,0,74.0,11.0,0,0
500776,2024-06-30,2024-01-01,17,0,1,5.0,0.0,0,0
500777,2024-06-30,2024-06-01,4,0,0,5.0,5.0,0,0
500778,2024-06-30,2024-01-01,14,0,1,28.0,0.0,0,0
500779,2024-06-30,2023-05-01,7,0,1,13.0,0.0,0,0
500780,2024-06-30,2024-06-01,18,0,0,86.0,17.0,0,0
500781,2024-06-30,2023-01-01,2,1,1,0.0,0.0,1,1
500782,2024-06-30,2024-05-01,18,0,0,41.0,6.0,0,0
500783,2024-06-30,2023-04-01,5,0,1,7.0,0.0,0,0
500784,2024-06-30,2024-06-01,5,0,0,16.0,11.0,0,0
500785,2024-06-30,2023-02-01,3,1,1,3.0,0.0,0,0
500786,2024-06-30,,2,1,0,0.0,0.0,0,1
500787,2024-06-30,2023-10-01,10,0,1,32.0,0.0,0,0
500788,2024-06-30,2024-06-01,18,0,0,112.0,16.0,0,0
500789,2024-06-30,2024-06-01,3,1,0,0.0,9.0,0,1
500790,2024-06-30,2023-02-01,3,1,1,8.0,0.0,0,0
500791,2024-06-30,2024-06-01,18,0,0,51.0,11.0,0,0
500792,2024-06-30,2024-06-01,3,1,0,0.0,12.0,0,1
500793,2024-06-30,2024-06-01,18,0,0,86.0,10.0,0,0
500794,2024-06-30,2024-06-01,18,0,0,41.0,7.0,0,0
500795,2024-06-30,2024-06-01,6,0,0,22.0,20.0,0,0
500796,2024-06-30,2023-02-01,4,0,1,1.0,0.0,0,0
500797,2024-06-30,2024-06-01,4,0,0,4.0,15.0,0,0
500798,2024-06-30,2023-06-01,6,0,1,19.0,0.0,0,0
500799,2024-06-30,2023-12-01,15,0,1,7.0,0.0,0,0
500800,2024-06-30,2024-06-01,4,0,0,4.0,14.0,0,0
500801,2024-06-30,2024-04-01,17,0,0,36.0,2.0,0,0
500802,2024-06-30,2024-02-01,15,0,1,22.0,0.0,0,0
500803,2024-06-30,2024-06-01,14,0,0,89.0,9.0,0,0
500804,2024-06-30,2023-10-01,5,0,1,3.0,0.0,0,0
500805,2024-06-30,2024-06-01,2,1,0,0.0,5.0,0,1
500806,2024-06-30,2024-05-01,9,0,0,6.0,2.0,0,0
500807,2024-06-30,2024-06-01,12,0,0,60.0,11.0,0,0
500808,2024-06-30,2023-07-01,8,0,1,37.0,0.0,0,0
500809,2024-06-30,2024-06-01,18,0,0,64.0,15.0,0,0
500810,2024-06-30,2024-06-01,9,0,0,42.0,15.0,0,0
500811,2024-06-30,2024-06-01,18,0,0,73.0,15.0,0,0
500812,2024-06-30,2024-06-01,18,0,0,107.0,43.0,0,0
500813,2024-06-30,2023-03-01,5,0,1,5.0,0.0,0,0
500814,2024-06-30,2023-05-01,7,0,1,6.0,0.0,0,0
500815,2024-06-30,2023-01-01,2,1,1,2.0,0.0,0,0
500816,2024-06-30,2023-09-01,9,0,1,31.0,0.0,0,0
500817,2024-06-30,2024-06-01,6,0,0,14.0,10.0,0,0
500818,2024-06-30,2024-05-01,18,0,0,36.0,7.0,0,0
500819,2024-06-30,2023-02-01,3,1,1,2.0,0.0,0,0
500820,2024-06-30,2023-12-01,13,0,1,58.0,0.0,0,0
500821,2024-06-30,2024-06-01,7,0,0,15.0,14.0,0,0
500822,2024-06-30,2023-07-01,7,0,1,18.0,0.0,0,0
500823,2024-06-30,2024-06-01,18,0,0,51.0,18.0,0,0
500824,2024-06-30,2024-06-01,18,0,0,115.0,27.0,0,0
500825,2024-06-30,2024-06-01,3,1,0,0.0,13.0,0,1
500826,2024-06-30,2024-06-01,18,0,0,103.0,22.0,0,0
500827,2024-06-30,2024-02-01,13,0,1,36.0,0.0,0,0
500828,2024-06-30,2024-06-01,18,0,0,64.0,13.0,0,0
500829,2024-06-30,2024-04-01,16,0,0,42.0,1.0,0,0
500830,2024-06-30,2024-06-01,18,0,0,54.0,19.0,0,0
500831,2024-06-30,2024-06-01,18,0,0,57.0,15.0,0,0
500832,2024-06-30,,1,1,0,0.0,0.0,0,1
500833,2024-06-30,,1,1,0,0.0,0.0,0,1
500834,2024-06-30,2023-08-01,8,0,1,25.0,0.0,0,0
500835,2024-06-30,2024-06-01,13,0,0,42.0,6.0,0,0
500836,2024-06-30,,3,1,0,0.0,0.0,0,1
500837,2024-06-30,2024-06-01,8,0,0,24.0,16.0,0,0
500838,2024-06-30,2024-06-01,18,0,0,57.0,13.0,0,0
500839,2024-06-30,2024-06-01,18,0,0,84.0,21.0,0,0
500840,2024-06-30,2024-06-01,16,0,0,51.0,12.0,0,0
500841,2024-06-30,2024-06-01,18,0,0,89.0,22.0,0,0
500842,2024-06-30,2024-06-01,18,0,0,121.0,24.0,0,0
500843,2024-06-30,2024-06-01,4,0,0,6.0,11.0,0,0
500844,2024-06-30,2024-06-01,18,0,0,34.0,6.0,0,0
500845,2024-06-30,2024-01-01,15,0,1,47.0,0.0,0,0
500846,2024-06-30,2024-06-01,18,0,0,73.0,14.0,0,0
500847,2024-06-30,2024-06-01,4,0,0,6.0,7.0,0,0
500848,2024-06-30,2024-06-01,14,0,0,35.0,11.0,0,0
500849,2024-06-30,2024-03-01,6,0,1,14.0,0.0,0,0
500850,2024-06-30,2024-06-01,18,0,0,66.0,13.0,0,0
500851,2024-06-30,2024-04-01,17,0,0,77.0,3.0,0,0
500852,2024-06-30,2024-06-01,16,0,0,39.0,12.0,0,0
500853,2024-06-30,2024-02-01,13,0,1,38.0,0.0,0,0
500854,2024-06-30,2024-06-01,18,0,0,36.0,4.0,0,0
500855,2024-06-30,2024-06-01,5,0,0,12.0,17.0,0,0
500856,2024-06-30,2024-06-01,18,0,0,79.0,25.0,0,0
500857,2024-06-30,2024-06-01,18,0,0,82.0,11.0,0,0
500858,2024-06-30,2024-06-01,18,0,0,69.0,20.0,0,0
500859,2024-06-30,2024-06-01,18,0,0,66.0,8.0,0,0
500860,2024-06-30,2023-02-01,4,0,1,6.0,0.0,0,0
500861,2024-06-30,2024-06-01,18,0,0,84.0,11.0,0,0
500862,2024-06-30,2024-06-01,3,1,0,0.0,6.0,0,1
500863,2024-06-30,2024-06-01,18,0,0,77.0,15.0,0,0
500864,2024-06-30,2023-04-01,4,0,1,8.0,0.0,0,0
500865,2024-06-30,2024-02-01,15,0,1,89.0,0.0,0,0
500866,2024-06-30,2023-05-01,6,0,1,9.0,0.0,0,0
500867,2024-06-30,2024-02-01,9,0,1,45.0,0.0,0,0
500868,2024-06-30,2023-01-01,1,1,1,1.0,0.0,0,0
500869,2024-06-30,2023-11-01,12,0,1,39.0,0.0,0,0
500870,2024-06-30,2024-06-01,18,0,0,91.0,19.0,0,0
500871,2024-06-30,2023-11-01,12,0,1,40.0,0.0,0,0
500872,2024-06-30,2023-09-01,9,0,1,26.0,0.0,0,0
500873,2024-06-30,2023-12-01,12,0,1,28.0,0.0,0,0
500874,2024-06-30,2023-04-01,5,0,1,7.0,0.0,0,0
500875,2024-06-30,2024-06-01,11,0,0,25.0,15.0,0,0
500876,2024-06-30,2024-03-01,15,0,1,80.0,0.0,0,0
500877,2024-06-30,2024-06-01,16,0,0,38.0,5.0,0,0
500878,2024-06-30,2023-02-01,2,1,1,1.0,0.0,0,0
500879,2024-06-30,2024-06-01,6,0,0,13.0,12.0,0,0
500880,2024-06-30,2024-06-01,9,0,0,17.0,8.0,0,0
500881,2024-06-30,2024-06-01,15,0,0,66.0,11.0,0,0
500882,2024-06-30,2023-07-01,4,0,1,7.0,0.0,0,0
500883,2024-06-30,2024-01-01,15,0,1,24.0,0.0,0,0
500884,2024-06-30,2024-05-01,12,0,0,32.0,2.0,0,0
500885,2024-06-30,2023-12-01,6,0,1,5.0,0.0,0,0
500886,2024-06-30,2023-03-01,5,0,1,15.0,0.0,0,0
500887,2024-06-30,2023-07-01,9,0,1,24.0,0.0,0,0
500888,2024-06-30,2024-06-01,18,0,0,45.0,12.0,0,0
500889,2024-06-30,2024-03-01,16,0,1,44.0,0.0,0,0
500890,2024-06-30,2024-06-01,15,0,0,52.0,11.0,0,0
500891,2024-06-30,2023-05-01,1,1,1,1.0,0.0,0,0
500892,2024-06-30,2024-06-01,18,0,0,89.0,17.0,0,0
500893,2024-06-30,2023-11-01,14,0,1,28.0,0.0,0,0
500894,2024-06-30,2023-03-01,2,1,1,2.0,0.0,0,0
500895,2024-06-30,2024-02-01,7,0,1,22.0,0.0,0,0
500896,2024-06-30,2024-06-01,18,0,0,36.0,3.0,0,0
500897,2024-06-30,2023-10-01,11,0,1,41.0,0.0,0,0
500898,2024-06-30,2024-06-01,18,0,0,66.0,15.0,0,0
500899,2024-06-30,2024-04-01,12,0,0,2.0,1.0,0,0
500900,2024-06-30,2024-06-01,18,0,0,62.0,10.0,0,0
500901,2024-06-30,2024-06-01,18,0,0,71.0,10.0,0,0
500902,2024-06-30,2023-03-01,3,1,1,3.0,0.0,0,0
500903,2024-06-30,2023-11-01,7,0,1,21.0,0.0,0,0
500904,2024-06-30,2023-12-01,6,0,1,12.0,0.0,0,0
500905,2024-06-30,2023-07-01,4,0,1,3.0,0.0,0,0
500906,2024-06-30,2024-03-01,15,0,1,119.0,0.0,0,0
500907,2024-06-30,2024-06-01,13,0,0,48.0,8.0,0,0
500908,2024-06-30,2024-06-01,18,0,0,68.0,9.0,0,0
500909,2024-06-30,2024-06-01,18,0,0,74.0,20.0,0,0
500910,2024-06-30,2024-06-01,18,0,0,60.0,13.0,0,0
500911,2024-06-30,2024-06-01,6,0,0,9.0,11.0,0,0
500912,2024-06-30,2024-06-01,4,0,0,5.0,17.0,0,0
500913,2024-06-30,2024-06-01,10,0,0,50.0,22.0,0,0
500914,2024-06-30,2024-06-01,18,0,0,63.0,14.0,0,0
500915,2024-06-30,2024-06-01,10,0,0,57.0,20.0,0,0
500916,2024-06-30,2023-10-01,7,0,1,12.0,0.0,0,0
500917,2024-06-30,2024-06-01,18,0,0,44.0,6.0,0,0
500918,2024-06-30,2023-09-01,11,0,1,23.0,0.0,0,0
500919,2024-06-30,2024-06-01,4,0,0,7.0,10.0,0,0
500920,2024-06-30,2024-06-01,9,0,0,34.0,11.0,0,0
500921,2024-06-30,2024-06-01,18,0,0,99.0,27.0,0,0
500922,2024-06-30,2024-06-01,18,0,0,65.0,10.0,0,0
500923,2024-06-30,2024-06-01,12,0,0,47.0,14.0,0,0
500924,2024-06-30,2024-06-01,18,0,0,108.0,21.0,0,0
500925,2024-06-30,2023-11-01,13,0,1,46.0,0.0,0,0
500926,2024-06-30,2024-05-01,18,0,0,71.0,10.0,0,0
500927,2024-06-30,2024-06-01,8,0,0,21.0,5.0,0,0
500928,2024-06-30,2023-04-01,4,0,1,6.0,0.0,0,0
500929,2024-06-30,2024-06-01,18,0,0,32.0,8.0,0,0
500930,2024-06-30,2024-06-01,18,0,0,40.0,6.0,0,0
500931,2024-06-30,2024-06-01,18,0,0,15.0,6.0,0,0
500932,2024-06-30,2024-06-01,18,0,0,45.0,11.0,0,0
500933,2024-06-30,2023-04-01,5,0,1,7.0,0.0,0,0
500934,2024-06-30,2024-06-01,16,0,0,56.0,14.0,0,0
500935,2024-06-30,,1,1,0,0.0,0.0,0,1
500936,2024-06-30,2023-01-01,2,1,1,2.0,0.0,0,0
500937,2024-06-30,2023-10-01,6,0,1,16.0,0.0,0,0
500938,2024-06-30,2024-06-01,9,0,0,47.0,25.0,0,0
500939,2024-06-30,2024-06-01,18,0,0,66.0,6.0,0,0
500940,2024-06-30,2024-06-01,14,0,0,81.0,20.0,0,0
500941,2024-06-30,2023-09-01,9,0,1,22.0,0.0,0,0
500942,2024-06-30,2024-06-01,18,0,0,69.0,4.0,0,0
500943,2024-06-30,2024-06-01,18,0,0,43.0,8.0,0,0
500944,2024-06-30,2023-07-01,7,0,1,21.0,0.0,0,0
500945,2024-06-30,2023-12-01,14,0,1,57.0,0.0,0,0
500946,2024-06-30,2024-06-01,4,0,0,2.0,3.0,0,0
500947,2024-06-30,2024-05-01,7,0,0,20.0,4.0,0,0
500948,2024-06-30,2023-09-01,11,0,1,28.0,0.0,0,0
500949,2024-06-30,2024-06-01,18,0,0,60.0,5.0,0,0
500950,2024-06-30,2024-02-01,15,0,1,33.0,0.0,0,0
500951,2024-06-30,2023-06-01,7,0,1,17.0,0.0,0,0
500952,2024-06-30,2024-06-01,18,0,0,48.0,7.0,0,0
500953,2024-06-30,2024-06-01,11,0,0,24.0,9.0,0,0
500954,2024-06-30,,1,1,0,0.0,0.0,0,1
500955,2024-06-30,2024-02-01,7,0,1,2.0,0.0,0,0
500956,2024-06-30,2024-06-01,18,0,0,107.0,12.0,0,0
500957,2024-06-30,2024-05-01,18,0,0,66.0,3.0,0,0
500958,2024-06-30,2024-01-01,8,0,1,29.0,0.0,0,0
500959,2024-06-30,2024-06-01,15,0,0,83.0,28.0,0,0
500960,2024-06-30,2024-06-01,18,0,0,78.0,16.0,0,0
500961,2024-06-30,2024-05-01,16,0,0,33.0,3.0,0,0
500962,2024-06-30,2023-07-01,5,0,1,17.0,0.0,0,0
500963,2024-06-30,2024-06-01,12,0,0,45.0,11.0,0,0
500964,2024-06-30,2024-06-01,18,0,0,107.0,19.0,0,0
500965,2024-06-30,2024-06-01,18,0,0,6.0,1.0,0,0
500966,2024-06-30,2024-06-01,11,0,0,29.0,21.0,0,0
500967,2024-06-30,2024-06-01,13,0,0,65.0,13.0,0,0
500968,2024-06-30,2023-10-01,10,0,1,28.0,0.0,0,0
500969,2024-06-30,2024-06-01,9,0,0,27.0,22.0,0,0
500970,2024-06-30,2023-05-01,6,0,1,12.0,0.0,0,0
500971,2024-06-30,2023-02-01,3,1,1,3.0,0.0,0,0
500972,2024-06-30,2023-05-01,6,0,1,3.0,0.0,0,0
500973,2024-06-30,2024-06-01,8,0,0,15.0,6.0,0,0
500974,2024-06-30,2024-06-01,9,0,0,41.0,38.0,0,0
500975,2024-06-30,2024-06-01,4,0,0,4.0,9.0,0,0
500976,2024-06-30,2024-06-01,18,0,0,51.0,12.0,0,0
500977,2024-06-30,2023-09-01,6,0,1,17.0,0.0,0,0
500978,2024-06-30,2024-06-01,13,0,0,95.0,40.0,0,0
500979,2024-06-30,2024-06-01,18,0,0,87.0,18.0,0,0
500980,2024-06-30,2024-06-01,13,0,0,68.0,17.0,0,0
500981,2024-06-30,2024-03-01,8,0,1,15.0,0.0,0,0
500982,2024-06-30,2024-06-01,11,0,0,33.0,12.0,0,0
500983,2024-06-30,2023-04-01,3,1,1,3.0,0.0,0,0
500984,2024-06-30,2024-05-01,4,0,0,7.0,4.0,0,0
500985,2024-06-30,2024-03-01,15,0,1,37.0,0.0,0,0
500986,2024-06-30,2024-06-01,18,0,0,85.0,13.0,0,0
500987,2024-06-30,2023-04-01,5,0,1,16.0,0.0,0,0
500988,2024-06-30,2023-10-01,11,0,1,48.0,0.0,0,0
500989,2024-06-30,2024-02-01,12,0,1,42.0,0.0,0,0
500990,2024-06-30,,6,0,0,0.0,0.0,0,1
500991,2024-06-30,2023-04-01,6,0,1,8.0,0.0,0,0
500992,2024-06-30,2024-06-01,9,0,0,26.0,15.0,0,0
500993,2024-06-30,2024-06-01,8,0,0,12.0,16.0,0,0
500994,2024-06-30,2024-06-01,7,0,0,0.0,0.0,0,1
500995,2024-06-30,,3,1,0,0.0,0.0,0,1
500996,2024-06-30,2024-03-01,11,0,1,42.0,0.0,0,0
500997,2024-06-30,,7,0,0,0.0,0.0,0,1
500998,2024-06-30,,1,1,0,0.0,0.0,0,1
500999,2024-06-30,2024-06-01,16,0,0,56.0,8.0,0,0
501000,2024-06-30,2024-06-01,18,0,0,66.0,17.0,0,0
501001,2024-06-30,2023-06-01,8,0,1,10.0,0.0,0,0
501002,2024-06-30,2024-06-01,18,0,0,72.0,18.0,0,0
501003,2024-06-30,2024-06-01,12,0,0,49.0,23.0,0,0
501004,2024-06-30,2024-06-01,18,0,0,72.0,8.0,0,0
501005,2024-06-30,2023-02-01,2,1,1,1.0,0.0,0,0
501006,2024-06-30,2024-06-01,18,0,0,68.0,12.0,0,0
501007,2024-06-30,2024-06-01,18,0,0,74.0,13.0,0,0
501008,2024-06-30,2023-03-01,4,0,1,5.0,0.0,0,0
501009,2024-06-30,2024-06-01,17,0,0,75.0,24.0,0,0
501010,2024-06-30,2024-06-01,18,0,0,91.0,19.0,0,0
501011,2024-06-30,2024-06-01,4,0,0,1.0,7.0,0,0
501012,2024-06-30,2024-06-01,15,0,0,90.0,24.0,0,0
501013,2024-06-30,2023-11-01,3,1,1,4.0,0.0,0,0
501014,2024-06-30,2024-06-01,11,0,0,35.0,18.0,0,0
501015,2024-06-30,2024-06-01,18,0,0,41.0,5.0,0,0
501016,2024-06-30,2023-12-01,13,0,1,46.0,0.0,0,0
501017,2024-06-30,2024-06-01,4,0,0,5.0,7.0,0,0
501018,2024-06-30,2024-06-01,18,0,0,117.0,15.0,0,0
501019,2024-06-30,2024-03-01,1,1,1,1.0,0.0,0,0
501020,2024-06-30,2024-06-01,7,0,0,11.0,4.0,0,0
501021,2024-06-30,,1,1,0,0.0,0.0,0,1
501022,2024-06-30,,2,1,0,0.0,0.0,0,1
501023,2024-06-30,2024-04-01,8,0,0,29.0,3.0,0,0
501024,2024-06-30,2024-06-01,18,0,0,112.0,23.0,0,0
501025,2024-06-30,2024-06-01,18,0,0,92.0,15.0,0,0
501026,2024-06-30,2024-06-01,7,0,0,22.0,12.0,0,0
501027,2024-06-30,2024-06-01,18,0,0,84.0,14.0,0,0
501028,2024-06-30,,1,1,0,0.0,0.0,0,1
501029,2024-06-30,2023-12-01,10,0,1,32.0,0.0,0,0
501030,2024-06-30,2024-02-01,5,0,1,9.0,0.0,0,0
501031,2024-06-30,2024-06-01,18,0,0,100.0,15.0,0,0
501032,2024-06-30,2024-06-01,12,0,0,22.0,3.0,0,0
501033,2024-06-30,2023-10-01,12,0,1,34.0,0.0,0,0
501034,2024-06-30,2023-04-01,6,0,1,11.0,0.0,0,0
501035,2024-06-30,2024-06-01,10,0,0,33.0,13.0,0,0
501036,2024-06-30,2024-06-01,2,1,0,0.0,7.0,0,1
501037,2024-06-30,2024-06-01,2,1,0,0.0,5.0,0,1
501038,2024-06-30,2024-03-01,7,0,1,28.0,0.0,0,0
501039,2024-06-30,2023-10-01,10,0,1,67.0,0.0,0,0
501040,2024-06-30,2024-06-01,8,0,0,17.0,12.0,0,0
501041,2024-06-30,2024-06-01,18,0,0,83.0,21.0,0,0
501042,2024-06-30,2024-06-01,18,0,0,61.0,9.0,0,0
501043,2024-06-30,2024-06-01,18,0,0,42.0,8.0,0,0
501044,2024-06-30,2024-06-01,2,1,0,0.0,3.0,0,1
501045,2024-06-30,2024-06-01,7,0,0,14.0,17.0,0,0
501046,2024-06-30,2023-09-01,10,0,1,29.0,0.0,0,0
501047,2024-06-30,2024-06-01,8,0,0,23.0,9.0,0,0
501048,2024-06-30,2024-06-01,8,0,0,18.0,5.0,0,0
501049,2024-06-30,2024-06-01,2,1,0,0.0,8.0,0,1
501050,2024-06-30,2024-06-01,12,0,0,32.0,12.0,0,0
501051,2024-06-30,2024-06-01,18,0,0,79.0,19.0,0,0
501052,2024-06-30,2023-08-01,8,0,1,21.0,0.0,0,0
501053,2024-06-30,2024-06-01,18,0,0,54.0,13.0,0,0
501054,2024-06-30,2024-06-01,9,0,0,34.0,17.0,0,0
501055,2024-06-30,2023-11-01,12,0,1,49.0,0.0,0,0
501056,2024-06-30,2024-01-01,13,0,1,45.0,0.0,0,0
501057,2024-06-30,2024-06-01,7,0,0,11.0,19.0,0,0
501058,2024-06-30,2023-10-01,10,0,1,24.0,0.0,0,0
501059,2024-06-30,2024-06-01,18,0,0,36.0,8.0,0,0
501060,2024-06-30,2024-06-01,18,0,0,78.0,19.0,0,0
501061,2024-06-30,2023-01-01,2,1,1,1.0,0.0,0,0
501062,2024-06-30,2023-03-01,3,1,1,13.0,0.0,0,0
501063,2024-06-30,2024-05-01,18,0,0,74.0,9.0,0,0
501064,2024-06-30,,1,1,0,0.0,0.0,0,1
501065,2024-06-30,2023-05-01,5,0,1,12.0,0.0,0,0
501066,2024-06-30,2023-03-01,4,0,1,8.0,0.0,0,0
501067,2024-06-30,2023-09-01,1,1,1,1.0,0.0,0,0
501068,2024-06-30,2024-06-01,18,0,0,104.0,26.0,0,0
501069,2024-06-30,2023-03-01,3,1,1,2.0,0.0,0,0
501070,2024-06-30,2023-11-01,11,0,1,20.0,0.0,0,0
501071,2024-06-30,2023-06-01,3,1,1,6.0,0.0,0,0
501072,2024-06-30,2024-06-01,3,1,0,0.0,3.0,0,1
501073,2024-06-30,2024-06-01,3,1,0,0.0,13.0,0,1
501074,2024-06-30,2024-06-01,18,0,0,88.0,18.0,0,0
501075,2024-06-30,2024-06-01,18,0,0,73.0,18.0,0,0
501076,2024-06-30,2024-06-01,18,0,0,60.0,9.0,0,0
501077,2024-06-30,2024-06-01,15,0,0,58.0,14.0,0,0
501078,2024-06-30,2024-06-01,18,0,0,72.0,11.0,0,0
501079,2024-06-30,2024-06-01,18,0,0,41.0,10.0,0,0
501080,2024-06-30,2024-06-01,10,0,0,42.0,10.0,0,0
501081,2024-06-30,2024-06-01,5,0,0,18.0,20.0,0,0
501082,2024-06-30,2024-05-01,18,0,0,50.0,5.0,0,0
501083,2024-06-30,2024-06-01,3,1,0,0.0,6.0,0,1
501084,2024-06-30,2023-12-01,13,0,1,20.0,0.0,0,0
501085,2024-06-30,2024-02-01,5,0,1,7.0,0.0,0,0
501086,2024-06-30,2024-06-01,6,0,0,24.0,20.0,0,0
501087,2024-06-30,2023-12-01,7,0,1,26.0,0.0,0,0
501088,2024-06-30,2024-06-01,14,0,0,34.0,20.0,0,0
501089,2024-06-30,2024-06-01,14,0,0,64.0,20.0,0,0
501090,2024-06-30,2024-06-01,3,1,0,0.0,12.0,0,1
501091,2024-06-30,2023-07-01,8,0,1,21.0,0.0,0,0
501092,2024-06-30,2023-01-01,1,1,1,0.0,0.0,1,1
501093,2024-06-30,2024-06-01,18,0,0,44.0,9.0,0,0
501094,2024-06-30,2024-06-01,18,0,0,103.0,14.0,0,0
501095,2024-06-30,2023-08-01,9,0,1,25.0,0.0,0,0
501096,2024-06-30,2024-06-01,18,0,0,75.0,20.0,0,0
501097,2024-06-30,2023-08-01,7,0,1,12.0,0.0,0,0
501098,2024-06-30,2024-02-01,16,0,1,54.0,0.0,0,0
501099,2024-06-30,2023-05-01,6,0,1,10.0,0.0,0,0
501100,2024-06-30,2023-06-01,6,0,1,8.0,0.0,0,0
501101,2024-06-30,2024-06-01,18,0,0,82.0,16.0,0,0
501102,2024-06-30,2023-04-01,5,0,1,12.0,0.0,0,0
501103,2024-06-30,,1,1,0,0.0,0.0,0,1
501104,2024-06-30,2023-04-01,7,0,1,15.0,0.0,0,0
501105,2024-06-30,2024-06-01,9,0,0,36.0,18.0,0,0
501106,2024-06-30,2023-11-01,12,0,1,49.0,0.0,0,0
501107,2024-06-30,2023-07-01,8,0,1,24.0,0.0,0,0
501108,2024-06-30,2024-06-01,18,0,0,123.0,20.0,0,0
501109,2024-06-30,2024-06-01,18,0,0,52.0,12.0,0,0
501110,2024-06-30,2024-03-01,12,0,1,47.0,0.0,0,0
501111,2024-06-30,2024-06-01,16,0,0,73.0,11.0,0,0
501112,2024-06-30,2023-05-01,5,0,1,17.0,0.0,0,0
501113,2024-06-30,2023-08-01,7,0,1,1.0,0.0,0,0
501114,2024-06-30,2024-06-01,2,1,0,0.0,5.0,0,1
501115,2024-06-30,2024-06-01,17,0,0,76.0,14.0,0,0
501116,2024-06-30,2023-03-01,4,0,1,8.0,0.0,0,0
501117,2024-06-30,2023-09-01,2,1,1,2.0,0.0,0,0
501118,2024-06-30,2023-08-01,9,0,1,4.0,0.0,0,0
501119,2024-06-30,2024-06-01,18,0,0,98.0,26.0,0,0
501120,2024-06-30,2024-06-01,18,0,0,53.0,13.0,0,0
501121,2024-06-30,2023-08-01,10,0,1,22.0,0.0,0,0
501122,2024-06-30,2024-06-01,18,0,0,79.0,25.0,0,0
501123,2024-06-30,2024-06-01,18,0,0,36.0,10.0,0,0
501124,2024-06-30,2024-06-01,18,0,0,88.0,15.0,0,0
501125,2024-06-30,2024-06-01,5,0,0,15.0,28.0,0,0
501126,2024-06-30,2023-07-01,3,1,1,6.0,0.0,0,0
501127,2024-06-30,2024-03-01,16,0,1,71.0,0.0,0,0
501128,2024-06-30,,1,1,0,0.0,0.0,0,1
501129,2024-06-30,2023-12-01,18,0,1,5.0,0.0,0,0
501130,2024-06-30,2024-06-01,7,0,0,19.0,12.0,0,0
501131,2024-06-30,2024-06-01,18,0,0,96.0,14.0,0,0
501132,2024-06-30,2024-06-01,9,0,0,36.0,15.0,0,0
501133,2024-06-30,2024-06-01,12,0,0,73.0,16.0,0,0
501134,2024-06-30,2024-06-01,13,0,0,60.0,15.0,0,0
501135,2024-06-30,2024-06-01,18,0,0,77.0,22.0,0,0
501136,2024-06-30,2024-06-01,18,0,0,70.0,12.0,0,0
501137,2024-06-30,2024-05-01,18,0,0,61.0,2.0,0,0
501138,2024-06-30,2024-05-01,18,0,0,3.0,1.0,0,0
501139,2024-06-30,2024-06-01,2,1,0,0.0,5.0,0,1
501140,2024-06-30,2023-09-01,4,0,1,9.0,0.0,0,0
501141,2024-06-30,2023-12-01,12,0,1,77.0,0.0,0,0
501142,2024-06-30,2023-03-01,4,0,1,8.0,0.0,0,0
501143,2024-06-30,2024-06-01,18,0,0,95.0,15.0,0,0
501144,2024-06-30,2024-06-01,18,0,0,97.0,31.0,0,0
501145,2024-06-30,2023-12-01,12,0,1,12.0,0.0,0,0
501146,2024-06-30,2023-05-01,6,0,1,15.0,0.0,0,0
501147,2024-06-30,2024-06-01,9,0,0,25.0,9.0,0,0
501148,2024-06-30,2024-06-01,17,0,0,95.0,16.0,0,0
501149,2024-06-30,2024-06-01,15,0,0,46.0,23.0,0,0
501150,2024-06-30,2024-06-01,2,1,0,0.0,11.0,0,1
501151,2024-06-30,2024-06-01,5,0,0,12.0,19.0,0,0
501152,2024-06-30,2024-06-01,18,0,0,36.0,11.0,0,0
501153,2024-06-30,2024-06-01,18,0,0,57.0,11.0,0,0
501154,2024-06-30,2024-06-01,11,0,0,24.0,7.0,0,0
501155,2024-06-30,2024-06-01,4,0,0,6.0,10.0,0,0
501156,2024-06-30,2024-06-01,7,0,0,16.0,3.0,0,0
501157,2024-06-30,2024-06-01,4,0,0,5.0,30.0,0,0
501158,2024-06-30,2024-06-01,18,0,0,83.0,12.0,0,0
501159,2024-06-30,2024-06-01,3,1,0,0.0,19.0,0,1
501160,2024-06-30,2024-06-01,18,0,0,44.0,20.0,0,0
501161,2024-06-30,2024-03-01,15,0,1,31.0,0.0,0,0
501162,2024-06-30,2024-03-01,8,0,1,27.0,0.0,0,0
501163,2024-06-30,2024-06-01,10,0,0,47.0,17.0,0,0
501164,2024-06-30,2024-06-01,12,0,0,49.0,22.0,0,0
501165,2024-06-30,2023-06-01,6,0,1,19.0,0.0,0,0
501166,2024-06-30,2023-01-01,4,0,1,1.0,0.0,0,0
501167,2024-06-30,2024-06-01,18,0,0,106.0,33.0,0,0
501168,2024-06-30,2023-09-01,4,0,1,12.0,0.0,0,0
501169,2024-06-30,,1,1,0,0.0,0.0,0,1
501170,2024-06-30,2024-06-01,18,0,0,15.0,5.0,0,0
501171,2024-06-30,2023-04-01,4,0,1,13.0,0.0,0,0
501172,2024-06-30,2024-05-01,6,0,0,13.0,16.0,0,0
501173,2024-06-30,2023-07-01,4,0,1,5.0,0.0,0,0
501174,2024-06-30,2024-06-01,18,0,0,39.0,12.0,0,0
501175,2024-06-30,2023-03-01,5,0,1,4.0,0.0,0,0
501176,2024-06-30,2024-06-01,6,0,0,0.0,1.0,0,1
501177,2024-06-30,2024-06-01,18,0,0,112.0,26.0,0,0
501178,2024-06-30,2024-06-01,18,0,0,84.0,15.0,0,0
501179,2024-06-30,2023-12-01,10,0,1,32.0,0.0,0,0
501180,2024-06-30,2024-06-01,3,1,0,0.0,18.0,0,1
501181,2024-06-30,2023-09-01,9,0,1,17.0,0.0,0,0
501182,2024-06-30,2024-06-01,18,0,0,101.0,17.0,0,0
501183,2024-06-30,2024-06-01,7,0,0,14.0,8.0,0,0
501184,2024-06-30,2023-12-01,13,0,1,48.0,0.0,0,0
501185,2024-06-30,2023-03-01,3,1,1,4.0,0.0,0,0
501186,2024-06-30,2024-06-01,5,0,0,6.0,0.0,1,0
501187,2024-06-30,2024-06-01,9,0,0,25.0,9.0,0,0
501188,2024-06-30,2024-06-01,12,0,0,55.0,17.0,0,0
501189,2024-06-30,2024-06-01,18,0,0,73.0,6.0,0,0
501190,2024-06-30,2023-09-01,9,0,1,42.0,0.0,0,0
501191,2024-06-30,2024-06-01,18,0,0,57.0,18.0,0,0
501192,2024-06-30,2023-06-01,8,0,1,8.0,0.0,0,0
501193,2024-06-30,2024-06-01,18,0,0,113.0,21.0,0,0
501194,2024-06-30,2024-05-01,13,0,0,25.0,7.0,0,0
501195,2024-06-30,2023-10-01,12,0,1,20.0,0.0,0,0
501196,2024-06-30,2023-06-01,6,0,1,13.0,0.0,0,0
501197,2024-06-30,,1,1,0,0.0,0.0,0,1
501198,2024-06-30,2024-06-01,18,0,0,29.0,8.0,0,0
501199,2024-06-30,2024-06-01,18,0,0,66.0,15.0,0,0
501200,2024-06-30,2023-07-01,10,0,1,4.0,0.0,0,0
501201,2024-06-30,2024-06-01,18,0,0,90.0,18.0,0,0
501202,2024-06-30,2024-06-01,13,0,0,77.0,22.0,0,0
501203,2024-06-30,2024-06-01,18,0,0,63.0,18.0,0,0
501204,2024-06-30,2024-06-01,18,0,0,111.0,24.0,0,0
501205,2024-06-30,2024-06-01,18,0,0,126.0,19.0,0,0
501206,2024-06-30,2024-06-01,18,0,0,78.0,19.0,0,0
501207,2024-06-30,2024-06-01,9,0,0,32.0,8.0,0,0
501208,2024-06-30,2023-04-01,6,0,1,7.0,0.0,0,0
501209,2024-06-30,2024-02-01,5,0,1,16.0,0.0,0,0
501210,2024-06-30,2024-02-01,13,0,1,26.0,0.0,0,0
501211,2024-06-30,2024-06-01,18,0,0,107.0,21.0,0,0
501212,2024-06-30,2023-04-01,5,0,1,6.0,0.0,0,0
501213,2024-06-30,2023-11-01,3,1,1,1.0,0.0,0,0
501214,2024-06-30,2024-06-01,18,0,0,95.0,15.0,0,0
501215,2024-06-30,2024-06-01,7,0,0,20.0,15.0,0,0
501216,2024-06-30,2023-03-01,2,1,1,0.0,0.0,1,1
501217,2024-06-30,2024-06-01,6,0,0,15.0,11.0,0,0
501218,2024-06-30,2024-06-01,2,1,0,0.0,10.0,0,1
501219,2024-06-30,2024-06-01,14,0,0,65.0,16.0,0,0
501220,2024-06-30,2023-11-01,11,0,1,28.0,0.0,0,0
501221,2024-06-30,,2,1,0,0.0,0.0,0,1
501222,2024-06-30,2024-06-01,18,0,0,55.0,20.0,0,0
501223,2024-06-30,2024-06-01,10,0,0,25.0,10.0,0,0
501224,2024-06-30,2024-06-01,9,0,0,22.0,10.0,0,0
501225,2024-06-30,2024-06-01,18,0,0,51.0,5.0,0,0
501226,2024-06-30,2024-06-01,18,0,0,67.0,14.0,0,0
501227,2024-06-30,2023-01-01,2,1,1,3.0,0.0,0,0
501228,2024-06-30,2024-06-01,12,0,0,29.0,18.0,0,0
501229,2024-06-30,2023-11-01,11,0,1,46.0,0.0,0,0
501230,2024-06-30,2024-01-01,13,0,1,28.0,0.0,0,0
501231,2024-06-30,2024-06-01,3,1,0,0.0,23.0,0,1
501232,2024-06-30,2024-06-01,18,0,0,111.0,10.0,0,0
501233,2024-06-30,2023-02-01,3,1,1,5.0,0.0,0,0
501234,2024-06-30,2024-06-01,18,0,0,92.0,14.0,0,0
501235,2024-06-30,2024-06-01,16,0,0,52.0,13.0,0,0
501236,2024-06-30,2024-06-01,13,0,0,39.0,18.0,0,0
501237,2024-06-30,,1,1,0,0.0,0.0,0,1
501238,2024-06-30,2024-06-01,13,0,0,39.0,9.0,0,0
501239,2024-06-30,2024-06-01,18,0,0,43.0,13.0,0,0
501240,2024-06-30,2024-06-01,4,0,0,1.0,6.0,0,0
501241,2024-06-30,2024-06-01,18,0,0,48.0,6.0,0,0
501242,2024-06-30,2024-06-01,10,0,0,23.0,7.0,0,0
501243,2024-06-30,2023-02-01,3,1,1,4.0,0.0,0,0
501244,2024-06-30,2024-03-01,10,0,1,36.0,0.0,0,0
501245,2024-06-30,,1,1,0,0.0,0.0,0,1
501246,2024-06-30,2024-06-01,8,0,0,10.0,4.0,0,0
501247,2024-06-30,2024-06-01,18,0,0,60.0,22.0,0,0
501248,2024-06-30,2024-05-01,4,0,0,1.0,4.0,0,0
501249,2024-06-30,2023-08-01,8,0,1,17.0,0.0,0,0
501250,2024-06-30,2024-06-01,18,0,0,43.0,8.0,0,0
501251,2024-06-30,2023-01-01,2,1,1,2.0,0.0,0,0
501252,2024-06-30,2023-12-01,4,0,1,5.0,0.0,0,0
501253,2024-06-30,2024-06-01,15,0,0,21.0,4.0,0,0
501254,2024-06-30,2024-06-01,18,0,0,83.0,13.0,0,0
501255,2024-06-30,2024-06-01,18,0,0,96.0,16.0,0,0
501256,2024-06-30,,1,1,0,0.0,0.0,0,1
501257,2024-06-30,2024-05-01,18,0,0,60.0,2.0,0,0
501258,2024-06-30,,1,1,0,0.0,0.0,0,1
501259,2024-06-30,2024-06-01,4,0,0,5.0,21.0,0,0
501260,2024-06-30,2023-01-01,1,1,1,1.0,0.0,0,0
501261,2024-06-30,2024-06-01,18,0,0,75.0,17.0,0,0
501262,2024-06-30,2023-08-01,10,0,1,15.0,0.0,0,0
501263,2024-06-30,2024-06-01,18,0,0,48.0,16.0,0,0
501264,2024-06-30,2024-06-01,4,0,0,1.0,13.0,0,0
501265,2024-06-30,2023-05-01,6,0,1,5.0,0.0,0,0
501266,2024-06-30,2024-06-01,6,0,0,22.0,17.0,0,0
501267,2024-06-30,2023-09-01,10,0,1,14.0,0.0,0,0
501268,2024-06-30,2023-07-01,7,0,1,20.0,0.0,0,0
501269,2024-06-30,2024-06-01,18,0,0,33.0,11.0,0,0
501270,2024-06-30,2023-02-01,4,0,1,7.0,0.0,0,0
501271,2024-06-30,2024-06-01,18,0,0,105.0,21.0,0,0
501272,2024-06-30,2023-07-01,9,0,1,17.0,0.0,0,0
501273,2024-06-30,2024-06-01,15,0,0,47.0,9.0,0,0
501274,2024-06-30,2024-06-01,4,0,0,5.0,13.0,0,0
501275,2024-06-30,2024-06-01,18,0,0,70.0,8.0,0,0
501276,2024-06-30,2024-06-01,18,0,0,49.0,12.0,0,0
501277,2024-06-30,2024-02-01,15,0,1,28.0,0.0,0,0
501278,2024-06-30,,1,1,0,0.0,0.0,0,1
501279,2024-06-30,,1,1,0,0.0,0.0,0,1
501280,2024-06-30,2024-06-01,18,0,0,48.0,10.0,0,0
501281,2024-06-30,2024-06-01,2,1,0,0.0,11.0,0,1
501282,2024-06-30,2024-06-01,2,1,0,0.0,6.0,0,1
501283,2024-06-30,2024-06-01,18,0,0,111.0,25.0,0,0
501284,2024-06-30,2024-02-01,15,0,1,55.0,0.0,0,0
501285,2024-06-30,2024-06-01,10,0,0,22.0,13.0,0,0
501286,2024-06-30,2023-08-01,7,0,1,22.0,0.0,0,0
501287,2024-06-30,2023-03-01,5,0,1,1.0,0.0,0,0
501288,2024-06-30,2024-06-01,18,0,0,51.0,16.0,0,0
501289,2024-06-30,2024-06-01,18,0,0,62.0,11.0,0,0
501290,2024-06-30,2024-06-01,4,0,0,5.0,15.0,0,0
501291,2024-06-30,2023-06-01,4,0,1,16.0,0.0,0,0
501292,2024-06-30,2024-06-01,12,0,0,21.0,6.0,0,0
501293,2024-06-30,2023-07-01,3,1,1,3.0,0.0,0,0
501294,2024-06-30,2023-06-01,7,0,1,27.0,0.0,0,0
501295,2024-06-30,2024-02-01,15,0,1,53.0,0.0,0,0
501296,2024-06-30,2023-03-01,3,1,1,9.0,0.0,0,0
501297,2024-06-30,2023-03-01,4,0,1,16.0,0.0,0,0
501298,2024-06-30,2024-06-01,18,0,0,98.0,23.0,0,0
501299,2024-06-30,2023-08-01,9,0,1,14.0,0.0,0,0
501300,2024-06-30,2023-06-01,8,0,1,17.0,0.0,0,0
501301,2024-06-30,2024-06-01,18,0,0,55.0,14.0,0,0
501302,2024-06-30,2024-06-01,14,0,0,66.0,8.0,0,0
501303,2024-06-30,2023-10-01,11,0,1,18.0,0.0,0,0
501304,2024-06-30,2024-05-01,3,1,0,0.0,2.0,0,1
501305,2024-06-30,2024-06-01,18,0,0,47.0,5.0,0,0
501306,2024-06-30,2024-06-01,17,0,0,109.0,18.0,0,0
501307,2024-06-30,,1,1,0,0.0,0.0,0,1
501308,2024-06-30,2024-05-01,7,0,0,1.0,4.0,0,0
501309,2024-06-30,2024-06-01,8,0,0,21.0,12.0,0,0
501310,2024-06-30,2024-06-01,5,0,0,1.0,4.0,0,0
501311,2024-06-30,2024-06-01,4,0,0,4.0,19.0,0,0
501312,2024-06-30,2024-01-01,13,0,1,45.0,0.0,0,0
501313,2024-06-30,2024-06-01,10,0,0,58.0,18.0,0,0
501314,2024-06-30,2024-06-01,18,0,0,87.0,12.0,0,0
501315,2024-06-30,2024-06-01,18,0,0,65.0,12.0,0,0
501316,2024-06-30,2024-06-01,18,0,0,80.0,19.0,0,0
501317,2024-06-30,,1,1,0,0.0,0.0,0,1
501318,2024-06-30,2023-09-01,10,0,1,29.0,0.0,0,0
501319,2024-06-30,2024-06-01,18,0,0,40.0,12.0,0,0
501320,2024-06-30,2024-06-01,14,0,0,31.0,2.0,0,0
501321,2024-06-30,2024-06-01,18,0,0,48.0,9.0,0,0
501322,2024-06-30,2024-06-01,18,0,0,110.0,19.0,0,0
501323,2024-06-30,2024-06-01,18,0,0,85.0,13.0,0,0
501324,2024-06-30,2023-02-01,2,1,1,3.0,0.0,0,0
501325,2024-06-30,2024-06-01,18,0,0,65.0,13.0,0,0
501326,2024-06-30,2023-09-01,9,0,1,25.0,0.0,0,0
501327,2024-06-30,2024-06-01,4,0,0,5.0,14.0,0,0
501328,2024-06-30,2024-06-01,18,0,0,33.0,7.0,0,0
501329,2024-06-30,2024-06-01,18,0,0,60.0,5.0,0,0
501330,2024-06-30,2024-06-01,18,0,0,97.0,20.0,0,0
501331,2024-06-30,2024-06-01,18,0,0,49.0,5.0,0,0
501332,2024-06-30,2024-01-01,5,0,1,17.0,0.0,0,0
501333,2024-06-30,2024-06-01,18,0,0,46.0,4.0,0,0
501334,2024-06-30,2024-05-01,18,0,0,20.0,2.0,0,0
501335,2024-06-30,2024-01-01,15,0,1,50.0,0.0,0,0
501336,2024-06-30,2023-07-01,7,0,1,16.0,0.0,0,0
501337,2024-06-30,2024-06-01,8,0,0,13.0,16.0,0,0
501338,2024-06-30,2024-01-01,4,0,1,9.0,0.0,0,0
501339,2024-06-30,2024-06-01,18,0,0,68.0,20.0,0,0
501340,2024-06-30,2024-06-01,18,0,0,47.0,8.0,0,0
501341,2024-06-30,2024-06-01,18,0,0,67.0,8.0,0,0
501342,2024-06-30,2024-06-01,18,0,0,51.0,12.0,0,0
501343,2024-06-30,2024-06-01,18,0,0,18.0,4.0,0,0
501344,2024-06-30,2024-06-01,7,0,0,24.0,25.0,0,0
501345,2024-06-30,2024-06-01,18,0,0,111.0,8.0,0,0
501346,2024-06-30,2024-06-01,18,0,0,33.0,5.0,0,0
501347,2024-06-30,2024-06-01,18,0,0,93.0,9.0,0,0
501348,2024-06-30,2024-06-01,18,0,0,98.0,17.0,0,0
501349,2024-06-30,2024-06-01,14,0,0,59.0,13.0,0,0
501350,2024-06-30,2023-03-01,3,1,1,5.0,0.0,0,0
501351,2024-06-30,2024-04-01,16,0,0,44.0,1.0,0,0
501352,2024-06-30,2023-12-01,6,0,1,11.0,0.0,0,0
501353,2024-06-30,2024-06-01,18,0,0,48.0,7.0,0,0
501354,2024-06-30,2023-11-01,10,0,1,41.0,0.0,0,0
501355,2024-06-30,2024-06-01,18,0,0,43.0,7.0,0,0
501356,2024-06-30,2023-05-01,5,0,1,11.0,0.0,0,0
501357,2024-06-30,2024-06-01,17,0,0,48.0,16.0,0,0
501358,2024-06-30,2023-01-01,2,1,1,1.0,0.0,0,0
501359,2024-06-30,2024-06-01,8,0,0,37.0,19.0,0,0
501360,2024-06-30,2024-06-01,18,0,0,90.0,24.0,0,0
501361,2024-06-30,2024-05-01,7,0,0,1.0,2.0,0,0
501362,2024-06-30,2024-06-01,6,0,0,32.0,18.0,0,0
501363,2024-06-30,2023-09-01,10,0,1,23.0,0.0,0,0
501364,2024-06-30,2024-06-01,18,0,0,34.0,10.0,0,0
501365,2024-06-30,2024-06-01,18,0,0,65.0,6.0,0,0
501366,2024-06-30,2024-06-01,18,0,0,64.0,21.0,0,0
501367,2024-06-30,2023-11-01,12,0,1,53.0,0.0,0,0
501368,2024-06-30,2024-06-01,5,0,0,1.0,2.0,0,0
501369,2024-06-30,2024-04-01,15,0,0,54.0,1.0,0,0
501370,2024-06-30,2024-06-01,11,0,0,22.0,10.0,0,0
501371,2024-06-30,2024-03-01,15,0,1,67.0,0.0,0,0
501372,2024-06-30,2024-06-01,8,0,0,27.0,10.0,0,0
501373,2024-06-30,2024-06-01,18,0,0,36.0,5.0,0,0
501374,2024-06-30,2023-07-01,8,0,1,42.0,0.0,0,0
501375,2024-06-30,2024-06-01,9,0,0,17.0,11.0,0,0
501376,2024-06-30,2024-01-01,14,0,1,40.0,0.0,0,0
501377,2024-06-30,2023-07-01,8,0,1,29.0,0.0,0,0
501378,2024-06-30,2024-04-01,1,1,0,0.0,1.0,0,1
501379,2024-06-30,2024-06-01,18,0,0,71.0,16.0,0,0
501380,2024-06-30,2024-06-01,14,0,0,65.0,20.0,0,0
501381,2024-06-30,2024-06-01,18,0,0,59.0,18.0,0,0
501382,2024-06-30,2024-06-01,9,0,0,21.0,16.0,0,0
501383,2024-06-30,2023-03-01,5,0,1,10.0,0.0,0,0
501384,2024-06-30,2023-08-01,8,0,1,20.0,0.0,0,0
501385,2024-06-30,2023-05-01,5,0,1,15.0,0.0,0,0
501386,2024-06-30,2024-06-01,18,0,0,97.0,13.0,0,0
501387,2024-06-30,2024-06-01,18,0,0,74.0,17.0,0,0
501388,2024-06-30,2024-04-01,4,0,0,0.0,1.0,0,1
501389,2024-06-30,2024-06-01,18,0,0,86.0,20.0,0,0
501390,2024-06-30,2024-06-01,8,0,0,16.0,7.0,0,0
501391,2024-06-30,2024-02-01,6,0,1,15.0,0.0,0,0
501392,2024-06-30,2024-02-01,14,0,1,35.0,0.0,0,0
501393,2024-06-30,2024-06-01,18,0,0,31.0,4.0,0,0
501394,2024-06-30,2023-04-01,6,0,1,9.0,0.0,0,0
501395,2024-06-30,2024-05-01,18,0,0,34.0,4.0,0,0
501396,2024-06-30,2024-06-01,18,0,0,115.0,24.0,0,0
501397,2024-06-30,2023-03-01,7,0,1,3.0,0.0,0,0
501398,2024-06-30,2023-02-01,4,0,1,8.0,0.0,0,0
501399,2024-06-30,2023-02-01,3,1,1,1.0,0.0,0,0
501400,2024-06-30,2024-06-01,7,0,0,15.0,19.0,0,0
501401,2024-06-30,2024-06-01,18,0,0,54.0,15.0,0,0
501402,2024-06-30,2024-06-01,15,0,0,50.0,12.0,0,0
501403,2024-06-30,2024-06-01,18,0,0,27.0,8.0,0,0
501404,2024-06-30,2024-04-01,17,0,0,48.0,1.0,0,0
501405,2024-06-30,2024-06-01,18,0,0,67.0,22.0,0,0
501406,2024-06-30,2023-05-01,6,0,1,11.0,0.0,0,0
501407,2024-06-30,2024-06-01,18,0,0,80.0,26.0,0,0
501408,2024-06-30,2024-06-01,6,0,0,17.0,14.0,0,0
501409,2024-06-30,2024-05-01,18,0,0,60.0,5.0,0,0
501410,2024-06-30,2024-06-01,18,0,0,100.0,14.0,0,0
501411,2024-06-30,2023-11-01,4,0,1,5.0,0.0,0,0
501412,2024-06-30,2024-06-01,13,0,0,53.0,24.0,0,0
501413,2024-06-30,2023-03-01,3,1,1,3.0,0.0,0,0
501414,2024-06-30,2023-03-01,4,0,1,7.0,0.0,0,0
501415,2024-06-30,2024-06-01,11,0,0,44.0,17.0,0,0
501416,2024-06-30,2024-06-01,2,1,0,0.0,8.0,0,1
501417,2024-06-30,2024-05-01,18,0,0,44.0,9.0,0,0
501418,2024-06-30,2024-06-01,18,0,0,77.0,5.0,0,0
501419,2024-06-30,2024-06-01,18,0,0,69.0,13.0,0,0
501420,2024-06-30,2024-04-01,7,0,0,19.0,2.0,0,0
501421,2024-06-30,2023-09-01,9,0,1,39.0,0.0,0,0
501422,2024-06-30,2023-11-01,12,0,1,14.0,0.0,0,0
501423,2024-06-30,2023-02-01,3,1,1,1.0,0.0,0,0
501424,2024-06-30,2024-06-01,18,0,0,68.0,17.0,0,0
501425,2024-06-30,2024-06-01,11,0,0,34.0,12.0,0,0
501426,2024-06-30,2024-06-01,18,0,0,111.0,26.0,0,0
501427,2024-06-30,2023-01-01,1,1,1,1.0,0.0,0,0
501428,2024-06-30,2024-06-01,8,0,0,21.0,11.0,0,0
501429,2024-06-30,2024-02-01,14,0,1,74.0,0.0,0,0
501430,2024-06-30,2024-06-01,7,0,0,20.0,18.0,0,0
501431,2024-06-30,2024-06-01,9,0,0,15.0,7.0,0,0
501432,2024-06-30,2024-06-01,12,0,0,54.0,19.0,0,0
501433,2024-06-30,2023-11-01,12,0,1,20.0,0.0,0,0
501434,2024-06-30,,1,1,0,0.0,0.0,0,1
501435,2024-06-30,2024-06-01,18,0,0,82.0,17.0,0,0
501436,2024-06-30,2024-06-01,10,0,0,40.0,21.0,0,0
501437,2024-06-30,2024-06-01,18,0,0,68.0,24.0,0,0
501438,2024-06-30,2024-06-01,6,0,0,6.0,7.0,0,0
501439,2024-06-30,2024-06-01,18,0,0,96.0,13.0,0,0
501440,2024-06-30,2024-06-01,18,0,0,86.0,16.0,0,0
501441,2024-06-30,2024-06-01,10,0,0,10.0,5.0,0,0
501442,2024-06-30,2024-02-01,11,0,1,44.0,0.0,0,0
501443,2024-06-30,2024-02-01,13,0,1,33.0,0.0,0,0
501444,2024-06-30,2023-09-01,10,0,1,14.0,0.0,0,0
501445,2024-06-30,2023-03-01,4,0,1,10.0,0.0,0,0
501446,2024-06-30,2024-06-01,12,0,0,8.0,5.0,0,0
501447,2024-06-30,2024-06-01,16,0,0,62.0,11.0,0,0
501448,2024-06-30,2024-06-01,3,1,0,0.0,15.0,0,1
501449,2024-06-30,2023-12-01,5,0,1,1.0,0.0,0,0
501450,2024-06-30,2024-06-01,14,0,0,52.0,15.0,0,0
501451,2024-06-30,2023-04-01,5,0,1,9.0,0.0,0,0
501452,2024-06-30,2024-06-01,18,0,0,90.0,15.0,0,0
501453,2024-06-30,2024-05-01,18,0,0,26.0,4.0,0,0
501454,2024-06-30,2023-09-01,3,1,1,3.0,0.0,0,0
501455,2024-06-30,2023-10-01,4,0,1,1.0,0.0,0,0
501456,2024-06-30,2024-06-01,17,0,0,70.0,18.0,0,0
501457,2024-06-30,2024-06-01,18,0,0,60.0,16.0,0,0
501458,2024-06-30,2024-06-01,18,0,0,48.0,9.0,0,0
501459,2024-06-30,2023-12-01,14,0,1,22.0,0.0,0,0
501460,2024-06-30,2024-06-01,17,0,0,60.0,8.0,0,0
501461,2024-06-30,2024-06-01,10,0,0,32.0,15.0,0,0
501462,2024-06-30,2024-06-01,18,0,0,51.0,19.0,0,0
501463,2024-06-30,2024-06-01,18,0,0,66.0,12.0,0,0
501464,2024-06-30,2024-06-01,18,0,0,14.0,3.0,0,0
501465,2024-06-30,2024-06-01,17,0,0,66.0,15.0,0,0
501466,2024-06-30,2024-06-01,13,0,0,65.0,21.0,0,0
501467,2024-06-30,,1,1,0,0.0,0.0,0,1
501468,2024-06-30,2024-06-01,18,0,0,102.0,21.0,0,0
501469,2024-06-30,,1,1,0,0.0,0.0,0,1
501470,2024-06-30,2024-06-01,11,0,0,47.0,12.0,0,0
501471,2024-06-30,2024-06-01,18,0,0,88.0,15.0,0,0
501472,2024-06-30,2024-06-01,7,0,0,1.0,1.0,0,0
501473,2024-06-30,2023-06-01,6,0,1,6.0,0.0,0,0
501474,2024-06-30,2024-06-01,18,0,0,61.0,21.0,0,0
501475,2024-06-30,2023-12-01,7,0,1,22.0,0.0,0,0
501476,2024-06-30,2024-03-01,16,0,1,49.0,0.0,0,0
501477,2024-06-30,2023-07-01,7,0,1,12.0,0.0,0,0
501478,2024-06-30,2023-02-01,4,0,1,2.0,0.0,0,0
501479,2024-06-30,2023-05-01,5,0,1,6.0,0.0,0,0
501480,2024-06-30,2024-06-01,7,0,0,15.0,23.0,0,0
501481,2024-06-30,2024-06-01,18,0,0,65.0,9.0,0,0
501482,2024-06-30,2024-06-01,18,0,0,53.0,14.0,0,0
501483,2024-06-30,2023-06-01,8,0,1,12.0,0.0,0,0
501484,2024-06-30,2024-06-01,18,0,0,95.0,7.0,0,0
501485,2024-06-30,,1,1,0,0.0,0.0,0,1
501486,2024-06-30,,2,1,0,0.0,0.0,0,1
501487,2024-06-30,2024-06-01,15,0,0,67.0,13.0,0,0
501488,2024-06-30,2024-06-01,18,0,0,71.0,13.0,0,0
501489,2024-06-30,2024-05-01,9,0,0,4.0,2.0,0,0
501490,2024-06-30,2024-02-01,14,0,1,9.0,0.0,0,0
501491,2024-06-30,2024-05-01,9,0,0,20.0,0.0,1,0
501492,2024-06-30,2024-06-01,6,0,0,10.0,7.0,0,0
501493,2024-06-30,2024-06-01,8,0,0,14.0,6.0,0,0
501494,2024-06-30,2024-06-01,18,0,0,107.0,33.0,0,0
501495,2024-06-30,2023-07-01,7,0,1,68.0,0.0,0,0
501496,2024-06-30,2024-02-01,1,1,1,1.0,0.0,0,0
501497,2024-06-30,2024-06-01,18,0,0,96.0,18.0,0,0
501498,2024-06-30,2024-06-01,5,0,0,7.0,23.0,0,0
501499,2024-06-30,2024-03-01,16,0,1,41.0,0.0,0,0
501500,2024-06-30,2024-06-01,14,0,0,20.0,5.0,0,0
501501,2024-06-30,2024-06-01,3,1,0,0.0,16.0,0,1
501502,2024-06-30,2023-12-01,13,0,1,40.0,0.0,0,0
501503,2024-06-30,2024-06-01,18,0,0,44.0,9.0,0,0
501504,2024-06-30,2024-06-01,3,1,0,0.0,11.0,0,1
501505,2024-06-30,2024-01-01,13,0,1,42.0,0.0,0,0
501506,2024-06-30,2023-02-01,3,1,1,10.0,0.0,0,0
501507,2024-06-30,2024-05-01,14,0,0,58.0,4.0,0,0
501508,2024-06-30,2023-02-01,4,0,1,10.0,0.0,0,0
501509,2024-06-30,2024-06-01,18,0,0,49.0,13.0,0,0
501510,2024-06-30,2024-06-01,4,0,0,4.0,20.0,0,0
501511,2024-06-30,2024-06-01,18,0,0,85.0,13.0,0,0
501512,2024-06-30,2024-06-01,18,0,0,58.0,12.0,0,0
501513,2024-06-30,2024-06-01,18,0,0,93.0,8.0,0,0
501514,2024-06-30,2024-05-01,18,0,0,63.0,2.0,0,0
501515,2024-06-30,2023-08-01,10,0,1,27.0,0.0,0,0
501516,2024-06-30,2024-06-01,18,0,0,61.0,8.0,0,0
501517,2024-06-30,2024-02-01,15,0,1,54.0,0.0,0,0
501518,2024-06-30,2024-06-01,18,0,0,66.0,10.0,0,0
501519,2024-06-30,2024-06-01,18,0,0,73.0,14.0,0,0
501520,2024-06-30,2023-07-01,8,0,1,10.0,0.0,0,0
501521,2024-06-30,2023-09-01,9,0,1,21.0,0.0,0,0
501522,2024-06-30,2023-04-01,5,0,1,13.0,0.0,0,0
501523,2024-06-30,2024-06-01,18,0,0,78.0,12.0,0,0
501524,2024-06-30,2024-06-01,8,0,0,27.0,17.0,0,0
501525,2024-06-30,2023-06-01,8,0,1,21.0,0.0,0,0
501526,2024-06-30,2024-06-01,18,0,0,28.0,4.0,0,0
501527,2024-06-30,2024-06-01,16,0,0,78.0,21.0,0,0
501528,2024-06-30,2024-06-01,17,0,0,67.0,12.0,0,0
501529,2024-06-30,2024-06-01,18,0,0,33.0,11.0,0,0
501530,2024-06-30,2023-01-01,1,1,1,1.0,0.0,0,0
501531,2024-06-30,2023-07-01,7,0,1,21.0,0.0,0,0
501532,2024-06-30,2024-05-01,18,0,0,84.0,8.0,0,0
501533,2024-06-30,2024-06-01,4,0,0,2.0,14.0,0,0
501534,2024-06-30,2024-06-01,18,0,0,68.0,11.0,0,0
501535,2024-06-30,2024-01-01,13,0,1,36.0,0.0,0,0
501536,2024-06-30,2023-12-01,8,0,1,5.0,0.0,0,0
501537,2024-06-30,2024-06-01,10,0,0,46.0,5.0,0,0
501538,2024-06-30,2024-04-01,16,0,0,65.0,1.0,0,0
501539,2024-06-30,2024-06-01,13,0,0,55.0,18.0,0,0
501540,2024-06-30,2024-06-01,18,0,0,81.0,20.0,0,0
501541,2024-06-30,2024-06-01,18,0,0,44.0,11.0,0,0
501542,2024-06-30,2024-06-01,18,0,0,86.0,14.0,0,0
501543,2024-06-30,,1,1,0,0.0,0.0,0,1
501544,2024-06-30,2023-11-01,10,0,1,29.0,0.0,0,0
501545,2024-06-30,2024-06-01,17,0,0,53.0,20.0,0,0
501546,2024-06-30,2024-06-01,18,0,0,56.0,11.0,0,0
501547,2024-06-30,2024-06-01,18,0,0,95.0,17.0,0,0
501548,2024-06-30,2023-02-01,1,1,1,1.0,0.0,0,0
501549,2024-06-30,2024-06-01,18,0,0,75.0,19.0,0,0
501550,2024-06-30,2024-06-01,16,0,0,63.0,13.0,0,0
501551,2024-06-30,2024-06-01,10,0,0,8.0,3.0,0,0
501552,2024-06-30,2024-06-01,18,0,0,124.0,26.0,0,0
501553,2024-06-30,2024-06-01,5,0,0,17.0,27.0,0,0
501554,2024-06-30,2024-06-01,18,0,0,71.0,7.0,0,0
501555,2024-06-30,2024-06-01,17,0,0,65.0,12.0,0,0
501556,2024-06-30,2023-03-01,5,0,1,8.0,0.0,0,0
501557,2024-06-30,2024-06-01,10,0,0,40.0,13.0,0,0
501558,2024-06-30,2023-03-01,2,1,1,1.0,0.0,0,0
501559,2024-06-30,2024-06-01,6,0,0,15.0,23.0,0,0
501560,2024-06-30,,1,1,0,0.0,0.0,0,1
501561,2024-06-30,2024-04-01,17,0,0,48.0,3.0,0,0
501562,2024-06-30,2024-06-01,7,0,0,15.0,27.0,0,0
501563,2024-06-30,,1,1,0,0.0,0.0,0,1
501564,2024-06-30,2024-06-01,4,0,0,4.0,12.0,0,0
501565,2024-06-30,2024-06-01,18,0,0,52.0,7.0,0,0
501566,2024-06-30,,1,1,0,0.0,0.0,0,1
501567,2024-06-30,2024-06-01,3,1,0,0.0,13.0,0,1
501568,2024-06-30,2024-06-01,18,0,0,76.0,17.0,0,0
501569,2024-06-30,2024-05-01,18,0,0,21.0,4.0,0,0
501570,2024-06-30,2023-08-01,11,0,1,3.0,0.0,0,0
501571,2024-06-30,2024-06-01,16,0,0,36.0,5.0,0,0
501572,2024-06-30,2024-06-01,18,0,0,138.0,20.0,0,0
501573,2024-06-30,2024-03-01,16,0,1,53.0,0.0,0,0
501574,2024-06-30,2023-11-01,3,1,1,9.0,0.0,0,0
501575,2024-06-30,2024-06-01,18,0,0,36.0,8.0,0,0
501576,2024-06-30,2024-01-01,5,0,1,18.0,0.0,0,0
501577,2024-06-30,2024-06-01,18,0,0,89.0,12.0,0,0
501578,2024-06-30,2023-12-01,7,0,1,18.0,0.0,0,0
501579,2024-06-30,2024-06-01,18,0,0,77.0,8.0,0,0
501580,2024-06-30,2023-06-01,1,1,1,1.0,0.0,0,0
501581,2024-06-30,2024-06-01,18,0,0,38.0,10.0,0,0
501582,2024-06-30,2023-07-01,8,0,1,13.0,0.0,0,0
501583,2024-06-30,2023-12-01,13,0,1,67.0,0.0,0,0
501584,2024-06-30,2024-06-01,16,0,0,34.0,10.0,0,0
501585,2024-06-30,2024-06-01,18,0,0,38.0,14.0,0,0
501586,2024-06-30,2024-06-01,14,0,0,17.0,10.0,0,0
501587,2024-06-30,2024-06-01,13,0,0,55.0,11.0,0,0
501588,2024-06-30,2023-10-01,12,0,1,19.0,0.0,0,0
501589,2024-06-30,2024-06-01,18,0,0,56.0,15.0,0,0
501590,2024-06-30,2024-05-01,8,0,0,11.0,2.0,0,0
501591,2024-06-30,2024-06-01,11,0,0,21.0,7.0,0,0
501592,2024-06-30,2024-05-01,6,0,0,11.0,12.0,0,0
501593,2024-06-30,2024-06-01,18,0,0,44.0,10.0,0,0
501594,2024-06-30,2024-06-01,18,0,0,60.0,13.0,0,0
501595,2024-06-30,2024-03-01,6,0,1,19.0,0.0,0,0
501596,2024-06-30,2024-01-01,14,0,1,62.0,0.0,0,0
501597,2024-06-30,2024-06-01,13,0,0,40.0,10.0,0,0
501598,2024-06-30,2024-06-01,13,0,0,40.0,12.0,0,0
501599,2024-06-30,,2,1,0,0.0,0.0,0,1
501600,2024-06-30,2023-08-01,8,0,1,32.0,0.0,0,0
501601,2024-06-30,2024-06-01,18,0,0,72.0,13.0,0,0
501602,2024-06-30,2024-06-01,3,1,0,0.0,16.0,0,1
501603,2024-06-30,2024-06-01,18,0,0,122.0,33.0,0,0
501604,2024-06-30,2023-12-01,13,0,1,20.0,0.0,0,0
501605,2024-06-30,2023-03-01,4,0,1,8.0,0.0,0,0
501606,2024-06-30,2024-05-01,18,0,0,90.0,5.0,0,0
501607,2024-06-30,2024-06-01,18,0,0,99.0,17.0,0,0
501608,2024-06-30,2024-06-01,11,0,0,36.0,19.0,0,0
501609,2024-06-30,2024-06-01,18,0,0,97.0,25.0,0,0
501610,2024-06-30,2023-06-01,3,1,1,7.0,0.0,0,0
501611,2024-06-30,2024-06-01,18,0,0,61.0,17.0,0,0
501612,2024-06-30,2023-09-01,10,0,1,33.0,0.0,0,0
501613,2024-06-30,2023-04-01,4,0,1,10.0,0.0,0,0
501614,2024-06-30,2023-06-01,6,0,1,22.0,0.0,0,0
501615,2024-06-30,2023-07-01,8,0,1,14.0,0.0,0,0
501616,2024-06-30,2024-06-01,7,0,0,29.0,33.0,0,0
501617,2024-06-30,2024-04-01,9,0,0,29.0,1.0,0,0
501618,2024-06-30,2024-06-01,18,0,0,73.0,20.0,0,0
501619,2024-06-30,2024-06-01,9,0,0,46.0,22.0,0,0
501620,2024-06-30,2024-06-01,5,0,0,8.0,22.0,0,0
501621,2024-06-30,2023-01-01,2,1,1,2.0,0.0,0,0
501622,2024-06-30,2023-04-01,5,0,1,15.0,0.0,0,0
501623,2024-06-30,2023-11-01,7,0,1,1.0,0.0,0,0
501624,2024-06-30,2024-06-01,9,0,0,19.0,10.0,0,0
501625,2024-06-30,2024-06-01,18,0,0,118.0,22.0,0,0
501626,2024-06-30,2024-06-01,11,0,0,9.0,1.0,0,0
501627,2024-06-30,2024-05-01,18,0,0,9.0,3.0,0,0
501628,2024-06-30,2024-06-01,9,0,0,23.0,8.0,0,0
501629,2024-06-30,2024-06-01,9,0,0,19.0,18.0,0,0
501630,2024-06-30,2023-05-01,8,0,1,10.0,0.0,0,0
501631,2024-06-30,2023-04-01,5,0,1,7.0,0.0,0,0
501632,2024-06-30,2024-06-01,12,0,0,40.0,18.0,0,0
501633,2024-06-30,2024-01-01,13,0,1,19.0,0.0,0,0
501634,2024-06-30,2024-06-01,18,0,0,91.0,25.0,0,0
501635,2024-06-30,2024-06-01,3,1,0,0.0,1.0,0,1
501636,2024-06-30,2023-04-01,5,0,1,21.0,0.0,0,0
501637,2024-06-30,2024-06-01,18,0,0,78.0,13.0,0,0
501638,2024-06-30,,1,1,0,0.0,0.0,0,1
501639,2024-06-30,2023-12-01,13,0,1,22.0,0.0,0,0
501640,2024-06-30,2024-06-01,3,1,0,0.0,24.0,0,1
501641,2024-06-30,2023-12-01,12,0,1,43.0,0.0,0,0
501642,2024-06-30,2024-06-01,18,0,0,51.0,14.0,0,0
501643,2024-06-30,2023-03-01,4,0,1,7.0,0.0,0,0
501644,2024-06-30,2023-10-01,11,0,1,26.0,0.0,0,0
501645,2024-06-30,2024-02-01,8,0,1,33.0,0.0,0,0
501646,2024-06-30,2024-06-01,18,0,0,34.0,8.0,0,0
501647,2024-06-30,2024-06-01,12,0,0,30.0,17.0,0,0
501648,2024-06-30,2024-06-01,14,0,0,43.0,13.0,0,0
501649,2024-06-30,2023-06-01,8,0,1,20.0,0.0,0,0
501650,2024-06-30,2024-06-01,14,0,0,77.0,27.0,0,0
501651,2024-06-30,2024-06-01,18,0,0,85.0,15.0,0,0
501652,2024-06-30,2024-06-01,2,1,0,0.0,5.0,0,1
501653,2024-06-30,,1,1,0,0.0,0.0,0,1
501654,2024-06-30,,3,1,0,0.0,0.0,0,1
501655,2024-06-30,2024-05-01,18,0,0,52.0,1.0,0,0
501656,2024-06-30,2023-07-01,8,0,1,39.0,0.0,0,0
501657,2024-06-30,2024-06-01,7,0,0,19.0,9.0,0,0
501658,2024-06-30,2024-06-01,4,0,0,12.0,15.0,0,0
501659,2024-06-30,2023-02-01,5,0,1,1.0,0.0,0,0
501660,2024-06-30,2024-06-01,9,0,0,41.0,34.0,0,0
501661,2024-06-30,2024-06-01,18,0,0,25.0,11.0,0,0
501662,2024-06-30,2024-01-01,10,0,1,23.0,0.0,0,0
501663,2024-06-30,2023-07-01,8,0,1,25.0,0.0,0,0
501664,2024-06-30,2024-06-01,4,0,0,2.0,7.0,0,0
501665,2024-06-30,2024-03-01,16,0,1,35.0,0.0,0,0
501666,2024-06-30,,1,1,0,0.0,0.0,0,1
501667,2024-06-30,2024-05-01,10,0,0,22.0,4.0,0,0
501668,2024-06-30,2024-06-01,18,0,0,88.0,17.0,0,0
501669,2024-06-30,2023-04-01,5,0,1,12.0,0.0,0,0
501670,2024-06-30,2024-03-01,15,0,1,115.0,0.0,0,0
501671,2024-06-30,2024-06-01,18,0,0,78.0,13.0,0,0
501672,2024-06-30,2024-04-01,8,0,0,6.0,1.0,0,0
501673,2024-06-30,2023-11-01,12,0,1,43.0,0.0,0,0
501674,2024-06-30,2024-06-01,18,0,0,66.0,13.0,0,0
501675,2024-06-30,2024-06-01,18,0,0,80.0,13.0,0,0
501676,2024-06-30,2024-06-01,2,1,0,0.0,8.0,0,1
501677,2024-06-30,2024-06-01,18,0,0,84.0,13.0,0,0
501678,2024-06-30,2024-06-01,11,0,0,34.0,18.0,0,0
501679,2024-06-30,2024-06-01,16,0,0,80.0,20.0,0,0
501680,2024-06-30,,3,1,0,0.0,0.0,0,1
501681,2024-06-30,2023-02-01,4,0,1,1.0,0.0,0,0
501682,2024-06-30,2024-06-01,18,0,0,62.0,18.0,0,0
501683,2024-06-30,2024-06-01,9,0,0,29.0,10.0,0,0
501684,2024-06-30,2023-05-01,6,0,1,12.0,0.0,0,0
501685,2024-06-30,,1,1,0,0.0,0.0,0,1
501686,2024-06-30,2024-06-01,5,0,0,12.0,11.0,0,0
501687,2024-06-30,2023-09-01,11,0,1,31.0,0.0,0,0
501688,2024-06-30,2024-01-01,10,0,1,37.0,0.0,0,0
501689,2024-06-30,2024-06-01,18,0,0,71.0,14.0,0,0
501690,2024-06-30,2024-06-01,3,1,0,0.0,15.0,0,1
501691,2024-06-30,2023-04-01,4,0,1,11.0,0.0,0,0
501692,2024-06-30,2024-06-01,10,0,0,21.0,15.0,0,0
501693,2024-06-30,,3,1,0,0.0,0.0,0,1
501694,2024-06-30,2024-06-01,2,1,0,0.0,13.0,0,1
501695,2024-06-30,2024-06-01,6,0,0,5.0,6.0,0,0
501696,2024-06-30,2024-06-01,6,0,0,8.0,7.0,0,0
501697,2024-06-30,2024-06-01,18,0,0,102.0,27.0,0,0
501698,2024-06-30,2024-05-01,17,0,0,51.0,3.0,0,0
501699,2024-06-30,2024-06-01,9,0,0,20.0,8.0,0,0
501700,2024-06-30,2024-06-01,5,0,0,21.0,24.0,0,0
501701,2024-06-30,2024-06-01,12,0,0,22.0,7.0,0,0
501702,2024-06-30,2024-06-01,7,0,0,21.0,21.0,0,0
501703,2024-06-30,2023-10-01,10,0,1,36.0,0.0,0,0
501704,2024-06-30,2024-06-01,18,0,0,82.0,17.0,0,0
501705,2024-06-30,2024-06-01,18,0,0,63.0,18.0,0,0
501706,2024-06-30,2023-08-01,5,0,1,10.0,0.0,0,0
501707,2024-06-30,2024-06-01,18,0,0,97.0,18.0,0,0
501708,2024-06-30,2023-06-01,4,0,1,4.0,0.0,0,0
501709,2024-06-30,2024-06-01,8,0,0,23.0,20.0,0,0
501710,2024-06-30,2024-06-01,5,0,0,6.0,18.0,0,0
501711,2024-06-30,2024-06-01,18,0,0,46.0,9.0,0,0
501712,2024-06-30,2024-06-01,18,0,0,36.0,9.0,0,0
501713,2024-06-30,2024-06-01,18,0,0,51.0,12.0,0,0
501714,2024-06-30,2024-06-01,18,0,0,101.0,19.0,0,0
501715,2024-06-30,2024-03-01,6,0,1,2.0,0.0,0,0
501716,2024-06-30,2024-06-01,18,0,0,26.0,5.0,0,0
501717,2024-06-30,2024-06-01,18,0,0,56.0,9.0,0,0
501718,2024-06-30,2024-05-01,18,0,0,50.0,5.0,0,0
501719,2024-06-30,2024-06-01,2,1,0,0.0,9.0,0,1
501720,2024-06-30,2024-06-01,5,0,0,12.0,13.0,0,0
501721,2024-06-30,2024-06-01,18,0,0,92.0,15.0,0,0
501722,2024-06-30,2024-02-01,8,0,1,22.0,0.0,0,0
501723,2024-06-30,2024-06-01,10,0,0,24.0,7.0,0,0
501724,2024-06-30,2023-05-01,5,0,1,20.0,0.0,0,0
501725,2024-06-30,2024-06-01,18,0,0,58.0,10.0,0,0
501726,2024-06-30,2024-06-01,18,0,0,81.0,13.0,0,0
501727,2024-06-30,2024-06-01,18,0,0,69.0,12.0,0,0
501728,2024-06-30,2024-06-01,18,0,0,58.0,17.0,0,0
501729,2024-06-30,2024-05-01,18,0,0,100.0,7.0,0,0
501730,2024-06-30,2023-12-01,12,0,1,39.0,0.0,0,0
501731,2024-06-30,2024-06-01,18,0,0,46.0,8.0,0,0
501732,2024-06-30,2024-01-01,14,0,1,54.0,0.0,0,0
501733,2024-06-30,2024-06-01,9,0,0,60.0,29.0,0,0
501734,2024-06-30,2024-06-01,2,1,0,0.0,8.0,0,1
501735,2024-06-30,2024-06-01,6,0,0,4.0,3.0,0,0
501736,2024-06-30,2024-06-01,18,0,0,147.0,34.0,0,0
501737,2024-06-30,2023-12-01,7,0,1,20.0,0.0,0,0
501738,2024-06-30,2024-06-01,4,0,0,4.0,19.0,0,0
501739,2024-06-30,2024-06-01,7,0,0,22.0,15.0,0,0
501740,2024-06-30,2024-01-01,2,1,1,1.0,0.0,0,0
501741,2024-06-30,2024-06-01,16,0,0,38.0,14.0,0,0
501742,2024-06-30,2024-06-01,18,0,0,69.0,12.0,0,0
501743,2024-06-30,2024-06-01,18,0,0,51.0,15.0,0,0
501744,2024-06-30,2023-06-01,9,0,1,11.0,0.0,0,0
501745,2024-06-30,2024-06-01,18,0,0,93.0,8.0,0,0
501746,2024-06-30,2024-03-01,18,0,1,16.0,0.0,0,0
501747,2024-06-30,,2,1,0,0.0,0.0,0,1
501748,2024-06-30,2023-11-01,12,0,1,61.0,0.0,0,0
501749,2024-06-30,2023-08-01,9,0,1,16.0,0.0,0,0
501750,2024-06-30,2024-06-01,8,0,0,22.0,7.0,0,0
501751,2024-06-30,2024-06-01,18,0,0,73.0,22.0,0,0
501752,2024-06-30,2024-05-01,3,1,0,0.0,5.0,0,1
501753,2024-06-30,2024-06-01,10,0,0,69.0,21.0,0,0
501754,2024-06-30,2023-12-01,12,0,1,33.0,0.0,0,0
501755,2024-06-30,2023-12-01,8,0,1,14.0,0.0,0,0
501756,2024-06-30,2024-02-01,16,0,1,10.0,0.0,0,0
501757,2024-06-30,2024-06-01,18,0,0,53.0,13.0,0,0
501758,2024-06-30,2024-06-01,11,0,0,31.0,8.0,0,0
501759,2024-06-30,2023-07-01,7,0,1,6.0,0.0,0,0
501760,2024-06-30,2024-06-01,18,0,0,60.0,7.0,0,0
501761,2024-06-30,2024-06-01,18,0,0,59.0,10.0,0,0
501762,2024-06-30,2023-03-01,3,1,1,4.0,0.0,0,0
501763,2024-06-30,2024-06-01,18,0,0,64.0,7.0,0,0
501764,2024-06-30,2024-06-01,13,0,0,34.0,5.0,0,0
501765,2024-06-30,2023-07-01,5,0,1,6.0,0.0,0,0
501766,2024-06-30,2024-05-01,18,0,0,39.0,3.0,0,0
501767,2024-06-30,2024-06-01,15,0,0,57.0,15.0,0,0
501768,2024-06-30,2024-06-01,2,1,0,0.0,4.0,0,1
501769,2024-06-30,2024-06-01,18,0,0,58.0,14.0,0,0
501770,2024-06-30,2024-05-01,18,0,0,84.0,7.0,0,0
501771,2024-06-30,2023-12-01,13,0,1,50.0,0.0,0,0
501772,2024-06-30,2024-06-01,9,0,0,7.0,3.0,0,0
501773,2024-06-30,2024-06-01,10,0,0,32.0,10.0,0,0
501774,2024-06-30,2024-06-01,18,0,0,152.0,31.0,0,0
501775,2024-06-30,2024-06-01,18,0,0,44.0,12.0,0,0
501776,2024-06-30,2024-02-01,14,0,1,70.0,0.0,0,0
501777,2024-06-30,2024-05-01,18,0,0,21.0,1.0,0,0
501778,2024-06-30,2024-06-01,18,0,0,17.0,3.0,0,0
501779,2024-06-30,2024-06-01,18,0,0,36.0,9.0,0,0
501780,2024-06-30,2024-06-01,18,0,0,74.0,15.0,0,0
501781,2024-06-30,2023-04-01,5,0,1,13.0,0.0,0,0
501782,2024-06-30,2024-06-01,14,0,0,28.0,9.0,0,0
501783,2024-06-30,2023-07-01,8,0,1,32.0,0.0,0,0
501784,2024-06-30,2023-08-01,2,1,1,1.0,0.0,0,0
501785,2024-06-30,2024-06-01,18,0,0,72.0,10.0,0,0
501786,2024-06-30,2024-06-01,18,0,0,61.0,7.0,0,0
501787,2024-06-30,2024-06-01,18,0,0,63.0,13.0,0,0
501788,2024-06-30,2024-03-01,16,0,1,52.0,0.0,0,0
501789,2024-06-30,2024-06-01,6,0,0,9.0,11.0,0,0
501790,2024-06-30,2024-03-01,5,0,1,3.0,0.0,0,0
501791,2024-06-30,2024-02-01,5,0,1,20.0,0.0,0,0
501792,2024-06-30,2024-06-01,3,1,0,0.0,14.0,0,1
501793,2024-06-30,2024-06-01,17,0,0,37.0,7.0,0,0
501794,2024-06-30,2023-02-01,3,1,1,2.0,0.0,0,0
501795,2024-06-30,,2,1,0,0.0,0.0,0,1
501796,2024-06-30,2024-06-01,18,0,0,71.0,22.0,0,0
501797,2024-06-30,2024-06-01,18,0,0,72.0,19.0,0,0
501798,2024-06-30,2024-06-01,4,0,0,6.0,23.0,0,0
501799,2024-06-30,2024-05-01,18,0,0,62.0,7.0,0,0
501800,2024-06-30,2024-06-01,18,0,0,55.0,19.0,0,0
501801,2024-06-30,2024-06-01,6,0,0,11.0,16.0,0,0
501802,2024-06-30,2023-01-01,2,1,1,1.0,0.0,0,0
501803,2024-06-30,2024-06-01,18,0,0,77.0,18.0,0,0
501804,2024-06-30,2024-01-01,14,0,1,35.0,0.0,0,0
501805,2024-06-30,2024-06-01,18,0,0,81.0,2.0,0,0
501806,2024-06-30,2023-01-01,2,1,1,1.0,0.0,0,0
501807,2024-06-30,2023-12-01,10,0,1,52.0,0.0,0,0
501808,2024-06-30,2023-01-01,2,1,1,1.0,0.0,0,0
501809,2024-06-30,2024-06-01,11,0,0,37.0,15.0,0,0
501810,2024-06-30,2024-06-01,6,0,0,18.0,18.0,0,0
501811,2024-06-30,2023-02-01,3,1,1,3.0,0.0,0,0
501812,2024-06-30,2024-03-01,6,0,1,4.0,0.0,0,0
501813,2024-06-30,2023-06-01,3,1,1,6.0,0.0,0,0
501814,2024-06-30,2024-05-01,17,0,0,49.0,10.0,0,0
501815,2024-06-30,2024-06-01,18,0,0,82.0,18.0,0,0
501816,2024-06-30,2024-06-01,18,0,0,96.0,21.0,0,0
501817,2024-06-30,2023-12-01,13,0,1,60.0,0.0,0,0
501818,2024-06-30,2024-06-01,18,0,0,71.0,11.0,0,0
501819,2024-06-30,2024-06-01,18,0,0,42.0,7.0,0,0
501820,2024-06-30,2024-06-01,18,0,0,60.0,10.0,0,0
501821,2024-06-30,,4,0,0,0.0,0.0,0,1
501822,2024-06-30,2024-06-01,18,0,0,38.0,15.0,0,0
501823,2024-06-30,2024-06-01,6,0,0,30.0,13.0,0,0
501824,2024-06-30,2023-09-01,2,1,1,2.0,0.0,0,0
501825,2024-06-30,2024-06-01,17,0,0,90.0,18.0,0,0
501826,2024-06-30,2024-06-01,18,0,0,39.0,12.0,0,0
501827,2024-06-30,2024-06-01,17,0,0,58.0,21.0,0,0
501828,2024-06-30,2024-06-01,2,1,0,0.0,5.0,0,1
501829,2024-06-30,2023-01-01,2,1,1,1.0,0.0,0,0
501830,2024-06-30,2024-04-01,17,0,0,22.0,1.0,0,0
501831,2024-06-30,2023-12-01,13,0,1,49.0,0.0,0,0
501832,2024-06-30,2024-06-01,9,0,0,29.0,17.0,0,0
501833,2024-06-30,,1,1,0,0.0,0.0,0,1
501834,2024-06-30,2024-06-01,18,0,0,30.0,1.0,0,0
501835,2024-06-30,2024-06-01,18,0,0,165.0,26.0,0,0
501836,2024-06-30,,2,1,0,0.0,0.0,0,1
501837,2024-06-30,2023-10-01,10,0,1,24.0,0.0,0,0
501838,2024-06-30,2023-05-01,6,0,1,24.0,0.0,0,0
501839,2024-06-30,2024-01-01,6,0,1,8.0,0.0,0,0
501840,2024-06-30,2024-04-01,2,1,0,2.0,1.0,0,0
501841,2024-06-30,2024-06-01,17,0,0,57.0,14.0,0,0
501842,2024-06-30,2023-12-01,12,0,1,41.0,0.0,0,0
501843,2024-06-30,2024-06-01,8,0,0,20.0,14.0,0,0
501844,2024-06-30,2023-04-01,6,0,1,6.0,0.0,0,0
501845,2024-06-30,2024-06-01,14,0,0,18.0,10.0,0,0
501846,2024-06-30,2024-06-01,4,0,0,12.0,16.0,0,0
501847,2024-06-30,2023-05-01,7,0,1,6.0,0.0,0,0
501848,2024-06-30,2024-06-01,11,0,0,32.0,16.0,0,0
501849,2024-06-30,2024-06-01,18,0,0,80.0,20.0,0,0
501850,2024-06-30,2024-06-01,2,1,0,0.0,12.0,0,1
501851,2024-06-30,2024-06-01,18,0,0,59.0,15.0,0,0
501852,2024-06-30,2023-09-01,10,0,1,22.0,0.0,0,0
501853,2024-06-30,2023-04-01,7,0,1,11.0,0.0,0,0
501854,2024-06-30,2024-06-01,16,0,0,66.0,11.0,0,0
501855,2024-06-30,2024-06-01,18,0,0,55.0,9.0,0,0
501856,2024-06-30,2024-06-01,18,0,0,47.0,8.0,0,0
501857,2024-06-30,2024-06-01,18,0,0,20.0,2.0,0,0
501858,2024-06-30,2024-06-01,13,0,0,51.0,17.0,0,0
501859,2024-06-30,2023-01-01,2,1,1,1.0,0.0,0,0
501860,2024-06-30,2023-12-01,12,0,1,36.0,0.0,0,0
501861,2024-06-30,2024-05-01,18,0,0,41.0,6.0,0,0
501862,2024-06-30,2024-01-01,4,0,1,2.0,0.0,0,0
501863,2024-06-30,2024-06-01,18,0,0,69.0,19.0,0,0
501864,2024-06-30,2024-06-01,18,0,0,58.0,18.0,0,0
501865,2024-06-30,2024-06-01,11,0,0,22.0,13.0,0,0
501866,2024-06-30,2023-01-01,2,1,1,2.0,0.0,0,0
501867,2024-06-30,2024-06-01,18,0,0,83.0,8.0,0,0
501868,2024-06-30,2023-04-01,4,0,1,13.0,0.0,0,0
501869,2024-06-30,2024-03-01,16,0,1,39.0,0.0,0,0
501870,2024-06-30,2024-06-01,18,0,0,90.0,23.0,0,0
501871,2024-06-30,2023-04-01,7,0,1,2.0,0.0,0,0
501872,2024-06-30,2023-05-01,6,0,1,14.0,0.0,0,0
501873,2024-06-30,,2,1,0,0.0,0.0,0,1
501874,2024-06-30,2024-06-01,13,0,0,20.0,4.0,0,0
501875,2024-06-30,2023-04-01,4,0,1,5.0,0.0,0,0
501876,2024-06-30,2024-06-01,18,0,0,88.0,10.0,0,0
501877,2024-06-30,2023-04-01,5,0,1,12.0,0.0,0,0
501878,2024-06-30,2024-01-01,9,0,1,31.0,0.0,0,0
501879,2024-06-30,2024-02-01,14,0,1,27.0,0.0,0,0
501880,2024-06-30,2024-06-01,18,0,0,23.0,7.0,0,0
501881,2024-06-30,2023-03-01,4,0,1,12.0,0.0,0,0
501882,2024-06-30,2024-06-01,14,0,0,27.0,8.0,0,0
501883,2024-06-30,2024-06-01,18,0,0,39.0,3.0,0,0
501884,2024-06-30,,1,1,0,0.0,0.0,0,1
501885,2024-06-30,2023-10-01,8,0,1,2.0,0.0,0,0
501886,2024-06-30,2024-06-01,18,0,0,41.0,8.0,0,0
501887,2024-06-30,2023-12-01,13,0,1,65.0,0.0,0,0
501888,2024-06-30,2024-06-01,4,0,0,4.0,11.0,0,0
501889,2024-06-30,2024-06-01,12,0,0,51.0,16.0,0,0
501890,2024-06-30,2024-05-01,18,0,0,18.0,2.0,0,0
501891,2024-06-30,2023-05-01,6,0,1,6.0,0.0,0,0
501892,2024-06-30,2023-04-01,5,0,1,13.0,0.0,0,0
501893,2024-06-30,2024-02-01,14,0,1,34.0,0.0,0,0
501894,2024-06-30,2023-08-01,6,0,1,9.0,0.0,0,0
501895,2024-06-30,2023-08-01,10,0,1,18.0,0.0,0,0
501896,2024-06-30,2024-06-01,15,0,0,71.0,15.0,0,0
501897,2024-06-30,2024-06-01,18,0,0,19.0,7.0,0,0
501898,2024-06-30,2024-06-01,4,0,0,5.0,10.0,0,0
501899,2024-06-30,2024-06-01,18,0,0,104.0,18.0,0,0
501900,2024-06-30,2024-02-01,10,0,1,5.0,0.0,0,0
501901,2024-06-30,2024-06-01,18,0,0,76.0,20.0,0,0
501902,2024-06-30,2023-06-01,6,0,1,20.0,0.0,0,0
501903,2024-06-30,2024-05-01,3,1,0,4.0,2.0,0,0
501904,2024-06-30,,1,1,0,0.0,0.0,0,1
501905,2024-06-30,2023-05-01,5,0,1,14.0,0.0,0,0
501906,2024-06-30,2023-07-01,8,0,1,22.0,0.0,0,0
501907,2024-06-30,2024-06-01,4,0,0,8.0,19.0,0,0
501908,2024-06-30,2023-09-01,11,0,1,12.0,0.0,0,0
501909,2024-06-30,2024-06-01,18,0,0,78.0,19.0,0,0
501910,2024-06-30,2023-03-01,3,1,1,4.0,0.0,0,0
501911,2024-06-30,2024-06-01,7,0,0,10.0,13.0,0,0
501912,2024-06-30,2024-06-01,18,0,0,54.0,16.0,0,0
501913,2024-06-30,2023-05-01,6,0,1,23.0,0.0,0,0
501914,2024-06-30,2024-06-01,18,0,0,80.0,12.0,0,0
501915,2024-06-30,2024-06-01,18,0,0,88.0,14.0,0,0
501916,2024-06-30,2024-06-01,8,0,0,17.0,7.0,0,0
501917,2024-06-30,2024-06-01,8,0,0,14.0,11.0,0,0
501918,2024-06-30,2024-01-01,14,0,1,37.0,0.0,0,0
501919,2024-06-30,2023-10-01,12,0,1,16.0,0.0,0,0
501920,2024-06-30,,1,1,0,0.0,0.0,0,1
501921,2024-06-30,2024-06-01,18,0,0,92.0,20.0,0,0
501922,2024-06-30,2024-06-01,18,0,0,109.0,19.0,0,0
501923,2024-06-30,2024-06-01,12,0,0,46.0,16.0,0,0
501924,2024-06-30,2023-04-01,6,0,1,0.0,0.0,1,1
501925,2024-06-30,2024-05-01,4,0,0,5.0,9.0,0,0
501926,2024-06-30,2023-01-01,1,1,1,2.0,0.0,0,0
501927,2024-06-30,2024-06-01,16,0,0,57.0,10.0,0,0
501928,2024-06-30,2024-06-01,18,0,0,65.0,14.0,0,0
501929,2024-06-30,,1,1,0,0.0,0.0,0,1
501930,2024-06-30,2024-03-01,8,0,1,19.0,0.0,0,0
501931,2024-06-30,2024-06-01,3,1,0,0.0,16.0,0,1
501932,2024-06-30,,1,1,0,0.0,0.0,0,1
501933,2024-06-30,2024-06-01,18,0,0,76.0,23.0,0,0
501934,2024-06-30,2024-06-01,13,0,0,78.0,22.0,0,0
501935,2024-06-30,2024-05-01,18,0,0,9.0,2.0,0,0
501936,2024-06-30,2024-06-01,6,0,0,4.0,5.0,0,0
501937,2024-06-30,2024-06-01,15,0,0,44.0,17.0,0,0
501938,2024-06-30,2024-06-01,6,0,0,12.0,18.0,0,0
501939,2024-06-30,2024-06-01,6,0,0,8.0,6.0,0,0
501940,2024-06-30,2024-06-01,18,0,0,81.0,11.0,0,0
501941,2024-06-30,2023-03-01,5,0,1,4.0,0.0,0,0
501942,2024-06-30,2024-06-01,18,0,0,78.0,7.0,0,0
501943,2024-06-30,2024-06-01,18,0,0,49.0,13.0,0,0
501944,2024-06-30,2024-06-01,7,0,0,18.0,18.0,0,0
501945,2024-06-30,2024-06-01,18,0,0,53.0,5.0,0,0
501946,2024-06-30,2024-06-01,2,1,0,0.0,11.0,0,1
501947,2024-06-30,2023-11-01,6,0,1,23.0,0.0,0,0
501948,2024-06-30,2023-12-01,7,0,1,2.0,0.0,0,0
501949,2024-06-30,2024-06-01,18,0,0,56.0,9.0,0,0
501950,2024-06-30,2024-06-01,7,0,0,13.0,9.0,0,0
501951,2024-06-30,2023-05-01,6,0,1,4.0,0.0,0,0
501952,2024-06-30,2024-06-01,9,0,0,21.0,11.0,0,0
501953,2024-06-30,2023-03-01,4,0,1,10.0,0.0,0,0
501954,2024-06-30,2024-06-01,18,0,0,64.0,12.0,0,0
501955,2024-06-30,2024-06-01,11,0,0,40.0,14.0,0,0
501956,2024-06-30,2024-06-01,18,0,0,87.0,20.0,0,0
501957,2024-06-30,2024-06-01,6,0,0,5.0,4.0,0,0
501958,2024-06-30,2024-06-01,18,0,0,67.0,11.0,0,0
501959,2024-06-30,2023-12-01,13,0,1,56.0,0.0,0,0
501960,2024-06-30,2024-06-01,9,0,0,22.0,10.0,0,0
501961,2024-06-30,2023-05-01,5,0,1,23.0,0.0,0,0
501962,2024-06-30,2023-06-01,7,0,1,21.0,0.0,0,0
501963,2024-06-30,2024-06-01,16,0,0,48.0,8.0,0,0
501964,2024-06-30,2024-06-01,13,0,0,41.0,10.0,0,0
501965,2024-06-30,2023-06-01,7,0,1,15.0,0.0,0,0
501966,2024-06-30,2024-06-01,17,0,0,53.0,12.0,0,0
501967,2024-06-30,2024-06-01,18,0,0,38.0,8.0,0,0
501968,2024-06-30,2023-08-01,9,0,1,2.0,0.0,0,0
501969,2024-06-30,2024-06-01,18,0,0,70.0,13.0,0,0
501970,2024-06-30,,1,1,0,0.0,0.0,0,1
501971,2024-06-30,2023-09-01,9,0,1,24.0,0.0,0,0
501972,2024-06-30,2023-09-01,3,1,1,7.0,0.0,0,0
501973,2024-06-30,2023-03-01,5,0,1,11.0,0.0,0,0
501974,2024-06-30,2023-07-01,7,0,1,9.0,0.0,0,0
501975,2024-06-30,2024-06-01,17,0,0,15.0,4.0,0,0
501976,2024-06-30,2024-06-01,13,0,0,26.0,5.0,0,0
501977,2024-06-30,2024-06-01,18,0,0,92.0,15.0,0,0
501978,2024-06-30,2023-10-01,11,0,1,71.0,0.0,0,0
501979,2024-06-30,2024-06-01,18,0,0,83.0,19.0,0,0
501980,2024-06-30,,1,1,0,0.0,0.0,0,1
501981,2024-06-30,2023-06-01,6,0,1,18.0,0.0,0,0
501982,2024-06-30,2024-06-01,18,0,0,101.0,29.0,0,0
501983,2024-06-30,2023-08-01,4,0,1,7.0,0.0,0,0
501984,2024-06-30,2023-01-01,2,1,1,1.0,0.0,0,0
501985,2024-06-30,2023-03-01,5,0,1,5.0,0.0,0,0
501986,2024-06-30,2024-03-01,15,0,1,96.0,0.0,0,0
501987,2024-06-30,2024-04-01,16,0,0,74.0,1.0,0,0
501988,2024-06-30,2024-06-01,5,0,0,3.0,7.0,0,0
501989,2024-06-30,2023-02-01,3,1,1,3.0,0.0,0,0
501990,2024-06-30,2024-03-01,6,0,1,8.0,0.0,0,0
501991,2024-06-30,2024-06-01,2,1,0,0.0,4.0,0,1
501992,2024-06-30,2024-06-01,18,0,0,48.0,3.0,0,0
501993,2024-06-30,2023-12-01,6,0,1,16.0,0.0,0,0
501994,2024-06-30,2024-06-01,3,1,0,0.0,17.0,0,1
501995,2024-06-30,2023-11-01,13,0,1,44.0,0.0,0,0
501996,2024-06-30,2024-06-01,13,0,0,51.0,10.0,0,0
501997,2024-06-30,2024-06-01,18,0,0,46.0,9.0,0,0
501998,2024-06-30,2024-06-01,18,0,0,25.0,6.0,0,0
501999,2024-06-30,2023-02-01,3,1,1,4.0,0.0,0,0
502000,2024-06-30,2024-06-01,2,1,0,0.0,4.0,0,1
502001,2024-06-30,2023-03-01,3,1,1,4.0,0.0,0,0
502002,2024-06-30,2024-06-01,8,0,0,25.0,13.0,0,0
502003,2024-06-30,2024-02-01,12,0,1,8.0,0.0,0,0
502004,2024-06-30,2024-06-01,10,0,0,24.0,10.0,0,0
502005,2024-06-30,2024-06-01,18,0,0,42.0,6.0,0,0
502006,2024-06-30,,2,1,0,0.0,0.0,0,1
502007,2024-06-30,2024-01-01,15,0,1,8.0,0.0,0,0
502008,2024-06-30,2024-04-01,16,0,0,72.0,0.0,1,0
502009,2024-06-30,2023-06-01,7,0,1,35.0,0.0,0,0
502010,2024-06-30,2023-04-01,4,0,1,4.0,0.0,0,0
502011,2024-06-30,2024-06-01,5,0,0,9.0,19.0,0,0
502012,2024-06-30,2024-03-01,12,0,1,37.0,0.0,0,0
502013,2024-06-30,2023-08-01,11,0,1,10.0,0.0,0,0
502014,2024-06-30,,1,1,0,0.0,0.0,0,1
502015,2024-06-30,2024-06-01,18,0,0,88.0,17.0,0,0
502016,2024-06-30,2024-06-01,18,0,0,52.0,6.0,0,0
502017,2024-06-30,2024-06-01,18,0,0,68.0,9.0,0,0
502018,2024-06-30,2023-08-01,9,0,1,20.0,0.0,0,0
502019,2024-06-30,2024-06-01,18,0,0,58.0,22.0,0,0
502020,2024-06-30,2024-06-01,18,0,0,70.0,11.0,0,0
502021,2024-06-30,2024-06-01,18,0,0,96.0,14.0,0,0
502022,2024-06-30,2024-06-01,7,0,0,8.0,5.0,0,0
502023,2024-06-30,2024-06-01,8,0,0,11.0,5.0,0,0
502024,2024-06-30,2024-04-01,16,0,0,43.0,0.0,1,0
502025,2024-06-30,2024-06-01,5,0,0,18.0,6.0,0,0
502026,2024-06-30,2023-02-01,3,1,1,4.0,0.0,0,0
502027,2024-06-30,2023-08-01,6,0,1,4.0,0.0,0,0
502028,2024-06-30,2024-06-01,18,0,0,71.0,19.0,0,0
502029,2024-06-30,2024-06-01,18,0,0,26.0,3.0,0,0
502030,2024-06-30,2024-06-01,18,0,0,5.0,4.0,0,0
502031,2024-06-30,2024-06-01,18,0,0,105.0,20.0,0,0
502032,2024-06-30,2023-06-01,6,0,1,13.0,0.0,0,0
502033,2024-06-30,2024-02-01,16,0,1,32.0,0.0,0,0
502034,2024-06-30,2024-06-01,18,0,0,35.0,6.0,0,0
502035,2024-06-30,2024-04-01,17,0,0,35.0,1.0,0,0
502036,2024-06-30,2024-06-01,6,0,0,10.0,4.0,0,0
502037,2024-06-30,2023-01-01,2,1,1,1.0,0.0,0,0
502038,2024-06-30,2024-06-01,18,0,0,83.0,12.0,0,0
502039,2024-06-30,2023-09-01,2,1,1,1.0,0.0,0,0
502040,2024-06-30,2024-06-01,18,0,0,92.0,13.0,0,0
502041,2024-06-30,2023-10-01,10,0,1,39.0,0.0,0,0
502042,2024-06-30,2024-06-01,18,0,0,67.0,12.0,0,0
502043,2024-06-30,2024-06-01,18,0,0,83.0,20.0,0,0
502044,2024-06-30,2024-06-01,11,0,0,11.0,6.0,0,0
502045,2024-06-30,2024-05-01,18,0,0,72.0,3.0,0,0
502046,2024-06-30,2024-06-01,18,0,0,81.0,9.0,0,0
502047,2024-06-30,2024-05-01,18,0,0,36.0,1.0,0,0
502048,2024-06-30,2024-06-01,18,0,0,67.0,18.0,0,0
502049,2024-06-30,2024-05-01,18,0,0,27.0,4.0,0,0
502050,2024-06-30,2024-03-01,15,0,1,26.0,0.0,0,0
502051,2024-06-30,2024-06-01,18,0,0,67.0,11.0,0,0
502052,2024-06-30,,2,1,0,0.0,0.0,0,1
502053,2024-06-30,2024-03-01,15,0,1,24.0,0.0,0,0
502054,2024-06-30,2023-01-01,5,0,1,1.0,0.0,0,0
502055,2024-06-30,2023-05-01,6,0,1,12.0,0.0,0,0
502056,2024-06-30,2024-06-01,8,0,0,10.0,10.0,0,0
502057,2024-06-30,2024-06-01,18,0,0,74.0,20.0,0,0
502058,2024-06-30,2023-10-01,10,0,1,25.0,0.0,0,0
502059,2024-06-30,2023-09-01,13,0,1,23.0,0.0,0,0
502060,2024-06-30,2023-01-01,3,1,1,1.0,0.0,0,0
502061,2024-06-30,2024-06-01,18,0,0,45.0,17.0,0,0
502062,2024-06-30,2023-10-01,11,0,1,15.0,0.0,0,0
502063,2024-06-30,2023-09-01,8,0,1,13.0,0.0,0,0
502064,2024-06-30,2024-06-01,18,0,0,94.0,13.0,0,0
502065,2024-06-30,2024-06-01,18,0,0,49.0,12.0,0,0
502066,2024-06-30,2023-10-01,10,0,1,12.0,0.0,0,0
502067,2024-06-30,2024-06-01,8,0,0,9.0,7.0,0,0
502068,2024-06-30,2023-01-01,2,1,1,2.0,0.0,0,0
502069,2024-06-30,2024-06-01,18,0,0,83.0,13.0,0,0
502070,2024-06-30,2023-12-01,8,0,1,24.0,0.0,0,0
502071,2024-06-30,2024-06-01,18,0,0,101.0,28.0,0,0
502072,2024-06-30,2024-06-01,18,0,0,52.0,12.0,0,0
502073,2024-06-30,2023-05-01,6,0,1,8.0,0.0,0,0
502074,2024-06-30,2024-06-01,14,0,0,51.0,14.0,0,0
502075,2024-06-30,2024-06-01,18,0,0,103.0,24.0,0,0
502076,2024-06-30,2024-01-01,13,0,1,55.0,0.0,0,0
502077,2024-06-30,2024-06-01,18,0,0,59.0,13.0,0,0
502078,2024-06-30,2024-03-01,14,0,1,29.0,0.0,0,0
502079,2024-06-30,,5,0,0,0.0,0.0,0,1
502080,2024-06-30,2024-06-01,18,0,0,63.0,17.0,0,0
502081,2024-06-30,2024-06-01,18,0,0,109.0,14.0,0,0
502082,2024-06-30,2024-06-01,18,0,0,108.0,13.0,0,0
502083,2024-06-30,2024-06-01,5,0,0,6.0,5.0,0,0
502084,2024-06-30,2024-06-01,3,1,0,0.0,12.0,0,1
502085,2024-06-30,2024-06-01,5,0,0,4.0,4.0,0,0
502086,2024-06-30,2024-01-01,15,0,1,47.0,0.0,0,0
502087,2024-06-30,,1,1,0,0.0,0.0,0,1
502088,2024-06-30,2023-01-01,3,1,1,2.0,0.0,0,0
502089,2024-06-30,2024-06-01,18,0,0,78.0,4.0,0,0
502090,2024-06-30,2024-06-01,4,0,0,3.0,11.0,0,0
502091,2024-06-30,2023-07-01,7,0,1,17.0,0.0,0,0
502092,2024-06-30,2024-01-01,13,0,1,91.0,0.0,0,0
502093,2024-06-30,2023-07-01,3,1,1,6.0,0.0,0,0
502094,2024-06-30,2024-06-01,3,1,0,0.0,8.0,0,1
502095,2024-06-30,,1,1,0,0.0,0.0,0,1
502096,2024-06-30,2024-06-01,18,0,0,50.0,9.0,0,0
502097,2024-06-30,2023-09-01,9,0,1,32.0,0.0,0,0
502098,2024-06-30,2024-05-01,9,0,0,25.0,8.0,0,0
502099,2024-06-30,2024-06-01,18,0,0,67.0,19.0,0,0
502100,2024-06-30,2023-11-01,11,0,1,16.0,0.0,0,0
502101,2024-06-30,2024-05-01,18,0,0,40.0,4.0,0,0
502102,2024-06-30,2024-06-01,13,0,0,9.0,5.0,0,0
502103,2024-06-30,2023-03-01,3,1,1,3.0,0.0,0,0
502104,2024-06-30,2023-08-01,9,0,1,45.0,0.0,0,0
502105,2024-06-30,,1,1,0,0.0,0.0,0,1
502106,2024-06-30,2024-06-01,18,0,0,127.0,17.0,0,0
502107,2024-06-30,2023-05-01,5,0,1,11.0,0.0,0,0
502108,2024-06-30,2023-08-01,9,0,1,42.0,0.0,0,0
502109,2024-06-30,2024-06-01,18,0,0,90.0,18.0,0,0
502110,2024-06-30,2023-05-01,1,1,1,3.0,0.0,0,0
502111,2024-06-30,2023-06-01,7,0,1,20.0,0.0,0,0
502112,2024-06-30,2024-06-01,18,0,0,108.0,24.0,0,0
502113,2024-06-30,2023-07-01,8,0,1,33.0,0.0,0,0
502114,2024-06-30,,2,1,0,0.0,0.0,0,1
502115,2024-06-30,2024-06-01,18,0,0,125.0,27.0,0,0
502116,2024-06-30,2024-06-01,16,0,0,46.0,4.0,0,0
502117,2024-06-30,2024-06-01,4,0,0,0.0,5.0,0,1
502118,2024-06-30,2024-06-01,18,0,0,101.0,15.0,0,0
502119,2024-06-30,2024-06-01,17,0,0,42.0,18.0,0,0
502120,2024-06-30,2024-06-01,6,0,0,17.0,11.0,0,0
502121,2024-06-30,2024-06-01,18,0,0,91.0,9.0,0,0
502122,2024-06-30,2024-06-01,18,0,0,108.0,24.0,0,0
502123,2024-06-30,2024-06-01,18,0,0,84.0,8.0,0,0
502124,2024-06-30,2024-06-01,18,0,0,155.0,25.0,0,0
502125,2024-06-30,2023-12-01,7,0,1,29.0,0.0,0,0
502126,2024-06-30,2024-06-01,13,0,0,16.0,4.0,0,0
502127,2024-06-30,2024-06-01,12,0,0,40.0,24.0,0,0
502128,2024-06-30,2023-09-01,9,0,1,26.0,0.0,0,0
502129,2024-06-30,2024-06-01,18,0,0,61.0,5.0,0,0
502130,2024-06-30,2024-06-01,13,0,0,28.0,10.0,0,0
502131,2024-06-30,2023-11-01,6,0,1,21.0,0.0,0,0
502132,2024-06-30,2024-06-01,18,0,0,34.0,7.0,0,0
502133,2024-06-30,2023-11-01,13,0,1,46.0,0.0,0,0
502134,2024-06-30,2024-05-01,4,0,0,11.0,3.0,0,0
502135,2024-06-30,2024-06-01,11,0,0,38.0,17.0,0,0
502136,2024-06-30,2024-06-01,6,0,0,10.0,9.0,0,0
502137,2024-06-30,2024-06-01,15,0,0,132.0,28.0,0,0
502138,2024-06-30,2024-06-01,18,0,0,64.0,9.0,0,0
502139,2024-06-30,2024-06-01,18,0,0,40.0,2.0,0,0
502140,2024-06-30,2024-06-01,18,0,0,67.0,8.0,0,0
502141,2024-06-30,2024-06-01,9,0,0,30.0,6.0,0,0
502142,2024-06-30,2024-06-01,7,0,0,20.0,8.0,0,0
502143,2024-06-30,2024-06-01,18,0,0,79.0,9.0,0,0
502144,2024-06-30,2023-10-01,12,0,1,38.0,0.0,0,0
502145,2024-06-30,2024-06-01,2,1,0,0.0,12.0,0,1
502146,2024-06-30,2024-06-01,13,0,0,50.0,19.0,0,0
502147,2024-06-30,2023-09-01,9,0,1,6.0,0.0,0,0
502148,2024-06-30,2024-06-01,18,0,0,52.0,11.0,0,0
502149,2024-06-30,2024-06-01,18,0,0,30.0,6.0,0,0
502150,2024-06-30,2023-10-01,13,0,1,10.0,0.0,0,0
502151,2024-06-30,2024-06-01,6,0,0,11.0,9.0,0,0
502152,2024-06-30,2024-04-01,17,0,0,29.0,1.0,0,0
502153,2024-06-30,2024-06-01,18,0,0,40.0,10.0,0,0
502154,2024-06-30,2024-06-01,4,0,0,1.0,11.0,0,0
502155,2024-06-30,2024-06-01,18,0,0,117.0,21.0,0,0
502156,2024-06-30,2023-08-01,10,0,1,28.0,0.0,0,0
502157,2024-06-30,2024-06-01,11,0,0,20.0,14.0,0,0
502158,2024-06-30,2024-06-01,18,0,0,53.0,7.0,0,0
502159,2024-06-30,2024-06-01,3,1,0,0.0,7.0,0,1
502160,2024-06-30,2024-06-01,18,0,0,89.0,22.0,0,0
502161,2024-06-30,2024-06-01,3,1,0,0.0,13.0,0,1
502162,2024-06-30,2024-06-01,18,0,0,76.0,23.0,0,0
502163,2024-06-30,2023-02-01,4,0,1,5.0,0.0,0,0
502164,2024-06-30,2024-06-01,5,0,0,20.0,21.0,0,0
502165,2024-06-30,2024-06-01,13,0,0,97.0,22.0,0,0
502166,2024-06-30,2023-04-01,5,0,1,9.0,0.0,0,0
502167,2024-06-30,2023-07-01,3,1,1,2.0,0.0,0,0
502168,2024-06-30,2023-05-01,6,0,1,20.0,0.0,0,0
502169,2024-06-30,2024-06-01,18,0,0,95.0,30.0,0,0
502170,2024-06-30,2024-02-01,16,0,1,16.0,0.0,0,0
502171,2024-06-30,2024-06-01,18,0,0,63.0,11.0,0,0
502172,2024-06-30,2024-06-01,18,0,0,91.0,13.0,0,0
502173,2024-06-30,2024-06-01,5,0,0,7.0,19.0,0,0
502174,2024-06-30,2023-04-01,6,0,1,2.0,0.0,0,0
502175,2024-06-30,,1,1,0,0.0,0.0,0,1
502176,2024-06-30,2024-06-01,4,0,0,5.0,12.0,0,0
502177,2024-06-30,2024-06-01,5,0,0,14.0,19.0,0,0
502178,2024-06-30,2024-05-01,18,0,0,31.0,8.0,0,0
502179,2024-06-30,2024-06-01,18,0,0,30.0,7.0,0,0
502180,2024-06-30,2024-06-01,9,0,0,24.0,10.0,0,0
502181,2024-06-30,2024-06-01,13,0,0,54.0,10.0,0,0
502182,2024-06-30,2024-06-01,12,0,0,47.0,8.0,0,0
502183,2024-06-30,2024-01-01,13,0,1,48.0,0.0,0,0
502184,2024-06-30,2024-01-01,10,0,1,43.0,0.0,0,0
502185,2024-06-30,2023-07-01,8,0,1,17.0,0.0,0,0
502186,2024-06-30,2023-03-01,5,0,1,3.0,0.0,0,0
502187,2024-06-30,2023-10-01,10,0,1,49.0,0.0,0,0
502188,2024-06-30,2024-06-01,18,0,0,89.0,13.0,0,0
502189,2024-06-30,2024-06-01,9,0,0,25.0,16.0,0,0
502190,2024-06-30,2023-08-01,8,0,1,35.0,0.0,0,0
502191,2024-06-30,2023-04-01,5,0,1,8.0,0.0,0,0
502192,2024-06-30,2024-06-01,2,1,0,0.0,13.0,0,1
502193,2024-06-30,2023-03-01,5,0,1,2.0,0.0,0,0
502194,2024-06-30,2024-06-01,9,0,0,8.0,3.0,0,0
502195,2024-06-30,2024-06-01,18,0,0,39.0,8.0,0,0
502196,2024-06-30,2024-06-01,15,0,0,39.0,12.0,0,0
502197,2024-06-30,2023-12-01,13,0,1,48.0,0.0,0,0
502198,2024-06-30,2024-05-01,18,0,0,74.0,2.0,0,0
502199,2024-06-30,2023-09-01,4,0,1,4.0,0.0,0,0
502200,2024-06-30,2023-05-01,7,0,1,6.0,0.0,0,0
502201,2024-06-30,2024-06-01,17,0,0,30.0,5.0,0,0
502202,2024-06-30,2023-03-01,3,1,1,7.0,0.0,0,0
502203,2024-06-30,2024-06-01,18,0,0,86.0,18.0,0,0
502204,2024-06-30,2024-06-01,18,0,0,28.0,6.0,0,0
502205,2024-06-30,2024-06-01,3,1,0,0.0,21.0,0,1
502206,2024-06-30,2024-05-01,18,0,0,9.0,1.0,0,0
502207,2024-06-30,2023-10-01,11,0,1,35.0,0.0,0,0
502208,2024-06-30,2024-01-01,8,0,1,39.0,0.0,0,0
502209,2024-06-30,2024-06-01,18,0,0,101.0,18.0,0,0
502210,2024-06-30,2024-06-01,5,0,0,2.0,14.0,0,0
502211,2024-06-30,2024-04-01,5,0,0,3.0,2.0,0,0
502212,2024-06-30,2024-06-01,18,0,0,34.0,12.0,0,0
502213,2024-06-30,2023-11-01,10,0,1,57.0,0.0,0,0
502214,2024-06-30,2024-05-01,18,0,0,53.0,5.0,0,0
502215,2024-06-30,2023-08-01,9,0,1,24.0,0.0,0,0
502216,2024-06-30,2024-06-01,18,0,0,61.0,7.0,0,0
502217,2024-06-30,2024-06-01,18,0,0,73.0,12.0,0,0
502218,2024-06-30,2024-06-01,4,0,0,0.0,20.0,0,1
502219,2024-06-30,2024-06-01,9,0,0,37.0,17.0,0,0
502220,2024-06-30,2023-04-01,4,0,1,5.0,0.0,0,0
502221,2024-06-30,2023-01-01,1,1,1,1.0,0.0,0,0
502222,2024-06-30,2023-04-01,3,1,1,1.0,0.0,0,0
502223,2024-06-30,2024-04-01,17,0,0,58.0,2.0,0,0
502224,2024-06-30,2023-03-01,3,1,1,2.0,0.0,0,0
502225,2024-06-30,2024-05-01,17,0,0,75.0,7.0,0,0
502226,2024-06-30,2024-05-01,18,0,0,64.0,2.0,0,0
502227,2024-06-30,2024-06-01,6,0,0,16.0,13.0,0,0
502228,2024-06-30,2024-02-01,15,0,1,9.0,0.0,0,0
502229,2024-06-30,2023-07-01,8,0,1,24.0,0.0,0,0
502230,2024-06-30,2023-10-01,6,0,1,12.0,0.0,0,0
502231,2024-06-30,2024-06-01,18,0,0,89.0,18.0,0,0
502232,2024-06-30,2023-06-01,6,0,1,11.0,0.0,0,0
502233,2024-06-30,2024-06-01,12,0,0,20.0,7.0,0,0
502234,2024-06-30,2024-06-01,18,0,0,91.0,15.0,0,0
502235,2024-06-30,2023-04-01,5,0,1,5.0,0.0,0,0
502236,2024-06-30,2024-06-01,18,0,0,124.0,18.0,0,0
502237,2024-06-30,2024-06-01,8,0,0,5.0,5.0,0,0
502238,2024-06-30,2024-05-01,18,0,0,39.0,5.0,0,0
502239,2024-06-30,2024-06-01,18,0,0,51.0,14.0,0,0
502240,2024-06-30,2024-06-01,18,0,0,96.0,22.0,0,0
502241,2024-06-30,2024-06-01,18,0,0,111.0,26.0,0,0
502242,2024-06-30,2024-06-01,18,0,0,89.0,18.0,0,0
502243,2024-06-30,2024-06-01,6,0,0,9.0,7.0,0,0
502244,2024-06-30,2024-06-01,18,0,0,54.0,19.0,0,0
502245,2024-06-30,2024-06-01,3,1,0,0.0,8.0,0,1
502246,2024-06-30,2023-07-01,9,0,1,20.0,0.0,0,0
502247,2024-06-30,2023-05-01,6,0,1,15.0,0.0,0,0
502248,2024-06-30,2024-06-01,12,0,0,68.0,17.0,0,0
502249,2024-06-30,2024-06-01,4,0,0,4.0,19.0,0,0
502250,2024-06-30,2024-06-01,6,0,0,8.0,10.0,0,0
502251,2024-06-30,2024-06-01,12,0,0,5.0,3.0,0,0
502252,2024-06-30,2023-03-01,4,0,1,7.0,0.0,0,0
502253,2024-06-30,,1,1,0,0.0,0.0,0,1
502254,2024-06-30,2024-06-01,13,0,0,18.0,6.0,0,0
502255,2024-06-30,2023-04-01,2,1,1,1.0,0.0,0,0
502256,2024-06-30,2023-11-01,12,0,1,54.0,0.0,0,0
502257,2024-06-30,2024-06-01,5,0,0,1.0,7.0,0,0
502258,2024-06-30,2023-11-01,11,0,1,9.0,0.0,0,0
502259,2024-06-30,2023-05-01,6,0,1,22.0,0.0,0,0
502260,2024-06-30,2024-06-01,18,0,0,84.0,27.0,0,0
502261,2024-06-30,2024-04-01,17,0,0,43.0,3.0,0,0
502262,2024-06-30,2024-04-01,5,0,0,6.0,5.0,0,0
502263,2024-06-30,2024-06-01,12,0,0,58.0,22.0,0,0
502264,2024-06-30,2023-12-01,13,0,1,30.0,0.0,0,0
502265,2024-06-30,,1,1,0,0.0,0.0,0,1
502266,2024-06-30,2024-06-01,4,0,0,3.0,18.0,0,0
502267,2024-06-30,2023-08-01,9,0,1,36.0,0.0,0,0
502268,2024-06-30,2023-03-01,3,1,1,2.0,0.0,0,0
502269,2024-06-30,2024-06-01,18,0,0,90.0,18.0,0,0
502270,2024-06-30,2024-06-01,18,0,0,99.0,14.0,0,0
502271,2024-06-30,2024-06-01,12,0,0,51.0,10.0,0,0
502272,2024-06-30,2024-06-01,13,0,0,39.0,10.0,0,0
502273,2024-06-30,2024-04-01,6,0,0,23.0,2.0,0,0
502274,2024-06-30,2024-06-01,6,0,0,8.0,18.0,0,0
502275,2024-06-30,2024-05-01,12,0,0,48.0,4.0,0,0
502276,2024-06-30,2024-06-01,18,0,0,74.0,18.0,0,0
502277,2024-06-30,2024-06-01,18,0,0,105.0,18.0,0,0
502278,2024-06-30,2024-05-01,18,0,0,43.0,3.0,0,0
502279,2024-06-30,2024-06-01,18,0,0,82.0,16.0,0,0
502280,2024-06-30,2024-02-01,2,1,1,4.0,0.0,0,0
502281,2024-06-30,2024-04-01,16,0,0,74.0,1.0,0,0
502282,2024-06-30,2024-06-01,18,0,0,22.0,9.0,0,0
502283,2024-06-30,2023-03-01,3,1,1,6.0,0.0,0,0
502284,2024-06-30,2023-12-01,5,0,1,7.0,0.0,0,0
502285,2024-06-30,2024-06-01,18,0,0,72.0,19.0,0,0
502286,2024-06-30,2024-06-01,17,0,0,54.0,17.0,0,0
502287,2024-06-30,2024-06-01,4,0,0,1.0,15.0,0,0
502288,2024-06-30,2024-02-01,14,0,1,79.0,0.0,0,0
502289,2024-06-30,2024-06-01,18,0,0,100.0,19.0,0,0
502290,2024-06-30,2024-06-01,18,0,0,43.0,7.0,0,0
502291,2024-06-30,2023-06-01,7,0,1,20.0,0.0,0,0
502292,2024-06-30,2024-05-01,18,0,0,82.0,2.0,0,0
502293,2024-06-30,2024-06-01,11,0,0,22.0,15.0,0,0
502294,2024-06-30,2024-06-01,8,0,0,12.0,14.0,0,0
502295,2024-06-30,2024-05-01,17,0,0,25.0,3.0,0,0
502296,2024-06-30,2024-06-01,18,0,0,85.0,14.0,0,0
502297,2024-06-30,2024-06-01,18,0,0,48.0,11.0,0,0
502298,2024-06-30,2024-06-01,18,0,0,71.0,11.0,0,0
502299,2024-06-30,2024-06-01,18,0,0,131.0,7.0,0,0
502300,2024-06-30,2024-06-01,18,0,0,65.0,7.0,0,0
502301,2024-06-30,,1,1,0,0.0,0.0,0,1
502302,2024-06-30,2024-06-01,5,0,0,6.0,12.0,0,0
502303,2024-06-30,2023-02-01,3,1,1,5.0,0.0,0,0
502304,2024-06-30,2023-11-01,12,0,1,28.0,0.0,0,0
502305,2024-06-30,2024-06-01,16,0,0,43.0,13.0,0,0
502306,2024-06-30,2024-06-01,18,0,0,86.0,19.0,0,0
502307,2024-06-30,2024-06-01,8,0,0,43.0,17.0,0,0
502308,2024-06-30,2023-11-01,10,0,1,23.0,0.0,0,0
502309,2024-06-30,2024-06-01,18,0,0,53.0,12.0,0,0
502310,2024-06-30,2024-06-01,12,0,0,31.0,10.0,0,0
502311,2024-06-30,2024-04-01,18,0,0,4.0,1.0,0,0
502312,2024-06-30,2023-01-01,1,1,1,1.0,0.0,0,0
502313,2024-06-30,2024-06-01,18,0,0,34.0,2.0,0,0
502314,2024-06-30,,2,1,0,0.0,0.0,0,1
502315,2024-06-30,,1,1,0,0.0,0.0,0,1
502316,2024-06-30,2024-06-01,18,0,0,52.0,19.0,0,0
502317,2024-06-30,2024-06-01,2,1,0,0.0,15.0,0,1
502318,2024-06-30,2024-06-01,5,0,0,10.0,22.0,0,0
502319,2024-06-30,2024-06-01,4,0,0,8.0,22.0,0,0
502320,2024-06-30,2024-06-01,9,0,0,23.0,10.0,0,0
502321,2024-06-30,2024-06-01,18,0,0,83.0,22.0,0,0
502322,2024-06-30,2024-06-01,5,0,0,11.0,7.0,0,0
502323,2024-06-30,2024-06-01,7,0,0,28.0,19.0,0,0
502324,2024-06-30,2024-06-01,18,0,0,21.0,5.0,0,0
502325,2024-06-30,2024-06-01,3,1,0,0.0,9.0,0,1
502326,2024-06-30,2024-06-01,13,0,0,66.0,26.0,0,0
502327,2024-06-30,2024-06-01,18,0,0,87.0,7.0,0,0
502328,2024-06-30,2024-06-01,18,0,0,75.0,18.0,0,0
502329,2024-06-30,2024-06-01,18,0,0,57.0,8.0,0,0
502330,2024-06-30,2023-06-01,8,0,1,16.0,0.0,0,0
502331,2024-06-30,2023-11-01,14,0,1,15.0,0.0,0,0
502332,2024-06-30,2024-06-01,18,0,0,121.0,27.0,0,0
502333,2024-06-30,2023-09-01,2,1,1,4.0,0.0,0,0
502334,2024-06-30,2024-06-01,11,0,0,39.0,18.0,0,0
502335,2024-06-30,2024-06-01,18,0,0,46.0,12.0,0,0
502336,2024-06-30,2024-06-01,1,1,0,0.0,3.0,0,1
502337,2024-06-30,2024-02-01,8,0,1,24.0,0.0,0,0
502338,2024-06-30,2024-06-01,16,0,0,37.0,11.0,0,0
502339,2024-06-30,2024-06-01,18,0,0,71.0,14.0,0,0
502340,2024-06-30,2024-06-01,18,0,0,42.0,8.0,0,0
502341,2024-06-30,2023-09-01,7,0,1,24.0,0.0,0,0
502342,2024-06-30,2024-06-01,18,0,0,57.0,18.0,0,0
502343,2024-06-30,2024-06-01,18,0,0,33.0,6.0,0,0
502344,2024-06-30,2024-06-01,4,0,0,2.0,8.0,0,0
502345,2024-06-30,2023-07-01,8,0,1,26.0,0.0,0,0
502346,2024-06-30,2024-06-01,18,0,0,95.0,3.0,0,0
502347,2024-06-30,,1,1,0,0.0,0.0,0,1
502348,2024-06-30,2024-06-01,18,0,0,123.0,25.0,0,0
502349,2024-06-30,2024-06-01,18,0,0,122.0,35.0,0,0
502350,2024-06-30,2024-01-01,14,0,1,17.0,0.0,0,0
502351,2024-06-30,2024-06-01,18,0,0,105.0,12.0,0,0
502352,2024-06-30,2024-06-01,18,0,0,39.0,14.0,0,0
502353,2024-06-30,,1,1,0,0.0,0.0,0,1
502354,2024-06-30,2024-06-01,18,0,0,85.0,27.0,0,0
502355,2024-06-30,2024-06-01,18,0,0,61.0,8.0,0,0
502356,2024-06-30,2024-06-01,18,0,0,95.0,20.0,0,0
502357,2024-06-30,2024-06-01,18,0,0,61.0,11.0,0,0
502358,2024-06-30,2024-06-01,15,0,0,58.0,11.0,0,0
502359,2024-06-30,2024-06-01,18,0,0,95.0,24.0,0,0
502360,2024-06-30,2024-06-01,5,0,0,20.0,10.0,0,0
502361,2024-06-30,2024-06-01,16,0,0,78.0,23.0,0,0
502362,2024-06-30,2024-06-01,18,0,0,86.0,17.0,0,0
502363,2024-06-30,2024-05-01,18,0,0,80.0,5.0,0,0
502364,2024-06-30,2024-02-01,5,0,1,9.0,0.0,0,0
502365,2024-06-30,2023-04-01,5,0,1,2.0,0.0,0,0
502366,2024-06-30,2024-06-01,16,0,0,74.0,14.0,0,0
502367,2024-06-30,2024-06-01,18,0,0,76.0,17.0,0,0
502368,2024-06-30,2023-04-01,6,0,1,7.0,0.0,0,0
502369,2024-06-30,2024-06-01,9,0,0,31.0,13.0,0,0
502370,2024-06-30,2024-06-01,18,0,0,36.0,7.0,0,0
502371,2024-06-30,2024-06-01,3,1,0,0.0,13.0,0,1
502372,2024-06-30,2024-06-01,18,0,0,88.0,19.0,0,0
502373,2024-06-30,2024-01-01,14,0,1,70.0,0.0,0,0
502374,2024-06-30,2024-06-01,18,0,0,51.0,9.0,0,0
502375,2024-06-30,2023-05-01,11,0,1,10.0,0.0,0,0
502376,2024-06-30,2023-09-01,4,0,1,6.0,0.0,0,0
502377,2024-06-30,2024-06-01,16,0,0,77.0,18.0,0,0
502378,2024-06-30,2024-05-01,18,0,0,31.0,10.0,0,0
502379,2024-06-30,2024-06-01,18,0,0,73.0,24.0,0,0
502380,2024-06-30,,1,1,0,0.0,0.0,0,1
502381,2024-06-30,2024-06-01,11,0,0,51.0,8.0,0,0
502382,2024-06-30,2024-06-01,15,0,0,11.0,3.0,0,0
502383,2024-06-30,,1,1,0,0.0,0.0,0,1
502384,2024-06-30,2023-11-01,9,0,1,36.0,0.0,0,0
502385,2024-06-30,2024-06-01,18,0,0,65.0,12.0,0,0
502386,2024-06-30,2024-01-01,1,1,1,1.0,0.0,0,0
502387,2024-06-30,2024-06-01,4,0,0,8.0,8.0,0,0
502388,2024-06-30,2023-03-01,4,0,1,3.0,0.0,0,0
502389,2024-06-30,2024-06-01,13,0,0,76.0,9.0,0,0
502390,2024-06-30,2024-06-01,9,0,0,17.0,10.0,0,0
502391,2024-06-30,2023-10-01,4,0,1,8.0,0.0,0,0
502392,2024-06-30,2024-06-01,2,1,0,0.0,7.0,0,1
502393,2024-06-30,2024-06-01,18,0,0,78.0,31.0,0,0
502394,2024-06-30,2023-10-01,11,0,1,29.0,0.0,0,0
502395,2024-06-30,2024-06-01,2,1,0,0.0,15.0,0,1
502396,2024-06-30,2023-05-01,6,0,1,21.0,0.0,0,0
502397,2024-06-30,2024-06-01,15,0,0,55.0,16.0,0,0
502398,2024-06-30,2024-06-01,18,0,0,50.0,15.0,0,0
502399,2024-06-30,2024-06-01,18,0,0,63.0,9.0,0,0
502400,2024-06-30,2024-06-01,18,0,0,26.0,5.0,0,0
502401,2024-06-30,2024-06-01,3,1,0,0.0,11.0,0,1
502402,2024-06-30,2024-06-01,3,1,0,0.0,16.0,0,1
502403,2024-06-30,2024-01-01,14,0,1,26.0,0.0,0,0
502404,2024-06-30,2024-05-01,5,0,0,1.0,1.0,0,0
502405,2024-06-30,2024-06-01,18,0,0,48.0,14.0,0,0
502406,2024-06-30,2024-06-01,18,0,0,59.0,10.0,0,0
502407,2024-06-30,2023-06-01,4,0,1,14.0,0.0,0,0
502408,2024-06-30,2024-04-01,3,1,0,0.0,1.0,0,1
502409,2024-06-30,2024-06-01,8,0,0,32.0,22.0,0,0
502410,2024-06-30,2023-11-01,11,0,1,38.0,0.0,0,0
502411,2024-06-30,2024-06-01,6,0,0,11.0,13.0,0,0
502412,2024-06-30,2023-05-01,6,0,1,15.0,0.0,0,0
502413,2024-06-30,2024-06-01,18,0,0,82.0,18.0,0,0
502414,2024-06-30,2024-06-01,18,0,0,62.0,12.0,0,0
502415,2024-06-30,2024-01-01,14,0,1,40.0,0.0,0,0
502416,2024-06-30,2024-06-01,18,0,0,53.0,8.0,0,0
502417,2024-06-30,2024-06-01,18,0,0,68.0,16.0,0,0
502418,2024-06-30,,1,1,0,0.0,0.0,0,1
502419,2024-06-30,2024-06-01,18,0,0,105.0,22.0,0,0
502420,2024-06-30,2024-02-01,7,0,1,20.0,0.0,0,0
502421,2024-06-30,2024-05-01,9,0,0,7.0,1.0,0,0
502422,2024-06-30,2024-06-01,18,0,0,20.0,6.0,0,0
502423,2024-06-30,2023-01-01,2,1,1,1.0,0.0,0,0
502424,2024-06-30,2024-06-01,6,0,0,9.0,9.0,0,0
502425,2024-06-30,2023-09-01,9,0,1,20.0,0.0,0,0
502426,2024-06-30,2023-09-01,10,0,1,33.0,0.0,0,0
502427,2024-06-30,2024-06-01,18,0,0,107.0,20.0,0,0
502428,2024-06-30,2024-06-01,3,1,0,0.0,10.0,0,1
502429,2024-06-30,2023-01-01,1,1,1,1.0,0.0,0,0
502430,2024-06-30,2023-01-01,2,1,1,1.0,0.0,0,0
502431,2024-06-30,2024-06-01,18,0,0,96.0,28.0,0,0
502432,2024-06-30,2024-06-01,8,0,0,24.0,18.0,0,0
502433,2024-06-30,2023-05-01,6,0,1,13.0,0.0,0,0
502434,2024-06-30,2023-07-01,6,0,1,36.0,0.0,0,0
502435,2024-06-30,2024-06-01,17,0,0,73.0,5.0,0,0
502436,2024-06-30,2024-06-01,18,0,0,84.0,20.0,0,0
502437,2024-06-30,2024-06-01,18,0,0,67.0,3.0,0,0
502438,2024-06-30,2023-02-01,3,1,1,5.0,0.0,0,0
502439,2024-06-30,2024-06-01,11,0,0,31.0,10.0,0,0
502440,2024-06-30,2024-06-01,18,0,0,32.0,7.0,0,0
502441,2024-06-30,2024-06-01,18,0,0,50.0,3.0,0,0
502442,2024-06-30,2024-06-01,18,0,0,98.0,24.0,0,0
502443,2024-06-30,2023-04-01,5,0,1,10.0,0.0,0,0
502444,2024-06-30,2024-06-01,15,0,0,69.0,21.0,0,0
502445,2024-06-30,2024-06-01,18,0,0,98.0,18.0,0,0
502446,2024-06-30,2024-06-01,4,0,0,3.0,9.0,0,0
502447,2024-06-30,2023-07-01,3,1,1,6.0,0.0,0,0
502448,2024-06-30,2023-12-01,12,0,1,34.0,0.0,0,0
502449,2024-06-30,2024-06-01,18,0,0,94.0,21.0,0,0
502450,2024-06-30,2024-06-01,18,0,0,35.0,5.0,0,0
502451,2024-06-30,2023-02-01,3,1,1,2.0,0.0,0,0
502452,2024-06-30,2024-06-01,2,1,0,0.0,6.0,0,1
502453,2024-06-30,2023-03-01,3,1,1,5.0,0.0,0,0
502454,2024-06-30,2024-06-01,18,0,0,77.0,13.0,0,0
502455,2024-06-30,2024-06-01,6,0,0,7.0,5.0,0,0
502456,2024-06-30,2024-06-01,8,0,0,30.0,15.0,0,0
502457,2024-06-30,,2,1,0,0.0,0.0,0,1
502458,2024-06-30,2023-02-01,3,1,1,2.0,0.0,0,0
502459,2024-06-30,2024-06-01,18,0,0,86.0,17.0,0,0
502460,2024-06-30,2024-06-01,18,0,0,29.0,5.0,0,0
502461,2024-06-30,2024-06-01,18,0,0,55.0,13.0,0,0
502462,2024-06-30,2024-06-01,18,0,0,77.0,13.0,0,0
502463,2024-06-30,2023-03-01,3,1,1,3.0,0.0,0,0
502464,2024-06-30,2024-06-01,18,0,0,38.0,4.0,0,0
502465,2024-06-30,2024-06-01,18,0,0,86.0,13.0,0,0
502466,2024-06-30,2024-04-01,17,0,0,58.0,2.0,0,0
502467,2024-06-30,2024-06-01,18,0,0,47.0,4.0,0,0
502468,2024-06-30,2024-06-01,17,0,0,105.0,18.0,0,0
502469,2024-06-30,2023-03-01,5,0,1,4.0,0.0,0,0
502470,2024-06-30,2024-06-01,18,0,0,69.0,9.0,0,0
502471,2024-06-30,2024-06-01,18,0,0,61.0,14.0,0,0
502472,2024-06-30,2024-06-01,18,0,0,77.0,14.0,0,0
502473,2024-06-30,,3,1,0,0.0,0.0,0,1
502474,2024-06-30,2024-06-01,17,0,0,26.0,14.0,0,0
502475,2024-06-30,2024-06-01,18,0,0,46.0,19.0,0,0
502476,2024-06-30,2024-06-01,15,0,0,47.0,7.0,0,0
502477,2024-06-30,2024-06-01,5,0,0,11.0,6.0,0,0
502478,2024-06-30,2024-05-01,18,0,0,36.0,6.0,0,0
502479,2024-06-30,2023-05-01,5,0,1,4.0,0.0,0,0
502480,2024-06-30,2024-06-01,12,0,0,73.0,31.0,0,0
502481,2024-06-30,2024-06-01,13,0,0,50.0,13.0,0,0
502482,2024-06-30,2023-10-01,4,0,1,3.0,0.0,0,0
502483,2024-06-30,2023-02-01,2,1,1,2.0,0.0,0,0
502484,2024-06-30,2024-06-01,7,0,0,15.0,14.0,0,0
502485,2024-06-30,2023-09-01,9,0,1,42.0,0.0,0,0
502486,2024-06-30,2024-06-01,18,0,0,68.0,16.0,0,0
502487,2024-06-30,2024-06-01,18,0,0,64.0,15.0,0,0
502488,2024-06-30,2024-06-01,13,0,0,30.0,9.0,0,0
502489,2024-06-30,2024-06-01,18,0,0,73.0,18.0,0,0
502490,2024-06-30,2023-09-01,10,0,1,19.0,0.0,0,0
502491,2024-06-30,2024-06-01,18,0,0,50.0,9.0,0,0
502492,2024-06-30,2023-10-01,13,0,1,9.0,0.0,0,0
502493,2024-06-30,2024-06-01,6,0,0,6.0,3.0,0,0
502494,2024-06-30,2024-06-01,15,0,0,26.0,8.0,0,0
502495,2024-06-30,2024-06-01,18,0,0,55.0,13.0,0,0
502496,2024-06-30,2024-06-01,18,0,0,26.0,9.0,0,0
502497,2024-06-30,2024-06-01,8,0,0,28.0,13.0,0,0
502498,2024-06-30,2023-02-01,2,1,1,4.0,0.0,0,0
502499,2024-06-30,2024-06-01,18,0,0,96.0,15.0,0,0
502500,2024-06-30,2024-06-01,15,0,0,59.0,17.0,0,0
502501,2024-06-30,,2,1,0,0.0,0.0,0,1
502502,2024-06-30,2024-06-01,18,0,0,73.0,20.0,0,0
502503,2024-06-30,,2,1,0,0.0,0.0,0,1
502504,2024-06-30,2024-05-01,17,0,0,58.0,2.0,0,0
502505,2024-06-30,2024-06-01,18,0,0,86.0,15.0,0,0
502506,2024-06-30,2024-04-01,16,0,0,35.0,1.0,0,0
502507,2024-06-30,2024-06-01,18,0,0,3.0,3.0,0,0
502508,2024-06-30,2023-07-01,9,0,1,28.0,0.0,0,0
502509,2024-06-30,2024-03-01,16,0,1,47.0,0.0,0,0
502510,2024-06-30,2024-06-01,7,0,0,20.0,28.0,0,0
502511,2024-06-30,2024-06-01,2,1,0,0.0,12.0,0,1
502512,2024-06-30,2024-06-01,18,0,0,53.0,10.0,0,0
502513,2024-06-30,2024-06-01,18,0,0,68.0,13.0,0,0
502514,2024-06-30,2024-06-01,18,0,0,51.0,6.0,0,0
502515,2024-06-30,2024-06-01,11,0,0,36.0,14.0,0,0
502516,2024-06-30,2024-06-01,18,0,0,35.0,9.0,0,0
502517,2024-06-30,2024-06-01,6,0,0,16.0,12.0,0,0
502518,2024-06-30,2024-06-01,18,0,0,30.0,2.0,0,0
502519,2024-06-30,2024-06-01,16,0,0,64.0,14.0,0,0
502520,2024-06-30,2023-11-01,12,0,1,22.0,0.0,0,0
502521,2024-06-30,2024-06-01,18,0,0,67.0,14.0,0,0
502522,2024-06-30,2023-09-01,6,0,1,9.0,0.0,0,0
502523,2024-06-30,2024-06-01,18,0,0,76.0,12.0,0,0
502524,2024-06-30,2024-06-01,18,0,0,60.0,15.0,0,0
502525,2024-06-30,2024-06-01,11,0,0,47.0,12.0,0,0
502526,2024-06-30,2023-07-01,3,1,1,3.0,0.0,0,0
502527,2024-06-30,2024-06-01,16,0,0,54.0,16.0,0,0
502528,2024-06-30,2024-06-01,18,0,0,65.0,9.0,0,0
502529,2024-06-30,2024-06-01,12,0,0,58.0,31.0,0,0
502530,2024-06-30,2024-03-01,17,0,1,29.0,0.0,0,0
502531,2024-06-30,2024-06-01,18,0,0,82.0,10.0,0,0
502532,2024-06-30,2024-06-01,9,0,0,17.0,11.0,0,0
502533,2024-06-30,2023-02-01,4,0,1,2.0,0.0,0,0
502534,2024-06-30,2024-06-01,4,0,0,1.0,4.0,0,0
502535,2024-06-30,2024-03-01,17,0,1,43.0,0.0,0,0
502536,2024-06-30,2024-06-01,18,0,0,90.0,21.0,0,0
502537,2024-06-30,2024-04-01,3,1,0,6.0,2.0,0,0
502538,2024-06-30,2024-06-01,18,0,0,132.0,10.0,0,0
502539,2024-06-30,2024-06-01,14,0,0,39.0,11.0,0,0
502540,2024-06-30,2023-07-01,7,0,1,31.0,0.0,0,0
502541,2024-06-30,2023-09-01,2,1,1,2.0,0.0,0,0
502542,2024-06-30,2024-03-01,11,0,1,8.0,0.0,0,0
502543,2024-06-30,2024-06-01,2,1,0,0.0,10.0,0,1
502544,2024-06-30,2024-06-01,18,0,0,79.0,27.0,0,0
502545,2024-06-30,2023-01-01,4,0,1,6.0,0.0,0,0
502546,2024-06-30,2024-06-01,5,0,0,8.0,15.0,0,0
502547,2024-06-30,2024-05-01,12,0,0,37.0,9.0,0,0
502548,2024-06-30,2024-03-01,17,0,1,78.0,0.0,0,0
502549,2024-06-30,2024-06-01,18,0,0,70.0,11.0,0,0
502550,2024-06-30,,1,1,0,0.0,0.0,0,1
502551,2024-06-30,2024-02-01,4,0,1,12.0,0.0,0,0
502552,2024-06-30,2024-06-01,18,0,0,59.0,16.0,0,0
502553,2024-06-30,2024-06-01,10,0,0,9.0,6.0,0,0
502554,2024-06-30,2023-07-01,7,0,1,22.0,0.0,0,0
502555,2024-06-30,2024-04-01,17,0,0,64.0,2.0,0,0
502556,2024-06-30,2023-09-01,2,1,1,1.0,0.0,0,0
502557,2024-06-30,2024-06-01,18,0,0,105.0,22.0,0,0
502558,2024-06-30,2024-06-01,18,0,0,75.0,17.0,0,0
502559,2024-06-30,2024-06-01,6,0,0,8.0,11.0,0,0
502560,2024-06-30,2024-06-01,18,0,0,73.0,24.0,0,0
502561,2024-06-30,2024-01-01,4,0,1,3.0,0.0,0,0
502562,2024-06-30,2024-03-01,16,0,1,38.0,0.0,0,0
502563,2024-06-30,2024-04-01,14,0,0,9.0,2.0,0,0
502564,2024-06-30,2024-06-01,15,0,0,74.0,14.0,0,0
502565,2024-06-30,2024-06-01,11,0,0,19.0,7.0,0,0
502566,2024-06-30,2024-06-01,5,0,0,9.0,22.0,0,0
502567,2024-06-30,2024-06-01,7,0,0,14.0,3.0,0,0
502568,2024-06-30,2024-06-01,18,0,0,53.0,11.0,0,0
502569,2024-06-30,2024-06-01,18,0,0,39.0,13.0,0,0
502570,2024-06-30,,1,1,0,0.0,0.0,0,1
502571,2024-06-30,2024-06-01,10,0,0,36.0,19.0,0,0
502572,2024-06-30,2024-06-01,18,0,0,46.0,15.0,0,0
502573,2024-06-30,2024-06-01,18,0,0,31.0,3.0,0,0
502574,2024-06-30,2023-04-01,4,0,1,7.0,0.0,0,0
502575,2024-06-30,2024-06-01,2,1,0,0.0,12.0,0,1
502576,2024-06-30,2024-05-01,4,0,0,0.0,1.0,0,1
502577,2024-06-30,2024-06-01,4,0,0,2.0,6.0,0,0
502578,2024-06-30,2024-06-01,18,0,0,15.0,3.0,0,0
502579,2024-06-30,2023-03-01,2,1,1,3.0,0.0,0,0
502580,2024-06-30,2024-06-01,11,0,0,17.0,22.0,0,0
502581,2024-06-30,,1,1,0,0.0,0.0,0,1
502582,2024-06-30,2024-06-01,18,0,0,32.0,3.0,0,0
502583,2024-06-30,2024-06-01,18,0,0,59.0,17.0,0,0
502584,2024-06-30,2024-05-01,16,0,0,43.0,4.0,0,0
502585,2024-06-30,2024-06-01,16,0,0,84.0,22.0,0,0
502586,2024-06-30,2023-08-01,5,0,1,7.0,0.0,0,0
502587,2024-06-30,2023-09-01,7,0,1,15.0,0.0,0,0
502588,2024-06-30,2024-06-01,18,0,0,73.0,15.0,0,0
502589,2024-06-30,2023-08-01,4,0,1,2.0,0.0,0,0
502590,2024-06-30,2024-06-01,18,0,0,73.0,6.0,0,0
502591,2024-06-30,2024-05-01,18,0,0,53.0,5.0,0,0
502592,2024-06-30,2024-06-01,18,0,0,46.0,19.0,0,0
502593,2024-06-30,,2,1,0,0.0,0.0,0,1
502594,2024-06-30,2024-06-01,18,0,0,68.0,11.0,0,0
502595,2024-06-30,2023-07-01,4,0,1,10.0,0.0,0,0
502596,2024-06-30,2024-06-01,18,0,0,84.0,16.0,0,0
502597,2024-06-30,2023-03-01,4,0,1,11.0,0.0,0,0
502598,2024-06-30,2024-06-01,16,0,0,46.0,9.0,0,0
502599,2024-06-30,2024-06-01,6,0,0,26.0,6.0,0,0
502600,2024-06-30,2023-06-01,6,0,1,18.0,0.0,0,0
