CUSTOMER_ID,RECENCY_MONTHS,HISTORY_MONTHS,ACTIVE_MONTH_RATIO,MISSING_MONTHS,TXN_L1,TXN_L3,TXN_P3,TXN_TREND,TXN_ALL_MEAN,SPEND_L3,SPEND_P3,SPEND_TREND_PCT,SPEND_ALL_MEAN,SPEND_CV,BASKET_L3,CATEGORIES_L3,ZERO_TXN_MONTHS_L3,PROMO_PCT_L3,PROMO_PCT_ALL,APP_L3,APP_TREND,EMAIL_L3,EMAIL_TREND,COUPON_L3,COUPON_ALL_MEAN,TICKETS_L3,TICKETS_L6,TICKETS_TREND,COMPLAINTS_L6,COMPLAINT_EVER,AGE,GENDER,CITY,MEMBERSHIP_TIER,MARKETING_OPT_IN,PREFERRED_CATEGORY,HOME_STORE_PRICE_TIER,SIGNUP_DATE,AGE_MISSING,SIGNUP_YEAR,TENURE_MONTHS,ACTIVE_AT_CUTOFF,CHURNED,LABEL_MISMATCH,SNAPSHOT
500001,0.0,15,1.0,1,8.0,7.0,3.5,3.5,4.857142857142857,146.09333333333333,81.51,0.7827334060517916,108.05714285714285,0.3273077337190562,20.87047619047619,3.6666666666666665,0,0.19000000000000003,0.19714285714285712,1.6666666666666667,0.6666666666666667,0.3333333333333333,-0.16666666666666669,0.6666666666666666,0.5,0.0,1.0,-1.0,1.0,1,36.0,F,Madison,Silver,1,Frozen Foods,Value,2022-08-17,0,2022,19,1,0,0,2024-03
500002,0.0,9,1.0,0,2.0,4.0,6.333333333333333,-2.333333333333333,5.888888888888889,119.03666666666668,210.47666666666666,-0.4323881279258546,199.15555555555557,0.3685827662820411,29.75916666666667,1.0,0,0.23666666666666666,0.30777777777777776,1.6666666666666667,-0.9999999999999998,0.3333333333333333,0.0,1.0,0.5555555555555556,0.0,0.0,0.0,0.0,0,37.0,F,Spokane,Silver,0,Beverages,Mainstream,2023-06-24,0,2023,9,1,0,0,2024-03
500003,0.0,15,1.0,1,9.0,4.666666666666667,3.3333333333333335,1.3333333333333335,4.928571428571429,163.16333333333333,120.31,0.3532547467919654,156.96785714285716,0.4726080719453359,34.96357142857143,2.0,0,0.3666666666666667,0.3421428571428572,2.0,-1.0,0.3333333333333333,0.3333333333333333,0.0,0.7142857142857143,2.0,2.0,2.0,1.0,1,53.0,Unknown,Tulsa,Gold,0,Frozen Foods,Mainstream,2021-03-31,0,2021,36,1,0,0,2024-03
500004,0.0,15,1.0,1,5.0,5.333333333333333,4.5,0.833333333333333,5.357142857142857,122.66333333333334,110.565,0.10844201437129336,127.05357142857143,0.3972526572754923,22.999375,3.6666666666666665,0,0.13999999999999999,0.24357142857142858,3.3333333333333335,-3.1666666666666665,1.6666666666666667,1.1666666666666667,1.0,0.6428571428571429,0.0,0.0,0.0,0.0,1,52.0,F,Spokane,Gold,1,Snacks,Upscale,2021-07-08,0,2021,32,1,0,0,2024-03
500006,1.0,15,0.9333333333333333,0,0.0,1.3333333333333333,3.3333333333333335,-2.0,2.466666666666667,38.836666666666666,120.68666666666667,-0.6726291568509286,80.83,0.8178634397073569,29.1275,0.6666666666666666,1,0.255,0.2842857142857143,2.0,-1.6666666666666665,0.6666666666666666,0.6666666666666666,1.0,0.4,2.0,3.0,1.0,0.0,0,44.0,F,Nashville,Silver,0,Snacks,Upscale,2022-09-14,0,2022,18,1,0,0,2024-03
500007,0.0,15,1.0,0,3.0,4.0,4.333333333333333,-0.33333333333333304,3.466666666666667,145.77666666666667,161.19,-0.09503257496352012,128.36266666666666,0.4865322579704781,36.44416666666667,3.0,0,0.21333333333333335,0.2973333333333334,1.3333333333333333,0.33333333333333326,1.0,-1.3333333333333335,0.6666666666666666,0.9333333333333333,1.0,1.0,1.0,0.0,0,39.0,F,Tulsa,Platinum,1,Frozen Foods,Mainstream,2021-04-29,0,2021,35,1,0,0,2024-03
500008,0.0,15,1.0,0,9.0,8.666666666666666,5.333333333333333,3.333333333333333,6.466666666666667,331.6033333333333,220.88333333333333,0.4990009764891458,261.03933333333333,0.5032614775961973,38.261923076923075,3.0,0,0.3466666666666667,0.354,2.3333333333333335,-1.6666666666666665,0.6666666666666666,-0.33333333333333337,0.0,0.26666666666666666,0.0,0.0,0.0,0.0,0,50.0,M,Boise,Platinum,0,Beverages,Unknown,2021-08-15,0,2021,31,1,0,0,2024-03
500009,0.0,15,1.0,0,5.0,4.0,3.0,1.0,3.2666666666666666,70.00666666666666,49.69,0.4008022621161307,53.866,0.28613875244957643,17.501666666666665,2.6666666666666665,0,0.20333333333333334,0.304,2.3333333333333335,1.0000000000000002,0.3333333333333333,0.0,1.0,0.4,0.0,0.0,0.0,0.0,0,53.0,F,Tulsa,Silver,0,Dairy,Mainstream,2022-01-25,0,2022,26,1,0,0,2024-03
500010,1.0,15,0.6666666666666666,0,0.0,1.0,1.0,0.0,1.0666666666666667,53.57333333333333,52.413333333333334,0.021717423864203632,57.001999999999995,0.8423087513092146,53.57333333333333,1.0,1,0.235,0.256,1.6666666666666667,0.0,0.6666666666666666,0.0,1.3333333333333333,0.8666666666666667,0.0,0.0,0.0,0.0,1,18.0,F,Boise,Platinum,0,Personal Care,Upscale,2022-04-15,0,2022,23,1,0,0,2024-03
500012,0.0,15,1.0,0,8.0,5.333333333333333,4.0,1.333333333333333,4.6,123.17,98.71999999999998,0.24518652226233476,112.04733333333336,0.5209841581528074,23.094375,2.3333333333333335,0,0.21,0.2766666666666666,3.3333333333333335,0.0,1.6666666666666667,0.0,0.3333333333333333,1.2,0.0,0.0,0.0,0.0,1,46.0,Other,Columbus,Silver,1,Frozen Foods,Upscale,2021-12-17,0,2021,27,1,0,0,2024-03
500013,0.0,15,1.0,1,6.0,4.5,4.666666666666667,-0.16666666666666696,4.071428571428571,179.975,179.13666666666668,0.004653873910549266,159.4035714285714,0.34691015788821916,39.99444444444444,3.5,0,0.31,0.30357142857142855,4.5,2.833333333333333,1.5,1.5,0.5,1.0,0.0,1.0,-1.0,0.0,1,65.0,F,Denver,Silver,0,Personal Care,Mainstream,2022-10-26,0,2022,17,1,0,0,2024-03
500014,1.0,2,0.5,0,0.0,0.5,,,0.5,19.475,,,19.475,1.3451433029165336,38.95,0.5,1,0.28,0.28,0.0,,0.0,,0.0,0.0,0.0,0.0,,0.0,0,30.0,M,Austin,Gold,1,Snacks,Mainstream,2024-01-16,0,2024,2,1,1,0,2024-03
500015,0.0,8,1.0,0,6.0,4.0,7.333333333333333,-3.333333333333333,5.5,156.61333333333334,299.93,-0.47624586005604846,228.21875,0.5289657297871272,39.153333333333336,1.6666666666666667,0,0.3166666666666667,0.33125000000000004,2.0,-0.3333333333333335,2.3333333333333335,-0.33333333333333304,0.3333333333333333,0.375,0.0,1.0,-1.0,1.0,1,24.0,F,Raleigh,Platinum,1,Personal Care,Mainstream,2023-07-21,0,2023,8,1,0,0,2024-03
500016,0.0,15,1.0,0,3.0,3.6666666666666665,7.333333333333333,-3.6666666666666665,6.0,122.85000000000001,238.23333333333335,-0.4823045840880591,190.04133333333337,0.48570629741534016,33.50454545454546,1.6666666666666667,0,0.16,0.24333333333333332,2.0,0.33333333333333326,0.6666666666666666,0.3333333333333333,0.3333333333333333,0.7333333333333333,0.0,0.0,0.0,0.0,1,39.0,M,Boise,Platinum,1,Snacks,Value,2022-08-08,0,2022,19,1,0,0,2024-03
500017,13.0,15,0.13333333333333333,0,0.0,0.0,0.0,0.0,0.13333333333333333,0.0,0.0,0.0,4.570000000000001,2.1678090993825925,,0.0,3,,0.27,0.0,0.0,0.0,0.0,0.0,0.06666666666666667,0.0,0.0,0.0,0.0,0,33.0,F,Austin,Silver,1,Snacks,Mainstream,2022-01-03,0,2022,26,0,1,0,2024-03
500018,0.0,15,1.0,0,1.0,3.6666666666666665,3.3333333333333335,0.33333333333333304,3.8666666666666667,102.50666666666666,108.28666666666668,-0.0528884279875558,120.01666666666667,0.4790946144982485,27.956363636363633,3.3333333333333335,0,0.3066666666666667,0.324,2.0,0.33333333333333326,2.3333333333333335,1.3333333333333335,1.0,0.6,0.0,0.0,0.0,0.0,1,22.0,F,Spokane,Gold,1,Personal Care,Mainstream,2022-09-16,0,2022,18,1,0,0,2024-03
500019,3.0,15,0.7857142857142857,1,0.0,0.0,2.5,-2.5,3.142857142857143,0.0,65.855,-0.9850422556278513,75.74857142857142,0.7943422328268124,,0.0,3,,0.3318181818181818,0.0,0.0,0.0,-1.5,0.3333333333333333,0.35714285714285715,0.0,1.0,-1.0,0.0,0,70.0,F,Madison,Silver,1,Frozen Foods,Value,2022-05-16,0,2022,22,0,1,0,2024-03
500020,0.0,15,0.9333333333333333,0,3.0,1.6666666666666667,2.3333333333333335,-0.6666666666666667,2.066666666666667,46.31666666666666,57.416666666666664,-0.1900142653352354,51.349333333333334,0.60604194828293,27.79,1.6666666666666667,0,0.32,0.30571428571428577,0.6666666666666666,0.0,0.6666666666666666,0.3333333333333333,0.0,0.4,0.0,0.0,0.0,0.0,0,55.0,M,Spokane,Silver,0,Produce,Upscale,2021-07-18,0,2021,32,1,0,0,2024-03
500021,0.0,15,1.0,0,5.0,8.333333333333334,9.333333333333334,-1.0,7.0,190.38,184.26666666666665,0.0329974811083124,150.59599999999998,0.36410289820265046,22.8456,4.0,0,0.32666666666666666,0.3173333333333334,2.3333333333333335,-1.6666666666666665,0.3333333333333333,0.3333333333333333,0.6666666666666666,0.5333333333333333,0.0,0.0,0.0,0.0,1,63.0,F,Raleigh,Gold,0,Frozen Foods,Mainstream,2022-02-20,0,2022,25,1,0,0,2024-03
500022,4.0,12,0.6666666666666666,0,0.0,0.0,1.0,-1.0,1.4166666666666667,0.0,27.8,-0.9652777777777778,44.27166666666667,0.9426898331391721,,0.0,3,,0.23625000000000002,0.0,0.0,0.0,-1.0,0.6666666666666666,0.8333333333333334,1.0,2.0,0.0,0.0,0,68.0,F,Portland,Silver,0,Personal Care,Value,2023-03-07,0,2023,12,0,1,0,2024-03
500023,0.0,15,0.9333333333333333,0,11.0,6.666666666666667,3.3333333333333335,3.3333333333333335,4.533333333333333,234.10666666666668,117.11333333333334,0.9905175819834058,158.11266666666668,0.5873091308367153,35.116,4.666666666666667,0,0.31,0.24714285714285716,2.6666666666666665,-2.6666666666666665,1.0,-1.3333333333333335,0.6666666666666666,1.1333333333333333,0.0,0.0,0.0,0.0,0,54.0,F,Raleigh,Silver,1,Frozen Foods,Upscale,2022-04-11,0,2022,23,1,0,0,2024-03
500024,2.0,15,0.8571428571428571,1,0.0,0.6666666666666666,2.6666666666666665,-2.0,2.9285714285714284,13.963333333333333,61.946666666666665,-0.7622855327261174,70.64285714285714,0.6238910200285472,20.945,0.3333333333333333,2,0.55,0.33,0.0,-1.6666666666666667,0.3333333333333333,-1.0,0.0,0.7142857142857143,0.0,1.0,-1.0,0.0,1,38.0,M,Denver,Silver,1,Produce,Mainstream,2022-06-03,0,2022,21,1,1,0,2024-03
500025,0.0,3,1.0,0,1.0,2.6666666666666665,,,2.6666666666666665,97.00999999999999,,,97.00999999999999,0.8335606283890484,36.37875,2.0,0,0.24333333333333332,0.24333333333333332,0.6666666666666666,,2.6666666666666665,,0.0,0.0,0.0,0.0,,0.0,0,18.0,F,Raleigh,Gold,1,Frozen Foods,Mainstream,2023-12-28,0,2023,3,1,0,0,2024-03
500026,0.0,1,1.0,0,4.0,4.0,,,4.0,176.11,,,176.11,,44.0275,2.0,0,0.1,0.1,1.0,,6.0,,1.0,1.0,0.0,0.0,,0.0,0,23.0,Unknown,Portland,Gold,1,Dairy,Mainstream,2024-02-23,0,2024,1,1,0,0,2024-03
500028,0.0,13,1.0,0,5.0,7.666666666666667,5.666666666666667,2.0,6.230769230769231,267.16333333333336,230.36333333333332,0.1590571827860942,230.07692307692307,0.3596047005715715,34.84739130434782,6.0,0,0.4000000000000001,0.2884615384615385,5.666666666666667,2.3333333333333335,1.6666666666666667,0.6666666666666667,0.3333333333333333,0.5384615384615384,1.0,2.0,0.0,2.0,1,53.0,M,Denver,Gold,1,Frozen Foods,Value,2023-02-04,0,2023,13,1,0,0,2024-03
500029,0.0,15,1.0,2,10.0,10.666666666666666,6.5,4.166666666666666,8.153846153846153,170.76333333333332,88.145,0.9267859479873614,118.34307692307691,0.5690994073439984,16.0090625,5.0,0,0.16666666666666666,0.22846153846153847,4.666666666666667,0.16666666666666696,0.3333333333333333,-1.1666666666666667,0.6666666666666666,0.6923076923076923,1.0,1.0,1.0,1.0,1,55.0,M,Denver,Silver,1,Produce,Mainstream,2022-06-02,0,2022,21,1,0,0,2024-03
500030,1.0,10,0.8,0,0.0,1.3333333333333333,1.3333333333333333,0.0,1.6,43.169999999999995,54.76000000000001,-0.2078550932568152,59.76899999999999,0.856591537695657,32.3775,0.6666666666666666,1,0.185,0.22,2.6666666666666665,0.6666666666666665,1.0,1.0,0.3333333333333333,0.7,0.0,1.0,-1.0,0.0,0,25.0,F,Spokane,Platinum,0,Dairy,Value,2023-04-21,0,2023,11,1,0,0,2024-03
500031,1.0,7,0.5,1,0.0,1.0,2.5,-1.5,1.3333333333333333,25.05333333333333,69.16,-0.628658304827062,35.580000000000005,1.1168006587077919,25.05333333333333,0.0,2,0.65,0.3933333333333333,0.3333333333333333,-0.6666666666666667,0.3333333333333333,-0.16666666666666669,0.0,0.16666666666666666,0.0,1.0,-1.0,0.0,0,32.0,F,Columbus,Silver,0,Personal Care,Mainstream,2023-08-12,0,2023,7,1,0,0,2024-03
500032,1.0,4,0.25,0,0.0,0.6666666666666666,0.0,0.6666666666666666,0.5,22.706666666666667,0.0,22.706666666666667,17.03,1.8890737659456462,34.06,0.0,2,0.69,0.69,0.6666666666666666,0.6666666666666666,0.3333333333333333,-0.6666666666666667,0.0,0.5,0.0,0.0,0.0,0.0,0,68.0,F,Portland,Platinum,0,Produce,Value,2023-11-09,0,2023,4,1,1,0,2024-03
500033,1.0,13,0.9230769230769231,0,0.0,3.3333333333333335,4.0,-0.6666666666666665,4.6923076923076925,96.38999999999999,130.89666666666668,-0.2616189441229247,150.1307692307692,0.5467099894802564,28.916999999999994,1.3333333333333333,1,0.17,0.29083333333333333,2.3333333333333335,-2.9999999999999996,1.0,-0.33333333333333326,1.0,0.5384615384615384,0.0,0.0,0.0,0.0,1,34.0,F,Nashville,Silver,1,Beverages,Value,2023-02-11,0,2023,13,1,0,0,2024-03
500034,12.0,15,0.21428571428571427,1,0.0,0.0,0.0,0.0,0.35714285714285715,0.0,0.0,0.0,11.112857142857141,2.076825027058199,,0.0,3,,0.32333333333333336,0.0,0.0,0.0,0.0,0.0,0.2857142857142857,0.0,0.0,0.0,0.0,1,24.0,Other,Madison,Gold,1,Bakery,Mainstream,2021-09-20,0,2021,30,0,1,0,2024-03
500036,9.0,13,0.3076923076923077,0,0.0,0.0,0.0,0.0,2.230769230769231,0.0,0.0,0.0,41.29,1.772706601622101,,0.0,3,,0.27249999999999996,0.0,0.0,0.0,0.0,0.0,0.07692307692307693,0.0,0.0,0.0,0.0,0,38.0,F,Columbus,Silver,0,Frozen Foods,Mainstream,2023-02-14,0,2023,13,0,1,0,2024-03
500037,0.0,15,0.8666666666666667,0,2.0,0.6666666666666666,2.0,-1.3333333333333335,1.7333333333333334,19.79,63.22333333333333,-0.6762858774069652,57.27333333333333,0.5693886412204934,29.685,0.6666666666666666,2,0.37,0.24769230769230768,0.3333333333333333,0.0,0.6666666666666666,0.3333333333333333,0.3333333333333333,0.6,0.0,2.0,-2.0,1.0,1,46.0,M,Tulsa,Silver,0,Personal Care,Upscale,2022-06-29,0,2022,21,1,0,0,2024-03
500038,0.0,15,0.9285714285714286,1,1.0,2.0,3.6666666666666665,-1.6666666666666665,2.7857142857142856,55.53333333333333,102.94666666666666,-0.4561313494099538,77.0642857142857,0.6439559996518802,27.766666666666666,2.0,0,0.34,0.21538461538461537,2.6666666666666665,0.0,3.0,1.0,0.3333333333333333,0.2857142857142857,2.0,2.0,2.0,1.0,1,46.0,Other,Spokane,Silver,1,Snacks,Upscale,2021-03-14,0,2021,36,1,0,0,2024-03
500039,0.0,14,1.0,0,7.0,6.0,7.333333333333333,-1.333333333333333,7.357142857142857,175.80333333333337,220.79999999999998,-0.2028704538623382,222.32,0.44940225582884186,29.30055555555556,3.6666666666666665,0,0.35333333333333333,0.29928571428571427,4.0,0.6666666666666665,2.6666666666666665,1.6666666666666665,0.6666666666666666,0.35714285714285715,0.0,0.0,0.0,0.0,0,24.0,M,Tulsa,Silver,1,Dairy,Mainstream,2023-01-30,0,2023,14,1,0,0,2024-03
500040,0.0,15,1.0,1,6.0,6.0,5.666666666666667,0.33333333333333304,5.357142857142857,182.08,150.20000000000002,0.21084656084656078,145.47857142857143,0.40158011248768916,30.346666666666668,5.333333333333333,0,0.2333333333333333,0.2607142857142857,2.6666666666666665,0.6666666666666665,1.3333333333333333,0.6666666666666666,0.3333333333333333,0.6428571428571429,0.0,0.0,0.0,0.0,0,24.0,F,Nashville,Silver,1,Dairy,Upscale,2022-06-12,0,2022,21,1,0,0,2024-03
500041,0.0,14,1.0,1,6.0,4.333333333333333,5.333333333333333,-1.0,5.846153846153846,129.81333333333333,161.45000000000002,-0.19474710167230952,171.31923076923078,0.48213337863591044,29.956923076923076,3.0,0,0.29333333333333333,0.20692307692307693,3.3333333333333335,0.0,1.0,-0.6666666666666667,2.0,0.7692307692307693,1.0,1.0,1.0,0.0,1,29.0,F,Madison,Silver,1,Personal Care,Mainstream,2022-12-05,0,2022,15,1,0,0,2024-03
500044,3.0,15,0.7142857142857143,1,0.0,0.0,2.6666666666666665,-2.6666666666666665,3.2142857142857144,0.0,69.37333333333333,-0.9857900719969686,83.69214285714284,0.7104859865196702,,0.0,3,,0.24000000000000005,0.3333333333333333,-1.6666666666666667,0.3333333333333333,0.0,0.0,0.5714285714285714,1.0,1.0,1.0,0.0,0,33.0,M,Raleigh,Silver,0,Personal Care,Mainstream,2022-04-17,0,2022,23,0,1,0,2024-03
500045,9.0,15,0.35714285714285715,1,0.0,0.0,0.0,0.0,1.0,0.0,0.0,0.0,33.59428571428571,1.6153914277808805,,0.0,3,,0.336,0.0,0.0,0.0,0.0,0.0,0.07142857142857142,0.0,0.0,0.0,0.0,0,38.0,Other,Columbus,Silver,1,Household,Value,2022-08-01,0,2022,19,0,1,0,2024-03
500046,0.0,15,1.0,0,7.0,5.333333333333333,6.666666666666667,-1.333333333333334,6.2,255.78,365.3333333333333,-0.2990536851683348,319.9406666666667,0.31583224092383533,47.95875,2.6666666666666665,0,0.36333333333333334,0.3626666666666667,2.3333333333333335,1.0000000000000002,1.0,0.33333333333333337,0.6666666666666666,0.6,0.0,0.0,0.0,0.0,0,58.0,M,Boise,Platinum,1,Bakery,Mainstream,2022-03-03,0,2022,24,1,0,0,2024-03
500047,9.0,15,0.4,0,0.0,0.0,0.0,0.0,2.0,0.0,0.0,0.0,56.669999999999995,1.5696726043526028,,0.0,3,,0.285,0.0,0.0,0.0,0.0,0.0,0.2,0.0,0.0,0.0,0.0,0,37.0,F,Raleigh,Gold,1,Dairy,Mainstream,2021-04-09,0,2021,35,0,1,0,2024-03
500048,0.0,4,1.0,0,2.0,3.0,4.0,-1.0,3.25,127.96999999999998,168.56,-0.23938428874734619,138.1175,0.4678018544599073,42.656666666666666,2.3333333333333335,0,0.2233333333333333,0.21,0.6666666666666666,-3.3333333333333335,0.3333333333333333,-0.6666666666666667,0.6666666666666666,0.75,0.0,0.0,0.0,0.0,0,74.0,M,Denver,Silver,0,Produce,Upscale,2023-11-08,0,2023,4,1,0,0,2024-03
500050,0.0,15,1.0,1,3.0,3.0,5.0,-2.0,3.642857142857143,92.72333333333334,181.93,-0.48765465843036493,122.57285714285715,0.43584038763001837,30.90777777777778,2.0,0,0.23,0.30500000000000005,2.3333333333333335,-1.1666666666666665,0.6666666666666666,0.6666666666666666,0.0,0.21428571428571427,0.0,1.0,-1.0,0.0,1,38.0,F,Denver,Platinum,0,Frozen Foods,Value,2022-12-04,0,2022,15,1,0,0,2024-03
500051,0.0,12,0.9090909090909091,1,4.0,3.3333333333333335,3.6666666666666665,-0.33333333333333304,3.3636363636363638,92.49000000000001,104.21666666666665,-0.11145255821321065,92.96363636363635,0.5452569279694116,27.747000000000003,2.6666666666666665,0,0.17,0.265,2.6666666666666665,-0.666666666666667,1.6666666666666667,-0.9999999999999998,1.3333333333333333,0.8181818181818182,0.0,0.0,0.0,0.0,0,61.0,F,Boise,Silver,1,Personal Care,Mainstream,2023-03-11,0,2023,12,1,0,0,2024-03
500052,0.0,8,1.0,1,7.0,8.0,5.666666666666667,2.333333333333333,6.0,371.745,237.48666666666668,0.5629594945908926,267.4614285714286,0.5115179803711931,46.468125,4.5,0,0.09,0.3371428571428572,2.0,-1.6666666666666665,0.0,-0.6666666666666666,1.0,0.8571428571428571,0.0,0.0,0.0,0.0,0,63.0,F,Portland,Gold,0,Snacks,Value,2023-07-27,0,2023,8,1,0,0,2024-03
500054,0.0,14,1.0,0,3.0,3.3333333333333335,3.0,0.3333333333333335,3.2142857142857144,147.48999999999998,130.81666666666666,0.12648881021620928,146.27142857142854,0.4153634636484359,44.247,1.0,0,0.41333333333333333,0.3107142857142858,1.6666666666666667,1.0,2.0,0.33333333333333326,0.3333333333333333,0.5714285714285714,1.0,1.0,1.0,0.0,0,25.0,F,Madison,Gold,1,Snacks,Mainstream,2023-01-18,0,2023,14,1,0,0,2024-03
500055,4.0,15,0.7142857142857143,1,0.0,0.0,1.3333333333333333,-1.3333333333333333,2.4285714285714284,0.0,25.323333333333334,-0.9620108902114727,53.95428571428571,0.9222811258488179,,0.0,3,,0.365,0.0,-1.3333333333333333,0.0,-0.3333333333333333,0.0,0.42857142857142855,0.0,2.0,-2.0,0.0,0,34.0,F,Tulsa,Silver,1,Beverages,Value,2021-09-09,0,2021,30,0,1,0,2024-03
500057,0.0,14,1.0,0,12.0,8.0,7.0,1.0,6.785714285714286,298.0933333333333,259.98333333333335,0.1460246503608147,243.17,0.40217136946629073,37.26166666666666,4.666666666666667,0,0.41,0.3271428571428571,5.0,2.3333333333333335,1.0,0.0,0.3333333333333333,0.35714285714285715,2.0,2.0,2.0,0.0,1,39.0,F,Portland,Silver,0,Dairy,Mainstream,2023-01-13,0,2023,14,1,0,0,2024-03
500058,0.0,15,1.0,0,5.0,6.333333333333333,4.333333333333333,2.0,4.466666666666667,277.43,180.53333333333333,0.5337679030481087,193.89333333333337,0.5588896886059563,43.804736842105264,3.0,0,0.36000000000000004,0.33199999999999996,3.3333333333333335,0.0,1.3333333333333333,0.6666666666666666,0.0,0.4666666666666667,0.0,1.0,-1.0,1.0,1,42.0,F,Boise,Platinum,1,Snacks,Value,2021-03-27,0,2021,36,1,0,0,2024-03
500059,0.0,15,1.0,2,2.0,2.5,6.0,-3.5,4.6923076923076925,73.115,203.43999999999997,-0.6374730972412445,143.58384615384617,0.49103417375509745,29.246,3.0,0,0.49,0.29923076923076924,0.5,-2.5,0.5,-1.5,0.0,0.5384615384615384,0.0,0.0,0.0,0.0,1,34.0,M,Madison,Silver,1,Household,Unknown,2021-04-15,0,2021,35,1,0,0,2024-03
500060,0.0,7,1.0,1,4.0,4.0,9.0,-5.0,5.833333333333333,116.3,272.985,-0.571874372684636,171.385,0.6493896772108967,29.075,3.3333333333333335,0,0.3933333333333333,0.45999999999999996,3.6666666666666665,0.6666666666666665,0.6666666666666666,0.16666666666666663,1.0,0.8333333333333334,0.0,0.0,0.0,0.0,0,34.0,M,Raleigh,Silver,0,Frozen Foods,Value,2023-08-25,0,2023,7,1,0,0,2024-03
500062,0.0,15,1.0,1,9.0,8.333333333333334,4.0,4.333333333333334,7.142857142857143,278.21333333333337,120.8,1.2923918992884513,228.96571428571426,0.36498226860741945,33.385600000000004,4.666666666666667,0,0.32666666666666666,0.30785714285714283,2.3333333333333335,0.3333333333333335,1.6666666666666667,0.6666666666666667,1.0,0.7857142857142857,0.0,0.0,0.0,0.0,0,64.0,M,Denver,Gold,1,Frozen Foods,Mainstream,2022-03-09,0,2022,24,1,0,0,2024-03
500064,0.0,10,1.0,0,5.0,6.666666666666667,4.666666666666667,2.0,5.6,235.79999999999998,153.90333333333334,0.5286953153579651,198.82500000000002,0.48588896156796824,35.37,3.6666666666666665,0,0.3566666666666667,0.24400000000000005,3.6666666666666665,-1.0000000000000004,0.0,0.0,0.6666666666666666,0.8,0.0,0.0,0.0,0.0,1,60.0,M,Spokane,Gold,0,Bakery,Mainstream,2023-05-17,0,2023,10,1,0,0,2024-03
500066,0.0,15,1.0,0,3.0,3.3333333333333335,5.333333333333333,-1.9999999999999996,4.2,80.04333333333334,110.61000000000001,-0.2738703222530837,91.63466666666666,0.478679606369271,24.012999999999998,1.3333333333333333,0,0.31666666666666665,0.2566666666666667,1.3333333333333333,0.0,2.6666666666666665,0.9999999999999998,0.3333333333333333,0.4666666666666667,1.0,1.0,1.0,0.0,1,25.0,F,Tulsa,Silver,1,Household,Mainstream,2021-07-15,0,2021,32,1,0,0,2024-03
500067,0.0,2,1.0,0,12.0,11.5,,,11.5,355.31,,,355.31,0.07183987392706646,30.896521739130435,7.5,0,0.08,0.08,5.0,,0.0,,0.5,0.5,0.0,0.0,,0.0,0,70.0,F,Tulsa,Silver,0,Produce,Mainstream,2024-01-15,0,2024,2,1,0,0,2024-03
500068,4.0,15,0.7333333333333333,0,0.0,0.0,0.6666666666666666,-0.6666666666666666,1.6,0.0,15.763333333333334,-0.9403459932392124,39.12733333333333,0.9533754410588736,,0.0,3,,0.23727272727272727,0.0,0.0,0.0,0.0,0.0,0.4,0.0,1.0,-1.0,0.0,0,34.0,M,Tulsa,Silver,1,Bakery,Mainstream,2022-03-20,0,2022,24,0,1,0,2024-03
500069,0.0,15,0.8,0,1.0,1.3333333333333333,1.3333333333333333,0.0,1.6666666666666667,59.24,66.14,-0.10277033065236817,76.55666666666666,0.733901386640954,44.43,2.0,0,0.63,0.33666666666666667,0.0,-2.3333333333333335,0.6666666666666666,-1.3333333333333335,0.3333333333333333,0.5333333333333333,2.0,2.0,2.0,1.0,1,23.0,F,Portland,Gold,1,Dairy,Mainstream,2022-08-18,0,2022,19,1,1,0,2024-03
500070,0.0,4,1.0,0,6.0,6.333333333333333,4.0,2.333333333333333,5.75,293.8566666666666,174.79,0.6773233213872611,264.09,0.24557003758857462,46.398421052631576,3.0,0,0.3833333333333333,0.36250000000000004,2.0,-1.0,1.0,-1.0,0.3333333333333333,0.25,1.0,1.0,1.0,0.0,0,64.0,M,Madison,Gold,1,Beverages,Mainstream,2023-12-01,0,2023,3,1,0,0,2024-03
500071,0.0,15,1.0,1,4.0,6.0,6.5,-0.5,9.0,233.5533333333333,248.635,-0.06041487238034201,331.1007142857143,0.456969519153253,38.925555555555555,4.0,0,0.3066666666666667,0.30500000000000005,3.0,-3.0,1.0,1.0,0.0,0.42857142857142855,0.0,0.0,0.0,0.0,0,18.0,F,Portland,Gold,0,Snacks,Upscale,2021-08-17,0,2021,31,1,0,0,2024-03
500072,0.0,15,1.0,0,1.0,3.0,4.0,-1.0,4.266666666666667,63.36000000000001,84.49333333333334,-0.2471927635683094,90.06133333333334,0.47292316480953567,21.12,2.0,0,0.41,0.3286666666666667,1.6666666666666667,0.0,0.3333333333333333,0.0,0.3333333333333333,0.8,2.0,2.0,2.0,0.0,0,74.0,F,Columbus,Silver,0,Personal Care,Mainstream,2021-08-18,0,2021,31,1,0,0,2024-03
500073,0.0,15,0.9285714285714286,1,2.0,2.0,3.0,-1.0,2.5,54.626666666666665,87.72000000000001,-0.3730087165614669,70.68928571428572,0.6148666372548875,27.313333333333333,1.6666666666666667,0,0.21,0.23923076923076925,1.0,-0.6666666666666667,0.6666666666666666,-0.33333333333333337,0.6666666666666666,0.5714285714285714,1.0,1.0,1.0,0.0,0,29.0,M,Madison,Silver,1,Frozen Foods,Value,2022-10-16,0,2022,17,1,0,0,2024-03
500074,6.0,15,0.6,0,0.0,0.0,0.0,0.0,1.2666666666666666,0.0,0.0,0.0,35.327333333333335,1.0304175727624547,,0.0,3,,0.3322222222222222,0.0,0.0,0.0,0.0,0.0,0.4,0.0,0.0,0.0,0.0,1,52.0,M,Tulsa,Gold,1,Dairy,Value,2021-04-23,0,2021,35,0,1,0,2024-03
500075,0.0,15,0.9333333333333333,0,1.0,4.333333333333333,2.6666666666666665,1.6666666666666665,3.6666666666666665,87.08999999999999,52.60999999999999,0.6431635888826712,72.972,0.6342567634025045,20.097692307692306,3.6666666666666665,0,0.4166666666666667,0.3192857142857143,1.3333333333333333,-1.3333333333333333,0.0,0.0,1.0,0.8666666666666667,2.0,2.0,2.0,1.0,1,32.0,F,Denver,Silver,0,Bakery,Mainstream,2022-05-23,0,2022,22,1,0,0,2024-03
500076,0.0,15,0.9285714285714286,1,2.0,3.6666666666666665,1.3333333333333333,2.333333333333333,3.357142857142857,125.78000000000002,49.24666666666667,1.5231524479235772,120.31642857142859,0.5443171569264316,34.303636363636365,3.0,0,0.3666666666666667,0.24615384615384617,0.3333333333333333,-1.0,0.3333333333333333,0.3333333333333333,1.0,0.6428571428571429,0.0,0.0,0.0,0.0,0,67.0,F,Tulsa,Gold,0,Beverages,Mainstream,2021-06-10,0,2021,33,1,0,0,2024-03
500077,4.0,15,0.7333333333333333,0,0.0,0.0,2.0,-2.0,1.7333333333333334,0.0,88.15333333333335,-0.9887833694758095,70.62866666666667,0.8009619187047984,,0.0,3,,0.2290909090909091,0.3333333333333333,-0.6666666666666667,0.0,-1.6666666666666667,0.3333333333333333,0.7333333333333333,0.0,1.0,-1.0,0.0,0,58.0,M,Columbus,Platinum,1,Household,Upscale,2021-04-05,0,2021,35,0,1,0,2024-03
500078,0.0,15,0.8666666666666667,0,3.0,2.0,3.3333333333333335,-1.3333333333333335,2.066666666666667,82.83,156.83,-0.46885889881518095,87.42333333333333,0.7604849255798847,41.415,2.0,0,0.31666666666666665,0.2976923076923077,1.0,-0.33333333333333326,1.6666666666666667,1.3333333333333335,0.6666666666666666,0.5333333333333333,0.0,1.0,-1.0,0.0,0,74.0,M,Boise,Platinum,1,Bakery,Value,2022-07-06,0,2022,20,1,0,0,2024-03
500079,4.0,9,0.5555555555555556,0,0.0,0.0,1.6666666666666667,-1.6666666666666667,1.1111111111111112,0.0,60.913333333333334,-0.9838483902228922,42.11333333333333,1.1612943751846063,,0.0,3,,0.368,0.0,-1.0,0.0,-0.3333333333333333,0.0,0.1111111111111111,0.0,0.0,0.0,0.0,0,63.0,F,Spokane,Silver,1,Produce,Value,2023-06-09,0,2023,9,0,1,0,2024-03
500080,0.0,4,1.0,0,5.0,4.666666666666667,5.0,-0.33333333333333304,4.75,174.76333333333332,240.24,-0.2714171226441166,191.1325,0.29005709405013075,37.449285714285715,2.0,0,0.18999999999999997,0.20249999999999999,3.3333333333333335,-1.6666666666666665,2.0,0.0,0.3333333333333333,0.5,0.0,0.0,0.0,0.0,0,60.0,Unknown,Denver,Platinum,1,Dairy,Value,2023-11-14,0,2023,4,1,0,0,2024-03
500081,0.0,15,1.0,0,7.0,4.666666666666667,6.666666666666667,-2.0,5.933333333333334,141.00666666666666,221.21333333333334,-0.3609444377775111,181.456,0.3797552504075416,30.215714285714284,2.3333333333333335,0,0.27666666666666667,0.2786666666666667,1.6666666666666667,-0.6666666666666667,1.6666666666666667,0.6666666666666667,0.3333333333333333,0.8,1.0,2.0,0.0,2.0,1,71.0,M,Denver,Silver,1,Household,Unknown,2022-07-14,0,2022,20,1,0,0,2024-03
500082,4.0,6,0.3333333333333333,0,0.0,0.0,0.6666666666666666,-0.6666666666666666,0.3333333333333333,0.0,28.343333333333334,-0.965920708849256,14.171666666666667,1.4528226374529618,,0.0,3,,0.26,0.0,0.0,0.0,0.0,0.0,0.16666666666666666,0.0,1.0,-1.0,1.0,1,54.0,Other,Boise,Platinum,0,Household,Value,2023-09-20,0,2023,6,0,1,0,2024-03
500083,0.0,15,1.0,3,3.0,3.5,4.5,-1.0,5.5,107.495,133.885,-0.195648144715869,160.1525,0.30716762613039295,30.712857142857143,2.0,0,0.355,0.21416666666666664,3.0,-0.5,2.5,1.0,0.5,0.3333333333333333,0.0,0.0,0.0,0.0,0,30.0,M,Portland,Gold,1,Bakery,Value,2021-12-07,0,2021,27,1,0,0,2024-03
500084,3.0,15,0.8,0,0.0,0.0,2.6666666666666665,-2.6666666666666665,3.0,0.0,66.81,-0.9852529125497714,79.35933333333332,0.7606324992740245,,0.0,3,,0.3308333333333333,0.0,-3.0,0.0,0.0,0.0,0.26666666666666666,1.0,1.0,1.0,0.0,0,30.0,M,Spokane,Silver,1,Dairy,Value,2021-05-13,0,2021,34,0,1,0,2024-03
500085,1.0,8,0.625,0,0.0,1.6666666666666667,2.0,-0.33333333333333326,1.875,48.19333333333333,57.24333333333333,-0.15538259028214968,54.32375,0.8894156150013454,28.915999999999997,1.0,1,0.5,0.41600000000000004,0.6666666666666666,-0.6666666666666666,0.0,0.0,0.0,0.5,1.0,2.0,0.0,0.0,0,55.0,M,Tulsa,Gold,0,Beverages,Mainstream,2023-07-20,0,2023,8,1,1,0,2024-03
500086,10.0,15,0.35714285714285715,1,0.0,0.0,0.0,0.0,1.7857142857142858,0.0,0.0,0.0,48.62428571428571,1.7517009573650446,,0.0,3,,0.198,0.0,0.0,0.0,0.0,0.0,0.35714285714285715,0.0,0.0,0.0,0.0,1,39.0,M,Tulsa,Silver,0,Bakery,Mainstream,2022-07-26,0,2022,20,0,1,0,2024-03
500088,0.0,5,1.0,0,2.0,3.6666666666666665,5.0,-1.3333333333333335,4.2,86.50666666666666,118.595,-0.2683083183522166,99.342,0.5007721421280896,23.59272727272727,3.0,0,0.56,0.42200000000000004,3.3333333333333335,-0.16666666666666652,2.6666666666666665,1.6666666666666665,1.0,0.6,0.0,0.0,0.0,0.0,0,53.0,F,Austin,Silver,1,Dairy,Unknown,2023-10-04,0,2023,5,1,0,0,2024-03
500089,10.0,13,0.23076923076923078,0,0.0,0.0,0.0,0.0,0.7692307692307693,0.0,0.0,0.0,16.17615384615385,2.019870678966409,,0.0,3,,0.45,0.0,0.0,0.0,0.0,0.0,0.07692307692307693,0.0,0.0,0.0,0.0,0,20.0,F,Portland,Gold,1,Dairy,Value,2023-02-16,0,2023,13,0,1,0,2024-03
500090,3.0,15,0.7857142857142857,1,0.0,0.0,3.6666666666666665,-3.6666666666666665,5.0,0.0,132.87333333333333,-0.9925302524774663,173.01642857142855,0.7275498505360873,,0.0,3,,0.2654545454545455,0.0,-2.3333333333333335,0.0,-0.3333333333333333,0.0,0.42857142857142855,0.0,2.0,-2.0,0.0,1,70.0,M,Spokane,Silver,0,Personal Care,Value,2021-07-03,0,2021,32,0,1,0,2024-03
500091,0.0,15,1.0,0,5.0,4.0,7.0,-3.0,6.533333333333333,100.51666666666667,163.29333333333332,-0.38210111994806034,156.47066666666666,0.2703778907131729,25.129166666666666,2.0,0,0.3566666666666667,0.20666666666666667,3.6666666666666665,0.6666666666666665,1.3333333333333333,0.6666666666666666,0.3333333333333333,0.3333333333333333,0.0,0.0,0.0,0.0,0,73.0,F,Raleigh,Silver,0,Frozen Foods,Value,2021-03-25,0,2021,36,1,0,0,2024-03
500092,1.0,15,0.8666666666666667,0,0.0,0.3333333333333333,3.6666666666666665,-3.333333333333333,4.133333333333334,9.783333333333333,102.88333333333334,-0.8961976576287503,129.10800000000003,0.7109709632174648,29.35,0.0,2,0.17,0.26769230769230773,0.0,-1.3333333333333333,0.6666666666666666,-0.6666666666666666,0.0,0.4,0.0,1.0,-1.0,0.0,0,35.0,M,Austin,Silver,1,Snacks,Value,2022-04-13,0,2022,23,1,1,0,2024-03
500093,0.0,15,1.0,1,1.0,3.6666666666666665,5.0,-1.3333333333333335,4.785714285714286,139.22666666666666,152.52,-0.08659023797116565,159.9385714285714,0.5861100166612604,37.97090909090909,3.3333333333333335,0,0.3133333333333333,0.3278571428571428,3.3333333333333335,-0.16666666666666652,0.6666666666666666,0.16666666666666663,0.3333333333333333,0.42857142857142855,0.0,1.0,-1.0,1.0,1,34.0,M,Denver,Gold,1,Household,Value,2022-06-20,0,2022,21,1,0,0,2024-03
500094,11.0,15,0.26666666666666666,0,0.0,0.0,0.0,0.0,0.6666666666666666,0.0,0.0,0.0,19.434666666666665,1.7824213752468372,,0.0,3,,0.365,0.0,0.0,0.0,0.0,0.0,0.13333333333333333,0.0,0.0,0.0,0.0,1,40.0,M,Columbus,Silver,1,Beverages,Value,2022-07-06,0,2022,20,0,1,0,2024-03
500095,0.0,1,1.0,0,2.0,2.0,,,2.0,62.15,,,62.15,,31.075,1.0,0,0.31,0.31,2.0,,0.0,,2.0,2.0,0.0,0.0,,0.0,0,64.0,F,Portland,Gold,0,Personal Care,Mainstream,2024-02-22,0,2024,1,1,0,0,2024-03
500096,0.0,13,1.0,1,6.0,4.5,4.333333333333333,0.16666666666666696,4.916666666666667,196.66500000000002,217.97333333333336,-0.09731017475491689,218.3991666666667,0.4044896497376031,43.70333333333334,1.5,0,0.19,0.2691666666666667,4.0,0.6666666666666665,0.5,0.16666666666666669,1.0,0.6666666666666666,0.0,0.0,0.0,0.0,0,,F,Madison,Platinum,0,Dairy,Value,2023-02-17,1,2023,13,1,0,0,2024-03
500097,0.0,15,1.0,0,3.0,4.666666666666667,5.666666666666667,-1.0,5.8,151.26999999999998,179.34,-0.15565043806143963,194.58866666666665,0.6795749644563503,32.415,2.3333333333333335,0,0.21,0.2633333333333333,3.3333333333333335,1.6666666666666667,1.6666666666666667,0.0,0.3333333333333333,0.3333333333333333,0.0,1.0,-1.0,0.0,0,28.0,M,Portland,Silver,1,Frozen Foods,Mainstream,2021-03-09,0,2021,36,1,0,0,2024-03
500098,0.0,14,1.0,1,3.0,5.0,6.333333333333333,-1.333333333333333,4.230769230769231,176.87,206.13,-0.14126394052044605,143.44384615384612,0.435315192523004,35.374,1.3333333333333333,0,0.23,0.2884615384615385,2.6666666666666665,1.6666666666666665,3.0,0.3333333333333335,0.0,0.5384615384615384,0.0,0.0,0.0,0.0,0,,F,Raleigh,Gold,1,Beverages,Mainstream,2023-01-08,1,2023,14,1,0,0,2024-03
500099,4.0,7,0.42857142857142855,0,0.0,0.0,1.6666666666666667,-1.6666666666666667,1.2857142857142858,0.0,56.11000000000001,-0.9824899317107336,41.17857142857143,1.448622541814367,,0.0,3,,0.3066666666666667,0.0,0.0,0.0,0.0,0.0,0.0,0.0,0.0,0.0,0.0,0,41.0,M,Madison,Silver,1,Produce,Mainstream,2023-08-27,0,2023,7,0,1,0,2024-03
500100,0.0,8,1.0,0,4.0,3.6666666666666665,3.3333333333333335,0.33333333333333304,4.125,93.96666666666665,78.02666666666666,0.20170406613801248,99.9525,0.559666255395258,25.627272727272725,3.6666666666666665,0,0.19666666666666666,0.3075,0.6666666666666666,-1.0,1.0,0.33333333333333337,0.6666666666666666,0.875,0.0,1.0,-1.0,1.0,1,43.0,F,Portland,Gold,1,Produce,Mainstream,2023-07-27,0,2023,8,1,0,0,2024-03
500101,13.0,15,0.13333333333333333,0,0.0,0.0,0.0,0.0,0.2,0.0,0.0,0.0,7.786,2.579942147134225,,0.0,3,,0.62,0.0,0.0,0.0,0.0,0.0,0.0,0.0,0.0,0.0,0.0,0,71.0,F,Portland,Gold,0,Frozen Foods,Value,2022-01-19,0,2022,26,0,1,0,2024-03
500103,0.0,15,1.0,0,6.0,3.6666666666666665,3.6666666666666665,0.0,3.8666666666666667,121.16666666666667,117.26333333333334,0.03300543983765046,122.65133333333333,0.4067126555792692,33.04545454545455,1.6666666666666667,0,0.47666666666666674,0.29600000000000004,3.6666666666666665,1.333333333333333,2.3333333333333335,0.6666666666666667,0.3333333333333333,0.6,0.0,1.0,-1.0,0.0,0,24.0,F,Portland,Gold,1,Dairy,Upscale,2021-03-25,0,2021,36,1,0,0,2024-03
500104,0.0,15,0.8,0,2.0,3.3333333333333335,2.6666666666666665,0.666666666666667,2.3333333333333335,75.18333333333334,64.29666666666667,0.1667262239011691,54.83266666666667,0.690851690364133,22.555,2.0,0,0.35333333333333333,0.295,1.6666666666666667,-0.6666666666666667,2.3333333333333335,2.0,0.0,0.26666666666666666,1.0,2.0,0.0,0.0,0,31.0,F,Tulsa,Silver,1,Bakery,Unknown,2021-07-12,0,2021,32,1,0,0,2024-03
500105,0.0,15,1.0,0,3.0,3.0,3.6666666666666665,-0.6666666666666665,3.1333333333333333,116.30666666666667,139.53,-0.16525534286866383,117.02199999999999,0.5903526324261844,38.76888888888889,1.3333333333333333,0,0.14333333333333334,0.3213333333333334,1.6666666666666667,0.3333333333333335,0.6666666666666666,0.3333333333333333,0.6666666666666666,0.7333333333333333,0.0,1.0,-1.0,1.0,1,32.0,F,Tulsa,Silver,0,Personal Care,Mainstream,2022-07-08,0,2022,20,1,0,0,2024-03
500106,0.0,15,0.9333333333333333,0,4.0,5.0,4.0,1.0,3.7333333333333334,256.11,178.5333333333333,0.4321017452655035,186.4786666666667,0.5274223008366075,51.222,4.333333333333333,0,0.31,0.3,2.0,0.0,0.3333333333333333,0.3333333333333333,0.6666666666666666,0.4,0.0,0.0,0.0,0.0,0,55.0,M,Austin,Platinum,0,Personal Care,Value,2022-11-02,0,2022,16,1,0,0,2024-03
500107,11.0,15,0.26666666666666666,0,0.0,0.0,0.0,0.0,0.9333333333333333,0.0,0.0,0.0,31.726,2.2998595538935724,,0.0,3,,0.3175,0.0,0.0,0.0,0.0,0.0,0.0,0.0,0.0,0.0,0.0,1,42.0,Other,Portland,Silver,1,Frozen Foods,Value,2021-11-24,0,2021,28,0,1,0,2024-03
500108,0.0,15,1.0,1,5.0,5.0,8.0,-3.0,5.857142857142857,169.62,247.16333333333333,-0.3124689384679445,191.95071428571433,0.5762282552272899,33.924,2.6666666666666665,0,0.4633333333333334,0.3421428571428572,2.3333333333333335,0.3333333333333335,0.3333333333333333,-1.0,0.0,0.5,1.0,1.0,1.0,0.0,0,56.0,F,Columbus,Silver,1,Bakery,Unknown,2022-08-01,0,2022,19,1,0,0,2024-03
500109,12.0,15,0.13333333333333333,0,0.0,0.0,0.0,0.0,0.13333333333333333,0.0,0.0,0.0,4.548666666666666,2.1643021497823827,,0.0,3,,0.495,0.0,0.0,0.0,0.0,0.0,0.0,0.0,0.0,0.0,0.0,0,30.0,F,Nashville,Silver,0,Household,Upscale,2022-10-22,0,2022,17,0,1,0,2024-03
500110,0.0,11,1.0,0,5.0,6.333333333333333,6.666666666666667,-0.3333333333333339,8.0,261.29333333333335,278.3333333333333,-0.061002386634844745,345.62545454545455,0.4483492187457662,41.25684210526316,1.6666666666666667,0,0.3466666666666667,0.29818181818181816,3.3333333333333335,0.666666666666667,0.6666666666666666,0.6666666666666666,0.3333333333333333,0.6363636363636364,0.0,2.0,-2.0,1.0,1,44.0,F,Madison,Platinum,0,Snacks,Value,2023-04-22,0,2023,11,1,0,0,2024-03
500111,0.0,15,1.0,0,3.0,3.3333333333333335,4.666666666666667,-1.3333333333333335,4.2,126.37,167.65666666666667,-0.24479712235903311,156.21466666666666,0.4190436224084059,37.911,3.6666666666666665,0,0.35333333333333333,0.254,2.6666666666666665,-2.0000000000000004,0.0,-0.6666666666666666,1.3333333333333333,0.8,0.0,1.0,-1.0,0.0,0,,M,Denver,Platinum,0,Household,Mainstream,2022-11-27,1,2022,16,1,0,0,2024-03
500112,0.0,15,1.0,0,5.0,5.0,2.6666666666666665,2.3333333333333335,4.2,111.68333333333334,58.0,0.9098870056497176,95.99466666666665,0.446561125538286,22.336666666666666,3.0,0,0.2533333333333333,0.21200000000000002,4.0,2.666666666666667,0.0,-1.0,0.3333333333333333,0.5333333333333333,0.0,0.0,0.0,0.0,0,28.0,F,Madison,Silver,0,Frozen Foods,Value,2021-12-05,0,2021,27,1,0,0,2024-03
500113,0.0,1,1.0,0,4.0,4.0,,,4.0,107.8,,,107.8,,26.95,3.0,0,0.14,0.14,3.0,,1.0,,1.0,1.0,0.0,0.0,,0.0,0,29.0,M,Boise,Silver,1,Bakery,Value,2024-02-28,0,2024,1,1,0,0,2024-03
500115,0.0,15,1.0,0,5.0,3.6666666666666665,4.333333333333333,-0.6666666666666665,4.533333333333333,83.83,118.43999999999998,-0.2897689216342933,111.31533333333333,0.43922061986979893,22.86272727272727,2.3333333333333335,0,0.29333333333333333,0.31200000000000006,3.0,2.0,1.0,0.6666666666666667,1.0,0.5333333333333333,0.0,1.0,-1.0,0.0,1,56.0,Unknown,Austin,Gold,1,Dairy,Unknown,2022-01-11,0,2022,26,1,0,0,2024-03
500116,9.0,13,0.23076923076923078,0,0.0,0.0,0.0,0.0,0.23076923076923078,0.0,0.0,0.0,8.463076923076924,1.7002279088428693,,0.0,3,,0.24,0.0,0.0,0.3333333333333333,0.0,0.0,0.15384615384615385,0.0,0.0,0.0,0.0,0,60.0,F,Raleigh,Silver,1,Bakery,Mainstream,2023-02-22,0,2023,13,0,1,0,2024-03
500117,0.0,15,1.0,0,1.0,3.0,2.3333333333333335,0.6666666666666665,3.2666666666666666,101.04666666666667,82.89333333333333,0.21638588684043233,117.6233333333333,0.4652660751448282,33.68222222222222,1.0,0,0.27666666666666667,0.30333333333333334,1.3333333333333333,-2.0,0.3333333333333333,0.3333333333333333,1.0,0.6,0.0,0.0,0.0,0.0,0,62.0,M,Madison,Gold,0,Snacks,Value,2021-10-05,0,2021,29,1,0,0,2024-03
500119,3.0,15,0.8,0,0.0,0.0,5.666666666666667,-5.666666666666667,5.133333333333334,0.0,152.8033333333333,-0.9934981903296417,135.328,0.7230256418016614,,0.0,3,,0.3116666666666667,0.3333333333333333,-0.3333333333333333,0.0,0.0,0.0,0.3333333333333333,2.0,3.0,1.0,0.0,0,50.0,M,Austin,Silver,0,Produce,Upscale,2021-06-06,0,2021,33,0,1,0,2024-03
500120,0.0,3,0.6666666666666666,0,2.0,2.0,,,2.0,67.12666666666667,,,67.12666666666667,1.0487776888307738,33.56333333333333,1.6666666666666667,1,0.265,0.265,0.0,,0.6666666666666666,,0.3333333333333333,0.3333333333333333,1.0,1.0,,0.0,0,23.0,M,Portland,Silver,1,Beverages,Value,2023-12-11,0,2023,3,1,0,0,2024-03
500121,3.0,14,0.6153846153846154,1,0.0,0.0,1.0,-1.0,0.7692307692307693,0.0,43.15,-0.9773499433748585,31.372307692307693,0.8796364932236711,,0.0,2,,0.3075,0.5,-1.5,1.5,0.8333333333333334,1.0,0.6153846153846154,0.0,1.0,-1.0,1.0,1,25.0,F,Raleigh,Platinum,1,Beverages,Value,2023-01-02,0,2023,14,0,1,0,2024-03
500122,0.0,15,1.0,2,5.0,7.0,5.666666666666667,1.333333333333333,6.153846153846154,151.425,132.34333333333333,0.14310176736744754,139.48461538461535,0.35902938861238254,21.63214285714286,2.0,0,0.325,0.20923076923076922,2.0,-1.6666666666666665,3.0,2.0,1.5,1.0,0.0,0.0,0.0,0.0,0,44.0,F,Denver,Silver,1,Frozen Foods,Mainstream,2021-03-28,0,2021,36,1,0,0,2024-03
500123,0.0,3,1.0,0,5.0,7.666666666666667,,,7.666666666666667,270.3533333333333,,,270.3533333333333,0.36983915537748313,35.26347826086956,4.0,0,0.15666666666666665,0.15666666666666665,4.666666666666667,,0.0,,0.6666666666666666,0.6666666666666666,0.0,0.0,,0.0,0,57.0,M,Raleigh,Silver,0,Personal Care,Mainstream,2023-12-28,0,2023,3,1,0,0,2024-03
500124,7.0,15,0.4,0,0.0,0.0,0.0,0.0,0.5333333333333333,0.0,0.0,0.0,24.162000000000003,1.3533346976330694,,0.0,3,,0.3133333333333333,0.0,0.0,0.0,0.0,0.0,0.26666666666666666,0.0,0.0,0.0,0.0,1,31.0,M,Nashville,Gold,1,Produce,Mainstream,2022-03-25,0,2022,24,0,1,0,2024-03
500125,6.0,15,0.6,0,0.0,0.0,0.0,0.0,2.7333333333333334,0.0,0.0,0.0,100.51866666666668,1.1776892131668792,,0.0,3,,0.27222222222222225,0.0,0.0,0.0,0.0,0.0,0.06666666666666667,0.0,1.0,-1.0,0.0,0,27.0,F,Nashville,Silver,0,Personal Care,Mainstream,2022-01-02,0,2022,26,0,1,0,2024-03
500126,1.0,15,0.9285714285714286,1,0.0,4.666666666666667,8.5,-3.833333333333333,6.0,200.67999999999998,411.95500000000004,-0.5116174885883451,257.43714285714293,0.461759207904652,43.00285714285714,3.3333333333333335,1,0.41,0.36230769230769233,2.0,-2.5,0.6666666666666666,-1.3333333333333335,0.0,0.42857142857142855,0.0,0.0,0.0,0.0,1,63.0,F,Spokane,Gold,1,Beverages,Mainstream,2022-12-18,0,2022,15,1,0,0,2024-03
500127,0.0,2,1.0,0,11.0,8.0,,,8.0,225.95499999999998,,,225.95499999999998,0.5620276806337878,28.244374999999998,2.5,0,0.485,0.485,3.0,,0.0,,1.0,1.0,0.0,0.0,,0.0,0,52.0,F,Columbus,Silver,0,Dairy,Upscale,2024-01-31,0,2024,2,1,0,0,2024-03
500128,0.0,15,1.0,0,4.0,3.6666666666666665,4.333333333333333,-0.6666666666666665,3.6666666666666665,123.92,133.37,-0.07032819825853986,120.33933333333334,0.3752809880113154,33.79636363636364,2.0,0,0.38000000000000006,0.328,2.6666666666666665,1.6666666666666665,2.6666666666666665,1.6666666666666665,1.3333333333333333,0.7333333333333333,0.0,0.0,0.0,0.0,0,64.0,M,Boise,Gold,1,Produce,Value,2022-08-29,0,2022,19,1,0,0,2024-03
500129,11.0,15,0.2,0,0.0,0.0,0.0,0.0,0.4,0.0,0.0,0.0,13.265333333333333,1.9356831096214386,,0.0,3,,0.27,0.0,0.0,0.0,0.0,0.0,0.26666666666666666,0.0,0.0,0.0,0.0,0,22.0,M,Austin,Silver,1,Frozen Foods,Value,2022-12-12,0,2022,15,0,1,0,2024-03
500130,6.0,15,0.3333333333333333,0,0.0,0.0,0.0,0.0,0.4,0.0,0.0,0.0,13.821333333333333,1.4926655121976715,,0.0,3,,0.202,0.0,0.0,0.0,0.0,0.0,0.3333333333333333,0.0,0.0,0.0,0.0,0,71.0,M,Columbus,Gold,1,Frozen Foods,Value,2021-07-16,0,2021,32,0,1,0,2024-03
500131,0.0,15,1.0,0,4.0,3.3333333333333335,5.666666666666667,-2.3333333333333335,4.333333333333333,156.97333333333333,245.7166666666667,-0.3596973586435183,190.436,0.544358052533155,47.092,3.6666666666666665,0,0.22333333333333336,0.2886666666666667,4.333333333333333,2.333333333333333,1.3333333333333333,1.3333333333333333,0.3333333333333333,0.4666666666666667,0.0,0.0,0.0,0.0,0,64.0,M,Boise,Silver,1,Beverages,Mainstream,2022-02-24,0,2022,25,1,0,0,2024-03
500132,3.0,12,0.75,0,0.0,0.0,3.6666666666666665,-3.6666666666666665,3.5833333333333335,0.0,171.91,-0.9942166444971372,149.63333333333335,0.8391518054448099,,0.0,3,,0.29222222222222227,0.0,-1.6666666666666667,0.0,-0.6666666666666666,0.0,1.0,0.0,0.0,0.0,0.0,1,65.0,M,Madison,Platinum,1,Snacks,Mainstream,2023-03-27,0,2023,12,0,1,0,2024-03
500133,0.0,1,1.0,0,4.0,4.0,,,4.0,99.5,,,99.5,,24.875,5.0,0,0.13,0.13,4.0,,2.0,,0.0,0.0,0.0,0.0,,0.0,0,23.0,F,Boise,Silver,1,Household,Value,2024-02-25,0,2024,1,1,0,0,2024-03
500134,0.0,15,1.0,0,8.0,6.0,7.333333333333333,-1.333333333333333,7.0,206.65666666666664,229.99333333333334,-0.101027446679558,232.31666666666666,0.4122628930582833,34.44277777777777,2.0,0,0.27,0.2406666666666667,1.3333333333333333,-0.6666666666666667,2.0,0.33333333333333326,0.6666666666666666,0.5333333333333333,1.0,2.0,0.0,0.0,1,54.0,M,Tulsa,Gold,1,Household,Value,2022-06-12,0,2022,21,1,0,0,2024-03
500135,7.0,9,0.2222222222222222,0,0.0,0.0,0.0,0.0,0.7777777777777778,0.0,0.0,0.0,24.058888888888887,1.9420732927140139,,0.0,3,,0.645,0.0,0.0,0.0,0.0,0.0,0.0,0.0,0.0,0.0,0.0,0,48.0,F,Madison,Silver,1,Bakery,Value,2023-06-10,0,2023,9,0,1,0,2024-03
500136,0.0,15,1.0,0,10.0,5.666666666666667,4.0,1.666666666666667,5.933333333333334,174.87333333333333,111.80666666666666,0.5590686129661369,176.38600000000002,0.48298062111373724,30.86,3.0,0,0.4033333333333333,0.3086666666666666,2.6666666666666665,0.33333333333333304,1.0,0.6666666666666667,0.6666666666666666,0.7333333333333333,0.0,0.0,0.0,0.0,0,28.0,M,Columbus,Gold,0,Dairy,Value,2022-02-23,0,2022,25,1,0,0,2024-03
500137,11.0,15,0.21428571428571427,1,0.0,0.0,0.0,0.0,0.7857142857142857,0.0,0.0,0.0,20.59357142857143,2.1864851354882147,,0.0,3,,0.36333333333333334,0.0,0.0,0.0,0.0,0.0,0.07142857142857142,0.0,0.0,0.0,0.0,0,70.0,F,Denver,Silver,0,Snacks,Upscale,2021-07-27,0,2021,32,0,1,0,2024-03
500138,0.0,12,1.0,0,10.0,10.0,7.0,3.0,9.333333333333334,389.50666666666666,307.92,0.264102896111183,397.3183333333333,0.4043982041290584,38.95066666666666,3.6666666666666665,0,0.36999999999999994,0.2175,1.6666666666666667,-1.9999999999999998,1.0,-0.33333333333333326,0.3333333333333333,0.75,1.0,1.0,1.0,0.0,0,64.0,F,Columbus,Gold,1,Snacks,Upscale,2023-03-14,0,2023,12,1,0,0,2024-03
500139,0.0,15,0.8,0,2.0,3.0,1.6666666666666667,1.3333333333333333,2.2,117.28333333333335,76.20333333333333,0.5321013773153147,88.82133333333336,0.8030013848495433,39.09444444444445,2.6666666666666665,0,0.17666666666666667,0.32583333333333336,1.3333333333333333,-1.3333333333333333,0.6666666666666666,0.6666666666666666,1.0,0.4,0.0,1.0,-1.0,0.0,0,65.0,M,Nashville,Gold,0,Produce,Value,2021-06-11,0,2021,33,1,0,0,2024-03
500140,1.0,15,0.8571428571428571,1,0.0,0.5,3.0,-2.5,2.357142857142857,10.845,62.70333333333334,-0.8140599654649155,51.376428571428576,0.9899701039826008,21.69,0.5,1,0.35,0.2725,0.0,-1.6666666666666667,0.0,-0.6666666666666666,0.0,0.35714285714285715,0.0,1.0,-1.0,0.0,0,59.0,F,Austin,Silver,1,Personal Care,Upscale,2022-09-03,0,2022,18,1,0,0,2024-03
500141,0.0,15,1.0,2,5.0,7.666666666666667,11.0,-3.333333333333333,8.76923076923077,209.23666666666668,295.0566666666667,-0.2898769379735861,242.60307692307694,0.37369368741068226,27.291739130434784,3.6666666666666665,0,0.4366666666666667,0.3369230769230768,4.666666666666667,2.3333333333333335,1.3333333333333333,0.6666666666666666,0.6666666666666666,0.6153846153846154,0.0,1.0,-1.0,0.0,0,28.0,M,Nashville,Silver,0,Bakery,Value,2022-08-20,0,2022,19,1,0,0,2024-03
500142,0.0,15,1.0,0,2.0,3.3333333333333335,6.0,-2.6666666666666665,4.266666666666667,108.19666666666667,205.59666666666666,-0.4714500072605237,150.65733333333336,0.4903957831314985,32.459,1.6666666666666667,0,0.35000000000000003,0.3226666666666667,1.6666666666666667,-0.6666666666666667,0.3333333333333333,-0.3333333333333333,0.0,0.7333333333333333,0.0,0.0,0.0,0.0,1,60.0,M,Nashville,Platinum,0,Produce,Mainstream,2021-11-19,0,2021,28,1,0,0,2024-03
500143,0.0,15,1.0,0,2.0,4.333333333333333,3.0,1.333333333333333,4.466666666666667,108.05999999999999,83.19,0.2954032545432948,124.39,0.5079891740383292,24.936923076923073,1.3333333333333333,0,0.26333333333333336,0.30333333333333334,2.3333333333333335,0.0,1.3333333333333333,-0.6666666666666667,1.0,0.6,1.0,1.0,1.0,1.0,1,44.0,M,Austin,Silver,1,Personal Care,Mainstream,2021-10-22,0,2021,29,1,0,0,2024-03
500145,7.0,15,0.5,1,0.0,0.0,0.0,0.0,2.142857142857143,0.0,0.0,0.0,78.76857142857143,1.114908241491026,,0.0,3,,0.3242857142857143,0.0,0.0,0.0,0.0,0.0,0.14285714285714285,0.0,0.0,0.0,0.0,0,51.0,M,Denver,Gold,0,Dairy,Value,2021-02-18,0,2021,37,0,1,0,2024-03
500146,0.0,4,1.0,0,1.0,3.0,3.0,0.0,3.0,72.87333333333333,79.91,-0.08696906027273096,74.63250000000001,0.5530005948914344,24.29111111111111,3.0,0,0.24333333333333332,0.215,1.0,-3.0,0.3333333333333333,0.3333333333333333,0.3333333333333333,0.25,0.0,0.0,0.0,0.0,0,65.0,M,Columbus,Silver,1,Dairy,Value,2023-11-08,0,2023,4,1,0,0,2024-03
500147,11.0,13,0.15384615384615385,0,0.0,0.0,0.0,0.0,0.6153846153846154,0.0,0.0,0.0,15.793846153846154,2.338189090139864,,0.0,3,,0.22,0.0,0.0,0.0,0.0,0.0,0.15384615384615385,0.0,0.0,0.0,0.0,0,47.0,F,Portland,Silver,0,Bakery,Mainstream,2023-01-06,0,2023,14,0,1,0,2024-03
500148,0.0,15,1.0,0,2.0,3.6666666666666665,4.0,-0.3333333333333335,3.6,112.13333333333333,108.79333333333331,0.030420790576234303,108.89466666666668,0.6531140050756831,30.58181818181818,3.0,0,0.19000000000000003,0.24933333333333335,1.6666666666666667,0.3333333333333335,0.0,-0.6666666666666666,1.0,0.5333333333333333,0.0,1.0,-1.0,1.0,1,34.0,Unknown,Madison,Silver,0,Personal Care,Upscale,2021-05-06,0,2021,34,1,0,0,2024-03
500149,0.0,10,1.0,0,4.0,2.6666666666666665,1.6666666666666667,0.9999999999999998,2.0,74.85333333333334,44.423333333333325,0.6699200117413961,53.771,0.481899290006358,28.07,2.0,0,0.44333333333333336,0.269,1.0,-0.6666666666666667,0.0,-0.3333333333333333,1.0,0.8,0.0,0.0,0.0,0.0,0,55.0,F,Austin,Silver,0,Snacks,Unknown,2023-05-09,0,2023,10,1,0,0,2024-03
500151,7.0,15,0.5,1,0.0,0.0,0.0,0.0,1.2142857142857142,0.0,0.0,0.0,33.449285714285715,1.2177860475808653,,0.0,3,,0.2728571428571428,0.0,0.0,0.0,0.0,0.0,0.2857142857142857,0.0,0.0,0.0,0.0,1,34.0,F,Tulsa,Gold,1,Frozen Foods,Mainstream,2022-06-28,0,2022,21,0,1,0,2024-03
500152,6.0,15,0.5333333333333333,0,0.0,0.0,0.0,0.0,1.2666666666666666,0.0,0.0,0.0,40.54666666666667,1.2962304601302366,,0.0,3,,0.3075,0.0,0.0,0.0,0.0,0.0,0.2,0.0,1.0,-1.0,1.0,1,47.0,F,Nashville,Gold,0,Household,Mainstream,2021-12-04,0,2021,27,0,1,0,2024-03
500153,8.0,15,0.4666666666666667,0,0.0,0.0,0.0,0.0,2.466666666666667,0.0,0.0,0.0,39.620666666666665,1.5533820893255494,,0.0,3,,0.27714285714285714,0.0,0.0,0.0,0.0,0.0,0.2,0.0,0.0,0.0,0.0,1,55.0,M,Austin,Silver,1,Personal Care,Value,2021-12-15,0,2021,27,0,1,0,2024-03
500154,0.0,15,0.8666666666666667,0,2.0,3.0,3.6666666666666665,-0.6666666666666665,2.7333333333333334,119.59333333333332,146.55999999999997,-0.18275051956266372,106.48066666666668,0.6303281241429515,39.864444444444445,1.3333333333333333,0,0.22666666666666668,0.26076923076923075,3.6666666666666665,-0.3333333333333335,0.3333333333333333,-1.3333333333333335,0.3333333333333333,0.4666666666666667,0.0,0.0,0.0,0.0,1,37.0,M,Spokane,Gold,1,Bakery,Unknown,2021-09-27,0,2021,30,1,0,0,2024-03
500155,0.0,15,1.0,0,7.0,4.0,9.0,-5.0,4.866666666666666,112.08,246.84,-0.5437378954163976,139.34866666666667,0.4725053825672489,28.02,1.6666666666666667,0,0.2966666666666667,0.30266666666666675,3.0,1.0,1.0,-2.0,0.3333333333333333,0.26666666666666666,0.0,1.0,-1.0,0.0,0,27.0,F,Raleigh,Gold,1,Dairy,Mainstream,2022-04-10,0,2022,23,1,0,0,2024-03
500156,0.0,4,1.0,0,2.0,2.6666666666666665,2.0,0.6666666666666665,2.5,81.47666666666667,55.74,0.45358947244742104,75.0425,0.4761670263815569,30.55375,1.3333333333333333,0,0.29333333333333333,0.265,2.3333333333333335,0.3333333333333335,1.3333333333333333,-1.6666666666666667,1.3333333333333333,1.25,1.0,1.0,1.0,1.0,1,36.0,F,Tulsa,Silver,1,Dairy,Mainstream,2023-11-24,0,2023,4,1,0,0,2024-03
500157,8.0,15,0.3333333333333333,0,0.0,0.0,0.0,0.0,1.2666666666666666,0.0,0.0,0.0,46.102666666666664,1.844968149695705,,0.0,3,,0.24,0.0,0.0,0.0,0.0,0.0,0.4,0.0,0.0,0.0,0.0,0,65.0,M,Madison,Gold,1,Frozen Foods,Mainstream,2021-08-15,0,2021,31,0,1,0,2024-03
500158,3.0,15,0.7333333333333333,0,0.0,0.0,4.0,-4.0,2.1333333333333333,0.0,121.74,-0.9918526967573733,68.97,0.8438963992535133,,0.0,3,,0.37636363636363634,0.0,-0.3333333333333333,0.0,0.0,0.0,0.26666666666666666,0.0,1.0,-1.0,0.0,0,26.0,F,Spokane,Platinum,0,Household,Unknown,2022-12-29,0,2022,15,0,1,0,2024-03
500159,0.0,15,1.0,0,4.0,4.666666666666667,5.0,-0.33333333333333304,5.533333333333333,125.66000000000001,131.35666666666668,-0.04304026997758585,153.82866666666666,0.4827992512297861,26.927142857142858,2.0,0,0.37000000000000005,0.2926666666666667,1.3333333333333333,0.0,0.3333333333333333,-0.3333333333333333,1.0,0.3333333333333333,0.0,0.0,0.0,0.0,0,40.0,F,Portland,Gold,0,Dairy,Mainstream,2021-08-15,0,2021,31,1,0,0,2024-03
500160,0.0,15,0.8666666666666667,0,3.0,3.0,2.6666666666666665,0.3333333333333335,3.1333333333333333,121.98666666666666,103.92666666666666,0.17212021094097468,128.85000000000002,0.50610620228706,40.66222222222222,2.6666666666666665,0,0.26333333333333336,0.3376923076923077,1.3333333333333333,-1.6666666666666667,1.6666666666666667,-0.33333333333333326,1.0,0.7333333333333333,1.0,1.0,1.0,0.0,0,46.0,M,Madison,Platinum,1,Snacks,Value,2021-09-22,0,2021,30,1,0,0,2024-03
500161,0.0,15,1.0,0,9.0,8.333333333333334,5.0,3.333333333333334,6.8,259.13,143.3166666666667,0.8024945143781034,210.95066666666662,0.32598349265411575,31.0956,4.666666666666667,0,0.2833333333333333,0.28800000000000003,4.0,1.3333333333333335,1.3333333333333333,-1.0000000000000002,1.0,1.1333333333333333,0.0,0.0,0.0,0.0,0,63.0,M,Tulsa,Silver,1,Frozen Foods,Value,2021-03-24,0,2021,36,1,0,0,2024-03
500163,10.0,15,0.3333333333333333,0,0.0,0.0,0.0,0.0,2.6,0.0,0.0,0.0,94.788,1.5562685279189152,,0.0,3,,0.38199999999999995,0.0,0.0,0.0,0.0,0.0,0.0,0.0,0.0,0.0,0.0,0,74.0,M,Nashville,Silver,1,Household,Value,2021-07-24,0,2021,32,0,1,0,2024-03
500165,0.0,15,0.8666666666666667,0,4.0,6.333333333333333,1.0,5.333333333333333,2.533333333333333,229.5,37.25333333333334,5.0256186824677584,92.94533333333332,0.9081796299684547,36.23684210526316,4.666666666666667,0,0.33,0.31538461538461543,0.6666666666666666,0.6666666666666666,0.0,-0.6666666666666666,1.0,0.5333333333333333,1.0,1.0,1.0,1.0,1,44.0,F,Columbus,Gold,0,Frozen Foods,Mainstream,2022-10-13,0,2022,17,1,0,0,2024-03
500166,0.0,15,0.8666666666666667,0,2.0,1.3333333333333333,1.0,0.33333333333333326,1.6666666666666667,37.04333333333333,28.2,0.30285388127853874,46.17999999999999,0.7788803362434559,27.7825,1.0,1,0.37,0.39538461538461545,1.0,0.0,1.6666666666666667,-0.6666666666666667,0.6666666666666666,0.5333333333333333,1.0,1.0,1.0,0.0,0,66.0,M,Boise,Silver,1,Dairy,Upscale,2021-10-18,0,2021,29,1,0,0,2024-03
500167,0.0,15,0.8,0,2.0,2.3333333333333335,1.6666666666666667,0.6666666666666667,1.7333333333333334,94.01666666666667,59.79,0.5630312003070681,63.16133333333333,0.8268501331010997,40.292857142857144,1.0,1,0.345,0.2808333333333333,0.0,-1.6666666666666667,1.0,-0.6666666666666667,0.0,0.4,0.0,0.0,0.0,0.0,1,43.0,M,Nashville,Gold,1,Household,Value,2021-04-14,0,2021,35,1,0,0,2024-03
500168,0.0,15,1.0,1,3.0,6.333333333333333,6.0,0.33333333333333304,6.214285714285714,267.6133333333333,231.465,0.15550011112783982,247.03857142857143,0.44164376175145015,42.25473684210526,2.0,0,0.36999999999999994,0.2735714285714286,2.3333333333333335,-0.6666666666666665,0.6666666666666666,-1.8333333333333335,0.6666666666666666,0.5,0.0,1.0,-1.0,0.0,0,56.0,F,Boise,Gold,1,Personal Care,Mainstream,2022-09-10,0,2022,18,1,0,0,2024-03
500169,0.0,2,1.0,0,3.0,3.5,,,3.5,145.245,,,145.245,0.25253640932252996,41.49857142857143,2.5,0,0.305,0.305,3.5,,1.5,,0.5,0.5,0.0,0.0,,0.0,0,38.0,F,Nashville,Gold,0,Beverages,Mainstream,2024-01-21,0,2024,2,1,0,0,2024-03
500170,1.0,15,0.9333333333333333,0,0.0,1.6666666666666667,1.6666666666666667,0.0,2.6,54.81666666666666,53.04666666666666,0.03274947576168749,82.28466666666665,0.6001619961960698,32.89,1.6666666666666667,1,0.385,0.34500000000000003,0.3333333333333333,-1.6666666666666667,0.3333333333333333,-1.6666666666666667,0.3333333333333333,0.8,0.0,0.0,0.0,0.0,1,56.0,F,Madison,Silver,1,Bakery,Mainstream,2022-01-04,0,2022,26,1,1,0,2024-03
500171,0.0,7,1.0,1,3.0,5.666666666666667,9.5,-3.833333333333333,6.833333333333333,244.77666666666664,399.78999999999996,-0.38676946364263914,286.385,0.38396756323343406,43.19588235294117,1.0,0,0.2966666666666667,0.31666666666666665,2.3333333333333335,0.3333333333333335,0.3333333333333333,-0.16666666666666669,1.0,0.8333333333333334,0.0,0.0,0.0,0.0,0,52.0,F,Spokane,Silver,0,Bakery,Upscale,2023-08-07,0,2023,7,1,0,0,2024-03
500172,0.0,7,1.0,0,8.0,8.666666666666666,12.0,-3.333333333333334,9.428571428571429,300.72999999999996,457.23,-0.34153154529384816,344.60571428571427,0.4598437355482296,34.699615384615385,4.666666666666667,0,0.48,0.41000000000000003,1.6666666666666667,-0.6666666666666667,0.6666666666666666,-1.0,1.0,0.8571428571428571,1.0,1.0,1.0,0.0,0,74.0,F,Portland,Gold,1,Frozen Foods,Value,2023-08-12,0,2023,7,1,0,0,2024-03
500173,4.0,6,0.3333333333333333,0,0.0,0.0,1.0,-1.0,0.5,0.0,45.413333333333334,-0.9784544671071531,22.706666666666667,1.5865584700786846,,0.0,3,,0.385,0.0,0.0,0.0,0.0,0.0,0.0,0.0,6.0,-6.0,1.0,1,40.0,F,Nashville,Gold,0,Beverages,Value,2023-09-20,0,2023,6,0,1,0,2024-03
500174,0.0,6,1.0,1,6.0,5.5,4.666666666666667,0.833333333333333,5.0,183.815,160.87333333333333,0.1417260409373584,170.05,0.4603890573088134,33.42090909090909,4.0,0,0.405,0.28600000000000003,1.5,0.5,1.5,0.5,0.5,0.2,0.0,0.0,0.0,0.0,0,30.0,F,Portland,Silver,1,Dairy,Mainstream,2023-09-13,0,2023,6,1,0,0,2024-03
500175,1.0,15,0.8,0,0.0,2.0,1.6666666666666667,0.33333333333333326,1.6666666666666667,44.88666666666666,39.33,0.13777998181667903,38.21066666666666,0.7960912892629989,22.44333333333333,1.0,1,0.38,0.2233333333333333,0.3333333333333333,-0.6666666666666667,0.6666666666666666,-1.3333333333333335,0.3333333333333333,0.4666666666666667,1.0,3.0,-1.0,2.0,1,25.0,F,Boise,Silver,1,Produce,Mainstream,2021-06-03,0,2021,33,1,0,0,2024-03
500176,7.0,12,0.4166666666666667,0,0.0,0.0,0.0,0.0,1.0,0.0,0.0,0.0,28.810000000000002,1.4102966174345792,,0.0,3,,0.396,0.0,0.0,0.0,0.0,0.0,0.4166666666666667,0.0,0.0,0.0,0.0,0,46.0,M,Columbus,Silver,1,Frozen Foods,Mainstream,2023-03-05,0,2023,12,0,1,0,2024-03
500177,0.0,3,1.0,0,2.0,3.3333333333333335,,,3.3333333333333335,98.50999999999999,,,98.50999999999999,0.6698595164614293,29.552999999999997,2.3333333333333335,0,0.3233333333333333,0.3233333333333333,3.0,,2.0,,1.0,1.0,0.0,0.0,,0.0,0,46.0,F,Denver,Silver,1,Produce,Value,2023-12-30,0,2023,3,1,0,0,2024-03
500178,0.0,5,1.0,0,4.0,4.666666666666667,5.0,-0.33333333333333304,4.8,210.12333333333336,234.58499999999998,-0.10383371889834504,219.908,0.48636801079063424,45.02642857142858,3.6666666666666665,0,0.2066666666666667,0.21800000000000003,3.0,1.0,1.0,-0.5,0.3333333333333333,0.2,1.0,1.0,1.0,1.0,1,23.0,M,Spokane,Platinum,1,Household,Upscale,2023-10-06,0,2023,5,1,0,0,2024-03
500179,0.0,14,1.0,1,4.0,4.333333333333333,3.6666666666666665,0.6666666666666665,4.0,117.19333333333333,112.02666666666666,0.045711926389052776,113.41769230769229,0.4847809694416855,27.044615384615383,2.0,0,0.33666666666666667,0.24692307692307697,2.3333333333333335,0.6666666666666667,0.3333333333333333,0.3333333333333333,0.0,0.23076923076923078,0.0,0.0,0.0,0.0,0,18.0,M,Tulsa,Silver,0,Bakery,Mainstream,2023-01-27,0,2023,14,1,0,0,2024-03
500180,0.0,12,1.0,0,4.0,7.666666666666667,7.333333333333333,0.3333333333333339,7.583333333333333,385.6766666666667,376.95666666666665,0.023071427941474845,374.5,0.262586505205899,50.30565217391304,3.0,0,0.25000000000000006,0.25083333333333335,2.6666666666666665,-0.3333333333333335,1.3333333333333333,-1.0000000000000002,1.0,0.5833333333333334,0.0,1.0,-1.0,1.0,1,40.0,M,Spokane,Platinum,1,Personal Care,Mainstream,2023-03-25,0,2023,12,1,0,0,2024-03
500181,0.0,10,1.0,0,2.0,6.333333333333333,7.0,-0.666666666666667,6.7,224.89333333333335,253.23333333333335,-0.11147240068178839,233.144,0.6131033098453048,35.509473684210526,3.0,0,0.19999999999999998,0.23100000000000004,3.3333333333333335,-0.9999999999999996,0.3333333333333333,-0.3333333333333333,0.3333333333333333,0.9,0.0,0.0,0.0,0.0,0,20.0,F,Spokane,Gold,0,Beverages,Mainstream,2023-05-06,0,2023,10,1,0,0,2024-03
500182,0.0,15,1.0,0,4.0,3.6666666666666665,2.6666666666666665,1.0,3.3333333333333335,91.33999999999999,69.11666666666666,0.3169479439030187,85.62933333333334,0.37001368494599846,24.91090909090909,2.0,0,0.22666666666666666,0.2546666666666667,0.6666666666666666,-1.0,0.3333333333333333,-0.6666666666666667,0.0,0.6,1.0,3.0,-1.0,0.0,0,72.0,M,Nashville,Silver,0,Household,Upscale,2021-04-19,0,2021,35,1,0,0,2024-03
500183,0.0,15,0.7857142857142857,1,4.0,2.0,0.6666666666666666,1.3333333333333335,1.7857142857142858,51.68,20.68,1.429889298892989,47.66642857142857,0.7268370724172587,25.84,2.3333333333333335,0,0.27666666666666667,0.27181818181818185,0.0,0.0,2.3333333333333335,1.0000000000000002,2.3333333333333335,0.7857142857142857,0.0,0.0,0.0,0.0,0,63.0,F,Portland,Gold,1,Produce,Mainstream,2021-07-24,0,2021,32,1,0,0,2024-03
500184,0.0,15,1.0,0,6.0,4.0,5.333333333333333,-1.333333333333333,5.2,167.22,224.26333333333332,-0.2532295535595377,222.71066666666667,0.5213546389790603,41.805,3.0,0,0.31,0.2946666666666667,1.3333333333333333,0.33333333333333326,3.3333333333333335,1.0,0.6666666666666666,0.6666666666666666,0.0,0.0,0.0,0.0,0,22.0,M,Nashville,Gold,1,Produce,Value,2022-07-02,0,2022,20,1,0,0,2024-03
500185,10.0,15,0.2857142857142857,1,0.0,0.0,0.0,0.0,0.9285714285714286,0.0,0.0,0.0,25.233571428571427,2.0467091472938317,,0.0,3,,0.47,0.0,0.0,0.0,0.0,0.0,0.14285714285714285,0.0,0.0,0.0,0.0,1,62.0,M,Raleigh,Silver,0,Produce,Mainstream,2021-03-05,0,2021,36,0,1,0,2024-03
500186,9.0,12,0.25,0,0.0,0.0,0.0,0.0,0.5,0.0,0.0,0.0,17.991666666666667,1.9513842496264389,,0.0,3,,0.17,0.0,0.0,0.0,0.0,0.0,0.16666666666666666,0.0,0.0,0.0,0.0,0,61.0,F,Austin,Silver,0,Snacks,Mainstream,2023-04-01,0,2023,11,0,1,0,2024-03
500187,0.0,4,0.75,0,2.0,2.3333333333333335,0.0,2.3333333333333335,1.75,75.46333333333332,0.0,75.46333333333332,56.5975,0.7221253670909017,32.34142857142857,1.6666666666666667,0,0.26,0.26,1.3333333333333333,-0.6666666666666667,1.6666666666666667,0.6666666666666667,0.6666666666666666,0.5,0.0,1.0,-1.0,0.0,0,59.0,F,Columbus,Silver,1,Dairy,Value,2023-11-24,0,2023,4,1,0,0,2024-03
500188,0.0,9,1.0,0,8.0,5.666666666666667,6.0,-0.33333333333333304,5.555555555555555,161.25333333333333,162.27333333333334,-0.006247192846351783,150.99444444444447,0.3371054043724746,28.456470588235295,3.3333333333333335,0,0.21333333333333335,0.23333333333333334,3.3333333333333335,2.0,1.3333333333333333,0.0,0.3333333333333333,0.5555555555555556,0.0,0.0,0.0,0.0,0,67.0,M,Spokane,Silver,1,Frozen Foods,Value,2023-06-20,0,2023,9,1,0,0,2024-03
500189,0.0,2,1.0,0,10.0,8.0,,,8.0,215.60000000000002,,,215.60000000000002,0.2958357179645658,26.950000000000003,5.5,0,0.2,0.2,3.0,,2.5,,1.0,1.0,0.0,0.0,,0.0,0,58.0,F,Madison,Platinum,1,Beverages,Mainstream,2024-01-19,0,2024,2,1,0,0,2024-03
500190,0.0,15,0.8,0,9.0,6.0,2.3333333333333335,3.6666666666666665,3.933333333333333,222.03666666666666,83.38333333333334,1.6431364803476196,141.91733333333332,0.7477410553642971,37.00611111111111,4.0,0,0.42333333333333334,0.41750000000000004,1.3333333333333333,-0.6666666666666667,2.0,-0.3333333333333335,0.3333333333333333,0.7333333333333333,0.0,1.0,-1.0,1.0,1,47.0,M,Tulsa,Gold,1,Produce,Upscale,2021-04-15,0,2021,35,1,0,0,2024-03
500191,0.0,7,1.0,0,7.0,5.333333333333333,2.6666666666666665,2.6666666666666665,3.857142857142857,192.63000000000002,94.79,1.0214009813132896,141.31714285714287,0.4347120494545701,36.118125000000006,4.0,0,0.3433333333333333,0.27,1.3333333333333333,-0.6666666666666667,0.3333333333333333,-1.0,0.3333333333333333,0.5714285714285714,1.0,2.0,0.0,1.0,1,59.0,F,Madison,Gold,1,Bakery,Mainstream,2023-08-20,0,2023,7,1,0,0,2024-03
500192,0.0,15,1.0,0,2.0,3.0,4.666666666666667,-1.666666666666667,3.6,66.29,111.45333333333333,-0.4016184491344557,82.71533333333332,0.5349789353142381,22.096666666666668,1.6666666666666667,0,0.30333333333333334,0.358,0.6666666666666666,-0.6666666666666666,1.3333333333333333,0.0,0.0,0.5333333333333333,0.0,0.0,0.0,0.0,0,63.0,F,Spokane,Silver,1,Beverages,Mainstream,2022-11-29,0,2022,16,1,0,0,2024-03
500193,0.0,6,0.8333333333333334,0,1.0,0.6666666666666666,1.6666666666666667,-1.0,1.1666666666666667,22.586666666666662,53.48,-0.5670582476749878,38.03333333333333,0.620900817437216,33.879999999999995,0.6666666666666666,1,0.34,0.25200000000000006,2.3333333333333335,1.0000000000000002,0.6666666666666666,-1.0,1.6666666666666667,0.8333333333333334,0.0,1.0,-1.0,1.0,1,51.0,M,Denver,Gold,1,Household,Value,2023-09-09,0,2023,6,1,0,0,2024-03
500194,0.0,15,1.0,0,3.0,5.0,2.3333333333333335,2.6666666666666665,3.466666666666667,199.12,82.08999999999999,1.4084727404019741,130.43066666666667,0.45217061523624047,39.824,3.0,0,0.16,0.30733333333333335,2.3333333333333335,1.0000000000000002,1.6666666666666667,-0.6666666666666667,1.3333333333333333,0.4666666666666667,0.0,0.0,0.0,0.0,0,43.0,Other,Tulsa,Gold,1,Beverages,Value,2021-03-12,0,2021,36,1,0,0,2024-03
500195,1.0,5,0.8,0,0.0,1.3333333333333333,2.5,-1.1666666666666667,1.8,37.45333333333333,70.57,-0.46271715336966135,50.699999999999996,0.6166840119223977,28.09,1.3333333333333333,1,0.25,0.18,0.3333333333333333,0.3333333333333333,1.0,0.5,0.6666666666666666,0.4,0.0,0.0,0.0,0.0,0,50.0,Other,Madison,Silver,0,Beverages,Mainstream,2023-10-31,0,2023,5,1,0,0,2024-03
500196,7.0,15,0.4666666666666667,0,0.0,0.0,0.0,0.0,1.4,0.0,0.0,0.0,53.64933333333333,1.420454368795266,,0.0,3,,0.3157142857142857,0.0,0.0,0.0,0.0,0.0,0.2,0.0,0.0,0.0,0.0,1,38.0,F,Raleigh,Silver,0,Snacks,Upscale,2022-09-07,0,2022,18,0,1,0,2024-03
500197,11.0,15,0.26666666666666666,0,0.0,0.0,0.0,0.0,0.6,0.0,0.0,0.0,20.811333333333334,2.013677747848289,,0.0,3,,0.315,0.0,0.0,0.0,0.0,0.0,0.06666666666666667,0.0,0.0,0.0,0.0,0,41.0,F,Tulsa,Gold,0,Household,Mainstream,2021-04-16,0,2021,35,0,1,0,2024-03
500198,14.0,15,0.06666666666666667,0,0.0,0.0,0.0,0.0,0.06666666666666667,0.0,0.0,0.0,2.631333333333333,2.8064375376318482,,0.0,3,,0.16,0.0,0.0,0.0,0.0,0.0,0.0,0.0,0.0,0.0,0.0,0,46.0,F,Boise,Silver,1,Dairy,Value,2022-09-01,0,2022,18,0,1,0,2024-03
500199,0.0,15,1.0,0,5.0,5.666666666666667,5.666666666666667,0.0,5.533333333333333,198.58,238.46333333333334,-0.1665529865393449,210.814,0.36947717590422396,35.04352941176471,1.6666666666666667,0,0.16,0.24466666666666667,2.3333333333333335,-2.9999999999999996,0.6666666666666666,0.0,0.6666666666666666,0.6666666666666666,0.0,0.0,0.0,0.0,0,60.0,F,Boise,Silver,0,Produce,Mainstream,2021-06-16,0,2021,33,1,0,0,2024-03
500200,0.0,15,0.9285714285714286,1,2.0,2.0,1.3333333333333333,0.6666666666666667,2.0,48.09,30.673333333333336,0.5498842348979163,45.06642857142857,0.5079913156496045,24.045,1.0,0,0.34500000000000003,0.3461538461538461,1.5,0.16666666666666674,0.5,-0.8333333333333333,0.0,0.35714285714285715,1.0,1.0,1.0,0.0,0,29.0,F,Madison,Silver,1,Dairy,Upscale,2021-06-19,0,2021,33,1,0,0,2024-03
500201,2.0,15,0.8666666666666667,0,0.0,1.0,2.3333333333333335,-1.3333333333333335,3.533333333333333,29.176666666666666,79.75333333333333,-0.6263105754148436,125.47666666666666,0.5875001303266326,29.176666666666666,0.3333333333333333,2,0.44,0.21692307692307694,1.0,0.6666666666666667,0.3333333333333333,0.3333333333333333,0.0,0.2,0.0,0.0,0.0,0.0,1,42.0,M,Denver,Silver,0,Personal Care,Mainstream,2021-11-16,0,2021,28,1,1,0,2024-03
500203,13.0,15,0.13333333333333333,0,0.0,0.0,0.0,0.0,0.6,0.0,0.0,0.0,20.061333333333334,3.05249244068482,,0.0,3,,0.34500000000000003,0.0,0.0,0.0,0.0,0.0,0.0,0.0,0.0,0.0,0.0,1,26.0,M,Columbus,Silver,0,Dairy,Value,2022-06-28,0,2022,21,0,1,0,2024-03
500204,14.0,15,0.06666666666666667,0,0.0,0.0,0.0,0.0,0.06666666666666667,0.0,0.0,0.0,1.8206666666666667,2.4999096002109322,,0.0,3,,0.21,0.0,0.0,0.0,0.0,0.0,0.0,0.0,0.0,0.0,0.0,0,35.0,M,Portland,Gold,1,Dairy,Mainstream,2022-06-23,0,2022,21,0,1,0,2024-03
500205,0.0,15,1.0,0,4.0,5.333333333333333,8.333333333333334,-3.000000000000001,7.4,206.23666666666668,303.09999999999997,-0.31852460813328937,283.07133333333337,0.26282755743808284,38.669375,1.6666666666666667,0,0.22999999999999998,0.22666666666666663,1.6666666666666667,-1.6666666666666667,1.3333333333333333,0.0,0.0,0.3333333333333333,0.0,0.0,0.0,0.0,0,35.0,M,Tulsa,Gold,1,Household,Value,2021-09-03,0,2021,30,1,0,0,2024-03
500206,0.0,15,1.0,1,5.0,4.0,5.0,-1.0,5.214285714285714,164.50666666666666,223.33333333333334,-0.26222882615156023,212.6957142857143,0.343097861544545,41.126666666666665,5.0,0,0.17666666666666667,0.2571428571428572,1.6666666666666667,-0.33333333333333326,0.6666666666666666,0.3333333333333333,0.6666666666666666,0.9285714285714286,1.0,1.0,1.0,1.0,1,74.0,M,Raleigh,Gold,0,Produce,Value,2022-12-20,0,2022,15,1,0,0,2024-03
500207,8.0,15,0.4,0,0.0,0.0,0.0,0.0,1.2,0.0,0.0,0.0,48.49466666666667,1.4906777547535066,,0.0,3,,0.3083333333333334,0.0,0.0,0.0,0.0,0.0,0.26666666666666666,0.0,0.0,0.0,0.0,0,40.0,M,Tulsa,Gold,0,Household,Mainstream,2021-04-22,0,2021,35,0,1,0,2024-03
500208,0.0,15,1.0,1,3.0,2.3333333333333335,3.0,-0.6666666666666665,3.142857142857143,68.40666666666667,83.39999999999999,-0.17764612954186407,89.80142857142859,0.3878377620441069,29.31714285714286,1.3333333333333333,0,0.22333333333333336,0.27285714285714285,2.6666666666666665,0.33333333333333304,0.3333333333333333,0.0,0.3333333333333333,0.35714285714285715,0.0,0.0,0.0,0.0,1,37.0,M,Spokane,Silver,0,Household,Value,2021-07-10,0,2021,32,1,0,0,2024-03
500209,0.0,13,1.0,0,2.0,3.0,3.0,0.0,2.923076923076923,63.64000000000001,74.39333333333333,-0.1426297639048544,68.99538461538462,0.4920866518701361,21.213333333333335,2.6666666666666665,0,0.21666666666666667,0.28384615384615386,1.0,-1.6666666666666665,0.3333333333333333,0.0,1.0,0.8461538461538461,1.0,1.0,1.0,1.0,1,40.0,Other,Madison,Silver,0,Snacks,Value,2023-02-19,0,2023,13,1,0,0,2024-03
500210,0.0,14,1.0,0,3.0,3.6666666666666665,5.0,-1.3333333333333335,3.5,155.73666666666668,209.0233333333333,-0.2537178408748233,151.17928571428573,0.3855985696040296,42.473636363636366,1.0,0,0.20333333333333334,0.295,2.3333333333333335,0.3333333333333335,2.6666666666666665,1.6666666666666665,0.6666666666666666,0.6428571428571429,0.0,1.0,-1.0,0.0,0,31.0,M,Raleigh,Gold,1,Frozen Foods,Value,2023-01-07,0,2023,14,1,0,0,2024-03
500211,13.0,15,0.13333333333333333,0,0.0,0.0,0.0,0.0,0.26666666666666666,0.0,0.0,0.0,6.601333333333333,2.3205407090113037,,0.0,3,,0.18,0.0,0.0,0.0,0.0,0.0,0.06666666666666667,0.0,0.0,0.0,0.0,0,70.0,F,Boise,Silver,1,Household,Upscale,2022-01-18,0,2022,26,0,1,0,2024-03
500212,0.0,15,0.8461538461538461,2,10.0,7.5,3.3333333333333335,4.166666666666666,4.153846153846154,176.84,92.55666666666666,0.900880037054192,106.80384615384615,0.6609253602154099,23.578666666666667,3.5,0,0.09,0.2318181818181818,1.0,0.0,0.0,-1.0,0.5,0.6153846153846154,0.0,0.0,0.0,0.0,0,71.0,F,Madison,Gold,1,Bakery,Unknown,2021-05-19,0,2021,34,1,0,0,2024-03
500213,0.0,2,1.0,0,2.0,3.5,,,3.5,140.47,,,140.47,0.5388146675048409,40.13428571428572,2.5,0,0.215,0.215,0.0,,1.5,,0.5,0.5,0.0,0.0,,0.0,0,40.0,M,Madison,Gold,0,Snacks,Value,2024-01-11,0,2024,2,1,0,0,2024-03
500214,0.0,1,1.0,0,2.0,2.0,,,2.0,54.01,,,54.01,,27.005,2.0,0,0.48,0.48,0.0,,3.0,,1.0,1.0,0.0,0.0,,0.0,0,25.0,F,Raleigh,Silver,1,Produce,Mainstream,2024-02-12,0,2024,1,1,0,0,2024-03
500215,0.0,8,1.0,0,11.0,9.0,7.0,2.0,8.0,342.56333333333333,214.6833333333333,0.5929062669036398,277.6875,0.36355065618501264,38.062592592592594,3.6666666666666665,0,0.26333333333333336,0.2225,4.333333333333333,0.9999999999999996,1.3333333333333333,0.33333333333333326,0.3333333333333333,0.625,0.0,0.0,0.0,0.0,0,19.0,M,Nashville,Silver,1,Frozen Foods,Mainstream,2023-07-17,0,2023,8,1,0,0,2024-03
500216,0.0,15,1.0,0,4.0,4.0,3.6666666666666665,0.3333333333333335,4.733333333333333,172.37,152.43333333333334,0.12993699761025418,196.5506666666667,0.4904524045719397,43.0925,1.3333333333333333,0,0.4166666666666667,0.3026666666666666,2.3333333333333335,-1.0,1.6666666666666667,0.3333333333333335,0.0,0.6,0.0,0.0,0.0,0.0,0,73.0,F,Madison,Gold,1,Snacks,Mainstream,2022-12-16,0,2022,15,1,0,0,2024-03
500217,3.0,5,0.4,0,0.0,0.0,2.5,-2.5,1.0,0.0,71.745,-0.9862533507457557,28.698,1.3298401285767485,,0.0,3,,0.325,0.0,-0.5,0.0,-0.5,0.0,0.2,0.0,0.0,0.0,0.0,0,65.0,F,Columbus,Gold,1,Frozen Foods,Mainstream,2023-10-25,0,2023,5,0,1,0,2024-03
500218,8.0,15,0.35714285714285715,1,0.0,0.0,0.0,0.0,1.0,0.0,0.0,0.0,38.089999999999996,1.7261809582226049,,0.0,3,,0.29000000000000004,0.0,0.0,0.0,0.0,0.0,0.07142857142857142,0.0,0.0,0.0,0.0,1,66.0,F,Denver,Silver,0,Produce,Upscale,2022-09-03,0,2022,18,0,1,0,2024-03
500219,5.0,15,0.6666666666666666,0,0.0,0.0,0.3333333333333333,-0.3333333333333333,2.466666666666667,0.0,8.146666666666667,-0.89067055393586,59.15666666666667,0.9076308896265441,,0.0,3,,0.29600000000000004,0.0,0.0,0.0,-0.3333333333333333,0.0,0.4666666666666667,0.0,0.0,0.0,0.0,0,51.0,F,Denver,Silver,0,Frozen Foods,Upscale,2022-08-08,0,2022,19,0,1,0,2024-03
500220,1.0,15,0.9333333333333333,0,0.0,3.0,5.666666666666667,-2.666666666666667,4.133333333333334,87.36333333333334,164.98333333333332,-0.46763731298323113,124.56666666666666,0.47912756015776214,29.121111111111116,0.3333333333333333,1,0.33,0.3221428571428571,1.6666666666666667,0.0,0.0,-0.6666666666666666,1.0,0.7333333333333333,1.0,1.0,1.0,1.0,1,54.0,F,Denver,Gold,0,Snacks,Mainstream,2021-04-16,0,2021,35,1,0,0,2024-03
500221,5.0,15,0.6666666666666666,0,0.0,0.0,0.3333333333333333,-0.3333333333333333,1.3333333333333333,0.0,9.913333333333332,-0.9083689676237019,36.424,0.8168543687259446,,0.0,3,,0.346,0.0,0.0,0.0,0.0,0.0,0.06666666666666667,0.0,1.0,-1.0,0.0,0,61.0,F,Raleigh,Gold,1,Frozen Foods,Unknown,2021-12-12,0,2021,27,0,1,0,2024-03
500222,2.0,8,0.625,0,0.0,0.3333333333333333,1.3333333333333333,-1.0,1.0,14.74,50.04333333333333,-0.691634558871547,38.11,0.9990205057875958,44.22,0.6666666666666666,2,0.13,0.2,0.0,-1.0,1.0,-0.6666666666666667,0.3333333333333333,0.375,0.0,0.0,0.0,0.0,0,42.0,M,Denver,Silver,1,Dairy,Upscale,2023-07-14,0,2023,8,1,1,0,2024-03
500223,0.0,15,1.0,0,9.0,5.333333333333333,2.0,3.333333333333333,2.933333333333333,175.17666666666665,61.839999999999996,1.803575217483556,97.90733333333331,0.6901694863063779,32.845625,2.0,0,0.31666666666666665,0.3346666666666666,1.0,-0.6666666666666667,1.0,0.6666666666666667,0.6666666666666666,0.8,0.0,1.0,-1.0,0.0,0,65.0,F,Spokane,Gold,0,Snacks,Unknown,2021-10-25,0,2021,29,1,0,0,2024-03
500224,0.0,14,1.0,1,1.0,1.3333333333333333,4.5,-3.166666666666667,2.769230769230769,33.096666666666664,109.77,-0.6921850079744817,68.75384615384615,0.6583678262750049,24.822499999999998,0.6666666666666666,0,0.32666666666666666,0.3576923076923077,1.3333333333333333,-1.6666666666666667,1.0,0.0,0.6666666666666666,0.5384615384615384,0.0,1.0,-1.0,1.0,1,29.0,F,Nashville,Gold,1,Beverages,Mainstream,2021-10-02,0,2021,29,1,0,0,2024-03
500225,11.0,15,0.26666666666666666,0,0.0,0.0,0.0,0.0,0.8666666666666667,0.0,0.0,0.0,33.85533333333333,1.8792917181830417,,0.0,3,,0.38249999999999995,0.0,0.0,0.0,0.0,0.0,0.0,0.0,0.0,0.0,0.0,0,43.0,M,Denver,Gold,1,Snacks,Mainstream,2022-02-27,0,2022,25,0,1,0,2024-03
500226,0.0,15,1.0,2,1.0,2.0,3.0,-1.0,2.769230769230769,53.663333333333334,86.81333333333333,-0.3775053143030671,75.43615384615384,0.5695739524957927,26.831666666666667,1.3333333333333333,0,0.26,0.24461538461538465,0.0,0.0,0.3333333333333333,-0.3333333333333333,0.6666666666666666,0.7692307692307693,0.0,2.0,-2.0,1.0,1,24.0,M,Portland,Silver,0,Household,Value,2022-03-03,0,2022,24,1,1,0,2024-03
500227,4.0,10,0.6,0,0.0,0.0,2.6666666666666665,-2.6666666666666665,3.4,0.0,106.11666666666667,-0.9906643846273534,128.285,1.026680823652713,,0.0,3,,0.3216666666666667,0.0,-1.0,0.0,-0.3333333333333333,0.0,0.6,0.0,4.0,-4.0,3.0,1,62.0,F,Madison,Gold,1,Bakery,Mainstream,2023-05-06,0,2023,10,0,1,0,2024-03
500228,0.0,15,1.0,1,3.0,2.6666666666666665,3.3333333333333335,-0.666666666666667,3.7857142857142856,107.55333333333334,130.11333333333332,-0.17206488025626668,145.23714285714286,0.4588515633453095,40.3325,2.3333333333333335,0,0.4033333333333333,0.2414285714285714,0.3333333333333333,-0.6666666666666667,1.6666666666666667,0.0,0.6666666666666666,0.42857142857142855,2.0,2.0,2.0,1.0,1,23.0,F,Spokane,Silver,1,Frozen Foods,Value,2022-01-15,0,2022,26,1,0,0,2024-03
500229,0.0,4,1.0,0,2.0,2.3333333333333335,3.0,-0.6666666666666665,2.5,70.04,78.38,-0.10506424792139064,72.125,0.174286883035045,30.017142857142858,3.6666666666666665,0,0.33666666666666667,0.385,0.0,-1.0,2.6666666666666665,1.6666666666666665,0.3333333333333333,0.25,0.0,0.0,0.0,0.0,0,46.0,M,Tulsa,Silver,1,Produce,Unknown,2023-11-27,0,2023,4,1,0,0,2024-03
500231,0.0,15,1.0,1,8.0,6.0,5.333333333333333,0.666666666666667,5.214285714285714,125.88,112.13333333333333,0.121508544490277,113.67214285714286,0.3931145406351603,20.98,2.0,0,0.3333333333333333,0.30785714285714283,2.3333333333333335,1.3333333333333335,2.6666666666666665,0.0,0.3333333333333333,0.6428571428571429,0.0,2.0,-2.0,1.0,1,74.0,F,Portland,Silver,1,Dairy,Mainstream,2021-05-21,0,2021,34,1,0,0,2024-03
500232,9.0,15,0.4,0,0.0,0.0,0.0,0.0,1.6666666666666667,0.0,0.0,0.0,67.95666666666666,1.6097067634726447,,0.0,3,,0.265,0.0,0.0,0.0,0.0,0.0,0.3333333333333333,0.0,0.0,0.0,0.0,0,41.0,Unknown,Austin,Silver,0,Personal Care,Value,2021-03-23,0,2021,36,0,1,0,2024-03
500233,0.0,10,1.0,0,3.0,5.666666666666667,9.333333333333334,-3.666666666666667,7.6,245.85666666666665,376.42,-0.3459364456926855,312.63199999999995,0.5511434549341324,43.38647058823529,2.3333333333333335,0,0.18333333333333335,0.34199999999999997,3.3333333333333335,-1.3333333333333335,0.6666666666666666,-0.33333333333333337,0.6666666666666666,0.4,0.0,0.0,0.0,0.0,1,26.0,F,Madison,Gold,1,Household,Mainstream,2023-05-20,0,2023,10,1,0,0,2024-03
500235,1.0,15,0.7857142857142857,1,0.0,0.5,3.3333333333333335,-2.8333333333333335,2.5,22.245,129.01666666666668,-0.8212152288168183,95.76500000000001,0.7964090971430315,44.49,0.5,1,0.3,0.25181818181818183,0.0,-2.3333333333333335,0.5,-0.8333333333333333,0.0,0.42857142857142855,0.0,0.0,0.0,0.0,0,49.0,M,Raleigh,Gold,1,Dairy,Upscale,2022-05-09,0,2022,22,1,1,0,2024-03
500236,9.0,14,0.35714285714285715,0,0.0,0.0,0.0,0.0,1.8571428571428572,0.0,0.0,0.0,40.745000000000005,1.7137083853920798,,0.0,3,,0.348,0.0,0.0,0.0,0.0,0.0,0.14285714285714285,0.0,0.0,0.0,0.0,0,48.0,M,Raleigh,Silver,1,Snacks,Mainstream,2023-01-23,0,2023,14,0,1,0,2024-03
500237,13.0,15,0.13333333333333333,0,0.0,0.0,0.0,0.0,0.4,0.0,0.0,0.0,11.15,2.4224575663384393,,0.0,3,,0.385,0.0,0.0,0.0,0.0,0.0,0.06666666666666667,0.0,0.0,0.0,0.0,1,54.0,F,Tulsa,Gold,1,Household,Value,2021-12-29,0,2021,27,0,1,0,2024-03
500238,0.0,6,1.0,0,5.0,4.0,4.0,0.0,4.0,105.67999999999999,95.61666666666667,0.10415732275314801,100.64833333333333,0.1730955555318784,26.419999999999998,3.6666666666666665,0,0.19666666666666666,0.3133333333333333,2.6666666666666665,0.0,1.6666666666666667,-0.6666666666666667,0.3333333333333333,0.6666666666666666,0.0,1.0,-1.0,0.0,0,74.0,F,Madison,Gold,1,Bakery,Value,2023-09-08,0,2023,6,1,0,0,2024-03
500239,4.0,5,0.2,0,0.0,0.0,0.5,-0.5,0.2,0.0,14.74,-0.9364675984752223,5.896,1.911812180298544,,0.0,3,,0.2,0.0,-0.5,0.0,0.0,0.0,0.2,0.0,2.0,-2.0,1.0,1,19.0,F,Raleigh,Gold,0,Bakery,Upscale,2023-10-18,0,2023,5,0,1,0,2024-03
500241,1.0,15,0.9230769230769231,2,0.0,2.5,8.666666666666666,-6.166666666666666,5.923076923076923,34.895,144.89000000000001,-0.7539584618548221,98.12384615384616,0.5044420050953092,13.958000000000002,1.0,1,0.12,0.2866666666666667,1.0,-3.666666666666667,1.5,-1.1666666666666665,0.0,0.3076923076923077,0.0,0.0,0.0,0.0,0,43.0,F,Columbus,Silver,1,Bakery,Mainstream,2022-10-31,0,2022,17,1,0,0,2024-03
500242,0.0,7,1.0,0,3.0,4.333333333333333,5.0,-0.666666666666667,4.571428571428571,137.45333333333335,192.42666666666665,-0.28420762390570053,165.33285714285714,0.25102616897595675,31.720000000000002,2.0,0,0.32666666666666666,0.3171428571428571,0.6666666666666666,-2.0,1.6666666666666667,-0.6666666666666667,2.3333333333333335,1.2857142857142858,1.0,2.0,0.0,0.0,0,26.0,F,Boise,Silver,1,Snacks,Value,2023-08-27,0,2023,7,1,1,0,2024-03
500243,0.0,10,1.0,1,8.0,6.0,5.5,0.5,5.333333333333333,197.73333333333335,186.375,0.06061818990438078,183.53222222222223,0.3836505005938576,32.955555555555556,3.0,0,0.25333333333333335,0.2988888888888889,5.0,1.5,1.6666666666666667,0.6666666666666667,0.0,0.2222222222222222,0.0,0.0,0.0,0.0,0,,F,Spokane,Silver,1,Household,Upscale,2023-05-18,1,2023,10,1,0,0,2024-03
500244,13.0,15,0.13333333333333333,0,0.0,0.0,0.0,0.0,0.4,0.0,0.0,0.0,12.504666666666669,3.0644647978041135,,0.0,3,,0.375,0.0,0.0,0.0,0.0,0.0,0.0,0.0,0.0,0.0,0.0,1,49.0,M,Denver,Silver,1,Household,Mainstream,2021-05-27,0,2021,34,0,1,0,2024-03
500245,0.0,15,1.0,0,8.0,4.666666666666667,5.0,-0.33333333333333304,4.466666666666667,161.49,205.26666666666665,-0.2122333548804136,172.6833333333333,0.5563158201740585,34.605000000000004,2.6666666666666665,0,0.3933333333333333,0.25799999999999995,2.0,-1.0,1.6666666666666667,1.6666666666666667,0.6666666666666666,0.6,2.0,3.0,1.0,1.0,1,70.0,M,Columbus,Gold,0,Produce,Mainstream,2021-09-23,0,2021,30,1,0,0,2024-03
500246,5.0,15,0.6666666666666666,0,0.0,0.0,1.0,-1.0,1.8666666666666667,0.0,24.646666666666665,-0.9610085781128151,39.62199999999999,0.9074673385794491,,0.0,3,,0.261,0.0,-0.6666666666666666,0.6666666666666666,-0.6666666666666666,0.3333333333333333,0.8,1.0,1.0,1.0,0.0,1,27.0,F,Nashville,Silver,1,Personal Care,Value,2021-08-24,0,2021,31,0,1,0,2024-03
500247,6.0,15,0.6,0,0.0,0.0,0.0,0.0,2.2666666666666666,0.0,0.0,0.0,95.26733333333335,1.2734423887372668,,0.0,3,,0.3688888888888889,0.0,0.0,0.0,0.0,0.0,0.3333333333333333,0.0,0.0,0.0,0.0,0,56.0,M,Columbus,Platinum,0,Bakery,Unknown,2022-06-08,0,2022,21,0,1,0,2024-03
500248,0.0,3,1.0,0,6.0,6.0,,,6.0,193.15666666666667,,,193.15666666666667,0.16541052383798235,32.19277777777778,5.0,0,0.26333333333333336,0.26333333333333336,1.0,,1.0,,1.3333333333333333,1.3333333333333333,1.0,1.0,,1.0,1,20.0,M,Portland,Silver,1,Bakery,Upscale,2023-12-23,0,2023,3,1,0,0,2024-03
500249,12.0,15,0.2,0,0.0,0.0,0.0,0.0,0.3333333333333333,0.0,0.0,0.0,11.948,1.9799437684878674,,0.0,3,,0.4666666666666666,0.0,0.0,0.0,0.0,0.0,0.0,0.0,0.0,0.0,0.0,0,74.0,F,Boise,Gold,0,Beverages,Mainstream,2021-12-11,0,2021,27,0,1,0,2024-03
500250,0.0,15,1.0,1,4.0,3.0,3.6666666666666665,-0.6666666666666665,5.714285714285714,96.14500000000001,109.27666666666666,-0.11907928543360621,174.07571428571427,0.5048778627832978,32.04833333333334,0.5,0,0.435,0.27071428571428574,2.0,-0.3333333333333335,2.5,1.5,0.0,0.21428571428571427,0.0,0.0,0.0,0.0,0,71.0,M,Columbus,Silver,1,Beverages,Value,2022-05-27,0,2022,22,1,0,0,2024-03
500251,0.0,15,0.8666666666666667,0,3.0,2.6666666666666665,3.3333333333333335,-0.666666666666667,2.6,83.37666666666667,105.10333333333334,-0.20476893594294876,86.45933333333332,0.5100627716875391,31.26625,2.3333333333333335,0,0.4033333333333333,0.2938461538461538,0.6666666666666666,-1.3333333333333335,0.3333333333333333,-0.6666666666666667,0.0,0.5333333333333333,0.0,1.0,-1.0,1.0,1,68.0,F,Boise,Gold,0,Frozen Foods,Value,2021-06-04,0,2021,33,1,0,0,2024-03
500252,0.0,15,0.9230769230769231,2,5.0,3.6666666666666665,2.3333333333333335,1.333333333333333,3.8461538461538463,131.65333333333334,86.29333333333334,0.5196273102184207,140.87307692307692,0.5952046909663363,35.905454545454546,2.3333333333333335,0,0.13333333333333333,0.3575,0.6666666666666666,0.3333333333333333,0.0,-1.3333333333333333,1.0,0.7692307692307693,0.0,0.0,0.0,0.0,0,37.0,M,Portland,Gold,0,Produce,Value,2022-10-20,0,2022,17,1,0,0,2024-03
500253,0.0,5,1.0,0,9.0,5.666666666666667,4.5,1.166666666666667,5.2,173.4333333333333,135.06,0.2820324366700963,158.084,0.5393282144780218,30.605882352941173,1.6666666666666667,0,0.48666666666666664,0.364,2.3333333333333335,0.3333333333333335,1.6666666666666667,-1.8333333333333333,1.0,0.8,0.0,0.0,0.0,0.0,0,57.0,F,Raleigh,Silver,1,Produce,Mainstream,2023-10-13,0,2023,5,1,0,0,2024-03
500254,9.0,15,0.4,0,0.0,0.0,0.0,0.0,1.4666666666666666,0.0,0.0,0.0,49.27733333333333,1.7497971600232434,,0.0,3,,0.38999999999999996,0.0,0.0,0.0,0.0,0.0,0.26666666666666666,0.0,0.0,0.0,0.0,0,28.0,F,Nashville,Gold,0,Beverages,Mainstream,2022-06-07,0,2022,21,0,1,0,2024-03
500255,0.0,15,1.0,1,3.0,6.0,9.5,-3.5,7.5,182.88666666666668,306.91499999999996,-0.4028005564306165,237.82642857142855,0.5005648304621491,30.481111111111115,4.333333333333333,0,0.17,0.27999999999999997,4.333333333333333,-0.16666666666666696,2.0,1.0,0.3333333333333333,0.5,0.0,0.0,0.0,0.0,0,65.0,F,Spokane,Gold,1,Household,Upscale,2022-11-16,0,2022,16,1,0,0,2024-03
500256,0.0,15,1.0,0,1.0,2.6666666666666665,1.6666666666666667,0.9999999999999998,2.7333333333333334,87.19333333333334,56.13999999999999,0.5434605063586516,93.12133333333334,0.5273859436358005,32.697500000000005,1.3333333333333333,0,0.42333333333333334,0.318,0.0,-0.3333333333333333,0.6666666666666666,-2.666666666666667,0.6666666666666666,0.7333333333333333,2.0,3.0,1.0,0.0,0,23.0,M,Nashville,Gold,1,Personal Care,Value,2022-03-23,0,2022,24,1,1,0,2024-03
500257,0.0,13,1.0,1,5.0,4.333333333333333,6.333333333333333,-2.0,5.416666666666667,134.0533333333333,216.16333333333333,-0.37810250349199537,170.72333333333333,0.49692383675840907,30.935384615384613,1.6666666666666667,0,0.27666666666666667,0.22666666666666668,5.333333333333333,-1.0,0.3333333333333333,0.0,0.3333333333333333,0.75,1.0,1.0,1.0,0.0,0,59.0,M,Madison,Silver,0,Dairy,Mainstream,2023-02-18,0,2023,13,1,0,0,2024-03
500258,0.0,10,1.0,0,4.0,3.6666666666666665,3.3333333333333335,0.33333333333333304,3.4,126.07666666666667,108.44666666666667,0.1610830236949503,115.29,0.2249233355452504,34.38454545454545,2.3333333333333335,0,0.26,0.21999999999999997,0.6666666666666666,-0.6666666666666666,2.0,1.0,0.6666666666666666,0.4,0.0,1.0,-1.0,1.0,1,55.0,M,Raleigh,Silver,1,Dairy,Mainstream,2023-05-10,0,2023,10,1,0,0,2024-03
500259,0.0,3,1.0,0,11.0,8.333333333333334,,,8.333333333333334,356.07,,,356.07,0.4660212160038526,42.7284,4.333333333333333,0,0.3066666666666667,0.3066666666666667,2.6666666666666665,,0.3333333333333333,,1.3333333333333333,1.3333333333333333,0.0,0.0,,0.0,0,34.0,F,Portland,Platinum,0,Personal Care,Upscale,2023-12-08,0,2023,3,1,0,0,2024-03
500260,5.0,15,0.6666666666666666,0,0.0,0.0,0.6666666666666666,-0.6666666666666666,3.2,0.0,20.52,-0.9535315985130112,116.18066666666664,1.043161178059206,,0.0,3,,0.32999999999999996,0.0,-0.3333333333333333,0.0,0.0,0.0,0.6,0.0,1.0,-1.0,1.0,1,44.0,F,Boise,Silver,0,Household,Value,2021-04-04,0,2021,35,0,1,0,2024-03
500261,0.0,15,0.9333333333333333,0,1.0,2.6666666666666665,1.3333333333333333,1.3333333333333333,3.533333333333333,86.34666666666668,45.00333333333333,0.8987029925367731,113.21933333333332,0.551181832881524,32.38,1.3333333333333333,0,0.21333333333333335,0.2742857142857143,3.6666666666666665,1.333333333333333,2.0,-0.3333333333333335,0.6666666666666666,0.6,0.0,0.0,0.0,0.0,0,45.0,F,Nashville,Silver,1,Bakery,Value,2021-12-01,0,2021,27,1,0,0,2024-03
500262,0.0,15,0.9333333333333333,0,6.0,3.6666666666666665,2.0,1.6666666666666665,2.066666666666667,114.01333333333334,67.68666666666667,0.6744637484227894,66.91066666666667,0.8060973441872,31.094545454545457,2.3333333333333335,1,0.18,0.2407142857142857,0.3333333333333333,-1.0,1.0,-1.6666666666666665,0.3333333333333333,0.6666666666666666,1.0,1.0,1.0,0.0,0,18.0,Other,Madison,Silver,1,Household,Value,2022-11-04,0,2022,16,1,1,0,2024-03
500263,0.0,7,1.0,0,2.0,1.6666666666666667,2.0,-0.33333333333333326,1.8571428571428572,69.48333333333333,91.09666666666668,-0.23468095117449067,81.16857142857143,0.43620970082485083,41.69,1.3333333333333333,0,0.17,0.2942857142857143,2.0,0.6666666666666667,1.6666666666666667,0.3333333333333335,1.0,0.8571428571428571,0.0,0.0,0.0,0.0,0,20.0,M,Madison,Platinum,1,Dairy,Unknown,2023-08-02,0,2023,7,1,0,0,2024-03
500264,0.0,15,1.0,1,4.0,5.333333333333333,3.5,1.833333333333333,4.714285714285714,221.42,142.625,0.548616187989556,181.7678571428571,0.4615087713158915,41.51625,3.6666666666666665,0,0.2833333333333334,0.24928571428571425,2.6666666666666665,0.6666666666666665,2.3333333333333335,-0.16666666666666652,1.0,0.8571428571428571,1.0,1.0,1.0,0.0,0,58.0,F,Spokane,Platinum,1,Household,Mainstream,2022-04-29,0,2022,23,1,0,0,2024-03
500265,10.0,14,0.2857142857142857,0,0.0,0.0,0.0,0.0,1.2142857142857142,0.0,0.0,0.0,42.86714285714286,2.3689253253913654,,0.0,3,,0.20500000000000002,0.0,0.0,0.0,0.0,0.0,0.07142857142857142,0.0,0.0,0.0,0.0,0,57.0,F,Boise,Silver,0,Produce,Value,2023-01-06,0,2023,14,0,1,0,2024-03
500266,0.0,15,1.0,0,6.0,7.0,6.333333333333333,0.666666666666667,5.533333333333333,185.82333333333335,165.73666666666665,0.12046940285080289,147.83933333333331,0.4298421981081233,26.54619047619048,5.0,0,0.29,0.2733333333333333,1.6666666666666667,-2.333333333333333,0.0,-0.6666666666666666,0.3333333333333333,0.5333333333333333,1.0,1.0,1.0,0.0,0,32.0,M,Tulsa,Silver,0,Bakery,Upscale,2022-04-20,0,2022,23,1,0,0,2024-03
500267,0.0,2,1.0,0,4.0,5.5,,,5.5,214.44,,,214.44,0.30327082520254817,38.98909090909091,2.5,0,0.305,0.305,2.5,,1.0,,1.0,1.0,0.0,0.0,,0.0,0,43.0,F,Nashville,Gold,1,Bakery,Mainstream,2024-01-18,0,2024,2,1,0,0,2024-03
500268,0.0,6,1.0,1,11.0,9.5,3.3333333333333335,6.166666666666666,5.8,283.15,97.89333333333332,1.8732978293110425,171.996,0.6692527352761953,29.805263157894736,4.5,0,0.315,0.348,1.0,-1.6666666666666665,4.0,0.3333333333333335,0.0,0.4,0.0,0.0,0.0,0.0,0,62.0,M,Columbus,Silver,1,Beverages,Upscale,2023-09-30,0,2023,6,1,0,0,2024-03
500269,0.0,15,1.0,1,1.0,1.5,2.3333333333333335,-0.8333333333333335,3.857142857142857,32.935,59.52333333333333,-0.4393071542655725,92.03,0.6140462661150653,21.956666666666667,1.0,0,0.165,0.3221428571428571,0.0,-1.0,1.0,1.0,0.0,0.6428571428571429,0.0,0.0,0.0,0.0,0,56.0,M,Tulsa,Gold,0,Snacks,Mainstream,2021-12-25,0,2021,27,1,1,0,2024-03
500270,0.0,1,1.0,0,7.0,7.0,,,7.0,225.08,,,225.08,,32.15428571428571,5.0,0,0.22,0.22,1.0,,1.0,,0.0,0.0,0.0,0.0,,0.0,0,45.0,F,Raleigh,Gold,0,Produce,Value,2024-02-20,0,2024,1,1,0,0,2024-03
500271,0.0,15,0.8571428571428571,1,2.0,1.0,1.0,0.0,1.4285714285714286,44.64333333333334,36.64333333333334,0.212521030726999,58.50357142857144,0.6080106550429104,44.64333333333334,1.0,1,0.06,0.26166666666666666,0.6666666666666666,0.6666666666666666,2.0,1.0,0.0,0.42857142857142855,0.0,0.0,0.0,0.0,0,67.0,M,Tulsa,Gold,1,Dairy,Mainstream,2022-03-02,0,2022,24,1,0,0,2024-03
500272,7.0,14,0.5,0,0.0,0.0,0.0,0.0,2.5,0.0,0.0,0.0,101.28571428571426,1.2825049683971068,,0.0,3,,0.3471428571428571,0.0,0.0,0.0,0.0,0.0,0.21428571428571427,0.0,0.0,0.0,0.0,1,48.0,F,Nashville,Platinum,0,Snacks,Mainstream,2023-01-07,0,2023,14,0,1,0,2024-03
500274,7.0,15,0.5333333333333333,0,0.0,0.0,0.0,0.0,1.0666666666666667,0.0,0.0,0.0,40.037333333333336,1.2758649561655444,,0.0,3,,0.315,0.0,0.0,0.0,0.0,0.0,0.2,0.0,0.0,0.0,0.0,1,44.0,F,Columbus,Platinum,1,Produce,Mainstream,2021-11-21,0,2021,28,0,1,0,2024-03
500275,0.0,15,1.0,2,5.0,4.666666666666667,5.5,-0.833333333333333,5.076923076923077,135.12666666666667,166.15,-0.18560175491075884,153.05692307692308,0.4384665613521619,28.955714285714286,2.3333333333333335,0,0.23666666666666666,0.31461538461538463,3.3333333333333335,-1.1666666666666665,2.3333333333333335,1.8333333333333335,0.3333333333333333,0.46153846153846156,0.0,0.0,0.0,0.0,0,31.0,F,Boise,Gold,1,Produce,Mainstream,2022-02-04,0,2022,25,1,0,0,2024-03
500276,1.0,15,0.8,0,0.0,0.6666666666666666,4.333333333333333,-3.6666666666666665,3.1333333333333333,21.55,132.9366666666667,-0.8316368432841393,103.24933333333334,0.7807818462949231,32.325,0.6666666666666666,2,0.41,0.31749999999999995,0.0,-0.3333333333333333,0.3333333333333333,-1.0,0.0,0.3333333333333333,2.0,6.0,-2.0,1.0,1,56.0,F,Portland,Silver,1,Frozen Foods,Value,2021-09-22,0,2021,30,1,1,0,2024-03
500277,0.0,15,1.0,0,5.0,5.0,4.0,1.0,4.4,155.37,97.28666666666668,0.5909584209455334,117.054,0.391876911013364,31.074,2.6666666666666665,0,0.24,0.274,3.3333333333333335,0.3333333333333335,1.6666666666666667,0.6666666666666667,1.0,1.0666666666666667,0.0,1.0,-1.0,0.0,1,23.0,Unknown,Madison,Gold,1,Dairy,Value,2021-06-20,0,2021,33,1,0,0,2024-03
500278,7.0,15,0.4,0,0.0,0.0,0.0,0.0,0.6666666666666666,0.0,0.0,0.0,26.303333333333335,1.5412209604832279,,0.0,3,,0.21999999999999997,0.0,0.0,0.0,0.0,0.0,0.3333333333333333,0.0,0.0,0.0,0.0,1,74.0,M,Columbus,Gold,1,Dairy,Unknown,2021-12-30,0,2021,27,0,1,0,2024-03
500279,0.0,15,0.8666666666666667,0,3.0,3.3333333333333335,2.6666666666666665,0.666666666666667,2.3333333333333335,114.19,98.18333333333334,0.16138464123676685,82.50533333333333,0.6717801994183802,34.257,1.6666666666666667,0,0.34,0.29384615384615387,0.3333333333333333,0.0,1.3333333333333333,-1.0000000000000002,0.3333333333333333,0.6666666666666666,0.0,0.0,0.0,0.0,0,52.0,F,Nashville,Silver,1,Snacks,Value,2021-08-22,0,2021,31,1,0,0,2024-03
500280,0.0,3,1.0,0,3.0,3.6666666666666665,,,3.6666666666666665,88.04666666666667,,,88.04666666666667,0.5787141580330281,24.012727272727272,2.3333333333333335,0,0.26999999999999996,0.26999999999999996,2.0,,1.3333333333333333,,1.0,1.0,0.0,0.0,,0.0,0,63.0,F,Raleigh,Silver,1,Bakery,Mainstream,2023-12-22,0,2023,3,1,0,0,2024-03
500281,11.0,15,0.26666666666666666,0,0.0,0.0,0.0,0.0,0.6666666666666666,0.0,0.0,0.0,21.521333333333335,2.091083674839952,,0.0,3,,0.40249999999999997,0.0,0.0,0.0,0.0,0.0,0.13333333333333333,0.0,0.0,0.0,0.0,0,44.0,Other,Boise,Silver,1,Bakery,Value,2021-05-24,0,2021,34,0,1,0,2024-03
500282,2.0,15,0.8571428571428571,1,0.0,0.3333333333333333,3.0,-2.6666666666666665,3.357142857142857,12.406666666666666,97.63666666666666,-0.8640802946841946,108.64,0.9137328289807533,37.22,1.0,2,0.53,0.30583333333333335,0.0,-1.3333333333333333,0.3333333333333333,-0.3333333333333333,0.0,0.14285714285714285,1.0,3.0,-1.0,1.0,1,21.0,M,Denver,Gold,0,Frozen Foods,Mainstream,2021-05-30,0,2021,34,1,1,0,2024-03
500283,0.0,15,0.9333333333333333,0,2.0,2.6666666666666665,2.3333333333333335,0.33333333333333304,2.3333333333333335,85.17,73.24333333333333,0.16064293090288706,72.98733333333334,0.453039086404745,31.93875,2.3333333333333335,0,0.2733333333333333,0.26285714285714284,1.6666666666666667,0.0,1.6666666666666667,-0.9999999999999998,0.3333333333333333,0.6,1.0,2.0,0.0,0.0,0,42.0,M,Raleigh,Silver,1,Produce,Mainstream,2022-02-10,0,2022,25,1,0,0,2024-03
500284,11.0,15,0.26666666666666666,0,0.0,0.0,0.0,0.0,0.6666666666666666,0.0,0.0,0.0,24.441333333333333,1.841455386965784,,0.0,3,,0.43000000000000005,0.0,0.0,0.0,0.0,0.0,0.06666666666666667,0.0,0.0,0.0,0.0,0,46.0,M,Raleigh,Silver,1,Snacks,Mainstream,2021-10-07,0,2021,29,0,1,0,2024-03
500285,0.0,15,0.9230769230769231,2,4.0,3.3333333333333335,3.3333333333333335,0.0,2.923076923076923,160.47333333333333,151.4333333333333,0.059304614038924265,145.96538461538464,0.6868431872393029,48.142,3.0,0,0.37666666666666665,0.3541666666666667,1.3333333333333333,0.33333333333333326,0.6666666666666666,-0.6666666666666666,0.6666666666666666,0.6153846153846154,0.0,0.0,0.0,0.0,1,41.0,M,Columbus,Gold,0,Produce,Mainstream,2021-12-17,0,2021,27,1,0,0,2024-03
500286,0.0,15,1.0,1,9.0,11.5,6.333333333333333,5.166666666666667,7.571428571428571,502.58000000000004,251.63,0.9933499584372404,321.57857142857137,0.4335961091706648,43.70260869565218,5.5,0,0.2,0.31714285714285717,4.0,0.6666666666666665,1.5,0.8333333333333334,0.0,0.7142857142857143,0.0,0.0,0.0,0.0,0,31.0,M,Nashville,Platinum,1,Beverages,Value,2021-07-11,0,2021,32,1,0,0,2024-03
500287,0.0,15,1.0,1,6.0,4.333333333333333,6.0,-1.666666666666667,4.571428571428571,153.79666666666668,204.01666666666665,-0.24495569465897069,168.54500000000002,0.5253278515204142,35.49153846153847,4.0,0,0.24333333333333332,0.2814285714285714,2.6666666666666665,1.3333333333333333,1.6666666666666667,0.3333333333333335,0.3333333333333333,0.42857142857142855,1.0,2.0,0.0,1.0,1,29.0,M,Madison,Gold,1,Household,Mainstream,2021-06-27,0,2021,33,1,0,0,2024-03
500288,0.0,15,1.0,2,5.0,4.5,4.666666666666667,-0.16666666666666696,4.461538461538462,160.11,167.42999999999998,-0.0434601911773435,164.0953846153846,0.40133290927224025,35.580000000000005,3.5,0,0.11499999999999999,0.22692307692307695,0.0,-1.0,1.5,0.16666666666666674,0.0,0.6923076923076923,0.0,0.0,0.0,0.0,0,23.0,F,Denver,Gold,1,Personal Care,Mainstream,2022-08-29,0,2022,19,1,0,0,2024-03
500289,3.0,15,0.8,0,0.0,0.0,3.6666666666666665,-3.6666666666666665,3.8,0.0,101.29333333333334,-0.9902241918665277,111.808,0.7232609729149159,,0.0,3,,0.23833333333333337,0.6666666666666666,-2.0,0.0,-1.6666666666666667,0.0,0.3333333333333333,0.0,0.0,0.0,0.0,0,46.0,F,Spokane,Gold,1,Bakery,Value,2021-09-20,0,2021,30,0,1,0,2024-03
500290,5.0,15,0.6666666666666666,0,0.0,0.0,0.3333333333333333,-0.3333333333333333,3.1333333333333333,0.0,9.026666666666666,-0.9002659574468085,89.45333333333332,1.0796124986106899,,0.0,3,,0.30299999999999994,0.0,0.0,0.0,0.0,0.0,0.3333333333333333,0.0,0.0,0.0,0.0,1,29.0,F,Columbus,Silver,1,Beverages,Value,2021-05-27,0,2021,34,0,1,0,2024-03
500291,0.0,10,1.0,0,7.0,5.333333333333333,4.666666666666667,0.6666666666666661,5.6,187.14000000000001,170.35666666666665,0.09794385978563247,200.757,0.3363339915926514,35.088750000000005,1.0,0,0.22666666666666666,0.263,2.3333333333333335,-1.0,1.0,-1.3333333333333335,1.6666666666666667,1.0,0.0,0.0,0.0,0.0,0,53.0,F,Nashville,Gold,1,Beverages,Mainstream,2023-05-21,0,2023,10,1,0,0,2024-03
500293,0.0,5,1.0,0,3.0,5.0,1.0,4.0,3.4,215.32666666666668,39.265,4.372573368102985,144.902,0.7719841752099517,43.065333333333335,1.3333333333333333,0,0.35000000000000003,0.304,2.0,-1.5,0.6666666666666666,-1.8333333333333335,0.6666666666666666,0.6,0.0,0.0,0.0,0.0,0,42.0,M,Portland,Silver,1,Bakery,Mainstream,2023-10-16,0,2023,5,1,0,0,2024-03
500295,14.0,15,0.06666666666666667,0,0.0,0.0,0.0,0.0,0.06666666666666667,0.0,0.0,0.0,2.132,2.6363986251961085,,0.0,3,,0.31,0.0,0.0,0.0,0.0,0.0,0.0,0.0,0.0,0.0,0.0,1,47.0,F,Columbus,Gold,1,Produce,Upscale,2022-12-11,0,2022,15,0,1,0,2024-03
500297,0.0,8,0.875,0,5.0,4.0,0.6666666666666666,3.3333333333333335,2.625,167.20000000000002,27.55333333333333,4.890730796170909,113.96125,0.9478943473202022,41.800000000000004,1.0,0,0.20333333333333337,0.22,0.3333333333333333,-0.3333333333333333,1.0,0.0,0.3333333333333333,0.625,0.0,0.0,0.0,0.0,0,56.0,F,Austin,Platinum,1,Frozen Foods,Mainstream,2023-07-05,0,2023,8,1,0,0,2024-03
500298,6.0,8,0.25,0,0.0,0.0,0.0,0.0,0.5,0.0,0.0,0.0,13.9075,1.7461420499816118,,0.0,3,,0.505,0.0,-1.0,0.0,0.0,0.0,0.25,0.0,0.0,0.0,0.0,0,66.0,M,Raleigh,Silver,1,Bakery,Value,2023-07-12,0,2023,8,0,1,0,2024-03
500299,0.0,15,1.0,0,11.0,6.0,5.666666666666667,0.33333333333333304,6.066666666666666,142.35000000000002,132.04333333333332,0.07746849397439456,146.91666666666666,0.51021451734138,23.725000000000005,1.6666666666666667,0,0.17666666666666667,0.2853333333333333,3.3333333333333335,1.0,0.6666666666666666,-1.0,0.6666666666666666,0.6,0.0,0.0,0.0,0.0,1,21.0,M,Denver,Silver,1,Beverages,Value,2022-01-27,0,2022,26,1,0,0,2024-03
500300,0.0,8,1.0,0,6.0,4.0,4.333333333333333,-0.33333333333333304,4.125,119.71999999999998,137.31333333333333,-0.12719911312478924,130.39249999999998,0.5082748111355688,29.929999999999996,3.0,0,0.3466666666666667,0.25125,2.3333333333333335,0.0,1.3333333333333333,0.33333333333333326,0.3333333333333333,0.625,1.0,1.0,1.0,0.0,1,57.0,M,Boise,Silver,1,Household,Value,2023-07-17,0,2023,8,1,0,0,2024-03
500301,0.0,15,1.0,0,12.0,8.666666666666666,4.333333333333333,4.333333333333333,5.333333333333333,160.49666666666667,94.21333333333332,0.6961560005601458,106.66866666666667,0.48972838079618225,18.518846153846155,3.6666666666666665,0,0.20666666666666667,0.35799999999999993,1.0,-3.0,0.3333333333333333,0.3333333333333333,1.0,0.6666666666666666,1.0,1.0,1.0,1.0,1,31.0,F,Portland,Silver,0,Frozen Foods,Value,2021-04-17,0,2021,35,1,0,0,2024-03
500302,4.0,6,0.3333333333333333,0,0.0,0.0,3.6666666666666665,-3.6666666666666665,1.8333333333333333,0.0,88.71333333333332,-0.9888533848554656,44.35666666666666,2.14968563239936,,0.0,3,,0.37,0.0,-2.0,0.0,-0.3333333333333333,0.0,0.16666666666666666,0.0,0.0,0.0,0.0,0,35.0,M,Austin,Silver,1,Snacks,Value,2023-09-26,0,2023,6,0,1,0,2024-03
500303,1.0,15,0.9333333333333333,0,0.0,0.6666666666666666,2.6666666666666665,-2.0,2.066666666666667,27.88,104.96666666666665,-0.7274614658697703,84.18333333333335,0.6051724016829378,41.82,0.3333333333333333,1,0.22499999999999998,0.2571428571428572,1.0,-0.33333333333333326,1.0,0.33333333333333337,1.0,0.26666666666666666,0.0,1.0,-1.0,0.0,1,69.0,F,Spokane,Gold,1,Snacks,Mainstream,2021-03-23,0,2021,36,1,1,0,2024-03
500304,0.0,15,0.9333333333333333,0,4.0,4.333333333333333,3.6666666666666665,0.6666666666666665,3.8666666666666667,217.86666666666667,197.4766666666667,0.1027324790487546,193.62066666666666,0.7288970593260745,50.276923076923076,3.6666666666666665,0,0.37666666666666665,0.3578571428571428,3.3333333333333335,1.0,0.3333333333333333,0.0,1.0,0.6,0.0,1.0,-1.0,0.0,0,40.0,F,Nashville,Platinum,0,Frozen Foods,Unknown,2022-07-09,0,2022,20,1,0,0,2024-03
500305,0.0,8,1.0,0,4.0,3.6666666666666665,5.0,-1.3333333333333335,4.25,96.57333333333334,124.27000000000002,-0.22109576647774154,110.21125,0.21166227235964052,26.33818181818182,1.3333333333333333,0,0.37999999999999995,0.245,3.0,0.3333333333333335,2.0,-0.3333333333333335,1.0,0.625,1.0,1.0,1.0,0.0,0,47.0,M,Boise,Silver,1,Dairy,Upscale,2023-07-22,0,2023,8,1,0,0,2024-03
500307,0.0,10,1.0,0,3.0,3.3333333333333335,3.3333333333333335,0.0,3.9,101.23666666666668,89.38333333333333,0.13114512262585307,108.43799999999999,0.24704338557234132,30.371000000000002,1.3333333333333333,0,0.26,0.279,2.3333333333333335,0.3333333333333335,2.6666666666666665,0.9999999999999998,0.6666666666666666,0.8,0.0,0.0,0.0,0.0,0,24.0,F,Spokane,Gold,1,Snacks,Upscale,2023-05-11,0,2023,10,1,0,0,2024-03
500308,0.0,15,1.0,0,2.0,3.0,4.0,-1.0,4.4,67.47333333333334,80.67666666666666,-0.16165367506019654,92.1546666666667,0.5497929584093935,22.491111111111113,1.3333333333333333,0,0.34,0.26333333333333336,1.6666666666666667,-0.6666666666666667,0.6666666666666666,-1.3333333333333335,0.6666666666666666,0.6666666666666666,0.0,0.0,0.0,0.0,0,34.0,M,Raleigh,Silver,1,Frozen Foods,Value,2022-06-12,0,2022,21,1,0,0,2024-03
500309,0.0,3,1.0,0,2.0,1.3333333333333333,,,1.3333333333333333,52.44666666666666,,,52.44666666666666,0.5494736884029795,39.334999999999994,2.6666666666666665,0,0.25,0.25,0.0,,1.3333333333333333,,0.3333333333333333,0.3333333333333333,1.0,1.0,,0.0,0,26.0,F,Madison,Silver,1,Snacks,Mainstream,2023-12-27,0,2023,3,1,1,0,2024-03
500310,3.0,5,0.4,0,0.0,0.0,1.5,-1.5,0.6,0.0,54.685,-0.9820418425069588,21.874000000000002,1.3559961648832626,,0.0,3,,0.365,0.0,0.0,0.0,0.0,0.0,0.0,0.0,1.0,-1.0,1.0,1,42.0,Other,Madison,Gold,0,Produce,Mainstream,2023-10-21,0,2023,5,0,1,0,2024-03
500311,0.0,3,1.0,0,3.0,3.0,,,3.0,121.17999999999999,,,121.17999999999999,0.31288983830396533,40.39333333333333,3.0,0,0.29,0.29,1.3333333333333333,,2.3333333333333335,,0.3333333333333333,0.3333333333333333,0.0,0.0,,0.0,0,18.0,M,Madison,Silver,1,Bakery,Mainstream,2023-12-20,0,2023,3,1,0,0,2024-03
500312,0.0,15,1.0,0,12.0,10.0,10.333333333333334,-0.3333333333333339,9.466666666666667,300.29333333333335,277.1466666666667,0.08321748717702883,266.64533333333327,0.24732085395267603,30.029333333333334,5.666666666666667,0,0.2733333333333333,0.24866666666666665,5.0,1.0,1.0,0.6666666666666667,0.6666666666666666,0.6666666666666666,1.0,1.0,1.0,0.0,0,61.0,F,Columbus,Silver,0,Produce,Mainstream,2022-03-01,0,2022,24,1,0,0,2024-03
500313,0.0,2,1.0,0,14.0,13.0,,,13.0,531.45,,,531.45,0.10358593094666305,40.88076923076923,5.5,0,0.135,0.135,4.0,,2.0,,0.5,0.5,0.0,0.0,,0.0,0,48.0,M,Portland,Gold,0,Dairy,Unknown,2024-01-20,0,2024,2,1,0,0,2024-03
500315,0.0,15,1.0,0,7.0,8.0,6.0,2.0,7.933333333333334,363.25666666666666,242.13666666666666,0.4981560439259128,345.53200000000004,0.31224111527686416,45.40708333333333,3.3333333333333335,0,0.4133333333333334,0.332,4.333333333333333,0.6666666666666665,1.0,-0.33333333333333326,0.6666666666666666,0.4666666666666667,0.0,0.0,0.0,0.0,0,74.0,M,Spokane,Platinum,1,Household,Unknown,2022-11-16,0,2022,16,1,0,0,2024-03
500316,9.0,10,0.1,0,0.0,0.0,0.0,0.0,0.1,0.0,0.0,0.0,4.603,2.5978875726851776,,0.0,3,,0.45,0.0,0.0,0.0,0.0,0.0,0.0,0.0,0.0,0.0,0.0,0,33.0,M,Austin,Gold,1,Personal Care,Mainstream,2023-05-05,0,2023,10,0,1,0,2024-03
500317,0.0,15,1.0,0,9.0,6.666666666666667,8.0,-1.333333333333333,6.266666666666667,248.87666666666667,287.3733333333333,-0.13349593120029576,225.96666666666667,0.3154669232895852,37.3315,3.3333333333333335,0,0.23,0.22066666666666665,2.0,-0.6666666666666665,0.6666666666666666,0.6666666666666666,0.0,0.5333333333333333,1.0,2.0,0.0,0.0,0,37.0,Other,Columbus,Silver,0,Personal Care,Mainstream,2022-07-06,0,2022,20,1,0,0,2024-03
500318,0.0,15,1.0,0,4.0,4.333333333333333,6.0,-1.666666666666667,4.6,139.59666666666666,195.9466666666667,-0.2861180691896284,147.75,0.49349561716179247,32.214615384615385,2.3333333333333335,0,0.21666666666666667,0.2986666666666667,4.0,-0.666666666666667,2.3333333333333335,1.666666666666667,0.6666666666666666,0.4666666666666667,0.0,2.0,-2.0,0.0,1,45.0,F,Tulsa,Silver,1,Snacks,Value,2021-05-01,0,2021,34,1,0,0,2024-03
500319,0.0,15,1.0,1,11.0,9.666666666666666,7.333333333333333,2.333333333333333,7.714285714285714,300.12,243.99666666666667,0.2290779466387298,246.26214285714286,0.32968449713466147,31.04689655172414,3.3333333333333335,0,0.4366666666666667,0.3314285714285714,6.666666666666667,4.0,1.3333333333333333,0.6666666666666666,1.0,0.8571428571428571,2.0,2.0,2.0,1.0,1,48.0,Other,Raleigh,Gold,1,Frozen Foods,Mainstream,2021-08-03,0,2021,31,1,0,0,2024-03
500320,14.0,15,0.06666666666666667,0,0.0,0.0,0.0,0.0,0.06666666666666667,0.0,0.0,0.0,1.5993333333333333,2.3829923179152583,,0.0,3,,0.46,0.0,0.0,0.0,0.0,0.0,0.0,0.0,0.0,0.0,0.0,0,,F,Denver,Silver,1,Beverages,Mainstream,2022-08-12,1,2022,19,0,1,0,2024-03
500321,0.0,15,1.0,1,6.0,7.0,6.0,1.0,6.071428571428571,243.20333333333335,218.86666666666667,0.1106882959369315,211.16214285714287,0.4875327274602352,34.74333333333333,2.3333333333333335,0,0.36000000000000004,0.2392857142857143,2.0,0.0,2.0,0.6666666666666667,1.3333333333333333,0.7857142857142857,0.0,0.0,0.0,0.0,1,48.0,F,Raleigh,Silver,1,Snacks,Unknown,2022-04-11,0,2022,23,1,0,0,2024-03
500322,0.0,14,0.9285714285714286,0,4.0,3.0,2.3333333333333335,0.6666666666666665,3.2142857142857144,89.59333333333335,67.36999999999999,0.3250450977524259,96.8014285714286,0.6821226173632569,29.864444444444448,1.3333333333333333,1,0.31,0.2676923076923077,2.6666666666666665,1.6666666666666665,1.3333333333333333,0.33333333333333326,0.0,0.6428571428571429,0.0,0.0,0.0,0.0,0,54.0,F,Raleigh,Silver,1,Dairy,Mainstream,2021-09-26,0,2021,30,1,0,0,2024-03
500323,0.0,15,0.8666666666666667,0,4.0,5.0,2.6666666666666665,2.3333333333333335,3.933333333333333,109.86000000000001,61.126666666666665,0.784418929069643,92.538,0.6002758909997339,21.972,2.3333333333333335,0,0.19666666666666666,0.23461538461538467,2.3333333333333335,0.0,1.0,0.33333333333333337,0.6666666666666666,0.8666666666666667,0.0,0.0,0.0,0.0,0,35.0,F,Portland,Silver,0,Beverages,Mainstream,2022-12-08,0,2022,15,1,0,0,2024-03
500324,0.0,15,0.8,0,4.0,3.0,1.3333333333333333,1.6666666666666667,1.8666666666666667,105.56333333333333,44.97333333333333,1.317937935034803,63.204,0.7670751025809311,35.187777777777775,2.6666666666666665,0,0.22666666666666666,0.2333333333333333,1.6666666666666667,0.3333333333333335,1.0,-2.0,1.3333333333333333,0.6,0.0,0.0,0.0,0.0,1,59.0,M,Madison,Silver,1,Dairy,Value,2022-03-25,0,2022,24,1,1,0,2024-03
500325,0.0,7,1.0,1,8.0,5.0,3.3333333333333335,1.6666666666666665,3.8333333333333335,134.895,82.49,0.6276799616720568,97.2,0.66371436622026,26.979000000000003,3.0,0,0.25,0.31833333333333336,1.5,0.16666666666666674,2.0,1.0,0.5,0.6666666666666666,0.0,0.0,0.0,0.0,0,66.0,M,Austin,Silver,1,Dairy,Value,2023-08-23,0,2023,7,1,0,0,2024-03
500326,0.0,15,1.0,0,5.0,3.0,3.0,0.0,4.2,100.74000000000001,103.35000000000001,-0.025011978917105885,140.52733333333333,0.5217137028111393,33.580000000000005,2.6666666666666665,0,0.2633333333333333,0.2313333333333333,2.0,0.33333333333333326,0.3333333333333333,-1.3333333333333335,0.3333333333333333,0.8,1.0,1.0,1.0,0.0,0,23.0,F,Boise,Silver,1,Dairy,Value,2022-05-19,0,2022,22,1,0,0,2024-03
500328,0.0,6,1.0,0,5.0,5.0,3.6666666666666665,1.3333333333333335,4.333333333333333,197.51333333333332,133.23333333333332,0.4788676434070028,165.37333333333333,0.6158095063811844,39.50266666666666,4.0,0,0.24666666666666667,0.25333333333333335,2.6666666666666665,0.9999999999999998,1.0,0.33333333333333337,0.3333333333333333,0.3333333333333333,0.0,1.0,-1.0,1.0,1,28.0,F,Tulsa,Silver,1,Dairy,Value,2023-09-22,0,2023,6,1,0,0,2024-03
500329,0.0,15,1.0,1,7.0,4.333333333333333,4.0,0.33333333333333304,4.642857142857143,172.5633333333333,132.57,0.29941853210551256,175.70000000000002,0.4655131022368222,39.82230769230769,3.0,0,0.23666666666666666,0.26999999999999996,3.6666666666666665,1.6666666666666665,0.6666666666666666,-1.0,0.3333333333333333,0.6428571428571429,0.0,0.0,0.0,0.0,0,36.0,M,Boise,Gold,1,Household,Unknown,2021-11-24,0,2021,28,1,0,0,2024-03
500330,0.0,15,1.0,0,6.0,5.333333333333333,3.6666666666666665,1.6666666666666665,4.4,162.97,101.93666666666667,0.5929212136912665,128.00333333333336,0.4383900355290972,30.556874999999998,2.3333333333333335,0,0.2066666666666667,0.31933333333333336,4.333333333333333,0.6666666666666665,0.0,-0.6666666666666666,1.0,0.5333333333333333,0.0,0.0,0.0,0.0,1,35.0,F,Denver,Silver,0,Produce,Mainstream,2022-06-30,0,2022,21,1,0,0,2024-03
500331,0.0,13,1.0,2,7.0,4.666666666666667,4.5,0.16666666666666696,5.818181818181818,160.59666666666666,176.655,-0.09039055097426663,216.41636363636363,0.31445694332592944,34.41357142857143,2.3333333333333335,0,0.35666666666666663,0.29818181818181827,2.3333333333333335,1.3333333333333335,2.0,1.0,2.0,1.2727272727272727,0.0,0.0,0.0,0.0,0,62.0,M,Raleigh,Silver,1,Personal Care,Mainstream,2023-02-17,0,2023,13,1,0,0,2024-03
500333,5.0,8,0.375,0,0.0,0.0,0.6666666666666666,-0.6666666666666666,0.625,0.0,20.903333333333332,-0.9543448485770811,20.55,1.4158804103755942,,0.0,3,,0.4033333333333333,0.0,0.0,0.0,0.0,0.0,0.125,0.0,2.0,-2.0,1.0,1,68.0,F,Tulsa,Gold,0,Household,Mainstream,2023-07-30,0,2023,8,0,1,0,2024-03
500334,0.0,15,0.9333333333333333,0,3.0,3.6666666666666665,4.333333333333333,-0.6666666666666665,4.466666666666667,129.33333333333334,156.5,-0.17248677248677244,166.194,0.4801994828463221,35.27272727272727,2.6666666666666665,0,0.24666666666666667,0.29357142857142854,0.6666666666666666,-1.0,0.0,-0.3333333333333333,0.6666666666666666,0.8,0.0,1.0,-1.0,1.0,1,61.0,F,Columbus,Gold,0,Dairy,Upscale,2021-10-08,0,2021,29,1,0,0,2024-03
500335,0.0,15,1.0,1,7.0,8.0,8.0,0.0,7.142857142857143,199.02666666666667,186.35,0.06766301930433241,175.92000000000002,0.3203646698717536,24.878333333333334,5.0,0,0.15,0.24571428571428564,1.6666666666666667,-0.8333333333333333,1.6666666666666667,0.6666666666666667,0.3333333333333333,0.2857142857142857,0.0,0.0,0.0,0.0,0,71.0,Unknown,Nashville,Silver,1,Bakery,Mainstream,2022-11-02,0,2022,16,1,0,0,2024-03
500336,1.0,15,0.8,0,0.0,1.0,0.3333333333333333,0.6666666666666667,1.4666666666666666,59.79,19.8,1.9225961538461536,79.47866666666667,0.7916493523335306,59.79,2.0,1,0.375,0.24916666666666668,1.6666666666666667,0.0,0.3333333333333333,-0.3333333333333333,0.6666666666666666,1.0,0.0,1.0,-1.0,0.0,0,74.0,M,Raleigh,Platinum,0,Frozen Foods,Mainstream,2021-04-05,0,2021,35,1,0,0,2024-03
500337,1.0,15,0.8666666666666667,0,0.0,0.6666666666666666,1.6666666666666667,-1.0,2.3333333333333335,27.223333333333333,54.97666666666667,-0.4958018221878164,82.23533333333332,0.585549919261896,40.835,1.3333333333333333,2,0.49,0.35,3.0,1.0,1.3333333333333333,-1.3333333333333333,0.0,0.3333333333333333,1.0,1.0,1.0,0.0,0,22.0,F,Austin,Gold,1,Bakery,Value,2021-06-14,0,2021,33,1,0,0,2024-03
500338,0.0,15,0.9285714285714286,1,2.0,4.666666666666667,3.6666666666666665,1.0000000000000004,4.357142857142857,130.84666666666666,103.38999999999999,0.2630200849378933,127.455,0.5951252059477302,28.038571428571426,2.3333333333333335,0,0.16666666666666666,0.1769230769230769,3.0,2.0,0.0,-0.3333333333333333,0.3333333333333333,0.7857142857142857,0.0,0.0,0.0,0.0,0,56.0,M,Austin,Silver,0,Beverages,Mainstream,2021-08-07,0,2021,31,1,0,0,2024-03
500341,5.0,15,0.46153846153846156,2,0.0,0.0,0.5,-0.5,0.46153846153846156,0.0,13.735,-0.9321343739395996,12.163846153846153,1.0468169743204114,,0.0,3,,0.3116666666666667,0.3333333333333333,-0.6666666666666667,0.0,-2.0,0.3333333333333333,0.6153846153846154,1.0,1.0,1.0,0.0,0,27.0,M,Austin,Silver,1,Bakery,Upscale,2022-06-25,0,2022,21,0,1,0,2024-03
500342,0.0,11,1.0,0,7.0,6.333333333333333,4.333333333333333,2.0,4.7272727272727275,172.04333333333332,127.86000000000001,0.34287857623260365,133.67545454545456,0.3526705298584508,27.164736842105263,4.333333333333333,0,0.3,0.36363636363636365,2.6666666666666665,0.33333333333333304,1.6666666666666667,-0.33333333333333326,0.3333333333333333,0.7272727272727273,0.0,0.0,0.0,0.0,0,34.0,F,Spokane,Silver,1,Dairy,Mainstream,2023-04-02,0,2023,11,1,0,0,2024-03
500343,0.0,15,1.0,1,6.0,4.333333333333333,3.0,1.333333333333333,3.4285714285714284,95.33666666666666,58.06333333333333,0.6310739883740616,70.12071428571429,0.519796649248071,22.00076923076923,2.6666666666666665,0,0.34,0.2521428571428571,1.6666666666666667,0.0,0.6666666666666666,-1.3333333333333335,1.3333333333333333,0.5,1.0,1.0,1.0,0.0,0,29.0,F,Madison,Silver,1,Produce,Value,2021-08-21,0,2021,31,1,0,0,2024-03
500344,10.0,11,0.09090909090909091,0,0.0,0.0,0.0,0.0,0.18181818181818182,0.0,0.0,0.0,3.7590909090909093,2.6197217780553155,,0.0,3,,0.33,0.0,0.0,0.0,0.0,0.0,0.36363636363636365,0.0,0.0,0.0,0.0,0,63.0,M,Madison,Silver,0,Bakery,Value,2023-04-26,0,2023,11,0,1,0,2024-03
500345,0.0,4,1.0,0,4.0,4.0,1.0,3.0,3.25,106.82333333333334,22.45,3.5980099502487564,85.73,0.49795200062048045,26.705833333333334,2.0,0,0.12999999999999998,0.15,3.0,0.0,1.0,1.0,0.6666666666666666,0.5,0.0,0.0,0.0,0.0,0,25.0,F,Denver,Silver,0,Snacks,Unknown,2023-11-05,0,2023,4,1,0,0,2024-03
500346,0.0,3,1.0,0,4.0,3.0,,,3.0,81.47,,,81.47,0.5265790928860082,27.156666666666666,1.6666666666666667,0,0.28,0.28,0.6666666666666666,,0.0,,0.3333333333333333,0.3333333333333333,0.0,0.0,,0.0,0,70.0,F,Denver,Silver,0,Personal Care,Upscale,2023-12-23,0,2023,3,1,0,0,2024-03
500347,0.0,10,1.0,0,10.0,9.666666666666666,7.666666666666667,1.9999999999999991,7.7,140.12666666666667,122.33333333333331,0.14427027027027042,118.604,0.36537757450407243,14.495862068965517,4.666666666666667,0,0.31,0.26999999999999996,1.6666666666666667,-0.33333333333333326,0.6666666666666666,-1.0,0.6666666666666666,0.6,0.0,1.0,-1.0,1.0,1,38.0,F,Austin,Silver,1,Snacks,Value,2023-05-16,0,2023,10,1,0,0,2024-03
500348,13.0,15,0.06666666666666667,0,0.0,0.0,0.0,0.0,0.13333333333333333,0.0,0.0,0.0,6.281333333333333,3.3410775579533305,,0.0,3,,0.88,0.0,0.0,0.0,0.0,0.0,0.0,0.0,0.0,0.0,0.0,1,51.0,M,Madison,Silver,0,Dairy,Mainstream,2022-04-30,0,2022,23,0,1,0,2024-03
500349,0.0,3,1.0,0,5.0,5.666666666666667,,,5.666666666666667,224.35333333333335,,,224.35333333333335,0.4263559820435855,39.591764705882355,2.6666666666666665,0,0.5499999999999999,0.5499999999999999,3.3333333333333335,,1.0,,0.0,0.0,0.0,0.0,,0.0,0,41.0,F,Nashville,Silver,1,Bakery,Unknown,2023-12-07,0,2023,3,1,0,0,2024-03
500350,0.0,15,1.0,3,6.0,5.5,5.333333333333333,0.16666666666666696,5.083333333333333,134.435,112.09333333333332,0.19755069559066274,117.73333333333335,0.3702898213847176,24.44272727272727,3.5,0,0.46,0.24833333333333338,5.0,3.0,0.5,-0.16666666666666663,1.0,0.6666666666666666,0.0,0.0,0.0,0.0,0,37.0,F,Denver,Silver,0,Beverages,Value,2021-10-12,0,2021,29,1,0,0,2024-03
500351,0.0,10,1.0,0,4.0,2.6666666666666665,7.333333333333333,-4.666666666666666,5.0,81.32333333333334,244.66,-0.6648891421748215,164.982,0.6082963086321813,30.49625,1.3333333333333333,0,0.32,0.314,2.0,0.6666666666666667,1.0,0.6666666666666667,0.0,0.3,0.0,0.0,0.0,0.0,0,67.0,M,Madison,Gold,1,Household,Value,2023-05-14,0,2023,10,1,0,0,2024-03
500352,0.0,11,1.0,0,3.0,3.6666666666666665,2.6666666666666665,1.0,3.090909090909091,130.39333333333335,98.33,0.32279606698211366,106.78363636363635,0.33176853401778467,35.56181818181818,1.0,0,0.18000000000000002,0.19727272727272727,2.3333333333333335,0.0,1.0,1.0,0.3333333333333333,0.45454545454545453,0.0,0.0,0.0,0.0,0,38.0,M,Portland,Silver,1,Snacks,Mainstream,2023-05-01,0,2023,10,1,0,0,2024-03
500354,11.0,15,0.26666666666666666,0,0.0,0.0,0.0,0.0,0.8666666666666667,0.0,0.0,0.0,42.67666666666666,2.1293308623618343,,0.0,3,,0.385,0.0,0.0,0.0,0.0,0.0,0.0,0.0,0.0,0.0,0.0,1,54.0,F,Spokane,Platinum,0,Dairy,Mainstream,2021-07-28,0,2021,32,0,1,0,2024-03
500355,0.0,15,1.0,1,6.0,5.666666666666667,5.666666666666667,0.0,7.214285714285714,217.47333333333333,213.91333333333333,0.016564816825386987,278.21214285714285,0.3635725011138019,38.37764705882353,4.666666666666667,0,0.3466666666666667,0.2971428571428571,1.6666666666666667,0.3333333333333335,3.3333333333333335,2.666666666666667,0.0,0.35714285714285715,2.0,2.0,2.0,0.0,0,38.0,F,Spokane,Gold,1,Beverages,Upscale,2022-12-10,0,2022,15,1,0,0,2024-03
500356,0.0,14,1.0,0,9.0,5.333333333333333,5.0,0.33333333333333304,5.0,184.92666666666665,184.49666666666667,0.0023181009541949275,179.90214285714288,0.38205730672992966,34.67375,4.333333333333333,0,0.2833333333333333,0.21000000000000002,3.6666666666666665,-1.0000000000000004,0.0,-0.3333333333333333,0.3333333333333333,0.5,0.0,0.0,0.0,0.0,0,67.0,F,Spokane,Silver,0,Personal Care,Mainstream,2021-10-13,0,2021,29,1,0,0,2024-03
500357,0.0,10,1.0,0,6.0,6.333333333333333,3.0,3.333333333333333,3.9,190.5,81.07666666666667,1.3331844210697315,112.93100000000001,0.5569835643731683,30.07894736842105,4.0,0,0.20333333333333334,0.34600000000000003,1.3333333333333333,-1.3333333333333333,1.6666666666666667,-0.9999999999999998,0.6666666666666666,0.6,1.0,2.0,0.0,1.0,1,33.0,M,Boise,Silver,1,Produce,Mainstream,2023-05-12,0,2023,10,1,0,0,2024-03
500358,0.0,3,1.0,0,9.0,4.333333333333333,,,4.333333333333333,121.75666666666666,,,121.75666666666666,0.9547748557205334,28.097692307692306,2.3333333333333335,0,0.29333333333333333,0.29333333333333333,1.3333333333333333,,0.3333333333333333,,0.6666666666666666,0.6666666666666666,0.0,0.0,,0.0,0,37.0,M,Nashville,Silver,1,Beverages,Mainstream,2023-12-03,0,2023,3,1,0,0,2024-03
500359,0.0,15,0.9333333333333333,0,4.0,3.0,4.666666666666667,-1.666666666666667,4.2,108.33999999999999,181.17,-0.3997914036339683,162.45,0.5287694965946194,36.11333333333333,1.0,0,0.2933333333333334,0.3114285714285714,2.6666666666666665,0.33333333333333304,1.0,1.0,0.6666666666666666,0.5333333333333333,0.0,0.0,0.0,0.0,0,68.0,F,Tulsa,Platinum,0,Snacks,Upscale,2021-09-06,0,2021,30,1,0,0,2024-03
500360,0.0,14,1.0,0,10.0,7.666666666666667,5.0,2.666666666666667,5.928571428571429,307.82666666666665,184.57000000000002,0.6642057803883528,223.15642857142853,0.46000262477482623,40.15130434782609,4.0,0,0.39666666666666667,0.3321428571428572,2.0,0.6666666666666667,2.3333333333333335,1.0000000000000002,0.6666666666666666,0.7857142857142857,0.0,0.0,0.0,0.0,0,28.0,M,Boise,Platinum,1,Dairy,Mainstream,2021-11-17,0,2021,28,1,0,0,2024-03
500361,5.0,15,0.6428571428571429,1,0.0,0.0,2.3333333333333335,-2.3333333333333335,4.357142857142857,0.0,83.34333333333333,-0.9881436983756867,172.68214285714285,1.0176645564987519,,0.0,3,,0.39222222222222214,0.0,-2.0,0.0,0.0,0.0,0.7857142857142857,0.0,1.0,-1.0,0.0,1,68.0,F,Portland,Gold,0,Dairy,Mainstream,2021-12-06,0,2021,27,0,1,0,2024-03
500362,13.0,15,0.13333333333333333,0,0.0,0.0,0.0,0.0,0.3333333333333333,0.0,0.0,0.0,10.375333333333334,2.4991390023754216,,0.0,3,,0.325,0.0,0.0,0.0,0.0,0.0,0.06666666666666667,0.0,0.0,0.0,0.0,0,18.0,M,Portland,Gold,1,Bakery,Mainstream,2021-07-05,0,2021,32,0,1,0,2024-03
500363,0.0,15,1.0,0,11.0,6.0,6.333333333333333,-0.33333333333333304,5.866666666666666,172.61666666666665,198.65,-0.13039485766758507,175.37666666666667,0.39883091936433335,28.76944444444444,5.666666666666667,0,0.2866666666666667,0.25266666666666665,4.0,1.0,1.3333333333333333,0.6666666666666666,0.6666666666666666,0.4,0.0,1.0,-1.0,0.0,0,18.0,M,Columbus,Silver,0,Bakery,Upscale,2022-09-28,0,2022,18,1,0,0,2024-03
500364,0.0,6,1.0,0,4.0,5.333333333333333,8.333333333333334,-3.000000000000001,6.833333333333333,123.79,195.54,-0.36506563549404697,159.665,0.327018040886132,23.210625,3.0,0,0.2233333333333333,0.22999999999999998,2.0,-1.0,2.3333333333333335,1.0000000000000002,0.6666666666666666,0.8333333333333334,1.0,1.0,1.0,0.0,0,25.0,M,Madison,Silver,1,Dairy,Mainstream,2023-09-15,0,2023,6,1,0,0,2024-03
500365,13.0,15,0.06666666666666667,0,0.0,0.0,0.0,0.0,0.06666666666666667,0.0,0.0,0.0,1.6913333333333334,2.433925873006742,,0.0,3,,0.3,0.0,0.0,0.0,0.0,0.0,0.0,0.0,0.0,0.0,0.0,1,53.0,M,Boise,Silver,0,Produce,Value,2022-06-18,0,2022,21,0,1,0,2024-03
500367,0.0,13,1.0,0,4.0,3.3333333333333335,5.0,-1.6666666666666665,4.384615384615385,72.63333333333333,108.51,-0.32761087267525046,92.25307692307692,0.42340885761608116,21.79,3.3333333333333335,0,0.21666666666666667,0.3076923076923077,4.333333333333333,1.6666666666666665,0.3333333333333333,0.3333333333333333,0.3333333333333333,0.38461538461538464,0.0,1.0,-1.0,0.0,1,66.0,M,Denver,Silver,1,Frozen Foods,Mainstream,2023-02-06,0,2023,13,1,0,0,2024-03
500368,0.0,15,1.0,3,6.0,7.0,2.6666666666666665,4.333333333333334,5.833333333333333,254.065,106.53000000000002,1.3720357109643815,218.30749999999998,0.425143656975316,36.295,8.0,0,0.22,0.29250000000000004,4.0,1.3333333333333335,1.5,0.16666666666666674,0.5,0.75,0.0,0.0,0.0,0.0,0,53.0,F,Columbus,Silver,1,Household,Unknown,2022-04-16,0,2022,23,1,0,0,2024-03
500369,0.0,9,1.0,0,4.0,6.0,5.0,1.0,5.333333333333333,255.49666666666667,183.99,0.3865434167612663,213.7411111111111,0.6513551769540613,42.58277777777778,2.6666666666666665,0,0.27666666666666667,0.31666666666666665,3.6666666666666665,1.0,2.0,0.6666666666666667,0.6666666666666666,0.7777777777777778,0.0,0.0,0.0,0.0,0,54.0,M,Tulsa,Platinum,1,Frozen Foods,Value,2023-06-30,0,2023,9,1,0,0,2024-03
500370,0.0,15,1.0,0,1.0,3.0,3.0,0.0,2.933333333333333,93.63666666666666,109.33999999999999,-0.14231768473204037,102.14733333333332,0.7739083636964045,31.21222222222222,1.3333333333333333,0,0.3333333333333333,0.25999999999999995,1.3333333333333333,-1.3333333333333333,1.0,-1.3333333333333335,0.6666666666666666,0.4666666666666667,0.0,0.0,0.0,0.0,0,74.0,M,Austin,Silver,1,Household,Mainstream,2022-05-21,0,2022,22,1,0,0,2024-03
500371,0.0,15,1.0,0,5.0,5.0,9.333333333333334,-4.333333333333334,7.8,152.48333333333332,324.98999999999995,-0.529177786639672,264.646,0.4229025884041505,30.496666666666666,1.3333333333333333,0,0.35333333333333333,0.3,2.6666666666666665,0.0,1.6666666666666667,0.6666666666666667,0.6666666666666666,0.6,0.0,0.0,0.0,0.0,0,72.0,M,Tulsa,Silver,1,Produce,Mainstream,2021-10-17,0,2021,29,1,0,0,2024-03
500372,0.0,2,1.0,0,1.0,1.5,,,1.5,42.565,,,42.565,0.45236005948970687,28.376666666666665,0.0,0,0.375,0.375,1.0,,0.0,,0.0,0.0,0.0,0.0,,0.0,0,21.0,M,Tulsa,Silver,0,Beverages,Upscale,2024-01-11,0,2024,2,1,0,0,2024-03
500373,0.0,15,1.0,0,5.0,5.666666666666667,7.0,-1.333333333333333,5.533333333333333,212.41333333333333,273.6566666666667,-0.22298141922642825,206.67,0.44119270089077006,37.48470588235294,1.6666666666666667,0,0.22666666666666666,0.2933333333333333,4.0,0.6666666666666665,0.3333333333333333,0.0,1.0,0.4666666666666667,0.0,0.0,0.0,0.0,1,49.0,F,Madison,Silver,0,Personal Care,Mainstream,2022-11-19,0,2022,16,1,0,0,2024-03
500374,4.0,15,0.7333333333333333,0,0.0,0.0,4.666666666666667,-4.666666666666667,3.6,0.0,140.65333333333334,-0.9929405120481928,111.33466666666666,0.7677094356646536,,0.0,3,,0.3318181818181818,0.0,-0.6666666666666666,0.0,0.0,0.0,0.4,0.0,0.0,0.0,0.0,0,38.0,M,Raleigh,Silver,0,Household,Value,2022-03-21,0,2022,24,0,1,0,2024-03
500376,12.0,15,0.2,0,0.0,0.0,0.0,0.0,0.6,0.0,0.0,0.0,30.904666666666667,2.3686361576896466,,0.0,3,,0.25666666666666665,0.0,0.0,0.0,0.0,0.0,0.06666666666666667,0.0,0.0,0.0,0.0,0,63.0,F,Spokane,Platinum,1,Household,Value,2022-04-24,0,2022,23,0,1,0,2024-03
500377,9.0,15,0.4,0,0.0,0.0,0.0,0.0,0.9333333333333333,0.0,0.0,0.0,36.808,1.363567060252684,,0.0,3,,0.26666666666666666,0.0,0.0,0.0,0.0,0.0,0.06666666666666667,0.0,0.0,0.0,0.0,1,48.0,F,Tulsa,Silver,1,Dairy,Mainstream,2021-05-31,0,2021,34,0,1,0,2024-03
500378,0.0,15,0.9333333333333333,0,1.0,4.666666666666667,3.3333333333333335,1.3333333333333335,3.1333333333333333,110.43,86.27666666666666,0.2767444525073523,79.94599999999998,0.5952965909643485,23.66357142857143,0.6666666666666666,0,0.29666666666666663,0.3392857142857143,2.0,-0.3333333333333335,2.0,-0.6666666666666665,1.0,0.6,0.0,0.0,0.0,0.0,0,55.0,Other,Austin,Silver,1,Beverages,Mainstream,2021-09-12,0,2021,30,1,0,0,2024-03
500379,1.0,15,0.9333333333333333,0,0.0,3.3333333333333335,4.0,-0.6666666666666665,5.266666666666667,60.89333333333334,83.79333333333334,-0.27006840160389967,107.69800000000001,0.508587566086309,18.268,2.0,1,0.17500000000000002,0.29642857142857143,1.0,-2.3333333333333335,1.3333333333333333,-1.0000000000000002,0.3333333333333333,0.4,0.0,0.0,0.0,0.0,1,47.0,M,Tulsa,Silver,1,Dairy,Upscale,2022-02-21,0,2022,25,1,0,0,2024-03
500380,0.0,15,1.0,2,6.0,5.666666666666667,11.0,-5.333333333333333,7.153846153846154,155.57333333333332,294.505,-0.4701499692616594,195.6592307692308,0.4923264025297203,27.454117647058823,3.3333333333333335,0,0.23333333333333336,0.29615384615384616,5.333333333333333,2.833333333333333,1.0,0.5,1.3333333333333333,0.7692307692307693,0.0,0.0,0.0,0.0,0,21.0,M,Madison,Silver,0,Bakery,Upscale,2021-10-05,0,2021,29,1,0,0,2024-03
500381,0.0,12,1.0,0,3.0,6.0,5.333333333333333,0.666666666666667,5.583333333333333,134.78666666666666,129.60333333333332,0.03968760368545982,128.32583333333335,0.40039499482199065,22.464444444444446,4.0,0,0.43,0.3225,2.3333333333333335,0.0,1.6666666666666667,-0.6666666666666667,1.0,0.8333333333333334,2.0,2.0,2.0,0.0,1,67.0,F,Raleigh,Silver,1,Household,Upscale,2023-03-06,0,2023,12,1,0,0,2024-03
500382,0.0,11,1.0,1,2.0,3.6666666666666665,4.0,-0.3333333333333335,5.4,118.10333333333334,132.3,-0.10650162540635162,173.93200000000002,0.43292585740666556,32.21,3.6666666666666665,0,0.3233333333333333,0.304,2.0,1.5,2.6666666666666665,1.6666666666666665,0.3333333333333333,0.7,0.0,0.0,0.0,0.0,1,40.0,F,Spokane,Silver,1,Household,Mainstream,2023-04-16,0,2023,11,1,0,0,2024-03
500383,0.0,2,1.0,0,5.0,4.0,,,4.0,102.19,,,102.19,0.2686169766693736,25.5475,2.5,0,0.265,0.265,1.0,,1.5,,0.5,0.5,1.0,1.0,,0.0,0,30.0,M,Madison,Silver,1,Produce,Mainstream,2024-01-26,0,2024,2,1,0,0,2024-03
500384,0.0,15,0.9166666666666666,3,5.0,2.0,2.5,-0.5,2.3333333333333335,54.86666666666667,72.245,-0.2372630668760098,64.41083333333333,0.6215813441790629,27.433333333333334,1.3333333333333333,1,0.37,0.2781818181818182,1.3333333333333333,-0.16666666666666674,0.3333333333333333,-1.6666666666666667,0.3333333333333333,0.5,1.0,1.0,1.0,0.0,0,54.0,F,Boise,Silver,1,Produce,Mainstream,2022-01-09,0,2022,26,1,0,0,2024-03
500385,0.0,11,1.0,1,10.0,9.333333333333334,5.5,3.833333333333334,6.4,281.16333333333336,153.885,0.8217602307088057,187.898,0.49810492304941134,30.124642857142856,3.6666666666666665,0,0.18666666666666668,0.31399999999999995,4.333333333333333,-1.166666666666667,2.0,1.0,0.0,0.2,0.0,0.0,0.0,0.0,0,35.0,M,Madison,Silver,1,Personal Care,Mainstream,2023-05-01,0,2023,10,1,0,0,2024-03
500386,14.0,15,0.06666666666666667,0,0.0,0.0,0.0,0.0,0.06666666666666667,0.0,0.0,0.0,1.5386666666666666,2.347385914665629,,0.0,3,,0.53,0.0,0.0,0.0,0.0,0.0,0.0,0.0,0.0,0.0,0.0,0,,F,Austin,Silver,1,Snacks,Mainstream,2021-07-23,1,2021,32,0,1,0,2024-03
500387,1.0,15,0.8571428571428571,1,0.0,2.3333333333333335,3.3333333333333335,-1.0,2.9285714285714284,96.12,129.58333333333334,-0.25626037013401404,119.465,0.8641677355874796,41.19428571428572,1.3333333333333333,1,0.35,0.3758333333333334,1.3333333333333333,-0.3333333333333335,1.6666666666666667,0.3333333333333335,1.3333333333333333,1.0,1.0,1.0,1.0,1.0,1,47.0,F,Raleigh,Gold,1,Household,Mainstream,2022-11-04,0,2022,16,1,0,0,2024-03
500388,7.0,15,0.4666666666666667,0,0.0,0.0,0.0,0.0,1.7333333333333334,0.0,0.0,0.0,44.36933333333333,1.311064423643732,,0.0,3,,0.3228571428571429,0.0,0.0,0.0,0.0,0.0,0.5333333333333333,0.0,0.0,0.0,0.0,1,43.0,F,Austin,Silver,1,Bakery,Unknown,2021-06-23,0,2021,33,0,1,0,2024-03
500389,0.0,4,1.0,0,4.0,5.333333333333333,11.0,-5.666666666666667,6.75,124.86666666666667,271.31,-0.5377816948820584,161.4775,0.5172599954541686,23.4125,3.6666666666666665,0,0.3333333333333333,0.34,2.3333333333333335,-2.6666666666666665,2.0,0.0,0.6666666666666666,0.5,0.0,0.0,0.0,0.0,0,23.0,F,Spokane,Silver,1,Dairy,Mainstream,2023-11-23,0,2023,4,1,0,0,2024-03
500390,0.0,5,1.0,0,8.0,7.333333333333333,2.5,4.833333333333333,5.4,331.3933333333334,110.725,1.9751025583650337,243.12600000000003,0.5554505637919028,45.190000000000005,5.333333333333333,0,0.08666666666666667,0.186,4.0,1.0,0.3333333333333333,-0.16666666666666669,0.3333333333333333,0.4,0.0,0.0,0.0,0.0,0,28.0,F,Denver,Platinum,0,Household,Upscale,2023-10-27,0,2023,5,1,0,0,2024-03
500391,0.0,12,1.0,1,6.0,4.0,2.6666666666666665,1.3333333333333335,3.909090909090909,68.91,40.18,0.6976687712481786,59.01272727272728,0.44764911841505334,17.2275,1.5,0,0.20500000000000002,0.24090909090909093,3.0,1.3333333333333333,0.5,0.16666666666666669,1.0,0.6363636363636364,0.0,1.0,-1.0,1.0,1,67.0,F,Raleigh,Silver,0,Beverages,Value,2023-03-24,0,2023,12,1,0,0,2024-03
500393,0.0,15,1.0,1,11.0,6.333333333333333,8.0,-1.666666666666667,7.142857142857143,192.17666666666665,238.35,-0.192911357147831,208.215,0.33686317428144263,30.343684210526316,4.0,0,0.19999999999999998,0.2914285714285714,4.0,0.6666666666666665,2.3333333333333335,0.3333333333333335,0.6666666666666666,0.5714285714285714,0.0,0.0,0.0,0.0,0,49.0,F,Austin,Silver,1,Dairy,Value,2022-10-05,0,2022,17,1,0,0,2024-03
500394,0.0,15,1.0,0,1.0,3.6666666666666665,10.333333333333334,-6.666666666666668,6.733333333333333,125.36333333333333,379.33666666666664,-0.6677592659135327,230.9833333333333,0.45990754385340754,34.19,2.3333333333333335,0,0.2233333333333333,0.3006666666666667,1.6666666666666667,-1.9999999999999998,0.0,0.0,1.3333333333333333,0.4666666666666667,0.0,0.0,0.0,0.0,0,44.0,F,Boise,Gold,0,Dairy,Mainstream,2022-04-02,0,2022,23,1,0,0,2024-03
500395,6.0,15,0.6,0,0.0,0.0,0.0,0.0,2.3333333333333335,0.0,0.0,0.0,44.60333333333334,1.2024366659507677,,0.0,3,,0.31222222222222223,0.0,-0.3333333333333333,0.0,0.0,0.0,0.26666666666666666,0.0,1.0,-1.0,1.0,1,28.0,F,Boise,Silver,0,Dairy,Mainstream,2022-03-20,0,2022,24,0,1,0,2024-03
500396,3.0,7,0.5714285714285714,0,0.0,0.0,2.3333333333333335,-2.3333333333333335,1.4285714285714286,0.0,48.333333333333336,-0.9797297297297297,27.742857142857144,0.9280328343948039,,0.0,3,,0.245,0.0,-0.3333333333333333,0.0,-1.6666666666666667,0.0,0.14285714285714285,1.0,3.0,-1.0,0.0,0,58.0,F,Austin,Silver,1,Beverages,Mainstream,2023-08-25,0,2023,7,0,1,0,2024-03
500397,0.0,5,1.0,0,4.0,3.0,2.5,0.5,2.8,139.01000000000002,95.33,0.45344129554655893,121.53800000000001,0.48401058176960976,46.33666666666667,2.0,0,0.39666666666666667,0.336,0.6666666666666666,0.6666666666666666,2.0,-1.5,1.3333333333333333,1.0,0.0,0.0,0.0,0.0,0,54.0,F,Denver,Gold,1,Bakery,Mainstream,2023-10-23,0,2023,5,1,0,0,2024-03
500398,1.0,15,0.3333333333333333,0,0.0,0.3333333333333333,0.6666666666666666,-0.3333333333333333,0.4,10.286666666666667,21.183333333333334,-0.4912096168294515,13.717333333333332,1.4428101147277328,30.86,0.3333333333333333,2,0.45,0.24000000000000005,0.0,-0.3333333333333333,1.3333333333333333,1.3333333333333333,0.0,0.6666666666666666,1.0,1.0,1.0,1.0,1,48.0,F,Nashville,Gold,0,Household,Value,2022-07-13,0,2022,20,1,0,0,2024-03
500400,0.0,15,1.0,0,5.0,4.666666666666667,4.333333333333333,0.3333333333333339,4.866666666666666,175.23000000000002,160.97333333333333,0.08801860388541338,170.59200000000004,0.4494774995958792,37.549285714285716,3.0,0,0.31,0.298,1.6666666666666667,1.0,1.0,-0.6666666666666667,0.3333333333333333,0.6666666666666666,1.0,1.0,1.0,1.0,1,22.0,F,Denver,Gold,1,Beverages,Value,2021-04-23,0,2021,35,1,0,0,2024-03
500401,13.0,15,0.13333333333333333,0,0.0,0.0,0.0,0.0,0.2,0.0,0.0,0.0,7.357333333333333,2.4477044653117273,,0.0,3,,0.26,0.0,0.0,0.0,0.0,0.0,0.13333333333333333,0.0,0.0,0.0,0.0,1,73.0,F,Nashville,Gold,0,Household,Mainstream,2021-06-19,0,2021,33,0,1,0,2024-03
500402,1.0,13,0.8461538461538461,0,0.0,1.3333333333333333,2.3333333333333335,-1.0000000000000002,1.5384615384615385,49.89333333333334,80.87333333333333,-0.37838938197215205,54.379230769230766,0.60104627621597,37.42,1.3333333333333333,1,0.165,0.2581818181818182,2.0,0.33333333333333326,0.3333333333333333,-0.3333333333333333,0.6666666666666666,0.5384615384615384,0.0,0.0,0.0,0.0,0,31.0,M,Tulsa,Silver,0,Dairy,Upscale,2023-02-14,0,2023,13,1,0,0,2024-03
500403,0.0,5,1.0,0,9.0,6.333333333333333,3.5,2.833333333333333,5.2,161.33333333333334,88.82499999999999,0.807217738194638,132.32999999999998,0.4063354379496255,25.473684210526315,2.6666666666666665,0,0.3,0.32599999999999996,2.0,-1.0,0.3333333333333333,-0.6666666666666667,0.0,0.4,0.0,0.0,0.0,0.0,0,55.0,Unknown,Columbus,Silver,0,Beverages,Value,2023-10-26,0,2023,5,1,0,0,2024-03
500404,0.0,8,0.875,0,1.0,3.6666666666666665,5.0,-1.3333333333333335,4.25,165.98,256.52,-0.3515843429636533,208.9325,0.706636165131892,45.267272727272726,2.3333333333333335,0,0.23666666666666666,0.2557142857142857,0.6666666666666666,-2.0,0.6666666666666666,-0.33333333333333337,1.3333333333333333,0.625,0.0,1.0,-1.0,0.0,0,21.0,M,Denver,Gold,1,Produce,Mainstream,2023-07-12,0,2023,8,1,0,0,2024-03
500405,0.0,15,1.0,0,2.0,4.333333333333333,4.333333333333333,0.0,4.666666666666667,133.73666666666668,131.39666666666668,0.017674160980890783,143.286,0.46533469592288723,30.862307692307695,4.0,0,0.21666666666666665,0.31333333333333335,3.0,1.0,2.3333333333333335,1.0000000000000002,0.0,0.4666666666666667,1.0,1.0,1.0,0.0,0,56.0,M,Spokane,Silver,1,Frozen Foods,Value,2021-07-06,0,2021,32,1,0,0,2024-03
500406,13.0,15,0.13333333333333333,0,0.0,0.0,0.0,0.0,0.4,0.0,0.0,0.0,9.753333333333334,2.3940177595535004,,0.0,3,,0.275,0.0,0.0,0.0,0.0,0.0,0.13333333333333333,0.0,0.0,0.0,0.0,0,28.0,F,Boise,Silver,1,Personal Care,Mainstream,2022-11-15,0,2022,16,0,1,0,2024-03
500407,0.0,15,1.0,0,7.0,8.0,8.666666666666666,-0.6666666666666661,7.466666666666667,290.75333333333333,344.28,-0.15502394192153224,294.09599999999995,0.41440733646557926,36.344166666666666,4.0,0,0.25,0.274,1.6666666666666667,-0.33333333333333326,2.0,-0.6666666666666665,1.0,0.7333333333333333,0.0,0.0,0.0,0.0,1,57.0,F,Nashville,Platinum,1,Snacks,Upscale,2021-02-26,0,2021,37,1,0,0,2024-03
500408,0.0,15,1.0,0,6.0,5.333333333333333,7.0,-1.666666666666667,5.466666666666667,149.34,202.29666666666665,-0.2604895964846119,150.64533333333333,0.5134218468052065,28.00125,4.333333333333333,0,0.2333333333333333,0.27066666666666667,3.0,0.0,1.3333333333333333,-1.3333333333333333,1.3333333333333333,0.8666666666666667,0.0,1.0,-1.0,0.0,1,29.0,M,Tulsa,Silver,1,Produce,Value,2022-03-26,0,2022,24,1,0,0,2024-03
500409,8.0,15,0.4666666666666667,0,0.0,0.0,0.0,0.0,1.8666666666666667,0.0,0.0,0.0,70.37066666666666,1.2894156955255822,,0.0,3,,0.22714285714285717,0.0,0.0,0.0,0.0,0.0,0.26666666666666666,0.0,0.0,0.0,0.0,1,46.0,M,Portland,Gold,0,Bakery,Mainstream,2022-06-06,0,2022,21,0,1,0,2024-03
500410,0.0,2,1.0,0,16.0,10.0,,,10.0,269.59,,,269.59,0.7626896232569783,26.958999999999996,3.5,0,0.35,0.35,6.0,,0.0,,1.0,1.0,1.0,1.0,,0.0,0,41.0,M,Austin,Silver,0,Bakery,Upscale,2024-01-05,0,2024,2,1,0,0,2024-03
500411,0.0,15,1.0,2,3.0,5.0,2.0,3.0,3.923076923076923,213.695,75.81,1.7951438614763702,145.45076923076923,0.577714516901058,42.739,2.5,0,0.29000000000000004,0.2515384615384616,1.0,-1.6666666666666665,1.0,-0.33333333333333326,1.0,0.46153846153846156,0.0,0.0,0.0,0.0,0,47.0,Other,Austin,Gold,1,Household,Value,2022-06-11,0,2022,21,1,0,0,2024-03
500412,0.0,13,1.0,0,9.0,5.666666666666667,5.0,0.666666666666667,4.230769230769231,188.4033333333333,175.12333333333333,0.07540170713704396,147.07384615384615,0.5006314887648879,33.247647058823524,2.0,0,0.47666666666666674,0.29,0.6666666666666666,-2.0,1.3333333333333333,-0.6666666666666667,0.3333333333333333,0.3076923076923077,0.0,0.0,0.0,0.0,0,36.0,M,Tulsa,Silver,1,Personal Care,Mainstream,2023-02-12,0,2023,13,1,0,0,2024-03
500413,0.0,15,0.9333333333333333,0,3.0,4.0,2.0,2.0,2.533333333333333,146.82,77.36333333333333,0.8863414011655111,101.77666666666666,0.7234329487784279,36.705,4.0,0,0.19666666666666666,0.22214285714285717,2.0,1.0,1.0,-0.33333333333333326,0.3333333333333333,0.5333333333333333,1.0,1.0,1.0,0.0,0,37.0,M,Spokane,Gold,1,Household,Mainstream,2021-08-19,0,2021,31,1,0,0,2024-03
500414,2.0,4,0.5,0,0.0,0.3333333333333333,1.0,-0.6666666666666667,0.5,9.406666666666666,31.5,-0.6797948717948719,14.93,1.0854742560883914,28.22,0.6666666666666666,2,0.06,0.115,0.3333333333333333,-0.6666666666666667,0.0,-1.0,1.0,0.75,0.0,0.0,0.0,0.0,0,38.0,M,Portland,Silver,0,Produce,Mainstream,2023-11-28,0,2023,4,1,0,0,2024-03
500415,2.0,6,0.3333333333333333,0,0.0,0.6666666666666666,2.3333333333333335,-1.666666666666667,1.5,16.03,73.2,-0.7704851752021563,44.615,1.9260439593702094,24.045,0.3333333333333333,2,0.17,0.22000000000000003,0.0,-2.0,0.0,-1.0,0.0,0.0,2.0,2.0,2.0,0.0,0,54.0,F,Columbus,Silver,1,Household,Upscale,2023-09-21,0,2023,6,1,1,0,2024-03
500416,1.0,15,0.4666666666666667,0,0.0,0.6666666666666666,0.6666666666666666,0.0,0.7333333333333333,27.153333333333332,31.2,-0.12567287784679088,29.336666666666666,1.171370200843433,40.73,1.0,2,0.1,0.16428571428571428,0.0,-0.3333333333333333,1.6666666666666667,1.3333333333333335,0.0,0.6,1.0,1.0,1.0,0.0,0,64.0,F,Raleigh,Gold,1,Bakery,Value,2022-03-19,0,2022,24,1,1,0,2024-03
500417,0.0,15,1.0,1,13.0,10.0,3.5,6.5,7.357142857142857,308.97333333333336,94.36,2.2505592841163313,221.78785714285715,0.48957335731261437,30.897333333333336,3.0,0,0.2633333333333333,0.20071428571428568,5.0,1.5,1.6666666666666667,-0.8333333333333333,1.6666666666666667,0.7857142857142857,1.0,1.0,1.0,0.0,1,38.0,F,Denver,Gold,1,Snacks,Mainstream,2022-02-26,0,2022,25,1,0,0,2024-03
500418,8.0,15,0.4666666666666667,0,0.0,0.0,0.0,0.0,1.0666666666666667,0.0,0.0,0.0,23.38266666666667,1.3556640990410662,,0.0,3,,0.3257142857142857,0.0,0.0,0.0,0.0,0.0,0.06666666666666667,0.0,0.0,0.0,0.0,0,19.0,M,Raleigh,Silver,1,Dairy,Value,2021-09-04,0,2021,30,0,1,0,2024-03
500419,0.0,15,1.0,2,2.0,2.6666666666666665,3.3333333333333335,-0.666666666666667,3.3846153846153846,132.40333333333334,158.36,-0.16288068942436418,169.29230769230767,0.501488763854686,49.651250000000005,1.3333333333333333,0,0.17333333333333334,0.21230769230769234,0.0,-0.3333333333333333,0.0,-0.3333333333333333,0.0,0.46153846153846156,0.0,0.0,0.0,0.0,0,29.0,M,Tulsa,Platinum,0,Household,Mainstream,2022-08-28,0,2022,19,1,0,0,2024-03
500420,0.0,13,1.0,0,5.0,7.0,9.333333333333334,-2.333333333333334,7.6923076923076925,277.43,362.69666666666666,-0.23444445462794083,294.7261538461538,0.37869118381946687,39.63285714285714,3.0,0,0.30666666666666664,0.2930769230769231,3.0,-1.0,1.3333333333333333,1.0,1.0,0.46153846153846156,0.0,1.0,-1.0,0.0,1,23.0,M,Columbus,Gold,1,Bakery,Mainstream,2023-02-17,0,2023,13,1,0,0,2024-03
500421,1.0,10,0.8888888888888888,1,0.0,1.3333333333333333,3.0,-1.6666666666666667,2.6666666666666665,52.903333333333336,140.615,-0.6193670632819028,124.96000000000001,0.6797743264393201,39.6775,0.3333333333333333,1,0.38,0.2925,0.6666666666666666,0.6666666666666666,0.6666666666666666,0.16666666666666663,0.3333333333333333,0.4444444444444444,0.0,0.0,0.0,0.0,1,53.0,F,Columbus,Platinum,1,Beverages,Mainstream,2023-05-11,0,2023,10,1,1,0,2024-03
500422,0.0,13,1.0,1,11.0,7.0,7.0,0.0,6.166666666666667,216.11,195.95333333333335,0.10234234844125512,174.49416666666664,0.4515348804345116,30.872857142857146,3.0,0,0.39999999999999997,0.29,2.0,-1.0,1.3333333333333333,-0.3333333333333335,1.3333333333333333,1.0,1.0,1.0,1.0,0.0,0,64.0,Other,Nashville,Silver,1,Produce,Value,2023-02-23,0,2023,13,1,0,0,2024-03
500423,0.0,15,1.0,0,4.0,6.0,5.0,1.0,5.333333333333333,283.09,220.88333333333335,0.28035754525651596,247.2913333333333,0.41767846755718335,47.181666666666665,2.0,0,0.2866666666666667,0.33933333333333326,1.3333333333333333,-1.0000000000000002,1.0,0.0,2.0,0.9333333333333333,0.0,1.0,-1.0,0.0,1,30.0,F,Boise,Platinum,1,Snacks,Upscale,2022-03-19,0,2022,24,1,0,0,2024-03
500424,0.0,15,0.9285714285714286,1,2.0,1.3333333333333333,3.6666666666666665,-2.333333333333333,3.4285714285714284,54.426666666666655,160.39666666666668,-0.6565810941985586,147.32928571428573,0.521758456511286,40.81999999999999,2.0,1,0.095,0.29076923076923084,2.6666666666666665,0.6666666666666665,1.3333333333333333,-0.3333333333333335,0.6666666666666666,0.6428571428571429,1.0,1.0,1.0,0.0,1,48.0,F,Boise,Gold,1,Personal Care,Mainstream,2022-08-10,0,2022,19,1,0,0,2024-03
500426,0.0,7,1.0,0,6.0,4.0,3.6666666666666665,0.3333333333333335,3.5714285714285716,111.12666666666667,93.14666666666666,0.19097861492706422,95.39142857142858,0.5064473751429582,27.781666666666666,2.3333333333333335,0,0.3466666666666667,0.24714285714285716,1.0,-1.0,0.6666666666666666,-0.6666666666666666,1.0,0.5714285714285714,0.0,1.0,-1.0,0.0,0,43.0,F,Madison,Silver,1,Bakery,Value,2023-08-25,0,2023,7,1,0,0,2024-03
500427,0.0,15,0.9285714285714286,1,3.0,6.5,3.3333333333333335,3.1666666666666665,3.857142857142857,154.1,67.19333333333333,1.2744158764297586,81.34785714285714,0.80219638968753,23.707692307692305,2.5,0,0.345,0.32461538461538464,1.0,-2.3333333333333335,0.0,-2.0,0.5,0.5,0.0,0.0,0.0,0.0,0,68.0,F,Nashville,Silver,1,Household,Mainstream,2022-01-22,0,2022,26,1,0,0,2024-03
500429,0.0,7,1.0,0,8.0,7.0,7.333333333333333,-0.33333333333333304,7.428571428571429,246.97333333333336,233.38333333333335,0.0579819384199673,248.80285714285716,0.2551569271488832,35.28190476190476,2.0,0,0.33666666666666667,0.3885714285714285,3.0,-2.0,0.3333333333333333,-0.6666666666666667,0.0,0.0,0.0,1.0,-1.0,0.0,0,53.0,M,Columbus,Gold,0,Produce,Value,2023-09-01,0,2023,6,1,0,0,2024-03
500430,0.0,11,1.0,0,8.0,7.333333333333333,8.0,-0.666666666666667,7.454545454545454,178.56666666666663,218.31000000000003,-0.18121988661407776,194.49272727272728,0.366914178352194,24.349999999999998,4.666666666666667,0,0.2333333333333333,0.2563636363636364,5.0,1.0,0.6666666666666666,-0.6666666666666666,1.3333333333333333,0.5454545454545454,0.0,0.0,0.0,0.0,0,48.0,Other,Raleigh,Silver,1,Produce,Unknown,2023-04-13,0,2023,11,1,0,0,2024-03
500431,8.0,15,0.4666666666666667,0,0.0,0.0,0.0,0.0,3.466666666666667,0.0,0.0,0.0,122.90933333333334,1.280022530399544,,0.0,3,,0.3685714285714286,0.0,0.0,0.0,0.0,0.0,0.06666666666666667,0.0,0.0,0.0,0.0,0,67.0,F,Portland,Silver,0,Household,Mainstream,2021-08-08,0,2021,31,0,1,0,2024-03
500432,0.0,15,0.9333333333333333,0,2.0,3.0,3.0,0.0,3.2,89.91333333333334,85.58666666666666,0.0499692023406223,94.25266666666667,0.5733310241915168,29.971111111111114,2.6666666666666665,0,0.22,0.2442857142857143,1.0,0.33333333333333337,1.6666666666666667,-1.3333333333333333,0.3333333333333333,0.6666666666666666,0.0,0.0,0.0,0.0,1,30.0,M,Madison,Platinum,1,Dairy,Mainstream,2022-11-14,0,2022,16,1,0,0,2024-03
500433,0.0,15,0.9333333333333333,0,3.0,2.3333333333333335,2.3333333333333335,0.0,2.4,84.76,83.1,0.019738406658739726,87.60333333333331,0.5205798215895016,36.325714285714284,1.3333333333333333,0,0.2733333333333334,0.24571428571428575,2.3333333333333335,0.6666666666666667,0.3333333333333333,0.3333333333333333,0.3333333333333333,0.7333333333333333,0.0,1.0,-1.0,1.0,1,71.0,M,Nashville,Gold,0,Frozen Foods,Upscale,2022-06-07,0,2022,21,1,0,0,2024-03
500434,0.0,2,1.0,0,6.0,6.0,,,6.0,131.075,,,131.075,0.1350770705230861,21.84583333333333,6.0,0,0.355,0.355,1.5,,0.5,,0.0,0.0,0.0,0.0,,0.0,0,66.0,F,Austin,Silver,1,Beverages,Value,2024-01-28,0,2024,2,1,0,0,2024-03
500435,0.0,12,1.0,0,6.0,6.333333333333333,5.0,1.333333333333333,6.416666666666667,84.16333333333333,60.10666666666666,0.3936831769583242,84.0575,0.44951759151659276,13.288947368421052,3.3333333333333335,0,0.3166666666666667,0.30250000000000005,1.3333333333333333,-0.6666666666666667,0.3333333333333333,0.0,0.3333333333333333,0.6666666666666666,2.0,2.0,2.0,0.0,0,43.0,F,Boise,Silver,0,Produce,Value,2023-03-26,0,2023,12,1,0,0,2024-03
500436,12.0,15,0.2,0,0.0,0.0,0.0,0.0,0.26666666666666666,0.0,0.0,0.0,7.035333333333333,1.9370560805602575,,0.0,3,,0.3066666666666667,0.0,0.0,0.0,0.0,0.0,0.06666666666666667,0.0,0.0,0.0,0.0,1,64.0,M,Spokane,Silver,0,Produce,Mainstream,2021-12-04,0,2021,27,0,1,0,2024-03
500437,13.0,15,0.06666666666666667,0,0.0,0.0,0.0,0.0,0.06666666666666667,0.0,0.0,0.0,1.3373333333333333,2.2159739282635704,,0.0,3,,0.24,0.0,0.0,0.0,0.0,0.0,0.13333333333333333,0.0,0.0,0.0,0.0,1,54.0,F,Boise,Silver,1,Household,Upscale,2021-11-10,0,2021,28,0,1,0,2024-03
500438,0.0,15,1.0,0,10.0,12.333333333333334,7.333333333333333,5.000000000000001,8.066666666666666,498.72333333333336,301.31333333333333,0.6529979932520344,328.888,0.39531328934679894,40.43702702702703,4.333333333333333,0,0.36000000000000004,0.2766666666666666,2.6666666666666665,-0.666666666666667,0.3333333333333333,-0.6666666666666667,0.0,0.5333333333333333,1.0,1.0,1.0,0.0,0,36.0,F,Denver,Silver,0,Snacks,Value,2022-06-25,0,2022,21,1,0,0,2024-03
500439,0.0,15,1.0,1,3.0,3.0,4.666666666666667,-1.666666666666667,3.142857142857143,116.28,185.09666666666666,-0.3697898941410378,125.00285714285714,0.41833057421560205,38.76,2.0,0,0.29000000000000004,0.24857142857142858,1.5,0.5,2.0,0.33333333333333326,2.0,0.6428571428571429,0.0,1.0,-1.0,0.0,0,66.0,M,Portland,Gold,1,Personal Care,Mainstream,2021-07-12,0,2021,32,1,0,0,2024-03
500440,0.0,10,1.0,0,6.0,5.0,2.6666666666666665,2.3333333333333335,3.9,148.11333333333332,76.54666666666667,0.9228851444291607,118.91199999999999,0.4459797424560046,29.622666666666664,3.0,0,0.12,0.366,0.6666666666666666,0.0,1.6666666666666667,0.0,0.0,0.2,0.0,0.0,0.0,0.0,0,19.0,F,Madison,Silver,1,Snacks,Upscale,2023-05-18,0,2023,10,1,0,0,2024-03
500441,0.0,5,1.0,1,2.0,1.5,4.0,-2.5,2.75,51.69499999999999,118.28,-0.5582243460764588,84.9875,0.4834590703139756,34.46333333333333,1.0,0,0.16999999999999998,0.20500000000000002,2.0,1.0,2.0,1.5,0.0,0.0,0.0,0.0,0.0,0.0,0,25.0,F,Denver,Silver,1,Household,Upscale,2023-10-23,0,2023,5,1,0,0,2024-03
500442,0.0,1,1.0,0,12.0,12.0,,,12.0,436.14,,,436.14,,36.345,6.0,0,0.21,0.21,3.0,,2.0,,1.0,1.0,0.0,0.0,,0.0,0,68.0,F,Boise,Gold,1,Beverages,Mainstream,2024-02-02,0,2024,1,1,0,0,2024-03
500443,0.0,6,1.0,0,5.0,2.6666666666666665,1.3333333333333333,1.3333333333333333,2.0,61.69,31.436666666666667,0.9326893433357311,46.56333333333333,0.7984236776904912,23.13375,2.0,0,0.38666666666666666,0.33666666666666667,2.0,0.0,0.3333333333333333,-1.0,1.3333333333333333,1.0,0.0,0.0,0.0,0.0,0,63.0,M,Portland,Silver,1,Dairy,Value,2023-09-12,0,2023,6,1,0,0,2024-03
500444,12.0,15,0.13333333333333333,0,0.0,0.0,0.0,0.0,0.13333333333333333,0.0,0.0,0.0,3.927333333333333,2.110958150005927,,0.0,3,,0.27,0.0,0.0,0.0,0.0,0.0,0.06666666666666667,0.0,0.0,0.0,0.0,1,35.0,M,Portland,Silver,1,Frozen Foods,Mainstream,2021-11-22,0,2021,28,0,1,0,2024-03
500445,10.0,15,0.3333333333333333,0,0.0,0.0,0.0,0.0,0.8666666666666667,0.0,0.0,0.0,39.45133333333333,1.6077268708238335,,0.0,3,,0.382,0.0,0.0,0.0,0.0,0.0,0.13333333333333333,0.0,0.0,0.0,0.0,0,74.0,F,Tulsa,Gold,0,Snacks,Mainstream,2021-06-10,0,2021,33,0,1,0,2024-03
500446,0.0,4,1.0,0,3.0,5.333333333333333,12.0,-6.666666666666667,7.0,210.92999999999998,411.08,-0.48570665890118425,260.9675,0.48036124247932405,39.549375,2.0,0,0.2966666666666667,0.2575,3.0,2.0,1.6666666666666667,-0.33333333333333326,1.3333333333333333,1.0,1.0,1.0,1.0,0.0,0,55.0,Other,Boise,Gold,1,Snacks,Unknown,2023-12-01,0,2023,3,1,0,0,2024-03
500447,1.0,15,0.8666666666666667,0,0.0,2.3333333333333335,5.333333333333333,-2.9999999999999996,3.4,85.70333333333333,171.76666666666665,-0.4981477908547173,113.07600000000002,0.5412020044502058,36.730000000000004,1.3333333333333333,1,0.235,0.3015384615384616,0.6666666666666666,-1.3333333333333335,0.0,-1.0,0.6666666666666666,0.7333333333333333,0.0,0.0,0.0,0.0,0,31.0,F,Tulsa,Silver,0,Personal Care,Upscale,2022-09-23,0,2022,18,1,0,0,2024-03
500448,0.0,4,1.0,0,5.0,2.6666666666666665,7.0,-4.333333333333334,3.75,95.70666666666666,224.2,-0.5705743043220841,127.83,0.6765610311716498,35.89,0.6666666666666666,0,0.31,0.2875,1.6666666666666667,0.6666666666666667,1.0,1.0,0.6666666666666666,0.75,0.0,0.0,0.0,0.0,0,66.0,M,Spokane,Gold,1,Frozen Foods,Value,2023-11-29,0,2023,4,1,0,0,2024-03
500449,10.0,15,0.26666666666666666,0,0.0,0.0,0.0,0.0,0.6,0.0,0.0,0.0,9.141333333333334,1.7184751258993893,,0.0,3,,0.2275,0.0,0.0,0.0,0.0,0.0,0.06666666666666667,0.0,0.0,0.0,0.0,0,74.0,F,Columbus,Silver,0,Dairy,Value,2021-08-18,0,2021,31,0,1,0,2024-03
500450,1.0,3,0.6666666666666666,0,0.0,4.0,,,4.0,97.96,,,97.96,0.9051963143223016,24.49,1.3333333333333333,1,0.21,0.21,1.6666666666666667,,1.3333333333333333,,0.6666666666666666,0.6666666666666666,1.0,1.0,,1.0,1,63.0,M,Austin,Silver,1,Bakery,Mainstream,2023-12-02,0,2023,3,1,0,0,2024-03
500451,12.0,15,0.13333333333333333,0,0.0,0.0,0.0,0.0,0.26666666666666666,0.0,0.0,0.0,11.316666666666666,2.4338658612897484,,0.0,3,,0.185,0.0,0.0,0.0,0.0,0.0,0.0,0.0,0.0,0.0,0.0,0,53.0,M,Portland,Gold,0,Produce,Mainstream,2022-04-14,0,2022,23,0,1,0,2024-03
500453,0.0,15,0.6428571428571429,1,2.0,1.0,1.0,0.0,1.0714285714285714,18.853333333333335,20.669999999999998,-0.08383325642208875,22.009999999999998,0.9010663757617008,18.853333333333335,0.3333333333333333,1,0.20500000000000002,0.2822222222222222,1.3333333333333333,0.0,0.3333333333333333,-0.3333333333333333,0.3333333333333333,0.42857142857142855,1.0,1.0,1.0,1.0,1,63.0,F,Nashville,Silver,0,Beverages,Mainstream,2021-12-21,0,2021,27,1,0,0,2024-03
500454,3.0,15,0.7857142857142857,1,0.0,0.0,4.0,-4.0,2.357142857142857,0.0,116.64,-0.9914994899693982,65.22785714285713,0.8208763928529766,,0.0,3,,0.3090909090909091,0.0,0.0,0.6666666666666666,-0.8333333333333334,0.0,0.7142857142857143,0.0,0.0,0.0,0.0,0,45.0,F,Denver,Silver,1,Snacks,Mainstream,2021-06-07,0,2021,33,0,1,0,2024-03
500455,1.0,15,0.42857142857142855,1,0.0,0.3333333333333333,0.3333333333333333,0.0,0.5714285714285714,7.466666666666666,6.1433333333333335,0.18525431637890794,11.963571428571429,1.221541924967549,22.4,2.0,2,0.21,0.18666666666666668,0.0,0.0,0.0,-0.6666666666666666,0.6666666666666666,0.6428571428571429,0.0,0.0,0.0,0.0,1,61.0,M,Nashville,Silver,0,Snacks,Unknown,2021-12-28,0,2021,27,1,0,0,2024-03
500457,0.0,15,1.0,0,3.0,7.0,6.0,1.0,6.533333333333333,213.41,188.59333333333333,0.1308941945919336,220.788,0.327783401875807,30.487142857142857,5.0,0,0.55,0.29266666666666663,2.3333333333333335,-0.33333333333333304,1.0,0.33333333333333337,0.3333333333333333,0.8,1.0,1.0,1.0,1.0,1,19.0,F,Raleigh,Silver,0,Dairy,Mainstream,2021-08-21,0,2021,31,1,0,0,2024-03
500458,0.0,10,0.7,0,1.0,0.6666666666666666,0.6666666666666666,0.0,0.7,30.373333333333335,29.223333333333333,0.03805007168854093,30.857,0.6712354816475972,45.56,1.0,1,0.275,0.29714285714285715,2.3333333333333335,1.3333333333333335,1.6666666666666667,-0.6666666666666667,0.6666666666666666,0.7,0.0,1.0,-1.0,1.0,1,44.0,F,Denver,Gold,1,Beverages,Upscale,2023-05-10,0,2023,10,1,0,0,2024-03
500459,6.0,15,0.6,0,0.0,0.0,0.0,0.0,2.533333333333333,0.0,0.0,0.0,66.82933333333334,1.0717437576487236,,0.0,3,,0.25777777777777783,0.0,-1.0,0.0,0.0,0.0,0.13333333333333333,0.0,0.0,0.0,0.0,1,71.0,F,Madison,Silver,0,Personal Care,Upscale,2021-12-03,0,2021,27,0,1,0,2024-03
500460,0.0,15,0.9333333333333333,0,1.0,1.3333333333333333,2.6666666666666665,-1.3333333333333333,1.7333333333333334,36.73333333333333,74.92,-0.5029855988760099,45.44533333333333,0.8035343113524417,27.549999999999997,1.6666666666666667,0,0.35666666666666663,0.33285714285714285,0.0,-0.3333333333333333,0.6666666666666666,-1.3333333333333335,1.3333333333333333,0.9333333333333333,0.0,0.0,0.0,0.0,0,33.0,M,Tulsa,Silver,1,Personal Care,Mainstream,2021-09-01,0,2021,30,1,0,0,2024-03
500461,7.0,15,0.42857142857142855,1,0.0,0.0,0.0,0.0,0.9285714285714286,0.0,0.0,0.0,32.60642857142857,1.2832978588570167,,0.0,3,,0.37999999999999995,0.0,0.0,0.0,0.0,0.0,0.14285714285714285,0.0,0.0,0.0,0.0,0,53.0,F,Nashville,Silver,1,Household,Value,2022-10-13,0,2022,17,0,1,0,2024-03
500462,0.0,15,1.0,1,7.0,7.333333333333333,8.333333333333334,-1.0000000000000009,7.285714285714286,241.7266666666667,284.3833333333334,-0.1494714711207149,246.14357142857142,0.26784587577025165,32.96272727272728,4.666666666666667,0,0.28,0.3257142857142857,4.333333333333333,1.6666666666666665,0.0,0.0,0.6666666666666666,0.6428571428571429,0.0,1.0,-1.0,0.0,0,45.0,F,Denver,Silver,0,Bakery,Mainstream,2022-05-08,0,2022,22,1,0,0,2024-03
500463,0.0,15,1.0,0,4.0,3.3333333333333335,7.0,-3.6666666666666665,6.466666666666667,146.76000000000002,332.38666666666666,-0.5567909134538473,274.6526666666667,0.3868857388892518,44.028000000000006,1.6666666666666667,0,0.24,0.32733333333333337,3.3333333333333335,-1.3333333333333335,1.6666666666666667,0.0,1.0,0.8,0.0,0.0,0.0,0.0,0,51.0,F,Boise,Gold,1,Dairy,Mainstream,2021-08-06,0,2021,31,1,0,0,2024-03
500464,0.0,6,1.0,0,2.0,3.3333333333333335,4.666666666666667,-1.3333333333333335,4.0,146.38,193.19333333333336,-0.24106560472381486,169.78666666666666,0.442273998529126,43.914,1.0,0,0.26,0.21,2.0,1.0,0.6666666666666666,-0.33333333333333337,0.3333333333333333,0.16666666666666666,0.0,0.0,0.0,0.0,0,37.0,M,Nashville,Gold,0,Dairy,Unknown,2023-09-27,0,2023,6,1,0,0,2024-03
500466,0.0,15,1.0,0,6.0,6.333333333333333,4.0,2.333333333333333,3.6666666666666665,242.88333333333333,138.31666666666666,0.7505682497906448,131.80666666666664,0.5296830049571988,38.35,3.6666666666666665,0,0.21666666666666667,0.3446666666666667,3.6666666666666665,3.333333333333333,1.0,-2.0,0.6666666666666666,0.6666666666666666,0.0,0.0,0.0,0.0,0,61.0,M,Madison,Gold,1,Beverages,Value,2022-12-11,0,2022,15,1,0,0,2024-03
500467,1.0,5,0.8,0,0.0,1.6666666666666667,3.5,-1.8333333333333333,2.4,51.446666666666665,106.34,-0.5113968076516987,73.404,0.692772683391382,30.868000000000002,1.3333333333333333,1,0.475,0.375,0.0,0.0,0.0,-0.5,0.3333333333333333,0.6,0.0,1.0,-1.0,1.0,1,60.0,M,Tulsa,Gold,1,Personal Care,Mainstream,2023-10-03,0,2023,5,1,1,0,2024-03
500468,1.0,15,0.9333333333333333,0,0.0,2.6666666666666665,3.3333333333333335,-0.666666666666667,2.6,88.16666666666667,108.25666666666666,-0.18387893950025924,82.24266666666666,0.6884550331004531,33.0625,1.6666666666666667,1,0.31000000000000005,0.27285714285714285,3.0,1.6666666666666667,0.6666666666666666,0.6666666666666666,1.0,0.4,0.0,0.0,0.0,0.0,0,65.0,F,Portland,Gold,0,Household,Mainstream,2021-07-03,0,2021,32,1,0,0,2024-03
500469,11.0,15,0.06666666666666667,0,0.0,0.0,0.0,0.0,0.06666666666666667,0.0,0.0,0.0,2.178,2.654297585915593,,0.0,3,,0.11,0.0,0.0,0.0,0.0,0.0,0.06666666666666667,0.0,0.0,0.0,0.0,0,32.0,M,Austin,Gold,0,Household,Value,2021-07-23,0,2021,32,0,1,0,2024-03
500470,12.0,13,0.07692307692307693,0,0.0,0.0,0.0,0.0,0.3076923076923077,0.0,0.0,0.0,11.529230769230768,3.3177801152169866,,0.0,3,,0.35,0.0,0.0,0.0,0.0,0.0,0.07692307692307693,0.0,0.0,0.0,0.0,0,26.0,F,Spokane,Gold,1,Snacks,Mainstream,2023-02-18,0,2023,13,0,1,0,2024-03
500471,0.0,10,1.0,0,7.0,5.666666666666667,4.666666666666667,1.0,5.1,214.4666666666667,186.23000000000002,0.150812725880824,194.98100000000002,0.272161076089505,37.847058823529416,3.3333333333333335,0,0.21666666666666667,0.20800000000000002,1.3333333333333333,-0.3333333333333335,0.0,0.0,0.6666666666666666,0.3,0.0,1.0,-1.0,0.0,0,48.0,M,Denver,Gold,0,Snacks,Upscale,2023-05-07,0,2023,10,1,0,0,2024-03
500472,0.0,15,1.0,2,3.0,3.0,7.5,-4.5,5.3076923076923075,97.53666666666668,258.46,-0.620224055088774,186.59999999999997,0.4909198381881999,32.51222222222222,1.3333333333333333,0,0.36000000000000004,0.3415384615384615,4.333333333333333,1.333333333333333,3.3333333333333335,2.8333333333333335,1.3333333333333333,0.7692307692307693,0.0,0.0,0.0,0.0,0,27.0,F,Nashville,Platinum,1,Personal Care,Mainstream,2022-01-22,0,2022,26,1,0,0,2024-03
500473,0.0,15,1.0,2,3.0,3.3333333333333335,3.5,-0.16666666666666652,3.4615384615384617,66.70666666666666,81.27,-0.17701875936955552,73.01384615384615,0.5066919982963083,20.012,2.0,0,0.29333333333333333,0.3361538461538461,2.3333333333333335,1.8333333333333335,0.6666666666666666,0.6666666666666666,0.6666666666666666,0.7692307692307693,1.0,1.0,1.0,1.0,1,53.0,F,Portland,Silver,0,Produce,Value,2022-11-19,0,2022,16,1,0,0,2024-03
500474,0.0,2,1.0,0,5.0,5.0,,,5.0,213.45,,,213.45,0.20482850663235408,42.69,4.0,0,0.2,0.2,2.5,,0.0,,0.5,0.5,0.0,0.0,,0.0,0,39.0,M,Austin,Gold,0,Snacks,Mainstream,2024-01-10,0,2024,2,1,0,0,2024-03
500475,0.0,15,1.0,1,3.0,3.5,2.6666666666666665,0.8333333333333335,3.9285714285714284,74.84,67.18666666666667,0.11224090731325777,88.05499999999998,0.5753732980176058,21.382857142857144,2.0,0,0.43,0.2614285714285714,1.5,0.16666666666666674,1.5,0.16666666666666674,0.5,0.5714285714285714,0.0,2.0,-2.0,0.0,0,58.0,F,Nashville,Silver,1,Household,Value,2022-03-19,0,2022,24,1,0,0,2024-03
500476,0.0,15,0.9285714285714286,1,7.0,6.0,4.0,2.0,4.142857142857143,181.73000000000002,123.34333333333332,0.469560089000885,122.90928571428572,0.6210056591550486,30.288333333333338,4.333333333333333,0,0.26,0.3323076923076923,0.6666666666666666,0.3333333333333333,2.3333333333333335,2.0,0.0,0.6428571428571429,0.0,0.0,0.0,0.0,0,44.0,F,Spokane,Silver,1,Frozen Foods,Mainstream,2022-01-03,0,2022,26,1,0,0,2024-03
500477,0.0,1,1.0,0,1.0,1.0,,,1.0,43.12,,,43.12,,43.12,3.0,0,0.11,0.11,2.0,,0.0,,0.0,0.0,0.0,0.0,,0.0,0,50.0,M,Portland,Platinum,1,Produce,Value,2024-02-10,0,2024,1,1,0,0,2024-03
500478,5.0,15,0.6428571428571429,1,0.0,0.0,0.3333333333333333,-0.3333333333333333,1.8571428571428572,0.0,11.44,-0.9196141479099679,62.17714285714286,1.0073529061790267,,0.0,3,,0.26888888888888884,0.0,0.0,0.0,0.0,0.0,0.21428571428571427,0.0,0.0,0.0,0.0,0,72.0,F,Austin,Silver,1,Frozen Foods,Value,2021-11-06,0,2021,28,0,1,0,2024-03
500479,0.0,15,1.0,0,3.0,5.0,3.3333333333333335,1.6666666666666665,4.533333333333333,170.79999999999998,105.65000000000002,0.6108766994842939,152.4753333333333,0.6669868747506602,34.16,1.6666666666666667,0,0.33666666666666667,0.32533333333333336,1.3333333333333333,-1.0000000000000002,2.6666666666666665,1.3333333333333333,0.6666666666666666,0.26666666666666666,0.0,1.0,-1.0,0.0,0,53.0,F,Portland,Silver,1,Snacks,Mainstream,2022-08-17,0,2022,19,1,0,0,2024-03
500480,0.0,15,1.0,0,5.0,4.666666666666667,4.333333333333333,0.3333333333333339,4.466666666666667,181.83,142.13333333333335,0.277340475081509,152.68266666666668,0.3598662347880762,38.96357142857143,1.3333333333333333,0,0.32,0.29666666666666663,2.3333333333333335,1.0000000000000002,2.3333333333333335,-1.333333333333333,0.6666666666666666,0.8666666666666667,2.0,2.0,2.0,1.0,1,71.0,M,Raleigh,Silver,1,Produce,Mainstream,2021-09-09,0,2021,30,1,0,0,2024-03
500482,0.0,15,1.0,0,8.0,4.333333333333333,5.666666666666667,-1.333333333333334,6.133333333333334,104.92000000000002,155.06333333333333,-0.3213011811444071,159.76399999999998,0.39013262875518473,24.212307692307697,3.6666666666666665,0,0.17333333333333334,0.24799999999999997,3.6666666666666665,1.0,1.3333333333333333,-0.3333333333333335,1.0,0.8,1.0,1.0,1.0,0.0,1,73.0,F,Spokane,Silver,1,Household,Value,2022-03-06,0,2022,24,1,0,0,2024-03
500483,10.0,11,0.09090909090909091,0,0.0,0.0,0.0,0.0,0.09090909090909091,0.0,0.0,0.0,4.149090909090909,2.6725062752793156,,0.0,3,,0.19,0.0,0.0,0.0,0.0,0.0,0.0,0.0,0.0,0.0,0.0,0,30.0,F,Columbus,Gold,1,Beverages,Mainstream,2023-04-08,0,2023,11,0,1,0,2024-03
500484,0.0,13,0.7692307692307693,0,3.0,1.3333333333333333,1.6666666666666667,-0.3333333333333335,1.1538461538461537,54.18000000000001,76.09333333333335,-0.28424420615703916,50.34307692307693,0.7149414633561053,40.635000000000005,1.0,1,0.28500000000000003,0.31599999999999995,1.0,1.0,0.6666666666666666,-3.3333333333333335,0.6666666666666666,0.7692307692307693,1.0,1.0,1.0,1.0,1,59.0,M,Spokane,Platinum,1,Personal Care,Mainstream,2023-02-24,0,2023,13,1,0,0,2024-03
500485,0.0,14,0.9285714285714286,0,1.0,3.3333333333333335,7.333333333333333,-3.9999999999999996,5.285714285714286,66.17666666666666,156.17333333333332,-0.5725950118764845,118.86214285714287,0.5439365012055342,19.852999999999998,3.0,0,0.20666666666666667,0.27230769230769225,3.0,-1.666666666666667,2.3333333333333335,1.0000000000000002,0.6666666666666666,0.42857142857142855,0.0,0.0,0.0,0.0,0,20.0,F,Portland,Gold,1,Frozen Foods,Mainstream,2022-01-06,0,2022,26,1,0,0,2024-03
500486,0.0,1,1.0,0,8.0,8.0,,,8.0,198.03,,,198.03,,24.75375,2.0,0,0.12,0.12,0.0,,5.0,,0.0,0.0,0.0,0.0,,0.0,0,56.0,Other,Raleigh,Gold,1,Produce,Upscale,2024-02-17,0,2024,1,1,0,0,2024-03
500487,0.0,7,1.0,0,12.0,8.666666666666666,4.0,4.666666666666666,6.571428571428571,209.72,99.18333333333334,1.1033438695724505,165.35285714285715,0.4548167431562392,24.198461538461537,5.666666666666667,0,0.33666666666666667,0.3428571428571429,5.0,1.6666666666666665,0.6666666666666666,-0.33333333333333337,0.3333333333333333,0.7142857142857143,0.0,1.0,-1.0,1.0,1,68.0,M,Portland,Silver,0,Household,Value,2023-08-06,0,2023,7,1,0,0,2024-03
500488,0.0,15,1.0,0,7.0,4.666666666666667,3.6666666666666665,1.0000000000000004,5.666666666666667,154.03333333333333,125.57999999999998,0.22478537947016394,188.66800000000003,0.5372288277889112,33.00714285714286,2.6666666666666665,0,0.19666666666666666,0.27133333333333337,3.3333333333333335,-0.6666666666666665,2.6666666666666665,0.6666666666666665,0.0,0.3333333333333333,1.0,1.0,1.0,0.0,1,33.0,F,Columbus,Silver,1,Household,Mainstream,2022-09-04,0,2022,18,1,0,0,2024-03
500489,0.0,15,1.0,0,8.0,5.333333333333333,8.0,-2.666666666666667,7.4,181.95333333333335,293.6933333333333,-0.3791738304225861,275.98400000000004,0.42556376117964473,34.11625,1.3333333333333333,0,0.44,0.34800000000000003,2.0,-1.0,0.0,-0.3333333333333333,0.3333333333333333,0.3333333333333333,0.0,1.0,-1.0,0.0,1,26.0,M,Columbus,Gold,0,Beverages,Upscale,2021-04-25,0,2021,35,1,0,0,2024-03
500490,0.0,15,0.9285714285714286,1,7.0,3.6666666666666665,4.0,-0.3333333333333335,3.357142857142857,89.52,103.42,-0.13311626125263365,86.51857142857143,0.5660839806719409,24.414545454545454,3.3333333333333335,0,0.29333333333333333,0.30615384615384617,2.0,0.6666666666666667,2.0,1.6666666666666667,0.6666666666666666,0.2857142857142857,0.0,1.0,-1.0,0.0,0,39.0,F,Raleigh,Silver,1,Beverages,Upscale,2021-11-28,0,2021,28,1,0,0,2024-03
500491,0.0,15,1.0,0,4.0,4.333333333333333,3.3333333333333335,0.9999999999999996,3.3333333333333335,149.41666666666666,106.29333333333334,0.40191997017522046,109.07133333333334,0.4139228119373854,34.48076923076923,3.0,0,0.14,0.25866666666666666,3.3333333333333335,1.0,0.3333333333333333,0.0,0.0,0.4,0.0,1.0,-1.0,0.0,0,21.0,F,Tulsa,Silver,0,Beverages,Value,2021-09-21,0,2021,30,1,0,0,2024-03
500492,5.0,6,0.16666666666666666,0,0.0,0.0,0.3333333333333333,-0.3333333333333333,0.16666666666666666,0.0,7.06,-0.8759305210918115,3.53,1.9087635302482602,,0.0,3,,0.15,0.0,0.0,0.0,-0.3333333333333333,0.0,0.0,0.0,1.0,-1.0,1.0,1,18.0,M,Columbus,Silver,0,Beverages,Mainstream,2023-09-22,0,2023,6,0,1,0,2024-03
500493,0.0,9,1.0,0,8.0,6.0,6.0,0.0,6.111111111111111,258.21999999999997,261.41,-0.012156548912008134,270.59222222222223,0.30497031060814295,43.03666666666666,2.6666666666666665,0,0.27666666666666667,0.30777777777777776,1.0,-0.33333333333333326,0.3333333333333333,-1.0,0.0,0.3333333333333333,0.0,1.0,-1.0,1.0,1,,F,Austin,Platinum,0,Produce,Value,2023-06-10,1,2023,9,1,0,0,2024-03
500495,0.0,15,0.9285714285714286,1,4.0,4.5,5.0,-0.5,3.7142857142857144,138.31,162.26666666666668,-0.14673336055532876,118.89071428571427,0.4856707741460369,30.735555555555557,1.5,0,0.275,0.3446153846153846,3.5,1.5,0.5,-1.5,0.5,0.7142857142857143,1.0,1.0,1.0,1.0,1,40.0,M,Madison,Gold,1,Personal Care,Mainstream,2021-12-08,0,2021,27,1,0,0,2024-03
500496,14.0,15,0.06666666666666667,0,0.0,0.0,0.0,0.0,0.06666666666666667,0.0,0.0,0.0,1.7273333333333334,2.4529210095388456,,0.0,3,,0.43,0.0,0.0,0.0,0.0,0.0,0.0,0.0,0.0,0.0,0.0,0,33.0,M,Portland,Silver,1,Household,Mainstream,2022-08-14,0,2022,19,0,1,0,2024-03
500497,0.0,7,1.0,0,2.0,4.666666666666667,4.333333333333333,0.3333333333333339,4.571428571428571,182.83666666666667,172.36333333333334,0.0604126208925378,178.12714285714284,0.48015159891170217,39.17928571428571,2.0,0,0.35333333333333333,0.2942857142857143,1.0,-1.0,0.6666666666666666,0.3333333333333333,1.3333333333333333,0.7142857142857143,0.0,0.0,0.0,0.0,0,30.0,M,Madison,Gold,0,Household,Mainstream,2023-08-29,0,2023,7,1,0,0,2024-03
500498,4.0,15,0.6666666666666666,0,0.0,0.0,0.6666666666666666,-0.6666666666666666,3.066666666666667,0.0,24.94666666666667,-0.961459403905447,110.47000000000001,0.8641747707823729,,0.0,3,,0.262,0.0,-0.6666666666666666,0.0,-0.3333333333333333,0.0,0.13333333333333333,0.0,1.0,-1.0,0.0,0,22.0,F,Columbus,Silver,1,Bakery,Value,2021-12-09,0,2021,27,0,1,0,2024-03
500499,3.0,15,0.6666666666666666,0,0.0,0.0,1.3333333333333333,-1.3333333333333333,1.1333333333333333,0.0,42.75333333333333,-0.9771445985067805,37.08866666666666,0.959987407999565,,0.0,3,,0.24300000000000002,0.0,0.0,0.0,-1.0,0.0,0.4666666666666667,1.0,2.0,0.0,0.0,1,40.0,F,Austin,Gold,1,Bakery,Mainstream,2022-04-17,0,2022,23,0,1,0,2024-03
500500,0.0,15,1.0,0,8.0,5.0,3.6666666666666665,1.3333333333333335,5.866666666666666,58.406666666666666,39.88333333333333,0.45307786384019566,68.14666666666668,0.4943535872934975,11.681333333333333,2.3333333333333335,0,0.2833333333333333,0.3266666666666667,2.6666666666666665,0.6666666666666665,0.6666666666666666,0.3333333333333333,1.0,0.5333333333333333,0.0,0.0,0.0,0.0,0,35.0,F,Denver,Silver,0,Bakery,Mainstream,2021-06-18,0,2021,33,1,0,0,2024-03
500501,7.0,15,0.5333333333333333,0,0.0,0.0,0.0,0.0,1.7333333333333334,0.0,0.0,0.0,74.58866666666667,1.3028277868458573,,0.0,3,,0.27375,0.0,0.0,0.0,0.0,0.0,0.2,0.0,0.0,0.0,0.0,0,43.0,F,Raleigh,Gold,1,Snacks,Mainstream,2022-07-19,0,2022,20,0,1,0,2024-03
500502,0.0,3,1.0,0,1.0,2.6666666666666665,,,2.6666666666666665,79.12,,,79.12,0.5186633064642471,29.67,3.6666666666666665,0,0.2733333333333334,0.2733333333333334,1.6666666666666667,,0.6666666666666666,,0.3333333333333333,0.3333333333333333,0.0,0.0,,0.0,0,36.0,F,Boise,Silver,1,Dairy,Value,2023-12-07,0,2023,3,1,0,0,2024-03
500503,9.0,15,0.4,0,0.0,0.0,0.0,0.0,1.0666666666666667,0.0,0.0,0.0,27.438666666666666,1.416993180788241,,0.0,3,,0.19333333333333336,0.0,0.0,0.0,0.0,0.0,0.13333333333333333,0.0,0.0,0.0,0.0,0,51.0,M,Nashville,Silver,1,Household,Value,2021-06-28,0,2021,33,0,1,0,2024-03
500504,0.0,6,1.0,1,2.0,2.0,2.6666666666666665,-0.6666666666666665,2.4,76.13499999999999,102.46,-0.25444616276821963,91.92999999999999,0.8480108293480063,38.067499999999995,2.0,0,0.27,0.28200000000000003,2.5,-0.16666666666666652,0.5,0.5,1.0,0.6,0.0,1.0,-1.0,1.0,1,59.0,F,Denver,Silver,0,Frozen Foods,Mainstream,2023-09-30,0,2023,6,1,0,0,2024-03
500505,0.0,1,1.0,0,1.0,1.0,,,1.0,16.18,,,16.18,,16.18,1.0,0,0.14,0.14,6.0,,1.0,,2.0,2.0,0.0,0.0,,0.0,0,18.0,F,Spokane,Silver,1,Frozen Foods,Value,2024-02-28,0,2024,1,1,0,0,2024-03
500506,0.0,15,1.0,0,7.0,5.666666666666667,3.0,2.666666666666667,4.6,225.14333333333332,104.77333333333333,1.1379994957771336,175.072,0.49395018517155637,39.73117647058823,2.0,0,0.23333333333333336,0.3086666666666667,3.3333333333333335,0.0,1.0,0.0,0.6666666666666666,0.4666666666666667,0.0,0.0,0.0,0.0,0,18.0,M,Raleigh,Gold,1,Snacks,Value,2021-10-10,0,2021,29,1,0,0,2024-03
500507,0.0,14,0.8571428571428571,0,4.0,6.0,2.0,4.0,4.142857142857143,139.72,43.166666666666664,2.1861132075471703,85.95857142857143,0.6790429169540891,23.28666666666667,3.0,0,0.32666666666666666,0.27166666666666667,1.3333333333333333,0.6666666666666666,2.0,1.6666666666666667,0.0,0.5,0.0,1.0,-1.0,0.0,0,33.0,F,Boise,Silver,1,Household,Upscale,2022-11-22,0,2022,16,1,0,0,2024-03
500508,0.0,15,1.0,0,1.0,2.3333333333333335,2.3333333333333335,0.0,3.2666666666666666,55.48,54.53666666666666,0.016985775163555643,84.764,0.6237235696093832,23.777142857142856,1.3333333333333333,0,0.17333333333333334,0.264,1.0,-1.3333333333333335,0.6666666666666666,0.0,0.3333333333333333,1.0666666666666667,2.0,2.0,2.0,0.0,1,31.0,M,Portland,Silver,0,Bakery,Upscale,2022-04-09,0,2022,23,1,0,0,2024-03
500509,0.0,3,0.6666666666666666,0,2.0,2.0,,,2.0,61.580000000000005,,,61.580000000000005,1.0073078531620119,30.790000000000003,1.0,1,0.38,0.38,1.0,,1.6666666666666667,,0.3333333333333333,0.3333333333333333,1.0,1.0,,0.0,0,23.0,M,Austin,Silver,1,Beverages,Value,2023-12-03,0,2023,3,1,0,0,2024-03
500510,0.0,15,0.9285714285714286,1,4.0,5.0,6.0,-1.0,6.214285714285714,149.0633333333333,164.94000000000003,-0.09567715238439628,181.95857142857147,0.440846937854337,29.81266666666666,1.0,0,0.3033333333333334,0.2823076923076923,4.333333333333333,0.6666666666666665,0.3333333333333333,0.0,0.0,0.35714285714285715,0.0,0.0,0.0,0.0,0,69.0,M,Tulsa,Silver,0,Snacks,Value,2022-01-10,0,2022,26,1,0,0,2024-03
500511,11.0,14,0.21428571428571427,0,0.0,0.0,0.0,0.0,0.2857142857142857,0.0,0.0,0.0,7.765714285714287,1.9387404278134677,,0.0,3,,0.11,0.0,0.0,0.0,0.0,0.0,0.14285714285714285,0.0,0.0,0.0,0.0,0,23.0,F,Spokane,Gold,0,Bakery,Mainstream,2023-01-14,0,2023,14,0,1,0,2024-03
500512,0.0,15,1.0,0,8.0,8.0,8.333333333333334,-0.3333333333333339,10.4,235.47000000000003,271.87666666666667,-0.13341802768039274,304.3593333333334,0.2511948993883019,29.433750000000003,3.0,0,0.22333333333333336,0.23799999999999996,5.0,1.6666666666666665,0.0,0.0,0.0,0.8666666666666667,1.0,1.0,1.0,1.0,1,66.0,M,Raleigh,Silver,0,Personal Care,Value,2021-02-21,0,2021,37,1,0,0,2024-03
500514,10.0,15,0.2857142857142857,1,0.0,0.0,0.0,0.0,1.0714285714285714,0.0,0.0,0.0,46.70142857142857,1.8579562306515152,,0.0,3,,0.2975,0.0,0.0,0.0,0.0,0.0,0.21428571428571427,0.0,0.0,0.0,0.0,0,53.0,F,Nashville,Gold,1,Beverages,Value,2021-04-30,0,2021,35,0,1,0,2024-03
500515,0.0,15,0.8666666666666667,0,1.0,1.6666666666666667,1.3333333333333333,0.3333333333333335,2.3333333333333335,69.67333333333333,54.28666666666667,0.2783070059085975,94.682,0.5787482627978952,41.804,1.3333333333333333,1,0.21,0.3046153846153846,1.0,-0.6666666666666667,0.3333333333333333,-0.6666666666666667,0.3333333333333333,0.7333333333333333,0.0,0.0,0.0,0.0,0,39.0,M,Austin,Platinum,1,Household,Upscale,2021-10-18,0,2021,29,1,0,0,2024-03
500516,0.0,14,1.0,0,8.0,4.666666666666667,4.333333333333333,0.3333333333333339,5.071428571428571,168.64666666666668,141.77333333333334,0.1882237579379903,178.77857142857144,0.46696591623583156,36.13857142857143,1.3333333333333333,0,0.17666666666666667,0.24285714285714285,0.6666666666666666,-1.666666666666667,0.3333333333333333,-1.0,0.0,0.35714285714285715,0.0,0.0,0.0,0.0,0,49.0,F,Boise,Silver,1,Household,Value,2021-08-20,0,2021,31,1,0,0,2024-03
500517,0.0,2,1.0,0,8.0,6.0,,,6.0,227.375,,,227.375,0.44688219695086767,37.895833333333336,3.0,0,0.32,0.32,5.5,,1.5,,1.5,1.5,1.0,1.0,,0.0,0,47.0,F,Tulsa,Silver,1,Household,Upscale,2024-01-21,0,2024,2,1,0,0,2024-03
500519,2.0,15,0.9285714285714286,1,0.0,1.0,3.3333333333333335,-2.3333333333333335,2.857142857142857,50.365,144.0533333333333,-0.6458888684621747,129.405,0.6803876142636064,50.365,0.5,1,0.28,0.18692307692307694,0.0,0.0,0.0,-0.6666666666666666,0.0,0.6428571428571429,2.0,2.0,2.0,0.0,0,23.0,F,Denver,Gold,0,Bakery,Upscale,2022-05-28,0,2022,22,1,1,0,2024-03
500520,0.0,14,1.0,0,4.0,3.6666666666666665,5.666666666666667,-2.0000000000000004,5.214285714285714,162.28666666666666,227.71,-0.2860536632999578,227.11357142857142,0.39490603078864295,44.26,1.6666666666666667,0,0.35000000000000003,0.2757142857142857,3.0,-0.6666666666666665,0.3333333333333333,-1.6666666666666667,0.0,0.42857142857142855,0.0,0.0,0.0,0.0,0,67.0,F,Madison,Platinum,1,Dairy,Mainstream,2023-01-26,0,2023,14,1,0,0,2024-03
500521,0.0,10,1.0,0,11.0,8.666666666666666,5.333333333333333,3.333333333333333,6.8,235.87,139.25666666666666,0.6888323787342254,184.605,0.38490931584094246,27.215769230769233,1.3333333333333333,0,0.18000000000000002,0.23900000000000002,4.0,0.3333333333333335,2.0,-0.3333333333333335,0.3333333333333333,0.4,1.0,1.0,1.0,1.0,1,59.0,M,Nashville,Silver,1,Household,Value,2023-05-03,0,2023,10,1,0,0,2024-03
500523,0.0,6,1.0,1,6.0,3.5,7.666666666666667,-4.166666666666667,6.0,99.66,234.41666666666666,-0.5724176991150443,180.51399999999998,0.5419451947578495,28.474285714285713,1.0,0,0.19,0.20800000000000002,2.5,0.5,1.0,0.6666666666666667,1.0,0.4,1.0,1.0,1.0,0.0,0,53.0,F,Tulsa,Silver,0,Household,Value,2023-09-14,0,2023,6,1,0,0,2024-03
500524,0.0,6,1.0,0,2.0,1.6666666666666667,2.6666666666666665,-0.9999999999999998,2.1666666666666665,58.696666666666665,97.71666666666665,-0.3952726658787776,78.20666666666666,0.5109049217496425,35.218,2.6666666666666665,0,0.24333333333333332,0.25333333333333335,2.6666666666666665,0.33333333333333304,0.6666666666666666,-1.0,1.0,0.6666666666666666,1.0,2.0,0.0,1.0,1,47.0,M,Madison,Silver,1,Personal Care,Upscale,2023-09-30,0,2023,6,1,0,0,2024-03
500525,0.0,15,0.9333333333333333,0,7.0,4.666666666666667,4.333333333333333,0.3333333333333339,4.866666666666666,151.05666666666667,148.02,0.020377577953742194,168.1713333333333,0.6161058823955992,32.369285714285716,2.3333333333333335,0,0.1366666666666667,0.20999999999999996,1.6666666666666667,0.0,2.0,1.0,0.6666666666666666,0.6,1.0,1.0,1.0,1.0,1,66.0,F,Spokane,Gold,1,Personal Care,Unknown,2021-07-15,0,2021,32,1,0,0,2024-03
500526,0.0,15,1.0,0,3.0,3.3333333333333335,2.0,1.3333333333333335,2.3333333333333335,104.26333333333334,70.54,0.4713912962445251,78.24199999999999,0.60692970548567,31.279000000000003,1.0,0,0.2866666666666667,0.25533333333333336,0.6666666666666666,-0.6666666666666666,0.0,-1.0,1.3333333333333333,0.6,0.0,0.0,0.0,0.0,0,27.0,F,Madison,Gold,0,Snacks,Mainstream,2021-11-26,0,2021,28,1,0,0,2024-03
500527,0.0,15,1.0,0,4.0,4.0,4.333333333333333,-0.33333333333333304,4.333333333333333,125.16000000000001,129.83333333333334,-0.03571974522292992,130.10066666666665,0.26169128826363125,31.290000000000003,0.6666666666666666,0,0.26666666666666666,0.312,2.0,0.6666666666666667,0.6666666666666666,-0.6666666666666666,0.0,0.6666666666666666,0.0,0.0,0.0,0.0,0,52.0,M,Raleigh,Gold,1,Beverages,Mainstream,2022-06-11,0,2022,21,1,0,0,2024-03
500528,1.0,15,0.9333333333333333,0,0.0,2.6666666666666665,3.6666666666666665,-1.0,3.6666666666666665,105.42333333333333,163.29,-0.3522226956398239,146.48933333333335,0.5636790021069954,39.53375,1.0,1,0.345,0.35571428571428576,2.3333333333333335,1.0000000000000002,0.0,0.0,0.0,0.4666666666666667,0.0,0.0,0.0,0.0,1,30.0,F,Boise,Silver,0,Beverages,Value,2021-11-28,0,2021,28,1,0,0,2024-03
500530,0.0,15,1.0,1,5.0,4.0,3.0,1.0,3.357142857142857,156.11666666666667,127.18666666666667,0.2256864988558353,137.21785714285713,0.43711706961946545,39.02916666666667,3.0,0,0.37333333333333335,0.3085714285714286,1.6666666666666667,1.0,0.3333333333333333,0.0,1.0,0.42857142857142855,1.0,2.0,0.0,2.0,1,39.0,M,Portland,Platinum,0,Personal Care,Mainstream,2022-01-10,0,2022,26,1,0,0,2024-03
500531,0.0,6,1.0,1,1.0,1.6666666666666667,3.0,-1.3333333333333333,2.2,51.73333333333333,107.92500000000001,-0.5158748374263639,74.21000000000001,0.6128949689410822,31.04,1.0,0,0.3466666666666667,0.288,2.0,0.5,1.6666666666666667,-0.33333333333333326,0.3333333333333333,0.4,1.0,1.0,1.0,0.0,0,42.0,M,Spokane,Silver,1,Frozen Foods,Mainstream,2023-09-05,0,2023,6,1,0,0,2024-03
500532,0.0,15,1.0,2,3.0,3.5,4.666666666666667,-1.166666666666667,5.230769230769231,69.53999999999999,86.41000000000001,-0.19299851275597776,103.52384615384616,0.38172822719876226,19.868571428571425,2.5,0,0.27,0.2746153846153846,0.0,-1.6666666666666667,0.0,-1.0,0.5,0.6923076923076923,1.0,1.0,1.0,1.0,1,36.0,F,Nashville,Silver,0,Household,Value,2022-11-29,0,2022,16,1,1,0,2024-03
500533,0.0,4,1.0,0,2.0,3.6666666666666665,12.0,-8.333333333333334,5.75,98.04333333333334,344.98,-0.7137310441836715,159.7775,0.8061689657530262,26.73909090909091,3.0,0,0.16,0.1925,3.0,2.0,2.6666666666666665,1.6666666666666665,0.3333333333333333,0.25,0.0,0.0,0.0,0.0,0,51.0,F,Madison,Silver,1,Dairy,Value,2023-11-12,0,2023,4,1,0,0,2024-03
500534,4.0,13,0.6923076923076923,0,0.0,0.0,1.0,-1.0,1.3846153846153846,0.0,36.053333333333335,-0.973011874775099,52.34461538461539,0.91107319559911,,0.0,3,,0.25222222222222224,0.0,0.0,0.0,0.0,0.0,0.46153846153846156,0.0,2.0,-2.0,0.0,0,21.0,M,Denver,Gold,0,Frozen Foods,Value,2023-02-15,0,2023,13,0,1,0,2024-03
500535,0.0,12,1.0,0,5.0,6.0,3.3333333333333335,2.6666666666666665,4.916666666666667,146.3166666666667,80.05333333333334,0.8175275538739926,117.50166666666667,0.37837298862233365,24.386111111111113,3.3333333333333335,0,0.25666666666666665,0.2758333333333333,3.0,1.0,0.6666666666666666,-1.0,0.3333333333333333,0.4166666666666667,1.0,1.0,1.0,0.0,1,61.0,M,Columbus,Silver,1,Produce,Upscale,2023-03-31,0,2023,12,1,0,0,2024-03
500536,0.0,15,1.0,0,10.0,6.666666666666667,8.333333333333334,-1.666666666666667,6.666666666666667,236.14,326.6266666666667,-0.2761883444571058,245.78533333333334,0.38114768561193657,35.421,4.666666666666667,0,0.4566666666666666,0.26933333333333326,2.0,0.33333333333333326,1.6666666666666667,0.0,0.0,0.4666666666666667,0.0,0.0,0.0,0.0,1,41.0,F,Boise,Gold,1,Produce,Upscale,2022-12-28,0,2022,15,1,0,0,2024-03
500537,1.0,15,0.9285714285714286,1,0.0,3.0,3.3333333333333335,-0.3333333333333335,3.142857142857143,70.64999999999999,100.5,-0.294088669950739,81.09214285714283,0.5671762017380977,23.549999999999997,2.0,1,0.33999999999999997,0.3592307692307693,1.6666666666666667,-1.3333333333333333,2.3333333333333335,0.3333333333333335,0.0,0.5,0.0,0.0,0.0,0.0,0,73.0,F,Boise,Gold,1,Snacks,Mainstream,2022-10-23,0,2022,17,1,0,0,2024-03
500539,0.0,11,1.0,0,3.0,2.3333333333333335,2.0,0.3333333333333335,2.272727272727273,100.29666666666667,93.12333333333333,0.07621206218790946,97.23909090909092,0.5891320278997351,42.98428571428571,3.0,0,0.27666666666666667,0.23363636363636367,0.6666666666666666,-0.33333333333333337,0.3333333333333333,-2.333333333333333,0.6666666666666666,0.6363636363636364,0.0,0.0,0.0,0.0,0,24.0,Unknown,Columbus,Silver,1,Beverages,Mainstream,2023-03-29,0,2023,12,1,0,0,2024-03
500540,0.0,15,1.0,1,2.0,3.0,3.0,0.0,4.285714285714286,101.16,99.98333333333333,0.011652087803267822,133.45357142857145,0.42198163261766763,33.72,3.5,0,0.19,0.255,0.5,-2.5,0.5,-0.5,0.5,0.5,0.0,2.0,-2.0,1.0,1,34.0,F,Madison,Silver,1,Beverages,Upscale,2021-08-19,0,2021,31,1,0,0,2024-03
500541,0.0,15,1.0,1,5.0,7.0,6.666666666666667,0.33333333333333304,6.5,296.4766666666667,293.45,0.010279051338654099,269.7835714285714,0.3828503096650052,42.353809523809524,3.0,0,0.25666666666666665,0.3007142857142857,4.0,2.333333333333333,0.3333333333333333,-0.3333333333333333,0.3333333333333333,0.9285714285714286,0.0,0.0,0.0,0.0,1,44.0,F,Austin,Silver,0,Beverages,Value,2022-12-13,0,2022,15,1,0,0,2024-03
500542,0.0,15,1.0,0,5.0,4.0,5.0,-1.0,4.266666666666667,113.89,131.08333333333334,-0.13017034700315464,123.69866666666667,0.36824694021821225,28.4725,5.333333333333333,0,0.2866666666666667,0.22133333333333335,0.6666666666666666,-1.0,0.3333333333333333,-0.3333333333333333,0.6666666666666666,0.6666666666666666,2.0,3.0,1.0,2.0,1,39.0,M,Denver,Silver,0,Snacks,Value,2022-08-07,0,2022,19,1,0,0,2024-03
500543,0.0,2,1.0,0,9.0,10.0,,,10.0,347.585,,,347.585,0.15061657415867336,34.7585,5.0,0,0.16,0.16,1.0,,1.0,,0.0,0.0,0.0,0.0,,0.0,0,33.0,F,Madison,Silver,1,Personal Care,Upscale,2024-01-03,0,2024,2,1,0,0,2024-03
500544,0.0,13,0.25,1,2.0,0.6666666666666666,0.3333333333333333,0.3333333333333333,0.4166666666666667,29.78,15.256666666666668,0.8933770760713553,18.835,1.8039958682399189,44.67,0.6666666666666666,2,0.38,0.2833333333333333,0.0,0.0,2.3333333333333335,-0.6666666666666665,0.0,0.3333333333333333,0.0,1.0,-1.0,0.0,0,36.0,F,Austin,Platinum,1,Dairy,Value,2023-02-04,0,2023,13,1,0,0,2024-03
500545,13.0,15,0.13333333333333333,0,0.0,0.0,0.0,0.0,0.26666666666666666,0.0,0.0,0.0,7.721333333333333,2.56046618019999,,0.0,3,,0.125,0.0,0.0,0.0,0.0,0.0,0.0,0.0,0.0,0.0,0.0,0,59.0,F,Spokane,Gold,1,Produce,Value,2021-03-25,0,2021,36,0,1,0,2024-03
500546,0.0,15,1.0,0,3.0,3.0,4.0,-1.0,4.666666666666667,89.00999999999999,110.39666666666666,-0.19198659445225774,137.83133333333336,0.3958665490425749,29.669999999999998,4.666666666666667,0,0.34,0.3506666666666666,3.0,2.0,1.3333333333333333,0.6666666666666666,0.3333333333333333,0.3333333333333333,0.0,1.0,-1.0,0.0,0,39.0,F,Tulsa,Silver,1,Snacks,Value,2022-07-31,0,2022,20,1,0,0,2024-03
500548,0.0,15,1.0,1,8.0,4.666666666666667,6.0,-1.333333333333333,4.357142857142857,118.47666666666667,148.70666666666668,-0.20192821517634488,107.85428571428572,0.46163158435871116,25.387857142857143,3.6666666666666665,0,0.52,0.41571428571428576,2.3333333333333335,-1.0,0.0,-0.3333333333333333,2.0,0.6428571428571429,0.0,0.0,0.0,0.0,0,53.0,M,Boise,Silver,0,Personal Care,Value,2022-01-09,0,2022,26,1,0,0,2024-03
500549,4.0,15,0.7142857142857143,1,0.0,0.0,0.6666666666666666,-0.6666666666666666,2.142857142857143,0.0,27.853333333333335,-0.9653419593345656,86.77357142857143,0.9547880075092295,,0.0,3,,0.23199999999999998,0.0,0.0,0.0,0.0,0.0,0.5,0.0,1.0,-1.0,0.0,0,60.0,F,Raleigh,Gold,1,Household,Upscale,2021-11-14,0,2021,28,0,1,0,2024-03
500550,0.0,13,1.0,1,6.0,6.333333333333333,5.0,1.333333333333333,5.583333333333333,335.3933333333334,236.53,0.41621409225501355,272.5058333333333,0.567341917946578,52.95684210526316,3.6666666666666665,0,0.2833333333333334,0.2891666666666667,1.6666666666666667,-0.8333333333333333,0.3333333333333333,-0.16666666666666669,0.6666666666666666,0.5833333333333334,1.0,1.0,1.0,1.0,1,46.0,F,Denver,Platinum,0,Snacks,Upscale,2023-02-11,0,2023,13,1,0,0,2024-03
500552,0.0,15,1.0,0,6.0,5.666666666666667,4.666666666666667,1.0,4.8,202.25666666666666,152.50333333333333,0.324118911641441,166.818,0.46184285666948954,35.692352941176466,3.3333333333333335,0,0.26666666666666666,0.304,4.666666666666667,2.0000000000000004,0.3333333333333333,0.3333333333333333,2.3333333333333335,0.8,1.0,1.0,1.0,0.0,0,29.0,Other,Denver,Gold,0,Bakery,Mainstream,2021-09-04,0,2021,30,1,0,0,2024-03
500553,0.0,8,1.0,0,4.0,5.333333333333333,5.333333333333333,0.0,5.75,106.21666666666665,104.87666666666667,0.01265623524226291,111.39000000000001,0.30736568063002223,19.915625,2.6666666666666665,0,0.34,0.24375,2.3333333333333335,-1.9999999999999996,1.0,0.0,0.6666666666666666,0.5,0.0,1.0,-1.0,0.0,0,26.0,M,Denver,Silver,1,Beverages,Mainstream,2023-07-12,0,2023,8,1,0,0,2024-03
500554,0.0,15,1.0,1,5.0,3.6666666666666665,3.0,0.6666666666666665,4.714285714285714,143.44666666666666,116.965,0.22448748922703052,171.875,0.5886880273466617,39.12181818181818,3.0,0,0.26,0.2764285714285714,2.6666666666666665,1.1666666666666665,1.3333333333333333,0.8333333333333333,1.0,0.6428571428571429,1.0,1.0,1.0,0.0,1,63.0,M,Portland,Platinum,1,Household,Mainstream,2021-05-23,0,2021,34,1,0,0,2024-03
500555,0.0,12,1.0,0,5.0,6.0,4.666666666666667,1.333333333333333,5.0,139.84333333333333,117.96,0.18395539116789963,119.12083333333332,0.45662682538330623,23.307222222222222,3.3333333333333335,0,0.23,0.2591666666666667,3.0,-1.0,2.3333333333333335,0.3333333333333335,1.0,0.8333333333333334,0.0,0.0,0.0,0.0,0,62.0,F,Columbus,Silver,1,Snacks,Upscale,2023-03-04,0,2023,12,1,0,0,2024-03
500556,0.0,13,0.9230769230769231,0,4.0,5.0,2.6666666666666665,2.3333333333333335,3.0,198.63333333333333,100.02,0.9761763347191975,116.5,0.6172728711802389,39.72666666666667,1.6666666666666667,0,0.32666666666666666,0.3875,2.6666666666666665,0.9999999999999998,0.0,0.0,0.6666666666666666,0.46153846153846156,0.0,2.0,-2.0,1.0,1,47.0,F,Portland,Gold,0,Personal Care,Mainstream,2023-02-04,0,2023,13,1,0,0,2024-03
500558,0.0,4,1.0,0,4.0,3.3333333333333335,2.0,1.3333333333333335,3.0,121.98,78.61,0.544780806431353,111.1375,0.35311745100251707,36.594,4.0,0,0.19333333333333336,0.1825,1.0,-3.0,2.0,2.0,1.0,1.0,0.0,0.0,0.0,0.0,0,44.0,M,Denver,Silver,1,Snacks,Mainstream,2023-11-23,0,2023,4,1,0,0,2024-03
500560,9.0,15,0.3333333333333333,0,0.0,0.0,0.0,0.0,0.8,0.0,0.0,0.0,22.708000000000002,1.4538339238358418,,0.0,3,,0.27599999999999997,0.0,0.0,0.0,0.0,0.0,0.26666666666666666,0.0,0.0,0.0,0.0,0,58.0,F,Denver,Gold,1,Bakery,Upscale,2021-11-25,0,2021,28,0,1,0,2024-03
500561,0.0,15,1.0,1,10.0,6.0,9.666666666666666,-3.666666666666666,7.714285714285714,245.71,353.37999999999994,-0.30382640103843317,272.36428571428576,0.4971334733705932,40.95166666666667,5.5,0,0.3,0.21285714285714286,3.0,-1.333333333333333,1.0,0.0,1.0,0.5,0.0,0.0,0.0,0.0,0,39.0,M,Raleigh,Silver,1,Bakery,Mainstream,2021-05-15,0,2021,34,1,0,0,2024-03
500562,0.0,15,1.0,0,2.0,5.333333333333333,4.666666666666667,0.6666666666666661,4.666666666666667,189.71,196.09333333333333,-0.03238736300906504,176.9033333333333,0.4526833168770186,35.570625,5.333333333333333,0,0.42,0.3433333333333334,3.0,0.3333333333333335,0.0,-0.6666666666666666,0.6666666666666666,0.3333333333333333,0.0,0.0,0.0,0.0,0,60.0,M,Columbus,Platinum,0,Household,Upscale,2021-02-26,0,2021,37,1,0,0,2024-03
500563,0.0,3,1.0,0,7.0,4.333333333333333,,,4.333333333333333,178.78333333333333,,,178.78333333333333,0.625190074049143,41.25769230769231,3.0,0,0.17,0.17,0.0,,1.3333333333333333,,1.0,1.0,0.0,0.0,,0.0,0,43.0,M,Raleigh,Silver,1,Frozen Foods,Value,2023-12-04,0,2023,3,1,0,0,2024-03
500564,2.0,4,0.5,0,0.0,0.3333333333333333,1.0,-0.6666666666666667,0.5,10.073333333333332,35.92,-0.7000722282412424,16.535,1.0969065734711072,30.22,1.0,2,0.22,0.19,0.3333333333333333,-0.6666666666666667,0.6666666666666666,-0.33333333333333337,0.0,0.0,3.0,3.0,3.0,0.0,0,66.0,F,Denver,Silver,1,Household,Upscale,2023-11-11,0,2023,4,1,1,0,2024-03
500565,0.0,11,0.9090909090909091,0,6.0,3.0,7.666666666666667,-4.666666666666667,4.636363636363637,121.98,348.2166666666667,-0.6478404047153152,210.81454545454545,0.7206256528768418,40.66,2.3333333333333335,0,0.18666666666666668,0.37899999999999995,3.0,1.6666666666666667,0.0,-0.3333333333333333,0.6666666666666666,1.2727272727272727,2.0,3.0,1.0,1.0,1,66.0,F,Tulsa,Platinum,0,Snacks,Value,2023-04-02,0,2023,11,1,0,0,2024-03
500566,7.0,15,0.4,0,0.0,0.0,0.0,0.0,1.1333333333333333,0.0,0.0,0.0,49.62733333333333,1.593166622069563,,0.0,3,,0.17,0.0,0.0,0.0,0.0,0.0,0.3333333333333333,0.0,0.0,0.0,0.0,0,64.0,F,Austin,Gold,1,Household,Mainstream,2022-01-20,0,2022,26,0,1,0,2024-03
500567,12.0,15,0.13333333333333333,0,0.0,0.0,0.0,0.0,0.4666666666666667,0.0,0.0,0.0,16.072,2.571891298772683,,0.0,3,,0.21000000000000002,0.0,0.0,0.0,0.0,0.0,0.0,0.0,0.0,0.0,0.0,1,33.0,M,Spokane,Silver,1,Snacks,Unknown,2021-05-31,0,2021,34,0,1,0,2024-03
500568,2.0,15,0.6428571428571429,1,0.0,0.5,1.3333333333333333,-0.8333333333333333,0.8571428571428571,7.93,24.94,-0.6557440246723207,15.30642857142857,0.9789410079759574,15.86,0.0,1,0.39,0.2744444444444445,0.0,-0.3333333333333333,0.0,0.0,0.5,0.7857142857142857,1.0,1.0,1.0,1.0,1,56.0,M,Denver,Silver,0,Produce,Value,2021-09-10,0,2021,30,1,0,0,2024-03
500569,11.0,13,0.15384615384615385,0,0.0,0.0,0.0,0.0,0.3076923076923077,0.0,0.0,0.0,12.092307692307692,2.273864405451452,,0.0,3,,0.39,0.0,0.0,0.0,0.0,0.0,0.0,0.0,0.0,0.0,0.0,0,60.0,M,Boise,Gold,0,Bakery,Mainstream,2023-02-19,0,2023,13,0,1,0,2024-03
500570,0.0,15,1.0,2,9.0,5.333333333333333,12.0,-6.666666666666667,7.6923076923076925,206.80999999999997,424.90000000000003,-0.512068560694999,272.99615384615385,0.4725642479474361,38.776875,2.3333333333333335,0,0.37666666666666665,0.2792307692307692,5.0,2.5,0.0,-2.0,0.3333333333333333,0.46153846153846156,2.0,3.0,1.0,1.0,1,59.0,M,Portland,Silver,0,Produce,Mainstream,2021-05-21,0,2021,34,1,0,0,2024-03
500571,0.0,8,0.875,0,2.0,3.3333333333333335,4.0,-0.6666666666666665,3.0,87.20333333333333,107.56333333333335,-0.18754029905738595,79.54499999999999,0.5976345377810526,26.161,3.0,0,0.21,0.2814285714285714,2.3333333333333335,0.6666666666666667,1.3333333333333333,-0.6666666666666667,0.6666666666666666,0.5,1.0,1.0,1.0,0.0,0,68.0,M,Austin,Silver,1,Snacks,Upscale,2023-07-08,0,2023,8,1,0,0,2024-03
500572,0.0,3,1.0,0,1.0,2.3333333333333335,,,2.3333333333333335,28.083333333333332,,,28.083333333333332,0.982057397531598,12.035714285714286,3.3333333333333335,0,0.2866666666666667,0.2866666666666667,1.0,,1.0,,0.6666666666666666,0.6666666666666666,1.0,1.0,,0.0,0,26.0,F,Boise,Silver,1,Frozen Foods,Mainstream,2023-12-10,0,2023,3,1,0,0,2024-03
500573,7.0,15,0.5333333333333333,0,0.0,0.0,0.0,0.0,2.933333333333333,0.0,0.0,0.0,60.69666666666667,1.1213275020403861,,0.0,3,,0.22624999999999998,0.0,0.0,0.0,0.0,0.0,0.2,0.0,0.0,0.0,0.0,0,55.0,M,Spokane,Silver,1,Dairy,Value,2022-12-11,0,2022,15,0,1,0,2024-03
500574,0.0,2,1.0,0,6.0,6.0,,,6.0,197.58499999999998,,,197.58499999999998,0.010788999909334742,32.93083333333333,2.5,0,0.195,0.195,3.5,,3.0,,1.5,1.5,0.0,0.0,,0.0,0,57.0,F,Tulsa,Silver,1,Beverages,Value,2024-01-16,0,2024,2,1,0,0,2024-03
500575,0.0,15,1.0,1,6.0,5.333333333333333,7.333333333333333,-2.0,6.857142857142857,176.14000000000001,213.56000000000003,-0.17440343027591354,223.35,0.49274244567639347,33.026250000000005,2.6666666666666665,0,0.16333333333333333,0.23571428571428574,4.0,-1.666666666666667,3.0,1.0,0.3333333333333333,0.6428571428571429,0.0,0.0,0.0,0.0,0,38.0,M,Spokane,Silver,1,Snacks,Mainstream,2022-02-28,0,2022,25,1,0,0,2024-03
500576,1.0,15,0.9333333333333333,0,0.0,0.6666666666666666,8.666666666666666,-7.999999999999999,5.333333333333333,20.349999999999998,251.66666666666666,-0.9155013192612137,145.90466666666669,0.6125947717884727,30.525,0.6666666666666666,1,0.63,0.36,1.0,-2.3333333333333335,0.0,-1.6666666666666667,0.0,0.4666666666666667,0.0,1.0,-1.0,1.0,1,32.0,F,Tulsa,Silver,1,Dairy,Value,2021-03-04,0,2021,36,1,1,0,2024-03
500577,0.0,3,1.0,0,4.0,7.333333333333333,,,7.333333333333333,127.72000000000001,,,127.72000000000001,0.6493433145757893,17.416363636363638,3.3333333333333335,0,0.2066666666666667,0.2066666666666667,2.0,,2.3333333333333335,,1.0,1.0,0.0,0.0,,0.0,0,50.0,Other,Spokane,Silver,1,Frozen Foods,Value,2023-12-29,0,2023,3,1,0,0,2024-03
500578,0.0,3,1.0,0,2.0,1.3333333333333333,,,1.3333333333333333,33.800000000000004,,,33.800000000000004,0.43381640579068514,25.35,1.0,0,0.39000000000000007,0.39000000000000007,0.0,,2.0,,0.3333333333333333,0.3333333333333333,0.0,0.0,,0.0,0,,M,Nashville,Silver,1,Produce,Value,2023-12-18,1,2023,3,1,0,0,2024-03
500580,1.0,5,0.8,0,0.0,0.6666666666666666,3.0,-2.3333333333333335,1.6,21.543333333333333,82.095,-0.7287040937080048,45.763999999999996,0.8573003503029965,32.315,0.6666666666666666,1,0.135,0.12750000000000003,0.0,0.0,0.3333333333333333,-1.6666666666666667,0.0,0.0,3.0,5.0,1.0,3.0,1,24.0,M,Austin,Gold,1,Snacks,Upscale,2023-10-09,0,2023,5,1,1,0,2024-03
500581,10.0,15,0.2857142857142857,1,0.0,0.0,0.0,0.0,1.4285714285714286,0.0,0.0,0.0,67.39142857142858,1.782664534182568,,0.0,3,,0.355,0.0,0.0,0.0,0.0,0.0,0.07142857142857142,0.0,0.0,0.0,0.0,0,40.0,M,Tulsa,Gold,1,Personal Care,Mainstream,2022-08-16,0,2022,19,0,1,0,2024-03
500582,12.0,15,0.2,0,0.0,0.0,0.0,0.0,0.4666666666666667,0.0,0.0,0.0,10.771999999999998,1.9790498241752605,,0.0,3,,0.3566666666666667,0.0,0.0,0.0,0.0,0.0,0.2,0.0,0.0,0.0,0.0,1,40.0,F,Denver,Silver,1,Dairy,Mainstream,2022-06-30,0,2022,21,0,1,0,2024-03
500583,7.0,15,0.4666666666666667,0,0.0,0.0,0.0,0.0,1.0,0.0,0.0,0.0,26.62933333333333,1.2161749057172173,,0.0,3,,0.2742857142857143,0.0,0.0,0.0,0.0,0.0,0.6,0.0,0.0,0.0,0.0,0,59.0,M,Columbus,Gold,1,Snacks,Mainstream,2021-04-16,0,2021,35,0,1,0,2024-03
500584,5.0,15,0.6428571428571429,1,0.0,0.0,0.3333333333333333,-0.3333333333333333,1.7857142857142858,0.0,9.89,-0.9081726354453628,51.85928571428571,1.0940657395080662,,0.0,3,,0.31999999999999995,0.0,-0.3333333333333333,0.0,0.0,0.0,0.21428571428571427,0.0,0.0,0.0,0.0,1,19.0,F,Austin,Silver,0,Bakery,Mainstream,2022-11-27,0,2022,16,0,1,0,2024-03
500585,0.0,15,0.8571428571428571,1,1.0,0.6666666666666666,1.3333333333333333,-0.6666666666666666,1.6428571428571428,18.183333333333334,31.816666666666666,-0.4154393092940579,45.47071428571428,0.7951750415038007,27.275,0.6666666666666666,1,0.485,0.2941666666666667,0.3333333333333333,-0.6666666666666667,0.0,-0.6666666666666666,0.0,0.7142857142857143,2.0,2.0,2.0,0.0,1,38.0,M,Denver,Silver,0,Snacks,Unknown,2021-05-14,0,2021,34,1,1,0,2024-03
500587,0.0,15,1.0,0,4.0,7.666666666666667,9.333333333333334,-1.666666666666667,7.0,231.02666666666667,279.71,-0.1734292805148848,213.9706666666667,0.44943082990043487,30.133913043478262,4.0,0,0.3633333333333333,0.26199999999999996,4.0,0.0,0.6666666666666666,-1.0,1.0,0.8666666666666667,0.0,0.0,0.0,0.0,1,46.0,M,Columbus,Gold,1,Personal Care,Value,2021-08-06,0,2021,31,1,0,0,2024-03
500588,3.0,6,0.3333333333333333,0,0.0,0.0,1.0,-1.0,0.5,0.0,27.576666666666668,-0.9650064154904934,13.788333333333334,1.5524738181430617,,0.0,3,,0.32,0.0,-0.6666666666666666,0.0,0.0,0.0,0.0,0.0,1.0,-1.0,0.0,0,60.0,F,Madison,Silver,1,Bakery,Mainstream,2023-09-23,0,2023,6,0,1,0,2024-03
500589,0.0,15,0.9230769230769231,2,2.0,4.0,3.6666666666666665,0.3333333333333335,3.5384615384615383,191.41000000000003,146.22,0.3069555766879502,157.09461538461537,0.4991863755008956,47.852500000000006,0.5,0,0.245,0.2675,2.0,0.33333333333333326,0.5,-0.5,0.5,0.38461538461538464,0.0,1.0,-1.0,0.0,0,67.0,M,Boise,Platinum,1,Bakery,Upscale,2022-11-18,0,2022,16,1,0,0,2024-03
500590,13.0,15,0.13333333333333333,0,0.0,0.0,0.0,0.0,0.13333333333333333,0.0,0.0,0.0,5.47,2.2314105390849646,,0.0,3,,0.435,0.0,0.0,0.0,0.0,0.0,0.0,0.0,0.0,0.0,0.0,1,62.0,M,Raleigh,Gold,1,Frozen Foods,Value,2021-05-29,0,2021,34,0,1,0,2024-03
500591,13.0,15,0.13333333333333333,0,0.0,0.0,0.0,0.0,0.13333333333333333,0.0,0.0,0.0,4.500666666666666,2.1592465545173165,,0.0,3,,0.185,0.0,0.0,0.0,0.0,0.0,0.0,0.0,0.0,0.0,0.0,0,37.0,F,Spokane,Silver,1,Household,Value,2021-12-05,0,2021,27,0,1,0,2024-03
500592,0.0,7,0.8571428571428571,0,3.0,2.3333333333333335,2.6666666666666665,-0.33333333333333304,2.2857142857142856,58.11666666666667,61.56999999999999,-0.05519151883224111,55.132857142857134,0.6399924903445141,24.907142857142855,2.3333333333333335,0,0.3,0.245,1.3333333333333333,-0.6666666666666667,1.0,-1.0,0.3333333333333333,0.42857142857142855,0.0,0.0,0.0,0.0,0,25.0,F,Tulsa,Gold,1,Bakery,Upscale,2023-08-22,0,2023,7,1,0,0,2024-03
500593,0.0,15,1.0,0,4.0,5.666666666666667,6.0,-0.33333333333333304,4.266666666666667,136.96333333333334,138.5533333333333,-0.011393493526966812,99.28866666666667,0.533822171593135,24.169999999999998,3.6666666666666665,0,0.26,0.27399999999999997,3.3333333333333335,1.3333333333333335,1.6666666666666667,1.0,0.6666666666666666,0.6,2.0,3.0,1.0,2.0,1,22.0,F,Spokane,Silver,1,Personal Care,Mainstream,2021-08-17,0,2021,31,1,0,0,2024-03
500594,1.0,15,0.6666666666666666,0,0.0,2.0,1.0,1.0,1.6,61.71333333333333,32.916666666666664,0.8490417690417691,50.178,0.8580488689944379,30.856666666666666,1.0,1,0.24,0.246,1.6666666666666667,-0.6666666666666667,2.0,1.3333333333333335,1.0,0.5333333333333333,0.0,0.0,0.0,0.0,1,54.0,F,Boise,Gold,1,Frozen Foods,Value,2021-11-15,0,2021,28,1,0,0,2024-03
500595,0.0,4,1.0,0,4.0,5.0,4.0,1.0,4.75,170.06333333333333,160.58,0.05869125716879143,167.6925,0.23545154247879646,34.01266666666667,2.6666666666666665,0,0.3033333333333333,0.39,1.3333333333333333,-0.6666666666666667,0.6666666666666666,-1.3333333333333335,1.6666666666666667,1.25,0.0,0.0,0.0,0.0,0,25.0,F,Denver,Silver,1,Produce,Value,2023-11-13,0,2023,4,1,0,0,2024-03
500596,0.0,1,1.0,0,1.0,1.0,,,1.0,31.57,,,31.57,,31.57,0.0,0,0.45,0.45,1.0,,0.0,,0.0,0.0,0.0,0.0,,0.0,0,65.0,M,Madison,Silver,1,Dairy,Upscale,2024-02-13,0,2024,1,1,0,0,2024-03
500597,0.0,8,1.0,1,3.0,3.3333333333333335,3.6666666666666665,-0.33333333333333304,3.5714285714285716,141.2,150.4,-0.06076618229854701,150.60285714285712,0.21251272970176155,42.36,2.0,0,0.29000000000000004,0.24285714285714288,2.6666666666666665,0.33333333333333304,1.0,-0.6666666666666667,0.6666666666666666,0.5714285714285714,1.0,3.0,-1.0,0.0,0,51.0,Other,Raleigh,Gold,1,Dairy,Value,2023-07-05,0,2023,8,1,0,0,2024-03
500598,0.0,15,1.0,0,8.0,8.0,5.666666666666667,2.333333333333333,6.466666666666667,271.2966666666667,191.7833333333333,0.41244920895651455,227.33866666666665,0.23991929573764942,33.912083333333335,3.3333333333333335,0,0.4033333333333333,0.24333333333333332,2.6666666666666665,0.9999999999999998,0.3333333333333333,0.0,0.6666666666666666,0.3333333333333333,0.0,0.0,0.0,0.0,1,20.0,F,Columbus,Silver,0,Dairy,Value,2022-10-27,0,2022,17,1,0,0,2024-03
500599,0.0,4,1.0,0,6.0,4.333333333333333,4.0,0.33333333333333304,4.25,139.07333333333332,123.36,0.1263535970837353,135.14499999999998,0.27984909879551256,32.09384615384615,3.6666666666666665,0,0.32,0.29500000000000004,1.3333333333333333,-5.666666666666667,1.0,0.0,0.0,0.5,0.0,0.0,0.0,0.0,0,63.0,M,Denver,Silver,1,Snacks,Value,2023-11-05,0,2023,4,1,0,0,2024-03
500601,0.0,3,1.0,0,6.0,5.666666666666667,,,5.666666666666667,166.39333333333332,,,166.39333333333332,0.12072408792428733,29.363529411764702,2.6666666666666665,0,0.31,0.31,1.0,,2.6666666666666665,,0.3333333333333333,0.3333333333333333,0.0,0.0,,0.0,0,74.0,M,Tulsa,Silver,1,Household,Mainstream,2023-12-26,0,2023,3,1,0,0,2024-03
500602,0.0,11,1.0,0,9.0,7.0,4.333333333333333,2.666666666666667,4.818181818181818,259.7,147.40333333333334,0.7566990858246669,177.95000000000002,0.49998316608845983,37.1,2.3333333333333335,0,0.18000000000000002,0.23636363636363633,2.0,-2.333333333333333,1.0,-2.0,1.0,0.7272727272727273,0.0,0.0,0.0,0.0,0,33.0,M,Tulsa,Gold,1,Beverages,Value,2023-05-01,0,2023,10,1,0,0,2024-03
500603,7.0,14,0.5,0,0.0,0.0,0.0,0.0,1.2142857142857142,0.0,0.0,0.0,25.850714285714282,1.2703612555076798,,0.0,3,,0.2942857142857143,0.0,0.0,0.0,0.0,0.0,0.14285714285714285,0.0,0.0,0.0,0.0,0,49.0,F,Nashville,Silver,0,Beverages,Value,2023-02-01,0,2023,13,0,1,0,2024-03
500604,0.0,10,0.8888888888888888,1,1.0,1.3333333333333333,2.5,-1.1666666666666667,1.4444444444444444,33.53666666666667,73.75999999999999,-0.5380328161227037,39.12888888888889,0.6460904685225559,25.1525,0.6666666666666666,0,0.30000000000000004,0.33125,0.6666666666666666,-0.8333333333333334,0.3333333333333333,-0.6666666666666667,1.0,1.0,0.0,0.0,0.0,0.0,0,44.0,M,Columbus,Silver,0,Bakery,Value,2023-05-03,0,2023,10,1,0,0,2024-03
500605,0.0,15,1.0,2,2.0,6.0,3.5,2.5,4.6923076923076925,270.2266666666667,159.38,0.6911501849773457,225.74615384615387,0.6423208905401923,45.037777777777784,4.0,0,0.2066666666666667,0.2907692307692308,4.666666666666667,2.166666666666667,0.3333333333333333,-1.6666666666666667,0.3333333333333333,0.7692307692307693,1.0,2.0,0.0,0.0,0,38.0,F,Raleigh,Platinum,1,Bakery,Mainstream,2022-11-26,0,2022,16,1,0,0,2024-03
500606,2.0,15,0.26666666666666666,0,0.0,0.3333333333333333,0.6666666666666666,-0.3333333333333333,0.4,15.663333333333334,35.57,-0.5443441801112022,20.720666666666666,1.739296827948442,46.99,1.0,2,0.54,0.405,0.3333333333333333,0.0,1.0,-1.0,0.0,0.26666666666666666,1.0,1.0,1.0,1.0,1,27.0,F,Columbus,Platinum,1,Personal Care,Mainstream,2022-01-11,0,2022,26,1,1,0,2024-03
500607,7.0,8,0.125,0,0.0,0.0,0.0,0.0,0.125,0.0,0.0,0.0,6.43,2.447750526530014,,0.0,3,,0.47,0.0,0.0,0.0,0.0,0.0,0.125,0.0,0.0,0.0,0.0,0,21.0,F,Tulsa,Gold,0,Beverages,Mainstream,2023-07-18,0,2023,8,0,1,0,2024-03
500608,0.0,15,1.0,0,8.0,7.333333333333333,5.333333333333333,2.0,6.266666666666667,248.89999999999998,179.39333333333335,0.38530618278576423,212.86866666666668,0.3486575921121843,33.94090909090909,4.333333333333333,0,0.3433333333333333,0.3593333333333332,2.0,-0.3333333333333335,0.3333333333333333,0.0,1.0,0.8666666666666667,1.0,1.0,1.0,0.0,0,48.0,M,Austin,Silver,0,Beverages,Mainstream,2022-11-17,0,2022,16,1,0,0,2024-03
500609,0.0,15,1.0,0,2.0,4.0,5.0,-1.0,4.933333333333334,155.53,176.36666666666667,-0.11747791768464577,181.98666666666668,0.40736057561646943,38.8825,1.3333333333333333,0,0.3833333333333333,0.32599999999999996,5.0,3.333333333333333,1.3333333333333333,-0.6666666666666667,0.3333333333333333,0.5333333333333333,0.0,0.0,0.0,0.0,0,74.0,M,Boise,Silver,1,Beverages,Mainstream,2022-01-01,0,2022,26,1,0,0,2024-03
500610,0.0,1,1.0,0,3.0,3.0,,,3.0,133.57,,,133.57,,44.52333333333333,3.0,0,0.23,0.23,3.0,,0.0,,3.0,3.0,0.0,0.0,,0.0,0,37.0,F,Raleigh,Gold,1,Beverages,Upscale,2024-02-26,0,2024,1,1,0,0,2024-03
500611,11.0,15,0.26666666666666666,0,0.0,0.0,0.0,0.0,1.1333333333333333,0.0,0.0,0.0,44.06466666666667,2.3633529521606738,,0.0,3,,0.4025000000000001,0.0,0.0,0.0,0.0,0.0,0.06666666666666667,0.0,0.0,0.0,0.0,1,35.0,M,Austin,Gold,1,Dairy,Mainstream,2021-04-29,0,2021,35,0,1,0,2024-03
500612,13.0,15,0.06666666666666667,0,0.0,0.0,0.0,0.0,0.06666666666666667,0.0,0.0,0.0,3.036,2.9133739938269865,,0.0,3,,0.22,0.0,0.0,0.0,0.0,0.0,0.0,0.0,0.0,0.0,0.0,1,55.0,M,Spokane,Platinum,1,Snacks,Upscale,2021-02-23,0,2021,37,0,1,0,2024-03
500613,0.0,10,1.0,0,1.0,3.3333333333333335,5.0,-1.6666666666666665,4.6,108.70666666666666,170.61333333333334,-0.36073343174578515,150.99099999999999,0.44493832248014337,32.612,2.6666666666666665,0,0.27,0.268,2.6666666666666665,-0.666666666666667,0.3333333333333333,0.3333333333333333,0.3333333333333333,0.7,1.0,1.0,1.0,0.0,0,74.0,M,Raleigh,Silver,0,Frozen Foods,Mainstream,2023-05-29,0,2023,10,1,0,0,2024-03
500614,0.0,15,0.9333333333333333,0,1.0,1.0,2.3333333333333335,-1.3333333333333335,2.6,25.74,67.40666666666668,-0.609102426664068,72.11666666666666,0.8319769819128889,25.74,0.6666666666666666,0,0.31,0.26071428571428573,0.3333333333333333,-1.3333333333333335,0.0,-1.0,0.6666666666666666,0.8,2.0,2.0,2.0,0.0,1,48.0,F,Boise,Silver,1,Personal Care,Unknown,2021-06-28,0,2021,33,1,1,0,2024-03
500615,0.0,8,1.0,0,5.0,3.3333333333333335,5.0,-1.6666666666666665,3.75,90.37333333333333,131.24333333333334,-0.30905149597963355,99.53625,0.4299429209211527,27.112000000000002,3.6666666666666665,0,0.3633333333333333,0.32625000000000004,3.0,0.3333333333333335,0.6666666666666666,0.0,0.3333333333333333,0.625,2.0,2.0,2.0,1.0,1,73.0,F,Madison,Silver,1,Personal Care,Mainstream,2023-07-12,0,2023,8,1,0,0,2024-03
500616,0.0,14,0.9230769230769231,1,8.0,5.0,2.0,3.0,3.230769230769231,207.63333333333333,80.95333333333333,1.5457577483120475,127.37846153846155,0.7432038385280039,41.526666666666664,2.6666666666666665,0,0.3233333333333333,0.25833333333333336,1.3333333333333333,-2.333333333333333,2.0,1.3333333333333335,0.6666666666666666,0.6923076923076923,0.0,1.0,-1.0,1.0,1,57.0,F,Austin,Gold,1,Beverages,Upscale,2021-05-26,0,2021,34,1,0,0,2024-03
500617,0.0,15,1.0,0,3.0,6.0,6.333333333333333,-0.33333333333333304,5.133333333333334,369.37000000000006,331.25333333333333,0.1147216983025003,292.5659999999999,0.5626004855136131,61.561666666666675,2.3333333333333335,0,0.30666666666666664,0.304,2.3333333333333335,1.0000000000000002,0.3333333333333333,-0.6666666666666667,1.0,0.8666666666666667,1.0,2.0,0.0,0.0,0,63.0,M,Raleigh,Platinum,0,Frozen Foods,Mainstream,2022-03-22,0,2022,24,1,0,0,2024-03
500618,0.0,8,1.0,0,9.0,7.666666666666667,6.333333333333333,1.333333333333334,7.0,230.92,202.99,0.13691847639590166,214.19375000000002,0.3200563268664766,30.12,3.6666666666666665,0,0.20333333333333334,0.245,0.6666666666666666,-2.3333333333333335,0.6666666666666666,0.3333333333333333,0.3333333333333333,0.625,1.0,1.0,1.0,0.0,0,32.0,F,Austin,Silver,0,Produce,Mainstream,2023-07-19,0,2023,8,1,0,0,2024-03
500619,0.0,1,1.0,0,4.0,4.0,,,4.0,72.51,,,72.51,,18.1275,6.0,0,0.26,0.26,4.0,,0.0,,0.0,0.0,0.0,0.0,,0.0,0,49.0,F,Raleigh,Silver,0,Dairy,Mainstream,2024-02-20,0,2024,1,1,0,0,2024-03
500620,0.0,14,0.8571428571428571,0,6.0,5.333333333333333,4.0,1.333333333333333,3.9285714285714284,219.8066666666667,147.62666666666667,0.48564636224993296,150.1107142857143,0.6220938724016253,41.213750000000005,3.3333333333333335,0,0.28,0.23833333333333337,1.0,-1.3333333333333335,1.0,-0.6666666666666667,1.0,0.42857142857142855,1.0,1.0,1.0,0.0,0,58.0,F,Columbus,Gold,1,Frozen Foods,Mainstream,2023-01-27,0,2023,14,1,0,0,2024-03
500621,9.0,15,0.4,0,0.0,0.0,0.0,0.0,1.0,0.0,0.0,0.0,39.016666666666666,1.6996263762584531,,0.0,3,,0.225,0.0,0.0,0.0,0.0,0.0,0.06666666666666667,0.0,0.0,0.0,0.0,0,38.0,F,Madison,Silver,1,Dairy,Value,2021-12-13,0,2021,27,0,1,0,2024-03
500622,0.0,7,1.0,0,10.0,7.333333333333333,10.333333333333334,-3.000000000000001,8.714285714285714,243.50666666666666,296.3333333333333,-0.17766816143497755,268.4042857142857,0.36245814146987687,33.20545454545454,4.0,0,0.3033333333333333,0.24571428571428575,4.0,-0.33333333333333304,0.6666666666666666,-1.0,1.0,1.0,1.0,2.0,0.0,2.0,1,59.0,F,Austin,Silver,1,Beverages,Mainstream,2023-08-11,0,2023,7,1,0,0,2024-03
500623,0.0,15,0.8666666666666667,0,4.0,3.3333333333333335,2.3333333333333335,1.0,2.3333333333333335,91.23333333333333,69.36999999999999,0.31069110890057333,64.92066666666668,0.571437926712444,27.369999999999997,3.0,0,0.3066666666666667,0.32538461538461544,1.0,-0.6666666666666667,0.0,-0.3333333333333333,0.6666666666666666,0.5333333333333333,0.0,1.0,-1.0,0.0,0,,F,Raleigh,Silver,0,Frozen Foods,Upscale,2022-09-08,1,2022,18,1,0,0,2024-03
500624,0.0,3,1.0,0,1.0,2.0,,,2.0,54.31999999999999,,,54.31999999999999,0.5456040247062347,27.159999999999997,3.6666666666666665,0,0.2866666666666667,0.2866666666666667,1.0,,1.3333333333333333,,0.6666666666666666,0.6666666666666666,0.0,0.0,,0.0,0,,M,Austin,Silver,1,Dairy,Upscale,2023-12-08,1,2023,3,1,0,0,2024-03
500625,1.0,15,0.9285714285714286,1,0.0,0.6666666666666666,4.5,-3.8333333333333335,4.285714285714286,9.659999999999998,67.46000000000001,-0.8442886356996787,73.99785714285716,0.8627718559618366,14.489999999999998,1.6666666666666667,1,0.29000000000000004,0.2938461538461538,0.0,-3.5,0.0,-1.0,0.3333333333333333,0.5714285714285714,1.0,1.0,1.0,0.0,0,43.0,F,Spokane,Silver,0,Personal Care,Mainstream,2022-12-22,0,2022,15,1,1,0,2024-03
500627,1.0,15,0.4666666666666667,0,0.0,1.0,0.6666666666666666,0.33333333333333337,0.5333333333333333,28.453333333333333,19.653333333333332,0.42608134280180765,15.501333333333331,1.1356196038104298,28.453333333333333,1.3333333333333333,1,0.37,0.2257142857142857,0.3333333333333333,-0.6666666666666667,0.0,-0.3333333333333333,0.3333333333333333,0.4666666666666667,0.0,0.0,0.0,0.0,0,23.0,M,Raleigh,Silver,0,Frozen Foods,Mainstream,2021-03-05,0,2021,36,1,0,0,2024-03
500628,7.0,15,0.5333333333333333,0,0.0,0.0,0.0,0.0,1.8,0.0,0.0,0.0,92.95066666666666,1.4114236504933593,,0.0,3,,0.33625,0.0,0.0,0.0,0.0,0.0,0.4666666666666667,0.0,0.0,0.0,0.0,1,71.0,F,Portland,Platinum,0,Produce,Upscale,2022-09-22,0,2022,18,0,1,0,2024-03
500629,0.0,15,1.0,0,4.0,3.0,4.666666666666667,-1.666666666666667,3.533333333333333,99.25666666666666,183.33666666666667,-0.456121950778467,123.43866666666666,0.4118619127639863,33.08555555555555,2.3333333333333335,0,0.24333333333333332,0.29666666666666663,3.6666666666666665,0.33333333333333304,1.0,0.33333333333333337,0.6666666666666666,0.2,0.0,0.0,0.0,0.0,0,54.0,M,Columbus,Gold,0,Beverages,Mainstream,2021-08-21,0,2021,31,1,0,0,2024-03
500630,1.0,3,0.6666666666666666,0,0.0,2.6666666666666665,,,2.6666666666666665,86.38,,,86.38,1.2140730659588181,32.3925,1.6666666666666667,1,0.405,0.405,0.3333333333333333,,0.0,,0.0,0.0,1.0,1.0,,0.0,0,50.0,M,Raleigh,Silver,0,Produce,Value,2023-12-10,0,2023,3,1,0,0,2024-03
500631,2.0,5,0.6,0,0.0,0.6666666666666666,2.5,-1.8333333333333335,1.4,31.743333333333336,123.36500000000001,-0.7367158498505743,68.39200000000001,1.0009111270671898,47.615,0.0,2,0.2,0.2366666666666667,0.6666666666666666,0.6666666666666666,0.3333333333333333,0.3333333333333333,0.3333333333333333,0.4,1.0,1.0,1.0,1.0,1,,F,Austin,Platinum,0,Produce,Value,2023-10-19,1,2023,5,1,1,0,2024-03
500632,4.0,5,0.2,0,0.0,0.0,0.5,-0.5,0.2,0.0,17.635,-0.9463375368929434,7.054,1.9584335129480404,,0.0,3,,0.19,0.0,0.0,0.0,-0.5,0.0,0.0,0.0,0.0,0.0,0.0,0,33.0,M,Portland,Silver,1,Dairy,Value,2023-10-09,0,2023,5,0,1,0,2024-03
500633,0.0,15,1.0,1,5.0,5.333333333333333,4.333333333333333,1.0,4.071428571428571,185.0633333333333,152.5666666666667,0.211612763186455,148.56285714285713,0.3639512585279612,34.699374999999996,3.3333333333333335,0,0.2866666666666667,0.22785714285714284,3.3333333333333335,2.666666666666667,2.6666666666666665,2.0,0.3333333333333333,0.35714285714285715,0.0,1.0,-1.0,0.0,0,38.0,M,Denver,Silver,1,Personal Care,Value,2022-07-07,0,2022,20,1,0,0,2024-03
500634,14.0,15,0.06666666666666667,0,0.0,0.0,0.0,0.0,0.2,0.0,0.0,0.0,7.774666666666667,3.431600956045502,,0.0,3,,0.57,0.0,0.0,0.0,0.0,0.0,0.06666666666666667,0.0,0.0,0.0,0.0,0,42.0,F,Spokane,Gold,1,Beverages,Mainstream,2021-07-31,0,2021,32,0,1,0,2024-03
500635,0.0,15,1.0,0,3.0,2.6666666666666665,3.0,-0.3333333333333335,2.8666666666666667,99.56666666666666,112.58666666666666,-0.11462612982744451,104.51999999999998,0.4311946517566165,37.3375,2.6666666666666665,0,0.45,0.31200000000000006,1.6666666666666667,-0.6666666666666667,0.3333333333333333,-0.3333333333333333,0.6666666666666666,0.4666666666666667,1.0,1.0,1.0,0.0,0,55.0,M,Boise,Platinum,0,Frozen Foods,Upscale,2022-05-23,0,2022,22,1,0,0,2024-03
500636,0.0,15,1.0,1,6.0,5.666666666666667,8.333333333333334,-2.666666666666667,5.785714285714286,190.05999999999997,264.65999999999997,-0.28081005796883235,189.30571428571434,0.387725033798162,33.54,2.3333333333333335,0,0.25333333333333335,0.35000000000000003,3.6666666666666665,1.0,1.6666666666666667,1.0,1.0,0.42857142857142855,0.0,0.0,0.0,0.0,0,47.0,F,Raleigh,Gold,1,Bakery,Mainstream,2022-10-14,0,2022,17,1,0,0,2024-03
500637,10.0,15,0.26666666666666666,0,0.0,0.0,0.0,0.0,0.8666666666666667,0.0,0.0,0.0,22.684,1.8677666381932894,,0.0,3,,0.22750000000000004,0.0,0.0,0.0,0.0,0.0,0.2,0.0,0.0,0.0,0.0,0,33.0,F,Tulsa,Silver,1,Produce,Unknown,2021-04-26,0,2021,35,0,1,0,2024-03
500638,0.0,6,1.0,0,3.0,4.666666666666667,6.0,-1.333333333333333,5.333333333333333,160.26666666666668,229.20000000000002,-0.299449753837243,194.73333333333335,0.29453202313991916,34.34285714285714,2.3333333333333335,0,0.23333333333333336,0.22833333333333336,2.6666666666666665,-1.3333333333333335,1.3333333333333333,0.0,1.0,1.1666666666666667,0.0,0.0,0.0,0.0,0,47.0,F,Austin,Silver,1,Personal Care,Mainstream,2023-10-01,0,2023,5,1,0,0,2024-03
500639,0.0,5,1.0,0,8.0,7.666666666666667,9.5,-1.833333333333333,8.4,271.7633333333334,354.74,-0.23325087610801887,304.95400000000006,0.31896968709224927,35.44739130434783,5.0,0,0.10000000000000002,0.188,4.333333333333333,2.333333333333333,0.3333333333333333,0.3333333333333333,0.6666666666666666,0.6,0.0,0.0,0.0,0.0,0,39.0,F,Boise,Silver,0,Frozen Foods,Value,2023-10-23,0,2023,5,1,0,0,2024-03
500640,1.0,15,0.9333333333333333,0,0.0,3.0,3.3333333333333335,-0.3333333333333335,2.4,87.62333333333333,96.59666666666668,-0.09194303084121734,70.38866666666667,0.5829191202212148,29.20777777777778,1.6666666666666667,1,0.14,0.28285714285714286,0.3333333333333333,0.3333333333333333,0.0,0.0,0.0,0.3333333333333333,2.0,2.0,2.0,0.0,0,32.0,F,Boise,Silver,0,Beverages,Upscale,2022-03-11,0,2022,24,1,1,0,2024-03
500641,12.0,15,0.2,0,0.0,0.0,0.0,0.0,0.7333333333333333,0.0,0.0,0.0,27.066,2.507883675974866,,0.0,3,,0.31666666666666665,0.0,0.0,0.0,0.0,0.0,0.0,0.0,0.0,0.0,0.0,0,28.0,F,Boise,Gold,0,Personal Care,Mainstream,2021-08-07,0,2021,31,0,1,0,2024-03
500642,0.0,9,1.0,0,11.0,6.333333333333333,4.666666666666667,1.666666666666666,6.111111111111111,187.98666666666668,154.9333333333333,0.21197092774690066,186.89555555555555,0.4580837504064082,29.682105263157897,2.0,0,0.3666666666666667,0.40555555555555556,5.0,4.0,0.3333333333333333,-0.3333333333333333,0.6666666666666666,0.4444444444444444,0.0,0.0,0.0,0.0,0,33.0,F,Columbus,Silver,0,Snacks,Value,2023-06-26,0,2023,9,1,0,0,2024-03
500643,1.0,8,0.875,0,0.0,1.3333333333333333,2.0,-0.6666666666666667,2.125,47.20666666666667,63.403333333333336,-0.2514880182185187,75.07875,0.8078980474728849,35.405,1.6666666666666667,1,0.245,0.3685714285714286,0.3333333333333333,0.0,0.0,-1.0,0.3333333333333333,0.25,3.0,3.0,3.0,0.0,0,48.0,M,Portland,Silver,1,Beverages,Upscale,2023-07-02,0,2023,8,1,0,0,2024-03
500644,4.0,15,0.7333333333333333,0,0.0,0.0,2.0,-2.0,2.8,0.0,75.54333333333334,-0.986935504942734,104.16266666666667,0.7988997090347008,,0.0,3,,0.24545454545454548,0.0,-0.3333333333333333,0.0,0.0,0.0,0.6666666666666666,0.0,2.0,-2.0,1.0,1,38.0,M,Nashville,Silver,1,Snacks,Value,2022-08-25,0,2022,19,0,1,0,2024-03
500645,1.0,15,0.8571428571428571,1,0.0,3.0,3.3333333333333335,-0.3333333333333335,2.642857142857143,132.29,127.32666666666665,0.03867733388747471,112.31214285714285,0.7712421477662376,44.096666666666664,0.6666666666666666,1,0.27999999999999997,0.2725,1.0,-2.0,0.0,0.0,0.3333333333333333,0.7857142857142857,1.0,1.0,1.0,0.0,1,42.0,F,Spokane,Gold,0,Frozen Foods,Upscale,2021-11-04,0,2021,28,1,0,0,2024-03
500646,0.0,9,1.0,1,3.0,5.0,7.666666666666667,-2.666666666666667,6.375,232.17000000000002,366.8733333333333,-0.36616770265127474,295.53,0.3710688425049732,46.434000000000005,2.0,0,0.305,0.32,4.5,1.8333333333333335,0.0,0.0,1.5,0.875,0.0,0.0,0.0,0.0,0,62.0,F,Columbus,Gold,0,Bakery,Mainstream,2023-06-06,0,2023,9,1,0,0,2024-03
500647,0.0,15,1.0,1,10.0,6.666666666666667,6.333333333333333,0.3333333333333339,6.142857142857143,243.99333333333334,232.61666666666667,0.04869800955982021,222.26500000000004,0.4641946646336492,36.599000000000004,3.3333333333333335,0,0.4366666666666667,0.3035714285714285,3.0,1.0,2.0,1.3333333333333335,0.0,0.14285714285714285,1.0,1.0,1.0,1.0,1,57.0,M,Madison,Silver,1,Produce,Value,2021-09-11,0,2021,30,1,0,0,2024-03
500648,0.0,15,1.0,1,3.0,2.6666666666666665,3.5,-0.8333333333333335,3.2142857142857144,64.5,79.63,-0.18764727768820533,78.79357142857143,0.5110917469236465,24.1875,1.6666666666666667,0,0.25666666666666665,0.25428571428571434,1.3333333333333333,-1.6666666666666667,1.6666666666666667,-0.33333333333333326,0.3333333333333333,0.21428571428571427,0.0,0.0,0.0,0.0,0,42.0,F,Nashville,Silver,1,Beverages,Upscale,2022-09-07,0,2022,18,1,0,0,2024-03
500649,12.0,15,0.2,0,0.0,0.0,0.0,0.0,0.5333333333333333,0.0,0.0,0.0,23.586666666666662,2.254000258747502,,0.0,3,,0.43999999999999995,0.0,0.0,0.0,0.0,0.0,0.0,0.0,0.0,0.0,0.0,0,50.0,F,Boise,Platinum,0,Produce,Value,2022-01-29,0,2022,26,0,1,0,2024-03
500650,0.0,15,1.0,0,3.0,3.0,3.0,0.0,3.4,61.160000000000004,75.80666666666666,-0.19069525214825087,84.1746666666667,0.5664707207604974,20.38666666666667,2.3333333333333335,0,0.15666666666666665,0.22466666666666668,1.6666666666666667,0.0,0.3333333333333333,-0.3333333333333333,0.0,0.4,0.0,1.0,-1.0,0.0,0,20.0,M,Portland,Silver,0,Bakery,Value,2022-04-28,0,2022,23,1,0,0,2024-03
500652,0.0,15,0.7142857142857143,1,1.0,1.3333333333333333,2.3333333333333335,-1.0000000000000002,1.1428571428571428,42.26333333333333,78.42666666666668,-0.45530468356555326,38.55357142857143,0.8097980479430016,31.697499999999998,0.3333333333333333,0,0.19000000000000003,0.271,0.6666666666666666,-0.33333333333333337,1.3333333333333333,-1.0000000000000002,1.3333333333333333,0.6428571428571429,0.0,1.0,-1.0,1.0,1,43.0,M,Portland,Gold,1,Dairy,Value,2022-08-14,0,2022,19,1,0,0,2024-03
500653,14.0,15,0.06666666666666667,0,0.0,0.0,0.0,0.0,0.06666666666666667,0.0,0.0,0.0,1.9013333333333333,2.538085593608353,,0.0,3,,0.27,0.0,0.0,0.0,0.0,0.0,0.0,0.0,0.0,0.0,0.0,0,34.0,M,Portland,Silver,1,Beverages,Value,2021-02-23,0,2021,37,0,1,0,2024-03
500654,13.0,14,0.07142857142857142,0,0.0,0.0,0.0,0.0,0.21428571428571427,0.0,0.0,0.0,8.264999999999999,3.337808775141568,,0.0,3,,0.71,0.0,0.0,0.0,0.0,0.0,0.0,0.0,0.0,0.0,0.0,0,29.0,F,Austin,Silver,0,Beverages,Upscale,2023-01-26,0,2023,14,0,1,0,2024-03
500655,0.0,15,1.0,0,9.0,5.666666666666667,4.0,1.666666666666667,5.266666666666667,105.50999999999999,90.35333333333334,0.16591257388892927,104.514,0.41192490303571505,18.61941176470588,3.0,0,0.3933333333333333,0.27466666666666667,3.3333333333333335,1.6666666666666667,0.6666666666666666,0.6666666666666666,1.3333333333333333,1.0,2.0,2.0,2.0,2.0,1,60.0,F,Columbus,Silver,0,Produce,Value,2021-04-23,0,2021,35,1,0,0,2024-03
500656,0.0,15,1.0,1,2.0,4.0,5.666666666666667,-1.666666666666667,5.928571428571429,100.44999999999999,141.98,-0.2904602042243671,144.34785714285712,0.4317519734066314,25.112499999999997,3.0,0,0.44999999999999996,0.34071428571428575,3.0,0.3333333333333335,0.0,-1.0,0.5,0.7857142857142857,1.0,2.0,0.0,0.0,1,18.0,M,Spokane,Silver,0,Household,Mainstream,2021-10-20,0,2021,29,1,0,0,2024-03
500657,0.0,5,0.8,0,3.0,3.3333333333333335,0.5,2.8333333333333335,2.2,73.43333333333334,10.875,5.268070175438597,48.410000000000004,0.8242937786171329,22.03,1.0,0,0.29,0.2975,0.3333333333333333,0.3333333333333333,1.3333333333333333,-0.16666666666666674,0.6666666666666666,0.4,1.0,1.0,1.0,1.0,1,73.0,F,Denver,Gold,1,Bakery,Mainstream,2023-10-02,0,2023,5,1,0,0,2024-03
500658,0.0,15,1.0,1,3.0,5.333333333333333,5.5,-0.16666666666666696,5.142857142857143,165.95666666666668,171.745,-0.03350796453346451,165.8542857142857,0.4366297853907557,31.116875,3.3333333333333335,0,0.3066666666666667,0.24714285714285714,3.6666666666666665,3.1666666666666665,1.3333333333333333,-0.6666666666666667,0.6666666666666666,0.6428571428571429,0.0,0.0,0.0,0.0,1,73.0,M,Columbus,Gold,1,Dairy,Value,2021-07-16,0,2021,32,1,0,0,2024-03
500659,10.0,13,0.23076923076923078,0,0.0,0.0,0.0,0.0,0.5384615384615384,0.0,0.0,0.0,18.310769230769232,2.192051838402576,,0.0,3,,0.3066666666666667,0.0,0.0,0.0,0.0,0.0,0.15384615384615385,0.0,0.0,0.0,0.0,0,53.0,M,Columbus,Silver,0,Produce,Upscale,2023-02-09,0,2023,13,0,1,0,2024-03
500660,0.0,5,1.0,0,5.0,3.3333333333333335,6.0,-2.6666666666666665,4.4,75.71999999999998,168.79000000000002,-0.5481477118793806,112.94800000000001,0.6304144561458994,22.715999999999998,1.3333333333333333,0,0.37999999999999995,0.288,1.0,-2.0,0.0,-1.0,0.0,0.4,1.0,2.0,0.0,0.0,0,34.0,F,Columbus,Silver,0,Household,Mainstream,2023-10-06,0,2023,5,1,0,0,2024-03
500661,1.0,8,0.75,0,0.0,1.0,1.3333333333333333,-0.33333333333333326,1.75,43.79333333333333,61.11666666666667,-0.2788838207673733,77.00375,0.8829547854096232,43.79333333333333,1.3333333333333333,1,0.45,0.3633333333333333,0.3333333333333333,0.0,1.3333333333333333,0.0,0.6666666666666666,0.75,1.0,2.0,0.0,0.0,1,34.0,M,Madison,Platinum,1,Household,Value,2023-07-12,0,2023,8,1,0,0,2024-03
500662,0.0,4,1.0,0,6.0,6.0,3.0,3.0,5.25,129.54,55.11,1.3265015148814827,110.9325,0.4717748964179896,21.59,2.6666666666666665,0,0.26,0.2425,3.3333333333333335,-3.6666666666666665,0.0,0.0,0.3333333333333333,0.5,1.0,1.0,1.0,0.0,0,48.0,M,Nashville,Silver,0,Dairy,Mainstream,2023-11-25,0,2023,4,1,0,0,2024-03
500664,0.0,3,1.0,0,5.0,5.666666666666667,,,5.666666666666667,145.85333333333335,,,145.85333333333335,0.32709476372299084,25.738823529411768,4.0,0,0.42,0.42,2.3333333333333335,,1.6666666666666667,,1.0,1.0,0.0,0.0,,0.0,0,38.0,F,Austin,Silver,1,Frozen Foods,Value,2023-12-22,0,2023,3,1,0,0,2024-03
500665,1.0,15,0.9333333333333333,0,0.0,4.666666666666667,3.6666666666666665,1.0000000000000004,4.133333333333334,143.17666666666665,120.06,0.1909521449419019,137.60533333333336,0.623014222535822,30.680714285714284,3.3333333333333335,1,0.395,0.3971428571428572,1.3333333333333333,-1.0000000000000002,0.3333333333333333,-2.0,0.0,0.5333333333333333,0.0,0.0,0.0,0.0,0,43.0,F,Tulsa,Silver,1,Frozen Foods,Mainstream,2022-08-05,0,2022,19,1,0,0,2024-03
500666,14.0,15,0.06666666666666667,0,0.0,0.0,0.0,0.0,0.06666666666666667,0.0,0.0,0.0,1.8173333333333335,2.498285045376578,,0.0,3,,0.65,0.0,0.0,0.0,0.0,0.0,0.0,0.0,0.0,0.0,0.0,0,21.0,M,Columbus,Silver,1,Bakery,Value,2021-03-13,0,2021,36,0,1,0,2024-03
500667,0.0,15,1.0,2,3.0,3.5,2.0,1.5,3.3846153846153846,124.63,70.58500000000001,0.7549766012432769,126.33846153846156,0.46515747672957825,35.60857142857143,3.5,0,0.515,0.36615384615384616,0.5,-1.0,2.0,-1.0,0.5,0.9230769230769231,0.0,1.0,-1.0,1.0,1,68.0,F,Madison,Platinum,1,Frozen Foods,Mainstream,2021-03-31,0,2021,36,1,0,0,2024-03
500668,0.0,15,1.0,1,1.0,3.6666666666666665,4.0,-0.3333333333333335,5.928571428571429,79.28666666666668,103.04,-0.2283096245033961,141.48857142857142,0.5306310357336594,21.623636363636365,2.0,0,0.5466666666666666,0.305,1.6666666666666667,-0.33333333333333326,2.0,1.0,2.0,0.9285714285714286,1.0,1.0,1.0,1.0,1,69.0,F,Nashville,Silver,1,Beverages,Value,2021-04-27,0,2021,35,1,0,0,2024-03
500669,4.0,8,0.5,0,0.0,0.0,1.3333333333333333,-1.3333333333333333,1.125,0.0,52.86666666666667,-0.9814356435643564,45.98625,1.2147120697238591,,0.0,3,,0.3725,0.0,-0.3333333333333333,0.0,0.0,0.0,0.25,0.0,0.0,0.0,0.0,0,32.0,Other,Tulsa,Gold,1,Personal Care,Mainstream,2023-07-22,0,2023,8,0,1,0,2024-03
500670,0.0,7,1.0,0,6.0,7.333333333333333,7.333333333333333,0.0,7.142857142857143,151.0,160.62666666666667,-0.05956112852664576,149.87999999999997,0.18741690977509085,20.59090909090909,1.6666666666666667,0,0.51,0.39285714285714285,3.0,-1.0,1.3333333333333333,-1.3333333333333333,0.3333333333333333,0.42857142857142855,0.0,1.0,-1.0,0.0,0,71.0,F,Raleigh,Silver,1,Dairy,Mainstream,2023-08-07,0,2023,7,1,0,0,2024-03
500671,0.0,15,1.0,1,7.0,8.5,7.0,1.5,6.5,249.10500000000002,200.29,0.24251080530577787,188.35928571428576,0.31282469561054915,29.306470588235296,3.0,0,0.33,0.3007142857142857,3.5,0.8333333333333335,1.5,-0.16666666666666674,0.0,0.21428571428571427,0.0,1.0,-1.0,0.0,0,66.0,M,Portland,Silver,1,Frozen Foods,Value,2022-03-01,0,2022,24,1,0,0,2024-03
500672,0.0,15,0.8666666666666667,0,4.0,2.6666666666666665,2.0,0.6666666666666665,2.4,73.82666666666667,54.48333333333333,0.3486332231901474,66.72866666666667,0.688527661066322,27.685000000000002,0.3333333333333333,1,0.2,0.286923076923077,1.0,0.33333333333333337,0.6666666666666666,-1.0,0.3333333333333333,0.8,0.0,0.0,0.0,0.0,0,28.0,F,Raleigh,Silver,1,Snacks,Mainstream,2021-03-25,0,2021,36,1,0,0,2024-03
500673,0.0,15,1.0,1,3.0,3.6666666666666665,4.0,-0.3333333333333335,4.571428571428571,128.89000000000001,145.41333333333333,-0.11285402058100341,154.01285714285714,0.37255142826852183,35.151818181818186,3.0,0,0.24666666666666667,0.26999999999999996,1.3333333333333333,0.33333333333333326,1.0,0.0,0.6666666666666666,0.35714285714285715,1.0,2.0,0.0,0.0,0,26.0,F,Boise,Gold,1,Beverages,Mainstream,2021-09-09,0,2021,30,1,0,0,2024-03
500674,1.0,6,0.8333333333333334,0,0.0,5.0,7.666666666666667,-2.666666666666667,6.333333333333333,155.87333333333333,232.88,-0.3292571689185337,194.37666666666667,0.7271669456290419,31.174666666666667,2.3333333333333335,1,0.515,0.292,2.3333333333333335,-0.33333333333333304,1.3333333333333333,1.3333333333333333,0.3333333333333333,0.16666666666666666,0.0,0.0,0.0,0.0,0,41.0,F,Portland,Silver,0,Produce,Value,2023-09-02,0,2023,6,1,0,0,2024-03
500675,0.0,15,0.9285714285714286,1,7.0,7.0,7.0,0.0,6.285714285714286,175.58333333333334,183.25333333333333,-0.04162746942615233,161.75571428571428,0.5382107532274115,25.083333333333332,2.6666666666666665,0,0.2966666666666667,0.25307692307692303,3.3333333333333335,1.0,2.3333333333333335,1.3333333333333335,0.3333333333333333,0.2857142857142857,0.0,0.0,0.0,0.0,0,57.0,M,Tulsa,Silver,1,Snacks,Mainstream,2021-12-23,0,2021,27,1,0,0,2024-03
500676,0.0,15,1.0,1,18.0,11.666666666666666,5.666666666666667,5.999999999999999,7.857142857142857,283.6166666666667,135.28333333333333,1.0884187354775592,180.65785714285715,0.49880047769116564,24.310000000000002,3.0,0,0.24333333333333332,0.26857142857142857,3.3333333333333335,-0.33333333333333304,2.0,0.33333333333333326,0.3333333333333333,0.8571428571428571,0.0,1.0,-1.0,0.0,0,39.0,M,Tulsa,Silver,1,Dairy,Upscale,2022-09-18,0,2022,18,1,0,0,2024-03
500677,13.0,15,0.13333333333333333,0,0.0,0.0,0.0,0.0,0.2,0.0,0.0,0.0,9.704666666666666,2.5081524907569155,,0.0,3,,0.185,0.0,0.0,0.0,0.0,0.0,0.0,0.0,0.0,0.0,0.0,0,59.0,F,Madison,Platinum,1,Snacks,Value,2022-12-02,0,2022,15,0,1,0,2024-03
500678,0.0,15,1.0,0,3.0,4.666666666666667,4.333333333333333,0.3333333333333339,5.0,108.48666666666666,108.65333333333332,-0.0015199416342411589,112.04866666666665,0.45687200456119403,23.247142857142855,2.6666666666666665,0,0.29666666666666663,0.34466666666666673,2.3333333333333335,-1.333333333333333,0.6666666666666666,-0.33333333333333337,0.3333333333333333,1.1333333333333333,2.0,2.0,2.0,1.0,1,27.0,F,Boise,Gold,1,Bakery,Unknown,2022-09-29,0,2022,18,1,0,0,2024-03
500679,0.0,15,0.8,0,2.0,1.3333333333333333,1.0,0.33333333333333326,1.2,53.78333333333333,33.31,0.5967162149033322,47.56666666666667,0.6660476485522474,40.3375,1.0,1,0.12000000000000001,0.31916666666666665,0.3333333333333333,0.3333333333333333,3.3333333333333335,1.6666666666666667,2.0,0.7333333333333333,0.0,1.0,-1.0,0.0,0,70.0,F,Nashville,Gold,1,Household,Unknown,2022-08-03,0,2022,19,1,0,0,2024-03
500680,9.0,15,0.4,0,0.0,0.0,0.0,0.0,2.1333333333333333,0.0,0.0,0.0,93.07533333333335,1.8028740372189223,,0.0,3,,0.3333333333333333,0.0,0.0,0.0,0.0,0.0,0.13333333333333333,0.0,0.0,0.0,0.0,0,55.0,F,Columbus,Platinum,0,Household,Unknown,2021-05-28,0,2021,34,0,1,0,2024-03
500681,5.0,15,0.6428571428571429,1,0.0,0.0,0.3333333333333333,-0.3333333333333333,1.9285714285714286,0.0,7.763333333333333,-0.885888170406999,44.86857142857143,1.0197401196547824,,0.0,3,,0.1988888888888889,0.0,-0.3333333333333333,0.0,0.0,0.0,0.35714285714285715,0.0,0.0,0.0,0.0,1,32.0,F,Nashville,Silver,1,Beverages,Value,2021-10-19,0,2021,29,0,1,0,2024-03
500683,14.0,15,0.06666666666666667,0,0.0,0.0,0.0,0.0,0.26666666666666666,0.0,0.0,0.0,5.243333333333334,3.2526443158485137,,0.0,3,,0.28,0.0,0.0,0.0,0.0,0.0,0.0,0.0,0.0,0.0,0.0,1,41.0,F,Austin,Gold,1,Frozen Foods,Mainstream,2021-11-22,0,2021,28,0,1,0,2024-03
500684,0.0,11,1.0,0,3.0,6.666666666666667,4.333333333333333,2.333333333333334,5.818181818181818,252.53333333333333,147.98999999999998,0.7016802022507106,212.73363636363635,0.5049256578620896,37.88,3.3333333333333335,0,0.48666666666666664,0.37999999999999995,3.3333333333333335,0.0,0.0,-0.6666666666666666,0.6666666666666666,0.5454545454545454,0.0,0.0,0.0,0.0,0,61.0,F,Tulsa,Silver,0,Personal Care,Mainstream,2023-04-30,0,2023,11,1,0,0,2024-03
500685,0.0,11,0.9090909090909091,0,4.0,3.6666666666666665,4.666666666666667,-1.0000000000000004,3.6363636363636362,119.96666666666668,129.32666666666668,-0.07181953041076268,117.81181818181817,0.6199709668569353,32.71818181818182,1.3333333333333333,0,0.3333333333333333,0.27799999999999997,2.0,0.6666666666666667,1.3333333333333333,1.0,0.6666666666666666,0.9090909090909091,0.0,0.0,0.0,0.0,0,58.0,F,Madison,Silver,0,Bakery,Mainstream,2023-04-03,0,2023,11,1,0,0,2024-03
500686,0.0,14,1.0,1,5.0,5.0,9.0,-4.0,6.769230769230769,235.23666666666668,358.79499999999996,-0.3434131473014725,281.6892307692308,0.2676668351537952,47.047333333333334,3.6666666666666665,0,0.24333333333333332,0.23769230769230767,2.3333333333333335,0.8333333333333335,3.0,1.5,0.3333333333333333,0.38461538461538464,0.0,0.0,0.0,0.0,0,56.0,F,Nashville,Gold,1,Frozen Foods,Mainstream,2022-06-01,0,2022,21,1,0,0,2024-03
500687,0.0,15,1.0,1,5.0,5.333333333333333,3.3333333333333335,1.9999999999999996,4.214285714285714,200.3033333333333,133.92333333333332,0.4919831015144403,158.91071428571428,0.3446516053072195,37.556875,3.0,0,0.33,0.25071428571428567,3.0,2.0,2.0,1.0,2.0,1.0,0.0,0.0,0.0,0.0,0,24.0,M,Madison,Platinum,1,Household,Value,2021-03-08,0,2021,36,1,0,0,2024-03
500688,0.0,1,1.0,0,6.0,6.0,,,6.0,250.48,,,250.48,,41.74666666666666,3.0,0,0.28,0.28,1.0,,1.0,,1.0,1.0,1.0,1.0,,0.0,0,18.0,Unknown,Madison,Gold,1,Snacks,Value,2024-02-15,0,2024,1,1,0,0,2024-03
500689,11.0,15,0.2857142857142857,1,0.0,0.0,0.0,0.0,1.0,0.0,0.0,0.0,34.08571428571428,1.8134862357897013,,0.0,3,,0.325,0.0,0.0,0.0,0.0,0.0,0.21428571428571427,0.0,0.0,0.0,0.0,0,57.0,M,Denver,Gold,0,Household,Unknown,2022-09-09,0,2022,18,0,1,0,2024-03
500690,5.0,8,0.375,0,0.0,0.0,0.6666666666666666,-0.6666666666666666,1.5,0.0,25.433333333333334,-0.9621689785624212,50.29125,1.741600783329045,,0.0,3,,0.3133333333333333,0.0,-1.3333333333333333,0.0,-0.3333333333333333,0.0,0.125,0.0,0.0,0.0,0.0,0,31.0,F,Denver,Silver,1,Household,Upscale,2023-07-31,0,2023,8,0,1,0,2024-03
500691,0.0,15,1.0,0,3.0,6.333333333333333,7.666666666666667,-1.333333333333334,5.866666666666666,203.50666666666666,219.51999999999998,-0.07261624040147525,175.85399999999998,0.5062625787685184,32.13263157894737,4.333333333333333,0,0.14666666666666667,0.23933333333333334,2.3333333333333335,0.3333333333333335,1.3333333333333333,-0.3333333333333335,0.0,0.6,0.0,0.0,0.0,0.0,0,21.0,M,Spokane,Gold,1,Produce,Mainstream,2021-05-29,0,2021,34,1,0,0,2024-03
500692,3.0,15,0.8,0,0.0,0.0,4.666666666666667,-4.666666666666667,4.333333333333333,0.0,136.55666666666664,-0.9927302687377323,133.06,0.6902736879973437,,0.0,3,,0.24583333333333335,1.0,-0.33333333333333326,0.3333333333333333,-0.6666666666666667,0.0,0.4666666666666667,1.0,2.0,0.0,1.0,1,47.0,M,Raleigh,Silver,0,Frozen Foods,Value,2022-11-05,0,2022,16,0,1,0,2024-03
500693,0.0,15,0.9285714285714286,1,3.0,3.3333333333333335,4.0,-0.6666666666666665,3.357142857142857,101.91333333333334,113.23,-0.09906912953398112,101.57000000000001,0.6070237123652356,30.574,2.0,0,0.38666666666666666,0.32384615384615384,1.6666666666666667,0.0,1.3333333333333333,0.6666666666666666,1.6666666666666667,0.9285714285714286,1.0,2.0,0.0,2.0,1,71.0,F,Nashville,Silver,1,Frozen Foods,Value,2021-08-06,0,2021,31,1,0,0,2024-03
500694,8.0,15,0.4666666666666667,0,0.0,0.0,0.0,0.0,1.4666666666666666,0.0,0.0,0.0,40.467333333333336,1.3102947499764273,,0.0,3,,0.32,0.0,0.0,0.0,0.0,0.0,0.4666666666666667,0.0,0.0,0.0,0.0,0,58.0,M,Portland,Silver,0,Snacks,Value,2021-07-07,0,2021,32,0,1,0,2024-03
500695,0.0,2,1.0,0,5.0,7.0,,,7.0,135.565,,,135.565,0.3013999614313252,19.36642857142857,4.5,0,0.095,0.095,1.0,,2.0,,0.5,0.5,0.0,0.0,,0.0,0,35.0,M,Columbus,Gold,1,Frozen Foods,Value,2024-01-06,0,2024,2,1,0,0,2024-03
500696,0.0,15,1.0,0,4.0,4.333333333333333,5.0,-0.666666666666667,5.733333333333333,160.76000000000002,189.79333333333332,-0.15217163422900856,226.68999999999997,0.4963640522883799,37.09846153846154,4.333333333333333,0,0.41,0.306,2.3333333333333335,0.3333333333333335,2.0,0.0,0.3333333333333333,0.5333333333333333,0.0,0.0,0.0,0.0,0,40.0,M,Columbus,Platinum,1,Beverages,Mainstream,2021-11-24,0,2021,28,1,0,0,2024-03
500697,0.0,15,1.0,0,5.0,5.666666666666667,4.0,1.666666666666667,4.666666666666667,208.79999999999998,136.53666666666666,0.5254114054433968,173.28733333333332,0.43026909754791376,36.84705882352941,2.6666666666666665,0,0.3033333333333333,0.32133333333333336,2.0,-0.6666666666666665,0.3333333333333333,0.3333333333333333,1.0,0.9333333333333333,0.0,0.0,0.0,0.0,0,57.0,M,Tulsa,Gold,0,Dairy,Value,2021-10-21,0,2021,29,1,0,0,2024-03
500698,0.0,15,1.0,0,13.0,6.333333333333333,7.333333333333333,-1.0,6.466666666666667,217.35666666666665,278.3,-0.2182002625611649,219.14199999999997,0.4376051306158437,34.31947368421052,3.0,0,0.22999999999999998,0.29333333333333333,1.6666666666666667,-0.33333333333333326,1.0,-0.6666666666666667,0.0,0.06666666666666667,0.0,0.0,0.0,0.0,1,43.0,F,Madison,Silver,1,Household,Mainstream,2021-09-06,0,2021,30,1,0,0,2024-03
500699,1.0,15,0.9333333333333333,0,0.0,2.0,4.0,-2.0,5.066666666666666,55.25,122.48666666666668,-0.5444852345732333,147.86599999999999,0.6227192402695723,27.625,2.3333333333333335,1,0.22499999999999998,0.24285714285714285,0.0,-1.0,0.0,-0.6666666666666666,0.0,0.4,1.0,1.0,1.0,1.0,1,49.0,F,Portland,Gold,0,Bakery,Mainstream,2021-03-04,0,2021,36,1,1,0,2024-03
500700,3.0,15,0.8,0,0.0,0.0,6.0,-6.0,6.4,0.0,174.97666666666666,-0.9943174284469531,192.18866666666665,0.7337583514598345,,0.0,3,,0.24750000000000003,1.0,-3.666666666666667,0.0,-0.6666666666666666,0.0,0.4666666666666667,0.0,1.0,-1.0,0.0,0,65.0,M,Columbus,Silver,1,Produce,Mainstream,2021-11-24,0,2021,28,0,1,0,2024-03
500702,5.0,15,0.6666666666666666,0,0.0,0.0,0.6666666666666666,-0.6666666666666666,3.2666666666666666,0.0,23.17,-0.9586263963591228,115.13733333333334,0.9220423847473017,,0.0,3,,0.253,0.0,-0.6666666666666666,0.0,-0.3333333333333333,0.0,0.3333333333333333,0.0,2.0,-2.0,0.0,0,19.0,F,Boise,Silver,1,Personal Care,Value,2022-01-25,0,2022,26,0,1,0,2024-03
500703,0.0,10,0.875,2,3.0,2.6666666666666665,3.0,-0.3333333333333335,2.125,51.913333333333334,55.54,-0.06414337931847656,39.59125,0.7832014557882523,19.4675,2.0,1,0.28,0.3314285714285714,1.3333333333333333,1.3333333333333333,0.0,-1.0,0.6666666666666666,0.75,0.0,0.0,0.0,0.0,0,68.0,F,Boise,Silver,0,Personal Care,Value,2023-05-23,0,2023,10,1,0,0,2024-03
500704,0.0,15,1.0,1,9.0,7.666666666666667,10.666666666666666,-2.999999999999999,10.357142857142858,243.43333333333337,305.52,-0.20255339510200515,316.7135714285714,0.3308367949851501,31.75217391304348,4.333333333333333,0,0.37333333333333335,0.27714285714285714,4.0,1.0,2.6666666666666665,0.6666666666666665,0.0,0.5,1.0,1.0,1.0,0.0,0,33.0,F,Madison,Silver,1,Snacks,Value,2021-08-12,0,2021,31,1,0,0,2024-03
500705,0.0,15,0.9333333333333333,0,3.0,3.3333333333333335,2.6666666666666665,0.666666666666667,2.7333333333333334,95.51666666666667,73.81666666666666,0.2900423256850079,80.414,0.7054870241852417,28.655,3.0,0,0.35000000000000003,0.2657142857142857,1.3333333333333333,0.6666666666666666,1.0,0.0,0.6666666666666666,0.2,1.0,1.0,1.0,0.0,0,64.0,M,Raleigh,Silver,1,Dairy,Value,2022-02-03,0,2022,25,1,0,0,2024-03
500706,0.0,15,1.0,1,3.0,6.333333333333333,7.0,-0.666666666666667,5.214285714285714,240.54,240.945,-0.001673934158589767,195.4842857142857,0.4610910341009824,37.98,2.6666666666666665,0,0.3233333333333333,0.3207142857142857,2.3333333333333335,-1.1666666666666665,2.6666666666666665,1.6666666666666665,1.0,0.9285714285714286,0.0,0.0,0.0,0.0,0,34.0,F,Spokane,Silver,1,Personal Care,Mainstream,2022-02-25,0,2022,25,1,0,0,2024-03
500707,2.0,15,0.6666666666666666,0,0.0,0.6666666666666666,1.3333333333333333,-0.6666666666666666,1.0666666666666667,14.753333333333332,31.156666666666666,-0.5101067689437132,25.154,0.8437805676981434,22.13,0.3333333333333333,2,0.17,0.337,0.0,-0.3333333333333333,4.0,2.333333333333333,0.3333333333333333,0.5333333333333333,1.0,1.0,1.0,1.0,1,66.0,Other,Raleigh,Silver,1,Household,Unknown,2021-03-21,0,2021,36,1,0,0,2024-03
500708,0.0,15,0.9333333333333333,0,6.0,3.3333333333333335,4.0,-0.6666666666666665,4.0,69.92666666666666,69.12333333333333,0.01145600608451767,76.3,0.4417287128705993,20.978,1.6666666666666667,1,0.13,0.21500000000000002,0.3333333333333333,0.0,1.0,-0.6666666666666667,0.0,0.4,1.0,1.0,1.0,1.0,1,74.0,M,Austin,Silver,1,Bakery,Unknown,2021-12-24,0,2021,27,1,0,0,2024-03
500709,0.0,11,1.0,0,4.0,4.333333333333333,3.6666666666666665,0.6666666666666665,4.818181818181818,141.29000000000002,109.63999999999999,0.2860629067245123,151.13,0.34232564986336705,32.60538461538462,3.6666666666666665,0,0.29,0.26636363636363636,4.0,2.333333333333333,1.3333333333333333,-1.6666666666666667,0.3333333333333333,1.1818181818181819,1.0,1.0,1.0,0.0,1,70.0,M,Raleigh,Gold,1,Bakery,Value,2023-04-02,0,2023,11,1,0,0,2024-03
500710,0.0,10,1.0,1,3.0,5.0,7.333333333333333,-2.333333333333333,7.0,195.87666666666667,293.8,-0.3321687019448214,271.4777777777778,0.433158340338228,39.175333333333334,3.6666666666666665,0,0.3833333333333333,0.37777777777777777,1.6666666666666667,-0.33333333333333326,1.6666666666666667,0.6666666666666667,0.0,0.3333333333333333,1.0,1.0,1.0,0.0,1,30.0,M,Austin,Platinum,1,Snacks,Mainstream,2023-05-16,0,2023,10,1,0,0,2024-03
500711,0.0,11,1.0,1,2.0,2.6666666666666665,5.333333333333333,-2.6666666666666665,3.7,112.87333333333333,202.40333333333334,-0.4401599449369889,141.516,0.40877593393961414,42.3275,1.6666666666666667,0,0.27999999999999997,0.22300000000000003,2.0,0.0,0.0,-0.6666666666666666,0.6666666666666666,0.7,0.0,0.0,0.0,0.0,0,47.0,M,Spokane,Gold,0,Produce,Value,2023-04-15,0,2023,11,1,0,0,2024-03
500712,0.0,5,1.0,0,8.0,6.333333333333333,8.5,-2.166666666666667,7.2,165.75333333333336,208.76,-0.20502796847190424,182.956,0.3243874104792813,26.171578947368424,4.666666666666667,0,0.24333333333333332,0.24,2.3333333333333335,-4.166666666666666,1.6666666666666667,-0.8333333333333333,1.0,0.6,0.0,1.0,-1.0,1.0,1,20.0,M,Denver,Silver,1,Beverages,Value,2023-10-19,0,2023,5,1,0,0,2024-03
500713,0.0,2,1.0,0,1.0,3.5,,,3.5,124.16499999999999,,,124.16499999999999,1.01468820332294,35.47571428571428,3.0,0,0.325,0.325,1.0,,0.0,,0.5,0.5,0.0,0.0,,0.0,0,33.0,F,Tulsa,Silver,0,Frozen Foods,Mainstream,2024-01-29,0,2024,2,1,0,0,2024-03
500714,0.0,15,1.0,1,9.0,7.666666666666667,6.333333333333333,1.333333333333334,7.0,186.86666666666665,148.00666666666666,0.26079370050557016,173.16428571428574,0.5072210019478406,24.373913043478257,2.0,0,0.3033333333333333,0.2364285714285714,5.0,2.3333333333333335,0.0,-0.3333333333333333,0.0,0.5714285714285714,0.0,1.0,-1.0,0.0,0,41.0,M,Portland,Silver,0,Personal Care,Upscale,2021-11-29,0,2021,28,1,0,0,2024-03
500715,12.0,15,0.21428571428571427,1,0.0,0.0,0.0,0.0,0.5714285714285714,0.0,0.0,0.0,20.12857142857143,2.0637977809908947,,0.0,3,,0.4533333333333333,0.0,0.0,0.0,0.0,0.0,0.07142857142857142,0.0,0.0,0.0,0.0,1,20.0,F,Austin,Gold,0,Bakery,Mainstream,2021-10-29,0,2021,29,0,1,0,2024-03
500716,0.0,5,0.8,0,2.0,3.0,3.0,0.0,3.0,70.66666666666667,64.305,0.09741469514840616,68.122,0.7183078807563197,23.555555555555557,1.3333333333333333,0,0.37000000000000005,0.3375,0.0,0.0,2.3333333333333335,1.8333333333333335,0.3333333333333333,0.4,2.0,2.0,2.0,1.0,1,55.0,M,Spokane,Silver,1,Beverages,Value,2023-10-21,0,2023,5,1,0,0,2024-03
500717,0.0,14,1.0,0,4.0,5.0,5.0,0.0,5.285714285714286,176.45000000000002,160.79333333333332,0.09676954139025112,172.5835714285714,0.5072037956644908,35.29,2.3333333333333335,0,0.25666666666666665,0.3478571428571429,3.3333333333333335,2.3333333333333335,0.0,0.0,0.3333333333333333,0.7142857142857143,0.0,1.0,-1.0,0.0,0,28.0,F,Raleigh,Silver,0,Snacks,Mainstream,2023-01-27,0,2023,14,1,0,0,2024-03
500719,13.0,15,0.13333333333333333,0,0.0,0.0,0.0,0.0,0.13333333333333333,0.0,0.0,0.0,4.308000000000001,2.1418375418363707,,0.0,3,,0.515,0.0,0.0,0.0,0.0,0.0,0.0,0.0,0.0,0.0,0.0,0,55.0,Unknown,Boise,Silver,0,Beverages,Upscale,2021-08-27,0,2021,31,0,1,0,2024-03
500720,7.0,15,0.4666666666666667,0,0.0,0.0,0.0,0.0,0.8,0.0,0.0,0.0,35.300666666666665,1.2564556567900642,,0.0,3,,0.32142857142857145,0.0,0.0,0.0,0.0,0.0,0.7333333333333333,0.0,0.0,0.0,0.0,0,65.0,M,Austin,Gold,1,Frozen Foods,Value,2022-06-04,0,2022,21,0,1,0,2024-03
500721,0.0,15,0.8666666666666667,0,5.0,5.666666666666667,5.0,0.666666666666667,4.333333333333333,153.05666666666664,145.87666666666667,0.04888455166466182,126.14000000000001,0.559326711694433,27.009999999999998,1.6666666666666667,0,0.26333333333333336,0.30230769230769233,1.6666666666666667,0.3333333333333335,2.0,0.6666666666666667,0.0,0.4666666666666667,0.0,1.0,-1.0,1.0,1,74.0,M,Spokane,Gold,1,Personal Care,Mainstream,2021-03-23,0,2021,36,1,0,0,2024-03
500722,1.0,11,0.8181818181818182,0,0.0,1.3333333333333333,2.6666666666666665,-1.3333333333333333,2.1818181818181817,54.163333333333334,90.80000000000001,-0.39909222948438644,79.74909090909091,0.872740575719776,40.6225,0.6666666666666666,2,0.39,0.2877777777777778,0.3333333333333333,-0.6666666666666667,0.3333333333333333,-1.6666666666666667,0.0,0.6363636363636364,1.0,3.0,-1.0,0.0,0,29.0,M,Austin,Silver,1,Dairy,Mainstream,2023-04-13,0,2023,11,1,1,0,2024-03
500723,12.0,15,0.14285714285714285,1,0.0,0.0,0.0,0.0,0.35714285714285715,0.0,0.0,0.0,18.315714285714286,2.9066900275351735,,0.0,3,,0.195,0.0,0.0,0.0,0.0,0.0,0.0,0.0,0.0,0.0,0.0,0,62.0,M,Denver,Platinum,0,Frozen Foods,Mainstream,2021-08-19,0,2021,31,0,1,0,2024-03
500724,4.0,15,0.7142857142857143,1,0.0,0.0,1.0,-1.0,2.142857142857143,0.0,43.71333333333333,-0.9776353063963024,93.21785714285716,1.0057500385134266,,0.0,3,,0.351,0.0,0.0,0.0,0.0,0.0,0.2857142857142857,0.0,1.0,-1.0,1.0,1,58.0,F,Boise,Silver,1,Snacks,Value,2021-05-03,0,2021,34,0,1,0,2024-03
500725,11.0,15,0.26666666666666666,0,0.0,0.0,0.0,0.0,0.7333333333333333,0.0,0.0,0.0,17.677333333333333,1.8604961503148087,,0.0,3,,0.24000000000000002,0.0,0.0,0.0,0.0,0.0,0.2,0.0,0.0,0.0,0.0,0,64.0,M,Denver,Silver,0,Dairy,Value,2022-06-09,0,2022,21,0,1,0,2024-03
500726,0.0,4,1.0,0,6.0,5.333333333333333,5.0,0.33333333333333304,5.25,102.42666666666666,103.26,-0.007992838416778657,102.635,0.12249925587805889,19.205,3.0,0,0.32666666666666666,0.3025,1.3333333333333333,-2.666666666666667,0.6666666666666666,0.6666666666666666,0.3333333333333333,0.25,1.0,1.0,1.0,0.0,0,27.0,F,Tulsa,Silver,0,Frozen Foods,Mainstream,2023-11-03,0,2023,4,1,0,0,2024-03
500727,5.0,10,0.5,0,0.0,0.0,0.3333333333333333,-0.3333333333333333,2.4,0.0,12.086666666666666,-0.923586347427407,97.14599999999999,1.2201850987420275,,0.0,3,,0.17,0.0,0.0,0.0,0.0,0.0,0.2,0.0,0.0,0.0,0.0,0,45.0,F,Boise,Platinum,1,Dairy,Mainstream,2023-05-25,0,2023,10,0,1,0,2024-03
500728,0.0,14,1.0,0,5.0,8.333333333333334,3.6666666666666665,4.666666666666668,6.214285714285714,213.67,86.89999999999999,1.4422070534698521,153.86785714285716,0.5593944050156962,25.6404,3.3333333333333335,0,0.3333333333333333,0.31928571428571434,2.0,0.0,0.0,-1.0,0.3333333333333333,0.7142857142857143,0.0,1.0,-1.0,0.0,0,68.0,M,Denver,Silver,0,Snacks,Upscale,2022-09-09,0,2022,18,1,0,0,2024-03
500729,0.0,9,1.0,0,5.0,4.333333333333333,6.0,-1.666666666666667,5.444444444444445,152.78,188.16,-0.18703742863184603,185.86555555555557,0.4092881446201458,35.25692307692308,3.6666666666666665,0,0.14666666666666667,0.21666666666666667,3.3333333333333335,0.0,1.6666666666666667,-0.6666666666666667,0.3333333333333333,0.6666666666666666,0.0,0.0,0.0,0.0,0,50.0,M,Austin,Gold,1,Frozen Foods,Value,2023-06-11,0,2023,9,1,0,0,2024-03
500730,0.0,2,1.0,0,6.0,7.0,,,7.0,342.205,,,342.205,0.29847630247372603,48.88642857142857,2.0,0,0.28500000000000003,0.28500000000000003,4.5,,0.5,,0.5,0.5,1.0,1.0,,0.0,0,29.0,M,Raleigh,Platinum,1,Beverages,Value,2024-01-16,0,2024,2,1,0,0,2024-03
500731,0.0,5,1.0,2,4.0,4.0,4.5,-0.5,4.333333333333333,140.08,173.575,-0.19186596018903038,162.41,0.39029142587548427,35.02,4.0,0,0.35,0.20666666666666667,1.0,0.0,2.0,0.5,1.0,0.6666666666666666,0.0,0.0,0.0,0.0,0,18.0,F,Nashville,Silver,1,Dairy,Mainstream,2023-10-16,0,2023,5,1,0,0,2024-03
500732,0.0,15,1.0,0,5.0,4.333333333333333,5.0,-0.666666666666667,4.6,113.87,135.43333333333334,-0.15805032983141948,123.15733333333334,0.3184656655828753,26.27769230769231,3.0,0,0.2733333333333334,0.31466666666666665,3.0,-1.0,0.6666666666666666,-0.33333333333333337,0.3333333333333333,0.5333333333333333,0.0,1.0,-1.0,0.0,0,59.0,M,Austin,Gold,0,Beverages,Value,2021-03-30,0,2021,36,1,0,0,2024-03
500733,0.0,13,1.0,0,8.0,7.0,4.666666666666667,2.333333333333333,5.769230769230769,283.24333333333334,188.74,0.49806753100734336,232.66538461538462,0.2908327090425664,40.46333333333333,3.0,0,0.17,0.2653846153846154,2.0,-0.3333333333333335,1.0,1.0,0.3333333333333333,0.38461538461538464,0.0,0.0,0.0,0.0,0,21.0,M,Tulsa,Gold,1,Snacks,Value,2023-02-10,0,2023,13,1,0,0,2024-03
500734,2.0,15,0.8571428571428571,1,0.0,0.3333333333333333,2.3333333333333335,-2.0,3.142857142857143,6.253333333333334,52.373333333333335,-0.8641019235573321,72.75071428571428,0.7078089356115872,18.76,0.3333333333333333,2,0.45,0.26499999999999996,0.6666666666666666,-1.666666666666667,0.0,-1.3333333333333333,0.0,0.5714285714285714,1.0,1.0,1.0,1.0,1,65.0,M,Columbus,Silver,1,Frozen Foods,Value,2022-06-29,0,2022,21,1,1,0,2024-03
500735,1.0,15,0.8461538461538461,2,0.0,4.666666666666667,9.0,-4.333333333333333,4.615384615384615,140.6966666666667,281.075,-0.4976631510532068,135.22615384615386,0.7906554763507342,30.149285714285718,2.3333333333333335,1,0.255,0.2745454545454545,4.0,0.5,2.3333333333333335,0.3333333333333335,0.3333333333333333,0.5384615384615384,0.0,0.0,0.0,0.0,0,55.0,F,Raleigh,Silver,1,Dairy,Mainstream,2022-12-06,0,2022,15,1,0,0,2024-03
500736,0.0,15,0.8666666666666667,0,3.0,1.6666666666666667,2.0,-0.33333333333333326,1.9333333333333333,62.910000000000004,83.56666666666666,-0.24426487977926678,74.43266666666666,0.6697402367062266,37.746,1.0,1,0.325,0.2907692307692308,2.0,0.6666666666666667,2.0,1.6666666666666667,0.6666666666666666,1.1333333333333333,0.0,0.0,0.0,0.0,0,32.0,M,Austin,Platinum,1,Household,Value,2021-10-05,0,2021,29,1,0,0,2024-03
500737,0.0,2,1.0,0,4.0,3.5,,,3.5,81.16,,,81.16,0.07349917126744304,23.18857142857143,1.0,0,0.285,0.285,0.0,,3.5,,1.5,1.5,1.0,1.0,,0.0,0,30.0,F,Raleigh,Silver,1,Household,Mainstream,2024-01-05,0,2024,2,1,0,0,2024-03
500738,0.0,8,1.0,0,2.0,1.6666666666666667,1.3333333333333333,0.3333333333333335,1.625,48.03666666666666,38.629999999999995,0.2373622676423585,47.93875,0.5272950998961233,28.821999999999996,3.0,0,0.32666666666666666,0.35375,1.0,0.33333333333333337,0.6666666666666666,-0.6666666666666666,0.0,0.25,1.0,1.0,1.0,0.0,1,23.0,M,Spokane,Silver,1,Personal Care,Upscale,2023-06-08,0,2023,9,1,1,0,2024-03
500739,9.0,15,0.2,0,0.0,0.0,0.0,0.0,0.4666666666666667,0.0,0.0,0.0,11.054,2.1321292180162694,,0.0,3,,0.48,0.0,0.0,0.0,0.0,0.0,0.06666666666666667,0.0,0.0,0.0,0.0,1,37.0,M,Austin,Silver,1,Snacks,Value,2022-06-19,0,2022,21,0,1,0,2024-03
500740,0.0,15,1.0,0,5.0,3.6666666666666665,4.333333333333333,-0.6666666666666665,3.6,105.46,131.15,-0.19440030268634137,108.11333333333333,0.38874609578063646,28.76181818181818,1.0,0,0.24000000000000002,0.25133333333333335,2.6666666666666665,0.6666666666666665,1.0,0.0,0.0,0.2,0.0,0.0,0.0,0.0,0,51.0,M,Nashville,Silver,1,Produce,Mainstream,2021-10-07,0,2021,29,1,0,0,2024-03
500741,0.0,15,1.0,1,1.0,2.3333333333333335,3.0,-0.6666666666666665,3.357142857142857,115.05,123.92333333333333,-0.07103023187555035,161.9757142857143,0.5615623589376051,49.30714285714286,1.3333333333333333,0,0.22999999999999998,0.25785714285714284,1.6666666666666667,0.3333333333333335,2.0,1.0,0.3333333333333333,0.6428571428571429,1.0,3.0,-1.0,2.0,1,35.0,M,Austin,Gold,1,Snacks,Upscale,2022-11-10,0,2022,16,1,0,0,2024-03
500742,0.0,15,1.0,1,8.0,7.5,5.0,2.5,6.0,226.24,135.85666666666665,0.6604233139294154,176.6757142857143,0.4964749444790422,30.165333333333333,4.0,0,0.225,0.2678571428571429,2.0,0.0,1.0,0.33333333333333337,0.0,0.6428571428571429,1.0,3.0,-1.0,1.0,1,46.0,Other,Tulsa,Silver,1,Snacks,Value,2022-01-31,0,2022,26,1,0,0,2024-03
500743,0.0,15,1.0,1,7.0,4.0,4.666666666666667,-0.666666666666667,4.428571428571429,166.26666666666668,193.49666666666667,-0.14000239935560158,197.4935714285714,0.3208273895778995,41.56666666666667,2.6666666666666665,0,0.11666666666666665,0.20285714285714287,1.3333333333333333,-0.6666666666666667,0.3333333333333333,0.0,0.3333333333333333,0.42857142857142855,1.0,2.0,0.0,0.0,0,53.0,Other,Portland,Platinum,0,Household,Mainstream,2021-10-09,0,2021,29,1,0,0,2024-03
500744,0.0,15,1.0,0,4.0,5.333333333333333,5.333333333333333,0.0,5.2,266.43,234.73666666666668,0.1344438002856294,238.45799999999997,0.419491008585513,49.955625,4.0,0,0.3333333333333333,0.3126666666666667,2.0,-0.3333333333333335,0.6666666666666666,-1.3333333333333335,0.3333333333333333,0.4666666666666667,1.0,1.0,1.0,0.0,0,45.0,F,Columbus,Platinum,1,Household,Value,2022-04-10,0,2022,23,1,0,0,2024-03
500745,0.0,15,1.0,0,6.0,6.666666666666667,8.333333333333334,-1.666666666666667,7.266666666666667,251.24333333333334,337.03000000000003,-0.25378418089124244,285.59066666666666,0.39167741871372563,37.6865,3.3333333333333335,0,0.36000000000000004,0.33999999999999997,3.3333333333333335,-0.9999999999999996,0.3333333333333333,0.0,1.0,0.4666666666666667,1.0,1.0,1.0,0.0,0,32.0,F,Columbus,Gold,0,Dairy,Mainstream,2021-09-17,0,2021,30,1,0,0,2024-03
500746,0.0,15,1.0,1,3.0,3.3333333333333335,4.0,-0.6666666666666665,3.857142857142857,107.44666666666667,137.97333333333333,-0.21965844766382034,135.42357142857142,0.41573197347715035,32.234,1.6666666666666667,0,0.3466666666666667,0.3528571428571428,1.3333333333333333,0.6666666666666666,1.6666666666666667,-0.9999999999999998,0.6666666666666666,0.6428571428571429,1.0,2.0,0.0,1.0,1,62.0,M,Portland,Gold,1,Bakery,Value,2021-04-16,0,2021,35,1,0,0,2024-03
500747,0.0,7,1.0,0,3.0,4.0,4.666666666666667,-0.666666666666667,4.0,167.14666666666665,198.6,-0.15758183032732137,166.45428571428573,0.4442037005985692,41.78666666666666,1.6666666666666667,0,0.15333333333333335,0.20428571428571432,3.3333333333333335,1.3333333333333335,0.6666666666666666,0.0,0.3333333333333333,0.2857142857142857,0.0,0.0,0.0,0.0,0,58.0,Other,Denver,Gold,0,Household,Mainstream,2023-08-21,0,2023,7,1,0,0,2024-03
500748,0.0,15,1.0,1,6.0,6.666666666666667,6.0,0.666666666666667,5.5,203.69000000000003,162.52,0.2517734833659492,162.3857142857143,0.3545873538113858,30.553500000000003,4.333333333333333,0,0.2733333333333333,0.2792857142857143,1.0,-1.5,1.0,0.5,1.0,0.7142857142857143,1.0,1.0,1.0,0.0,0,,M,Tulsa,Silver,1,Personal Care,Mainstream,2022-12-12,1,2022,15,1,0,0,2024-03
500749,0.0,7,1.0,0,3.0,3.3333333333333335,4.666666666666667,-1.3333333333333335,4.285714285714286,80.67999999999999,111.74666666666667,-0.27554399243140976,100.92428571428572,0.369497963489776,24.204,0.6666666666666666,0,0.19000000000000003,0.24428571428571427,1.0,0.6666666666666667,0.0,0.0,0.6666666666666666,0.42857142857142855,0.0,0.0,0.0,0.0,0,28.0,F,Columbus,Gold,0,Dairy,Value,2023-08-12,0,2023,7,1,0,0,2024-03
500750,10.0,14,0.2857142857142857,0,0.0,0.0,0.0,0.0,1.1428571428571428,0.0,0.0,0.0,38.69357142857143,1.7677820592695557,,0.0,3,,0.2875,0.0,0.0,0.0,0.0,0.0,0.14285714285714285,0.0,0.0,0.0,0.0,0,,F,Boise,Gold,0,Frozen Foods,Mainstream,2023-01-03,1,2023,14,0,1,0,2024-03
500752,12.0,15,0.2,0,0.0,0.0,0.0,0.0,0.3333333333333333,0.0,0.0,0.0,10.212,2.001352750015865,,0.0,3,,0.17333333333333334,0.0,0.0,0.0,0.0,0.0,0.0,0.0,0.0,0.0,0.0,0,45.0,M,Spokane,Gold,1,Personal Care,Unknown,2022-02-13,0,2022,25,0,1,0,2024-03
500753,0.0,8,1.0,0,7.0,5.333333333333333,2.6666666666666665,2.6666666666666665,4.0,85.05,41.88333333333333,1.0066070734551107,61.54,0.7130325217680792,15.946875,3.6666666666666665,0,0.38000000000000006,0.34375,2.3333333333333335,-0.33333333333333304,0.0,-0.3333333333333333,0.0,0.25,1.0,1.0,1.0,1.0,1,25.0,M,Nashville,Silver,0,Beverages,Value,2023-08-01,0,2023,7,1,0,0,2024-03
500755,2.0,15,0.7857142857142857,1,0.0,0.3333333333333333,2.0,-1.6666666666666667,1.4285714285714286,12.683333333333332,74.62666666666667,-0.8190673483779972,52.04357142857144,0.9442898897814217,38.05,0.3333333333333333,2,0.3,0.3363636363636364,0.0,-0.3333333333333333,0.0,-1.3333333333333333,0.3333333333333333,0.6428571428571429,0.0,1.0,-1.0,1.0,1,20.0,F,Portland,Silver,0,Produce,Value,2022-01-12,0,2022,26,1,1,0,2024-03
500756,10.0,11,0.09090909090909091,0,0.0,0.0,0.0,0.0,0.09090909090909091,0.0,0.0,0.0,2.158181818181818,2.2664557433228896,,0.0,3,,0.29,0.0,0.0,0.0,0.0,0.0,0.0,0.0,0.0,0.0,0.0,0,41.0,F,Columbus,Silver,1,Dairy,Value,2023-04-06,0,2023,11,0,1,0,2024-03
500757,0.0,15,1.0,0,4.0,5.0,5.0,0.0,4.133333333333334,163.51666666666668,147.25,0.10972456436200122,138.54933333333335,0.4055758247427429,32.70333333333334,3.3333333333333335,0,0.5166666666666666,0.3053333333333334,2.6666666666666665,-1.6666666666666665,0.3333333333333333,-0.6666666666666667,1.0,0.4,1.0,1.0,1.0,0.0,0,57.0,F,Madison,Gold,0,Produce,Unknown,2022-11-18,0,2022,16,1,0,0,2024-03
500758,0.0,15,1.0,1,1.0,2.5,3.6666666666666665,-1.1666666666666665,3.4285714285714284,103.5,152.03333333333333,-0.3171422348072315,137.5514285714286,0.5587471772514443,41.4,2.0,0,0.21000000000000002,0.3942857142857143,0.5,-1.1666666666666667,1.5,-0.16666666666666674,0.5,0.5,0.0,1.0,-1.0,1.0,1,27.0,F,Nashville,Gold,1,Produce,Mainstream,2022-03-11,0,2022,24,1,0,0,2024-03
500759,9.0,15,0.3333333333333333,0,0.0,0.0,0.0,0.0,1.5333333333333334,0.0,0.0,0.0,46.77733333333334,1.709407274667277,,0.0,3,,0.288,0.0,0.0,0.0,0.0,0.0,0.4,0.0,0.0,0.0,0.0,0,25.0,M,Madison,Silver,0,Personal Care,Mainstream,2023-01-01,0,2023,14,0,1,0,2024-03
500760,1.0,7,0.7142857142857143,0,0.0,1.3333333333333333,3.0,-1.6666666666666667,2.0,35.57666666666666,88.45666666666666,-0.5911241942094869,57.544285714285714,0.992202667282372,26.682499999999997,1.6666666666666667,1,0.415,0.296,0.3333333333333333,-0.6666666666666667,1.0,-0.33333333333333326,0.0,0.14285714285714285,1.0,2.0,0.0,1.0,1,34.0,F,Portland,Gold,1,Frozen Foods,Mainstream,2023-09-01,0,2023,6,1,1,0,2024-03
500762,5.0,15,0.6428571428571429,1,0.0,0.0,0.6666666666666666,-0.6666666666666666,3.9285714285714284,0.0,14.04,-0.9335106382978723,86.32714285714285,0.936456297377951,,0.0,3,,0.2777777777777778,0.0,-1.0,0.0,0.0,0.0,0.21428571428571427,0.0,1.0,-1.0,0.0,0,33.0,F,Madison,Gold,1,Snacks,Value,2022-07-27,0,2022,20,0,1,0,2024-03
500763,1.0,15,0.9285714285714286,1,0.0,1.3333333333333333,4.666666666666667,-3.333333333333334,3.7142857142857144,44.656666666666666,152.45666666666668,-0.7024784412537741,119.6507142857143,0.6588905276143437,33.4925,0.0,1,0.295,0.36307692307692313,1.0,-2.0,0.6666666666666666,-1.3333333333333335,0.0,0.5714285714285714,1.0,1.0,1.0,0.0,0,71.0,M,Austin,Gold,1,Beverages,Value,2022-08-19,0,2022,19,1,1,0,2024-03
500764,0.0,15,1.0,1,8.0,6.666666666666667,5.333333333333333,1.333333333333334,6.714285714285714,247.0566666666667,187.54,0.3156712987518124,236.52071428571426,0.4112201434102831,37.0585,2.3333333333333335,0,0.18000000000000002,0.30928571428571433,2.3333333333333335,1.0000000000000002,1.3333333333333333,0.0,0.6666666666666666,0.6428571428571429,0.0,0.0,0.0,0.0,1,32.0,F,Portland,Silver,1,Frozen Foods,Mainstream,2021-11-15,0,2021,28,1,0,0,2024-03
500765,0.0,3,1.0,0,9.0,6.666666666666667,,,6.666666666666667,153.4433333333333,,,153.4433333333333,0.3639383395123484,23.016499999999997,2.6666666666666665,0,0.25666666666666665,0.25666666666666665,3.6666666666666665,,0.0,,1.0,1.0,1.0,1.0,,0.0,0,21.0,M,Boise,Gold,0,Personal Care,Mainstream,2023-12-03,0,2023,3,1,0,0,2024-03
500766,0.0,1,1.0,0,4.0,4.0,,,4.0,132.88,,,132.88,,33.22,1.0,0,0.15,0.15,3.0,,1.0,,0.0,0.0,0.0,0.0,,0.0,0,62.0,M,Portland,Silver,1,Household,Mainstream,2024-02-16,0,2024,1,1,0,0,2024-03
500767,0.0,15,1.0,1,10.0,9.666666666666666,5.0,4.666666666666666,6.928571428571429,290.6066666666666,172.9433333333333,0.6764463522603148,225.80071428571426,0.28097037661016855,30.062758620689653,4.666666666666667,0,0.27999999999999997,0.3257142857142857,5.0,2.3333333333333335,0.6666666666666666,-1.0,0.3333333333333333,0.5714285714285714,1.0,1.0,1.0,0.0,0,24.0,F,Madison,Platinum,1,Beverages,Mainstream,2021-12-23,0,2021,27,1,0,0,2024-03
500768,5.0,14,0.6153846153846154,1,0.0,0.0,0.6666666666666666,-0.6666666666666666,1.8461538461538463,0.0,22.55,-0.9575371549893843,66.77615384615385,0.9859792951689791,,0.0,3,,0.315,0.0,0.0,0.0,-0.6666666666666666,0.0,0.6153846153846154,0.0,1.0,-1.0,0.0,0,24.0,M,Raleigh,Gold,1,Frozen Foods,Unknown,2022-01-02,0,2022,26,0,1,0,2024-03
500769,0.0,15,1.0,2,4.0,2.6666666666666665,3.0,-0.3333333333333335,3.6923076923076925,73.60000000000001,69.32,0.06086461888509692,94.87923076923077,0.45466783377296266,27.6,2.3333333333333335,0,0.5366666666666666,0.33461538461538465,0.0,-1.5,0.6666666666666666,-0.33333333333333337,0.0,0.38461538461538464,1.0,4.0,-2.0,1.0,1,48.0,M,Columbus,Silver,1,Beverages,Value,2021-10-11,0,2021,29,1,1,0,2024-03
500771,0.0,15,1.0,0,9.0,10.666666666666666,9.666666666666666,1.0,9.133333333333333,187.34,178.82333333333335,0.04736129905277393,157.39199999999997,0.39998118776814967,17.563125,4.333333333333333,0,0.26999999999999996,0.28,3.0,-0.6666666666666665,1.6666666666666667,-1.9999999999999998,0.6666666666666666,0.6666666666666666,0.0,1.0,-1.0,0.0,0,52.0,Unknown,Columbus,Gold,1,Beverages,Mainstream,2022-03-28,0,2022,24,1,0,0,2024-03
500772,0.0,15,1.0,1,1.0,2.5,3.0,-0.5,3.0714285714285716,82.815,101.80333333333334,-0.1847054245971273,100.36428571428573,0.4566477554087517,33.126,1.0,0,0.25,0.26285714285714284,2.0,1.6666666666666667,0.0,-1.3333333333333333,0.5,0.35714285714285715,0.0,1.0,-1.0,1.0,1,48.0,M,Portland,Silver,1,Personal Care,Mainstream,2021-04-07,0,2021,35,1,0,0,2024-03
500773,9.0,15,0.3333333333333333,0,0.0,0.0,0.0,0.0,0.5333333333333333,0.0,0.0,0.0,12.016,1.4692804288252903,,0.0,3,,0.422,0.0,0.0,0.0,0.0,0.0,0.26666666666666666,0.0,0.0,0.0,0.0,1,58.0,M,Denver,Silver,1,Personal Care,Value,2021-11-21,0,2021,28,0,1,0,2024-03
500774,0.0,15,1.0,0,5.0,7.333333333333333,7.0,0.33333333333333304,6.666666666666667,272.6333333333334,260.1566666666667,0.047774643572823544,240.62533333333332,0.42371944479071055,37.17727272727273,5.333333333333333,0,0.20999999999999996,0.28066666666666673,3.0,0.0,1.6666666666666667,0.3333333333333335,0.6666666666666666,0.7333333333333333,0.0,0.0,0.0,0.0,0,35.0,M,Denver,Silver,1,Household,Mainstream,2022-11-01,0,2022,16,1,0,0,2024-03
500775,0.0,15,1.0,0,5.0,4.333333333333333,6.0,-1.666666666666667,4.933333333333334,176.82333333333335,199.31333333333336,-0.11227410390388394,183.97333333333336,0.25244102260072787,40.80538461538462,3.3333333333333335,0,0.16666666666666666,0.21666666666666665,3.6666666666666665,0.0,0.0,-0.3333333333333333,0.0,0.8,0.0,2.0,-2.0,1.0,1,33.0,F,Denver,Gold,0,Frozen Foods,Upscale,2022-10-24,0,2022,17,1,0,0,2024-03
500776,2.0,14,0.2857142857142857,0,0.0,0.3333333333333333,0.0,0.3333333333333333,0.35714285714285715,10.37,0.0,10.37,12.180000000000001,1.6654854930577154,31.11,0.3333333333333333,2,0.54,0.38999999999999996,0.6666666666666666,0.6666666666666666,0.0,-1.0,0.6666666666666666,0.7142857142857143,0.0,0.0,0.0,0.0,0,31.0,F,Boise,Silver,0,Beverages,Value,2023-01-10,0,2023,14,1,1,0,2024-03
500777,0.0,1,1.0,0,5.0,5.0,,,5.0,148.81,,,148.81,,29.762,4.0,0,0.17,0.17,2.0,,1.0,,1.0,1.0,0.0,0.0,,0.0,0,60.0,M,Austin,Silver,0,Household,Value,2024-02-28,0,2024,1,1,0,0,2024-03
500778,2.0,15,0.8571428571428571,1,0.0,1.0,3.0,-2.0,2.0,48.406666666666666,150.74666666666667,-0.6744134961778403,97.2257142857143,0.6371397008384755,48.406666666666666,0.3333333333333333,2,0.17,0.23916666666666667,0.0,0.0,0.3333333333333333,-0.3333333333333333,0.0,0.35714285714285715,1.0,2.0,0.0,0.0,1,39.0,F,Austin,Gold,1,Bakery,Value,2022-01-11,0,2022,26,1,1,0,2024-03
500779,10.0,15,0.3333333333333333,0,0.0,0.0,0.0,0.0,0.8666666666666667,0.0,0.0,0.0,17.220000000000002,1.6063933296279858,,0.0,3,,0.27799999999999997,0.0,0.0,0.0,0.0,0.0,0.06666666666666667,0.0,0.0,0.0,0.0,0,66.0,Unknown,Austin,Silver,1,Beverages,Value,2022-08-12,0,2022,19,0,1,0,2024-03
500780,0.0,15,1.0,0,6.0,4.666666666666667,5.0,-0.33333333333333304,5.733333333333333,137.60999999999999,148.57,-0.07327672661630012,160.23066666666668,0.4126562528153713,29.48785714285714,2.6666666666666665,0,0.3133333333333333,0.288,3.0,0.6666666666666665,0.3333333333333333,0.0,0.0,0.6666666666666666,0.0,0.0,0.0,0.0,1,46.0,F,Madison,Silver,0,Bakery,Mainstream,2022-08-29,0,2022,19,1,0,0,2024-03
500782,0.0,15,0.8461538461538461,2,4.0,3.0,2.6666666666666665,0.3333333333333335,3.1538461538461537,64.21333333333332,51.93,0.23206751054852304,64.51153846153846,0.6750101058462032,21.404444444444444,1.3333333333333333,1,0.4,0.2854545454545454,2.6666666666666665,1.3333333333333333,0.6666666666666666,-0.33333333333333337,0.0,0.5384615384615384,0.0,1.0,-1.0,0.0,0,56.0,M,Columbus,Silver,1,Frozen Foods,Value,2021-12-29,0,2021,27,1,0,0,2024-03
500783,11.0,15,0.26666666666666666,0,0.0,0.0,0.0,0.0,0.4666666666666667,0.0,0.0,0.0,12.154666666666666,1.7837781087582967,,0.0,3,,0.33999999999999997,0.0,0.0,0.0,0.0,0.0,0.2,0.0,0.0,0.0,0.0,0,57.0,M,Raleigh,Silver,1,Snacks,Upscale,2021-04-06,0,2021,35,0,1,0,2024-03
500784,0.0,2,1.0,0,7.0,8.0,,,8.0,219.305,,,219.305,0.30385964446985064,27.413125,2.0,0,0.19,0.19,3.0,,1.5,,0.5,0.5,1.0,1.0,,1.0,1,,M,Columbus,Silver,0,Snacks,Unknown,2024-01-24,1,2024,2,1,0,0,2024-03
500785,14.0,15,0.07142857142857142,1,0.0,0.0,0.0,0.0,0.21428571428571427,0.0,0.0,0.0,9.47642857142857,3.3845072987202487,,0.0,3,,0.09,0.0,0.0,0.0,0.0,0.0,0.0,0.0,0.0,0.0,0.0,0,43.0,F,Columbus,Platinum,0,Bakery,Value,2021-04-15,0,2021,35,0,1,0,2024-03
500787,5.0,14,0.6428571428571429,0,0.0,0.0,0.6666666666666666,-0.6666666666666666,2.2857142857142856,0.0,16.98,-0.9443826473859844,53.54785714285714,0.9400938637535977,,0.0,3,,0.32555555555555554,0.0,0.0,0.0,0.0,0.0,0.2857142857142857,0.0,1.0,-1.0,0.0,0,65.0,M,Madison,Silver,1,Frozen Foods,Mainstream,2023-01-18,0,2023,14,0,1,0,2024-03
500788,0.0,15,1.0,0,5.0,7.333333333333333,8.666666666666666,-1.333333333333333,7.466666666666667,286.3666666666666,315.1766666666667,-0.09111994349150809,285.0693333333333,0.2934006179386722,39.05,3.3333333333333335,0,0.29000000000000004,0.21933333333333332,3.3333333333333335,-1.9999999999999996,2.3333333333333335,1.0000000000000002,1.3333333333333333,1.0,1.0,1.0,1.0,0.0,0,42.0,M,Spokane,Silver,1,Frozen Foods,Value,2022-07-20,0,2022,20,1,0,0,2024-03
500790,13.0,15,0.13333333333333333,0,0.0,0.0,0.0,0.0,0.5333333333333333,0.0,0.0,0.0,17.904666666666667,2.509011819167792,,0.0,3,,0.15,0.0,0.0,0.0,0.0,0.0,0.06666666666666667,0.0,0.0,0.0,0.0,1,43.0,F,Portland,Gold,1,Bakery,Upscale,2021-05-08,0,2021,34,0,1,0,2024-03
500791,0.0,15,1.0,0,5.0,5.0,4.0,1.0,3.4,142.8,121.27,0.17608571194896552,97.47599999999998,0.5605558022100212,28.560000000000002,4.0,0,0.20333333333333334,0.29066666666666663,2.3333333333333335,1.3333333333333335,2.6666666666666665,0.6666666666666665,0.3333333333333333,0.6666666666666666,0.0,1.0,-1.0,1.0,1,55.0,F,Boise,Silver,1,Frozen Foods,Mainstream,2022-04-27,0,2022,23,1,0,0,2024-03
500793,0.0,14,1.0,0,2.0,5.0,8.333333333333334,-3.333333333333334,6.142857142857143,75.29666666666667,142.38666666666666,-0.46789566672865907,98.80071428571428,0.43636452684667887,15.059333333333333,4.333333333333333,0,0.5033333333333333,0.43285714285714283,2.6666666666666665,0.0,0.6666666666666666,-0.6666666666666666,0.0,0.42857142857142855,1.0,1.0,1.0,0.0,1,46.0,F,Columbus,Silver,1,Frozen Foods,Value,2021-05-30,0,2021,34,1,0,0,2024-03
500794,0.0,15,1.0,1,3.0,3.0,2.3333333333333335,0.6666666666666665,2.9285714285714284,93.67666666666668,63.74333333333334,0.4623384647067909,82.50785714285715,0.3059115673390451,31.22555555555556,1.0,0,0.20666666666666667,0.2707142857142857,2.0,-1.6666666666666665,1.0,-2.0,1.6666666666666667,1.1428571428571428,1.0,1.0,1.0,0.0,0,31.0,F,Nashville,Gold,1,Produce,Mainstream,2022-11-20,0,2022,16,1,0,0,2024-03
500795,0.0,3,1.0,0,10.0,7.333333333333333,,,7.333333333333333,314.69,,,314.69,0.5696594878553678,42.91227272727272,4.0,0,0.41333333333333333,0.41333333333333333,2.0,,1.3333333333333333,,0.6666666666666666,0.6666666666666666,0.0,0.0,,0.0,0,54.0,M,Portland,Gold,1,Household,Mainstream,2023-12-15,0,2023,3,1,0,0,2024-03
500796,13.0,15,0.06666666666666667,0,0.0,0.0,0.0,0.0,0.06666666666666667,0.0,0.0,0.0,2.7366666666666664,2.8365025220662705,,0.0,3,,0.25,0.0,0.0,0.0,0.0,0.0,0.06666666666666667,0.0,0.0,0.0,0.0,1,72.0,M,Austin,Gold,0,Snacks,Value,2022-04-25,0,2022,23,0,1,0,2024-03
500797,0.0,1,1.0,0,4.0,4.0,,,4.0,110.01,,,110.01,,27.5025,5.0,0,0.25,0.25,1.0,,0.0,,1.0,1.0,0.0,0.0,,0.0,0,38.0,M,Tulsa,Silver,0,Bakery,Mainstream,2024-02-12,0,2024,1,1,0,0,2024-03
500798,9.0,15,0.3333333333333333,0,0.0,0.0,0.0,0.0,1.2666666666666666,0.0,0.0,0.0,32.11933333333333,1.808624114684245,,0.0,3,,0.35,0.0,0.0,0.0,0.0,0.0,0.13333333333333333,0.0,0.0,0.0,0.0,0,21.0,M,Columbus,Silver,1,Personal Care,Value,2022-07-28,0,2022,20,0,1,0,2024-03
500799,3.0,15,0.4,0,0.0,0.0,0.3333333333333333,-0.3333333333333333,0.4666666666666667,0.0,9.426666666666668,-0.9040920716112532,13.589333333333336,1.2330098656883024,,0.0,3,,0.24333333333333332,0.6666666666666666,-1.0,0.0,-0.6666666666666666,0.0,0.4666666666666667,0.0,0.0,0.0,0.0,0,58.0,F,Columbus,Gold,0,Produce,Upscale,2021-11-24,0,2021,28,0,1,0,2024-03
500800,0.0,1,1.0,0,4.0,4.0,,,4.0,122.25,,,122.25,,30.5625,0.0,0,0.28,0.28,1.0,,0.0,,1.0,1.0,0.0,0.0,,0.0,0,29.0,M,Spokane,Silver,0,Personal Care,Value,2024-02-06,0,2024,1,1,0,0,2024-03
500801,1.0,15,0.8666666666666667,0,0.0,0.6666666666666666,2.0,-1.3333333333333335,2.4,25.676666666666666,76.8,-0.6571122536418167,90.68666666666667,0.6729093356702205,38.515,0.6666666666666666,1,0.19,0.2023076923076923,0.6666666666666666,0.0,0.0,-0.3333333333333333,0.0,0.4,2.0,2.0,2.0,1.0,1,57.0,F,Raleigh,Gold,0,Frozen Foods,Value,2021-10-20,0,2021,29,1,0,0,2024-03
500802,1.0,15,0.7333333333333333,0,0.0,0.3333333333333333,1.0,-0.6666666666666667,1.4666666666666666,12.923333333333334,36.86333333333334,-0.6322739677788538,53.33,0.9156473287505561,38.77,0.6666666666666666,2,0.25,0.24636363636363637,0.0,-2.6666666666666665,1.0,-0.33333333333333326,0.0,0.6,1.0,1.0,1.0,1.0,1,55.0,F,Spokane,Gold,1,Beverages,Value,2022-06-08,0,2022,21,1,1,0,2024-03
500803,0.0,11,1.0,0,7.0,6.0,8.666666666666666,-2.666666666666666,8.090909090909092,195.28,316.0566666666667,-0.3809308535803274,282.87272727272733,0.2818869525637157,32.54666666666667,2.0,0,0.33666666666666667,0.3190909090909091,4.0,1.3333333333333335,0.6666666666666666,0.3333333333333333,1.6666666666666667,1.0909090909090908,0.0,0.0,0.0,0.0,0,72.0,M,Nashville,Gold,0,Snacks,Mainstream,2023-04-19,0,2023,11,1,0,0,2024-03
500804,5.0,7,0.2857142857142857,0,0.0,0.0,0.6666666666666666,-0.6666666666666666,0.42857142857142855,0.0,14.103333333333333,-0.9337894504524388,9.135714285714286,1.6480609346852555,,0.0,3,,0.305,0.0,0.0,0.0,-1.3333333333333333,0.0,0.0,0.0,0.0,0.0,0.0,0,51.0,M,Columbus,Silver,1,Produce,Mainstream,2023-08-17,0,2023,7,0,1,0,2024-03
500806,0.0,6,0.6666666666666666,0,3.0,1.6666666666666667,0.3333333333333333,1.3333333333333335,1.0,72.71333333333334,15.933333333333332,3.3531496062992137,44.32333333333333,1.0233272069819006,43.628,0.3333333333333333,0,0.27,0.345,2.0,0.6666666666666667,0.0,-0.6666666666666666,1.0,0.5,0.0,0.0,0.0,0.0,0,33.0,F,Spokane,Platinum,0,Bakery,Value,2023-09-17,0,2023,6,1,0,0,2024-03
500807,0.0,9,1.0,0,8.0,7.0,5.666666666666667,1.333333333333333,6.666666666666667,327.7966666666667,248.3033333333333,0.31886189514781205,301.74111111111114,0.21740739961580607,46.82809523809524,3.0,0,0.25,0.24333333333333332,1.3333333333333333,0.6666666666666666,3.3333333333333335,2.0,0.3333333333333333,0.7777777777777778,1.0,1.0,1.0,0.0,0,33.0,F,Columbus,Platinum,1,Produce,Mainstream,2023-06-05,0,2023,9,1,0,0,2024-03
500808,8.0,15,0.4666666666666667,0,0.0,0.0,0.0,0.0,2.466666666666667,0.0,0.0,0.0,70.27000000000001,1.2086601792749665,,0.0,3,,0.41285714285714287,0.0,0.0,0.0,0.0,0.0,0.06666666666666667,0.0,0.0,0.0,0.0,1,71.0,M,Denver,Gold,0,Bakery,Value,2021-07-09,0,2021,32,0,1,0,2024-03
500809,0.0,15,1.0,1,6.0,3.6666666666666665,6.333333333333333,-2.6666666666666665,4.571428571428571,105.67999999999999,170.97666666666666,-0.3796832903688485,129.39214285714283,0.5212613838317407,28.821818181818177,1.0,0,0.27666666666666667,0.2642857142857143,4.0,2.0,0.3333333333333333,-0.6666666666666667,1.3333333333333333,0.7857142857142857,0.0,0.0,0.0,0.0,0,67.0,M,Spokane,Gold,0,Bakery,Value,2022-09-10,0,2022,18,1,0,0,2024-03
500810,0.0,6,1.0,0,4.0,4.666666666666667,9.333333333333334,-4.666666666666667,7.0,166.94000000000003,374.94000000000005,-0.5532797786880885,270.94,0.5575844301121001,35.77285714285715,2.6666666666666665,0,0.3133333333333333,0.44166666666666665,2.0,0.6666666666666667,0.6666666666666666,0.3333333333333333,1.0,1.3333333333333333,1.0,1.0,1.0,0.0,0,41.0,F,Boise,Silver,0,Bakery,Unknown,2023-09-14,0,2023,6,1,0,0,2024-03
500811,0.0,15,1.0,2,5.0,4.0,3.5,0.5,5.615384615384615,158.20000000000002,139.725,0.1312844199680229,212.72,0.5078027096590912,39.550000000000004,2.6666666666666665,0,0.37333333333333335,0.2823076923076923,2.0,-0.5,0.6666666666666666,-0.8333333333333334,1.0,0.6153846153846154,0.0,0.0,0.0,0.0,0,68.0,M,Portland,Gold,1,Produce,Value,2021-12-15,0,2021,27,1,0,0,2024-03
500812,0.0,15,1.0,2,13.0,7.666666666666667,9.333333333333334,-1.666666666666667,8.23076923076923,337.6666666666667,426.06666666666666,-0.2069934436465813,363.10923076923075,0.42493733545114165,44.04347826086956,2.6666666666666665,0,0.23666666666666666,0.3538461538461538,5.0,-0.666666666666667,0.6666666666666666,-0.6666666666666666,0.3333333333333333,0.3076923076923077,2.0,2.0,2.0,0.0,0,51.0,F,Denver,Gold,1,Bakery,Mainstream,2022-11-18,0,2022,16,1,0,0,2024-03
500813,12.0,15,0.2,0,0.0,0.0,0.0,0.0,0.3333333333333333,0.0,0.0,0.0,10.025333333333332,2.2118603007879374,,0.0,3,,0.35000000000000003,0.0,0.0,0.0,0.0,0.0,0.06666666666666667,0.0,0.0,0.0,0.0,0,35.0,F,Raleigh,Silver,1,Snacks,Mainstream,2021-08-29,0,2021,31,0,1,0,2024-03
500814,10.0,15,0.3333333333333333,0,0.0,0.0,0.0,0.0,0.4,0.0,0.0,0.0,15.760000000000002,1.5592169429491094,,0.0,3,,0.258,0.0,0.0,0.0,0.0,0.0,0.2,0.0,0.0,0.0,0.0,0,23.0,M,Nashville,Gold,0,Produce,Value,2021-12-07,0,2021,27,0,1,0,2024-03
500815,14.0,15,0.06666666666666667,0,0.0,0.0,0.0,0.0,0.13333333333333333,0.0,0.0,0.0,4.328,3.1460720575048233,,0.0,3,,0.32,0.0,0.0,0.0,0.0,0.0,0.0,0.0,0.0,0.0,0.0,0,70.0,F,Nashville,Silver,1,Produce,Value,2021-05-07,0,2021,34,0,1,0,2024-03
500816,6.0,15,0.6,0,0.0,0.0,0.0,0.0,2.066666666666667,0.0,0.0,0.0,57.04200000000001,1.3505761859443117,,0.0,3,,0.21555555555555558,0.0,0.0,0.0,0.0,0.0,0.4666666666666667,0.0,0.0,0.0,0.0,1,68.0,M,Nashville,Silver,1,Beverages,Upscale,2022-01-26,0,2022,26,0,1,0,2024-03
500817,0.0,3,1.0,0,4.0,4.666666666666667,,,4.666666666666667,178.59666666666666,,,178.59666666666666,0.5693657683369122,38.270714285714284,3.0,0,0.32,0.32,1.0,,0.3333333333333333,,1.3333333333333333,1.3333333333333333,0.0,0.0,,0.0,0,60.0,M,Tulsa,Gold,0,Household,Mainstream,2023-12-27,0,2023,3,1,0,0,2024-03
500818,0.0,15,1.0,0,4.0,2.0,2.6666666666666665,-0.6666666666666665,2.4,49.93666666666667,66.77999999999999,-0.2485000491787153,60.635999999999996,0.5126171848431151,24.968333333333334,2.3333333333333335,0,0.27666666666666667,0.30733333333333335,1.3333333333333333,0.33333333333333326,1.6666666666666667,0.6666666666666667,0.6666666666666666,0.7333333333333333,1.0,1.0,1.0,0.0,0,23.0,F,Nashville,Silver,1,Dairy,Value,2022-07-25,0,2022,20,1,0,0,2024-03
500819,13.0,15,0.13333333333333333,0,0.0,0.0,0.0,0.0,0.13333333333333333,0.0,0.0,0.0,4.069999999999999,2.1295983736279758,,0.0,3,,0.535,0.0,0.0,0.0,0.0,0.0,0.0,0.0,0.0,0.0,0.0,0,49.0,M,Spokane,Silver,1,Bakery,Upscale,2022-12-23,0,2022,15,0,1,0,2024-03
500820,3.0,15,0.8,0,0.0,0.0,4.0,-4.0,3.8666666666666667,0.0,142.03666666666666,-0.9930087856260632,135.90466666666666,0.5697679821826265,,0.0,3,,0.21666666666666667,0.0,-0.3333333333333333,0.0,-0.3333333333333333,0.0,0.7333333333333333,1.0,2.0,0.0,0.0,0,40.0,F,Spokane,Silver,1,Dairy,Value,2021-10-01,0,2021,29,0,1,0,2024-03
500821,0.0,4,1.0,0,3.0,4.0,3.0,1.0,3.75,188.96333333333334,127.46,0.4787741968965698,173.5875,0.2805894671988823,47.240833333333335,2.3333333333333335,0,0.25,0.275,1.0,0.0,1.3333333333333333,-0.6666666666666667,0.6666666666666666,0.5,0.0,0.0,0.0,0.0,0,56.0,F,Denver,Platinum,1,Bakery,Value,2023-11-04,0,2023,4,1,0,0,2024-03
500822,8.0,15,0.4,0,0.0,0.0,0.0,0.0,1.2,0.0,0.0,0.0,32.97933333333334,1.4239346149300875,,0.0,3,,0.415,0.0,0.0,0.0,0.0,0.0,0.0,0.0,0.0,0.0,0.0,1,68.0,F,Portland,Silver,0,Dairy,Value,2022-11-04,0,2022,16,0,1,0,2024-03
500823,0.0,15,1.0,2,6.0,4.0,5.333333333333333,-1.333333333333333,3.923076923076923,102.94,143.96333333333334,-0.28299110119800414,103.69923076923077,0.5404463947946839,25.735,4.333333333333333,0,0.2866666666666667,0.29,1.0,-1.3333333333333335,1.0,-0.6666666666666667,1.3333333333333333,1.1538461538461537,0.0,1.0,-1.0,0.0,1,48.0,F,Spokane,Gold,1,Bakery,Upscale,2021-09-10,0,2021,30,1,0,0,2024-03
500824,0.0,15,1.0,0,3.0,4.666666666666667,10.0,-5.333333333333333,7.666666666666667,121.82,268.81,-0.5447907786961195,205.02866666666665,0.5321765993968453,26.104285714285712,2.0,0,0.2933333333333333,0.21466666666666664,3.3333333333333335,1.0,1.6666666666666667,0.3333333333333335,0.6666666666666666,0.6666666666666666,0.0,0.0,0.0,0.0,1,71.0,M,Denver,Silver,1,Personal Care,Upscale,2022-05-08,0,2022,22,1,0,0,2024-03
500826,0.0,15,1.0,0,11.0,7.0,7.333333333333333,-0.33333333333333304,6.866666666666666,166.87333333333333,176.65666666666667,-0.055068765596562645,165.4026666666667,0.3236687114255211,23.83904761904762,3.0,0,0.33,0.33133333333333326,4.0,-0.666666666666667,1.0,-1.0,1.0,0.4666666666666667,0.0,1.0,-1.0,1.0,1,69.0,F,Austin,Silver,1,Dairy,Value,2021-09-17,0,2021,30,1,0,0,2024-03
500827,1.0,13,0.8333333333333334,1,0.0,1.3333333333333333,4.333333333333333,-3.0,3.0,47.800000000000004,161.71666666666667,-0.7000921847792686,112.77083333333333,0.6713554275609205,35.85,0.6666666666666666,1,0.35,0.312,0.0,-1.3333333333333333,0.0,0.0,0.3333333333333333,0.25,2.0,3.0,1.0,0.0,1,67.0,F,Portland,Gold,0,Personal Care,Upscale,2023-02-28,0,2023,13,1,1,0,2024-03
500828,0.0,15,1.0,0,8.0,6.0,2.6666666666666665,3.3333333333333335,4.266666666666667,218.25333333333333,100.39,1.1624749317815695,154.67733333333334,0.4596680448383563,36.37555555555556,3.6666666666666665,0,0.15666666666666665,0.25133333333333335,2.0,0.6666666666666667,0.6666666666666666,0.3333333333333333,0.0,0.3333333333333333,1.0,3.0,-1.0,1.0,1,65.0,Other,Boise,Silver,0,Bakery,Upscale,2022-03-01,0,2022,24,1,0,0,2024-03
500829,0.0,15,0.8666666666666667,0,3.0,3.6666666666666665,2.0,1.6666666666666665,2.8,124.94666666666667,70.36333333333333,0.7648652435891449,101.77466666666666,0.7791860289976695,34.07636363636364,3.3333333333333335,0,0.3333333333333333,0.2915384615384615,0.3333333333333333,0.0,2.0,0.0,0.6666666666666666,0.5333333333333333,1.0,1.0,1.0,0.0,0,72.0,M,Austin,Gold,1,Bakery,Value,2022-03-30,0,2022,24,1,0,0,2024-03
500830,0.0,15,1.0,0,5.0,3.0,4.0,-1.0,3.6,70.09333333333333,85.79666666666667,-0.18092092630285342,77.81,0.4907229587665315,23.364444444444445,1.6666666666666667,0,0.19333333333333336,0.3233333333333333,3.0,0.3333333333333335,1.6666666666666667,1.6666666666666667,0.6666666666666666,0.6,1.0,1.0,1.0,0.0,0,31.0,M,Austin,Silver,1,Dairy,Upscale,2022-04-13,0,2022,23,1,0,0,2024-03
500831,0.0,15,1.0,2,8.0,5.666666666666667,3.0,2.666666666666667,4.384615384615385,149.64666666666665,75.73,0.9633346366045437,117.07923076923075,0.45842236199089104,26.408235294117645,3.3333333333333335,0,0.25666666666666665,0.2738461538461538,1.6666666666666667,1.1666666666666667,1.3333333333333333,1.3333333333333333,0.6666666666666666,0.5384615384615384,0.0,0.0,0.0,0.0,0,28.0,F,Denver,Silver,0,Household,Mainstream,2022-12-31,0,2022,15,1,0,0,2024-03
500834,7.0,15,0.5,1,0.0,0.0,0.0,0.0,1.7857142857142858,0.0,0.0,0.0,49.79714285714285,1.2746365807331628,,0.0,3,,0.32285714285714284,0.0,0.0,0.0,0.0,0.0,0.35714285714285715,0.0,0.0,0.0,0.0,0,43.0,M,Austin,Silver,1,Dairy,Mainstream,2022-07-19,0,2022,20,0,1,0,2024-03
500835,0.0,10,1.0,1,2.0,4.666666666666667,5.0,-0.33333333333333304,4.666666666666667,106.41000000000001,116.35499999999999,-0.0847428741851645,113.11222222222221,0.5807737332008244,22.802142857142858,4.333333333333333,0,0.24333333333333332,0.2088888888888889,2.0,0.0,1.6666666666666667,0.6666666666666667,0.6666666666666666,0.5555555555555556,0.0,0.0,0.0,0.0,1,34.0,F,Austin,Silver,1,Snacks,Unknown,2023-05-28,0,2023,10,1,0,0,2024-03
500837,0.0,5,1.0,0,5.0,6.0,3.0,3.0,4.8,148.95333333333335,74.94999999999999,0.974369102479702,119.352,0.373467469471012,24.825555555555557,4.0,0,0.34,0.256,0.6666666666666666,-0.33333333333333337,0.6666666666666666,0.16666666666666663,0.3333333333333333,0.2,1.0,1.0,1.0,0.0,0,33.0,F,Portland,Silver,0,Bakery,Value,2023-10-20,0,2023,5,1,0,0,2024-03
500838,0.0,15,1.0,0,5.0,4.666666666666667,2.3333333333333335,2.3333333333333335,3.8,158.57333333333335,69.13333333333334,1.2752851711026616,116.03799999999998,0.4959936767238641,33.980000000000004,5.666666666666667,0,0.2833333333333334,0.22666666666666668,1.3333333333333333,-2.0,0.0,0.0,1.0,0.4666666666666667,0.0,0.0,0.0,0.0,0,72.0,F,Nashville,Gold,0,Bakery,Mainstream,2021-12-14,0,2021,27,1,0,0,2024-03
500839,0.0,15,1.0,1,7.0,7.0,6.0,1.0,6.0,235.9766666666667,190.75,0.2358626684050414,190.16428571428574,0.2408532289292056,33.710952380952385,4.0,0,0.3433333333333333,0.25999999999999995,3.6666666666666665,1.6666666666666665,1.3333333333333333,-0.3333333333333335,0.6666666666666666,0.7857142857142857,1.0,2.0,0.0,1.0,1,22.0,M,Columbus,Silver,1,Household,Value,2021-05-19,0,2021,34,1,0,0,2024-03
500840,0.0,13,1.0,0,5.0,5.666666666666667,5.0,0.666666666666667,3.923076923076923,238.98999999999998,206.10666666666668,0.15877486641344216,164.33923076923077,0.5338002162522151,42.17470588235294,4.666666666666667,0,0.3133333333333333,0.34615384615384615,2.0,0.33333333333333326,0.0,-0.6666666666666666,2.0,0.6923076923076923,1.0,1.0,1.0,0.0,1,18.0,M,Austin,Gold,0,Household,Upscale,2023-02-12,0,2023,13,1,0,0,2024-03
500841,0.0,15,0.9333333333333333,0,12.0,5.666666666666667,3.6666666666666665,2.0000000000000004,5.933333333333334,57.126666666666665,47.65,0.1947927372387804,68.83666666666666,0.5508958519899216,10.081176470588234,2.3333333333333335,1,0.265,0.2764285714285714,2.6666666666666665,-0.666666666666667,2.3333333333333335,1.3333333333333335,0.0,0.6666666666666666,0.0,0.0,0.0,0.0,1,32.0,F,Boise,Silver,1,Bakery,Upscale,2022-12-24,0,2022,15,1,0,0,2024-03
500842,0.0,15,1.0,0,8.0,10.0,8.666666666666666,1.333333333333334,8.066666666666666,493.24333333333334,389.5,0.2656679470763978,378.12600000000003,0.32203829950991564,49.324333333333335,6.0,0,0.43333333333333335,0.3033333333333334,3.6666666666666665,-1.3333333333333335,1.0,0.6666666666666667,1.6666666666666667,0.9333333333333333,0.0,0.0,0.0,0.0,0,36.0,F,Tulsa,Silver,1,Bakery,Upscale,2022-11-04,0,2022,16,1,0,0,2024-03
500843,0.0,1,1.0,0,6.0,6.0,,,6.0,159.86,,,159.86,,26.643333333333334,4.0,0,0.36,0.36,2.0,,3.0,,2.0,2.0,0.0,0.0,,0.0,0,29.0,F,Portland,Silver,1,Frozen Foods,Mainstream,2024-02-08,0,2024,1,1,0,0,2024-03
500844,0.0,15,0.8571428571428571,1,4.0,2.0,2.3333333333333335,-0.3333333333333335,2.4285714285714284,41.875,54.900000000000006,-0.23300536672629704,55.10285714285714,0.7791126007775506,20.9375,0.0,1,0.3,0.31166666666666665,1.5,-0.16666666666666674,0.5,-0.16666666666666663,0.0,0.42857142857142855,0.0,0.0,0.0,0.0,1,29.0,M,Portland,Silver,1,Frozen Foods,Value,2021-12-01,0,2021,27,1,0,0,2024-03
500845,2.0,15,0.8571428571428571,1,0.0,1.0,4.666666666666667,-3.666666666666667,3.357142857142857,31.47,155.9333333333333,-0.7930968564146134,111.47142857142856,0.6674805190383958,31.47,0.6666666666666666,2,0.24,0.31083333333333335,0.0,-0.6666666666666666,0.0,-0.6666666666666666,0.6666666666666666,0.7142857142857143,1.0,2.0,0.0,1.0,1,48.0,M,Austin,Gold,0,Bakery,Mainstream,2021-07-07,0,2021,32,1,1,0,2024-03
500846,0.0,15,1.0,0,7.0,5.333333333333333,4.666666666666667,0.6666666666666661,4.866666666666666,144.08,135.73666666666665,0.06101752760781085,148.816,0.4387495790784368,27.015,5.333333333333333,0,0.18666666666666665,0.2806666666666666,1.6666666666666667,-2.666666666666666,2.0,0.6666666666666667,0.6666666666666666,0.8,0.0,0.0,0.0,0.0,0,18.0,F,Raleigh,Silver,1,Frozen Foods,Mainstream,2022-09-21,0,2022,18,1,0,0,2024-03
500847,0.0,1,1.0,0,6.0,6.0,,,6.0,178.46,,,178.46,,29.743333333333336,4.0,0,0.16,0.16,0.0,,0.0,,1.0,1.0,0.0,0.0,,0.0,0,73.0,M,Nashville,Silver,0,Dairy,Value,2024-02-20,0,2024,1,1,0,0,2024-03
500848,0.0,11,1.0,1,1.0,4.0,2.0,2.0,3.5,124.04,59.36333333333332,1.071456182008946,105.75399999999999,0.726298477837011,31.01,2.0,0,0.31,0.331,1.6666666666666667,0.0,1.6666666666666667,0.0,0.6666666666666666,0.6,0.0,1.0,-1.0,1.0,1,46.0,M,Spokane,Silver,1,Snacks,Mainstream,2023-04-03,0,2023,11,1,0,0,2024-03
500849,0.0,5,1.0,0,3.0,2.6666666666666665,3.0,-0.3333333333333335,2.8,139.84666666666666,146.155,-0.04286863058226589,142.37,0.15506644966748903,52.4425,1.3333333333333333,0,0.25333333333333335,0.294,0.6666666666666666,-1.3333333333333335,1.0,0.5,1.0,0.6,2.0,2.0,2.0,0.0,0,,F,Portland,Platinum,1,Bakery,Mainstream,2023-10-31,1,2023,5,1,1,0,2024-03
500850,0.0,13,1.0,0,7.0,5.666666666666667,6.333333333333333,-0.6666666666666661,5.076923076923077,173.9666666666667,209.38666666666666,-0.16835667659547482,162.17153846153843,0.30294852222517143,30.700000000000006,4.0,0,0.18333333333333335,0.23230769230769227,2.3333333333333335,0.0,0.0,-0.3333333333333333,0.3333333333333333,0.46153846153846156,0.0,0.0,0.0,0.0,0,22.0,M,Tulsa,Platinum,0,Household,Upscale,2021-09-08,0,2021,30,1,0,0,2024-03
500851,0.0,15,1.0,0,1.0,3.6666666666666665,5.666666666666667,-2.0000000000000004,5.133333333333334,98.06,154.92333333333332,-0.36468777390597934,142.41466666666668,0.5018488767339053,26.743636363636366,2.6666666666666665,0,0.26,0.264,1.0,0.0,1.6666666666666667,1.3333333333333335,1.0,0.8666666666666667,0.0,1.0,-1.0,0.0,0,29.0,F,Portland,Silver,1,Personal Care,Upscale,2021-10-09,0,2021,29,1,0,0,2024-03
500852,0.0,13,0.8461538461538461,0,1.0,0.6666666666666666,5.333333333333333,-4.666666666666666,3.0,20.930000000000003,149.99333333333334,-0.8547617996379531,85.50307692307692,0.7512485422745098,31.395000000000003,0.0,1,0.48,0.2972727272727273,2.0,1.6666666666666667,0.3333333333333333,0.0,0.6666666666666666,0.5384615384615384,1.0,1.0,1.0,0.0,0,69.0,F,Raleigh,Silver,0,Bakery,Mainstream,2023-02-12,0,2023,13,1,0,0,2024-03
500853,1.0,13,0.8461538461538461,0,0.0,2.0,3.3333333333333335,-1.3333333333333335,2.923076923076923,85.02,145.66333333333333,-0.41348667015159435,123.61846153846153,0.8027814460258864,42.51,0.0,1,0.3,0.35818181818181816,1.0,-0.6666666666666667,0.0,-1.3333333333333333,0.0,0.23076923076923078,3.0,4.0,2.0,0.0,0,37.0,Other,Portland,Gold,1,Household,Value,2023-02-17,0,2023,13,1,1,0,2024-03
500854,0.0,15,1.0,1,3.0,3.6666666666666665,1.5,2.1666666666666665,2.5714285714285716,151.38666666666666,62.31999999999999,1.4066119182985892,109.3992857142857,0.648201186944098,41.28727272727272,1.3333333333333333,0,0.2866666666666666,0.2871428571428572,0.0,-0.5,0.3333333333333333,-0.16666666666666669,0.0,0.2857142857142857,1.0,1.0,1.0,0.0,0,57.0,F,Spokane,Silver,0,Dairy,Upscale,2021-08-18,0,2021,31,1,0,0,2024-03
500855,0.0,2,1.0,0,5.0,6.0,,,6.0,206.53,,,206.53,0.20777416044309582,34.42166666666667,2.5,0,0.15000000000000002,0.15000000000000002,2.5,,2.5,,2.0,2.0,1.0,1.0,,1.0,1,27.0,F,Nashville,Gold,1,Personal Care,Unknown,2024-01-20,0,2024,2,1,0,0,2024-03
500856,0.0,15,1.0,1,6.0,6.0,5.0,1.0,5.642857142857143,171.14,144.46333333333334,0.18339100346020748,152.83999999999997,0.3509749016289234,28.52333333333333,3.5,0,0.5900000000000001,0.2857142857142857,2.0,-1.0,1.5,0.16666666666666674,0.0,0.7142857142857143,0.0,1.0,-1.0,1.0,1,39.0,M,Raleigh,Silver,1,Frozen Foods,Value,2021-10-27,0,2021,29,1,0,0,2024-03
500857,0.0,15,1.0,0,6.0,5.666666666666667,4.0,1.666666666666667,5.466666666666667,156.60333333333332,117.31,0.3321218268390949,148.18866666666665,0.454403506531561,27.635882352941174,4.0,0,0.24666666666666662,0.2826666666666666,4.666666666666667,2.3333333333333335,1.3333333333333333,-0.3333333333333335,0.6666666666666666,0.6666666666666666,0.0,0.0,0.0,0.0,1,36.0,F,Austin,Silver,1,Household,Mainstream,2021-04-03,0,2021,35,1,0,0,2024-03
500858,0.0,15,0.9333333333333333,0,8.0,6.333333333333333,4.0,2.333333333333333,4.6,188.03333333333333,136.66666666666666,0.3731234866828088,139.54199999999997,0.4723941893660949,29.689473684210526,3.6666666666666665,0,0.32,0.24071428571428571,0.6666666666666666,-2.3333333333333335,0.3333333333333333,-0.3333333333333333,0.0,0.4,2.0,3.0,1.0,0.0,1,65.0,F,Nashville,Silver,0,Snacks,Value,2022-11-26,0,2022,16,1,0,0,2024-03
500859,0.0,15,0.9333333333333333,0,5.0,5.0,2.6666666666666665,2.3333333333333335,4.4,191.92666666666665,97.68,0.955073638697473,169.60933333333332,0.5458050742669261,38.38533333333333,1.3333333333333333,0,0.3466666666666667,0.36,3.0,1.6666666666666667,2.0,1.0,0.0,0.4,0.0,1.0,-1.0,0.0,1,40.0,M,Spokane,Silver,1,Household,Mainstream,2021-12-02,0,2021,27,1,0,0,2024-03
500860,13.0,15,0.13333333333333333,0,0.0,0.0,0.0,0.0,0.4,0.0,0.0,0.0,11.844666666666667,2.966710566444746,,0.0,3,,0.435,0.0,0.0,0.0,0.0,0.0,0.0,0.0,0.0,0.0,0.0,1,63.0,F,Madison,Silver,0,Household,Mainstream,2022-01-19,0,2022,26,0,1,0,2024-03
500861,0.0,15,1.0,1,6.0,6.333333333333333,6.666666666666667,-0.3333333333333339,6.0,140.86666666666667,130.02666666666667,0.08273125063600287,118.80285714285715,0.3027545507237274,22.242105263157896,4.333333333333333,0,0.18666666666666665,0.1942857142857143,3.0,0.0,1.6666666666666667,0.6666666666666667,0.3333333333333333,0.5714285714285714,0.0,0.0,0.0,0.0,0,70.0,F,Raleigh,Silver,1,Bakery,Value,2021-06-18,0,2021,33,1,0,0,2024-03
500863,0.0,15,1.0,3,9.0,9.0,5.5,3.5,6.416666666666667,312.68,182.655,0.7079850807220059,219.79333333333332,0.42413830339230646,34.742222222222225,6.0,0,0.27,0.32416666666666666,1.0,0.0,0.0,0.0,1.0,0.5,0.0,0.0,0.0,0.0,0,30.0,Other,Austin,Gold,0,Produce,Value,2022-01-28,0,2022,26,1,0,0,2024-03
500864,11.0,14,0.21428571428571427,0,0.0,0.0,0.0,0.0,0.5714285714285714,0.0,0.0,0.0,18.425714285714285,1.9270890023427465,,0.0,3,,0.27999999999999997,0.0,0.0,0.0,0.0,0.0,0.0,0.0,0.0,0.0,0.0,0,66.0,M,Boise,Silver,1,Household,Mainstream,2023-02-01,0,2023,13,0,1,0,2024-03
500865,1.0,15,0.9333333333333333,0,0.0,1.3333333333333333,8.666666666666666,-7.333333333333333,5.933333333333334,36.586666666666666,295.7,-0.8733176047635098,188.53466666666665,0.5323439302369312,27.44,0.6666666666666666,1,0.245,0.26571428571428574,1.0,-0.6666666666666667,0.6666666666666666,-1.0,0.3333333333333333,0.7333333333333333,1.0,1.0,1.0,0.0,0,70.0,F,Portland,Gold,1,Dairy,Mainstream,2021-08-01,0,2021,31,1,1,0,2024-03
500866,10.0,15,0.3333333333333333,0,0.0,0.0,0.0,0.0,0.6,0.0,0.0,0.0,13.761333333333335,1.5636985460925148,,0.0,3,,0.296,0.0,0.0,0.0,0.0,0.0,0.2,0.0,0.0,0.0,0.0,0,70.0,M,Portland,Silver,1,Snacks,Mainstream,2021-07-31,0,2021,32,0,1,0,2024-03
500867,1.0,9,0.8888888888888888,0,0.0,2.3333333333333335,5.0,-2.6666666666666665,5.0,98.60333333333334,209.54333333333332,-0.5269224071054256,214.46666666666664,0.6311104329490388,42.25857142857143,1.6666666666666667,1,0.325,0.36,2.0,-1.3333333333333335,0.3333333333333333,-0.6666666666666667,0.0,0.3333333333333333,0.0,0.0,0.0,0.0,0,25.0,M,Spokane,Platinum,1,Beverages,Mainstream,2023-06-03,0,2023,9,1,1,0,2024-03
500868,14.0,15,0.06666666666666667,0,0.0,0.0,0.0,0.0,0.06666666666666667,0.0,0.0,0.0,1.2266666666666666,2.1336195679705527,,0.0,3,,0.39,0.0,0.0,0.0,0.0,0.0,0.0,0.0,0.0,0.0,0.0,0,53.0,F,Nashville,Silver,1,Snacks,Value,2022-06-24,0,2022,21,0,1,0,2024-03
500869,4.0,15,0.7142857142857143,1,0.0,0.0,1.3333333333333333,-1.3333333333333333,2.7857142857142856,0.0,34.82666666666667,-0.9720878302940081,69.33357142857143,0.9588041027629334,,0.0,3,,0.255,0.0,-0.6666666666666666,0.0,0.0,0.0,0.5,0.0,0.0,0.0,0.0,0,24.0,Other,Raleigh,Silver,0,Frozen Foods,Value,2022-10-03,0,2022,17,0,1,0,2024-03
500870,0.0,15,1.0,0,4.0,5.666666666666667,5.666666666666667,0.0,6.066666666666666,221.49333333333334,227.99333333333334,-0.028385105825497102,243.03533333333328,0.32447575916866883,39.08705882352941,3.3333333333333335,0,0.27666666666666667,0.332,3.6666666666666665,0.33333333333333304,0.3333333333333333,0.3333333333333333,0.3333333333333333,0.4,1.0,3.0,-1.0,3.0,1,38.0,F,Denver,Gold,0,Produce,Value,2022-07-20,0,2022,20,1,0,0,2024-03
500871,4.0,15,0.6923076923076923,2,0.0,0.0,3.0,-3.0,3.076923076923077,0.0,95.03333333333335,-0.9895869489760499,101.84153846153845,0.7816178193119537,,0.0,3,,0.2688888888888889,0.0,0.0,0.0,0.0,0.0,0.15384615384615385,0.0,1.0,-1.0,1.0,1,41.0,M,Columbus,Silver,0,Frozen Foods,Unknown,2021-09-02,0,2021,30,0,1,0,2024-03
500872,6.0,15,0.6,0,0.0,0.0,0.0,0.0,1.7333333333333334,0.0,0.0,0.0,47.258,1.0901525077400884,,0.0,3,,0.3222222222222222,0.0,0.0,0.0,0.0,0.0,0.26666666666666666,0.0,0.0,0.0,0.0,0,69.0,F,Columbus,Silver,1,Personal Care,Value,2022-03-17,0,2022,24,0,1,0,2024-03
500873,4.0,15,0.6666666666666666,0,0.0,0.0,2.0,-2.0,1.8666666666666667,0.0,51.596666666666664,-0.9809873883009063,51.44533333333334,0.8583496676821266,,0.0,3,,0.296,0.0,-1.3333333333333333,0.0,-0.6666666666666666,0.0,0.4666666666666667,0.0,0.0,0.0,0.0,1,59.0,F,Tulsa,Silver,1,Produce,Mainstream,2021-11-30,0,2021,28,0,1,0,2024-03
500874,11.0,15,0.26666666666666666,0,0.0,0.0,0.0,0.0,0.4666666666666667,0.0,0.0,0.0,16.95,1.850449087032072,,0.0,3,,0.4,0.0,0.0,0.0,0.0,0.0,0.2,0.0,0.0,0.0,0.0,1,71.0,F,Boise,Gold,0,Household,Mainstream,2022-03-02,0,2022,24,0,1,0,2024-03
500875,0.0,8,1.0,0,3.0,4.0,2.0,2.0,3.125,153.02,78.78666666666668,0.9303977272727272,121.92875,0.3585755149165329,38.255,4.0,0,0.18666666666666665,0.3275,3.0,1.0,0.6666666666666666,0.0,0.0,0.25,1.0,1.0,1.0,1.0,1,65.0,M,Nashville,Silver,0,Frozen Foods,Mainstream,2023-07-15,0,2023,8,1,0,0,2024-03
500876,0.0,15,1.0,2,1.0,3.0,1.0,2.0,6.153846153846154,92.11,26.69,2.3625857710364753,192.4815384615384,0.5490720214769673,30.703333333333333,3.0,0,0.32666666666666666,0.40538461538461534,1.0,-1.0,0.3333333333333333,-0.6666666666666667,0.0,0.46153846153846156,4.0,4.0,4.0,1.0,1,37.0,F,Nashville,Gold,0,Produce,Upscale,2022-06-20,0,2022,21,1,1,0,2024-03
500877,0.0,13,1.0,0,3.0,2.3333333333333335,3.6666666666666665,-1.333333333333333,2.923076923076923,94.44666666666666,158.61666666666667,-0.40202568654067045,116.92615384615384,0.5683396782861755,40.47714285714285,2.0,0,0.22999999999999998,0.28,1.6666666666666667,-0.9999999999999998,0.3333333333333333,0.3333333333333333,0.0,0.5384615384615384,1.0,1.0,1.0,1.0,1,67.0,M,Tulsa,Gold,0,Household,Value,2023-02-14,0,2023,13,1,0,0,2024-03
500878,13.0,15,0.06666666666666667,0,0.0,0.0,0.0,0.0,0.06666666666666667,0.0,0.0,0.0,3.338,2.98017943975112,,0.0,3,,0.31,0.0,0.0,0.0,0.0,0.0,0.06666666666666667,0.0,0.0,0.0,0.0,0,22.0,F,Madison,Gold,1,Personal Care,Mainstream,2022-12-27,0,2022,15,0,1,0,2024-03
500879,0.0,2,1.0,0,8.0,6.5,,,6.5,136.445,,,136.445,0.46646565426304537,20.99153846153846,6.5,0,0.39,0.39,1.5,,2.0,,1.0,1.0,0.0,0.0,,0.0,0,29.0,F,Boise,Gold,1,Frozen Foods,Value,2023-12-24,0,2023,3,1,0,0,2024-03
500880,0.0,6,1.0,0,1.0,1.6666666666666667,4.0,-2.333333333333333,2.8333333333333335,49.53333333333333,116.77666666666666,-0.5709393484844196,83.155,0.7709774887860381,29.72,2.0,0,0.21,0.19833333333333333,3.3333333333333335,2.0,0.3333333333333333,-2.6666666666666665,0.3333333333333333,0.3333333333333333,0.0,0.0,0.0,0.0,0,67.0,F,Tulsa,Silver,1,Dairy,Mainstream,2023-10-01,0,2023,5,1,0,0,2024-03
500881,0.0,11,1.0,1,9.0,8.333333333333334,4.666666666666667,3.666666666666667,6.6,259.09,128.03666666666666,1.015628632688383,188.476,0.4186033550028306,31.090799999999998,4.333333333333333,0,0.3066666666666667,0.309,2.3333333333333335,1.3333333333333335,1.6666666666666667,-0.33333333333333326,0.3333333333333333,0.5,0.0,0.0,0.0,0.0,0,21.0,Other,Denver,Gold,1,Frozen Foods,Mainstream,2023-03-28,0,2023,12,1,0,0,2024-03
500882,8.0,10,0.2,0,0.0,0.0,0.0,0.0,0.7,0.0,0.0,0.0,21.118000000000002,2.265313040801359,,0.0,3,,0.13,0.0,0.0,0.0,0.0,0.0,0.1,0.0,0.0,0.0,0.0,0,55.0,F,Raleigh,Silver,1,Personal Care,Value,2023-05-26,0,2023,10,0,1,0,2024-03
500883,2.0,15,0.6,0,0.0,0.3333333333333333,1.6666666666666667,-1.3333333333333335,1.6,8.11,39.766666666666666,-0.7765331152902698,38.11666666666667,1.162254464989215,24.33,0.0,2,0.34,0.3033333333333333,0.3333333333333333,-0.6666666666666667,0.0,-0.3333333333333333,0.0,0.6666666666666666,1.0,1.0,1.0,0.0,0,68.0,M,Austin,Silver,0,Produce,Unknown,2022-04-19,0,2022,23,1,1,0,2024-03
500884,0.0,10,1.0,0,1.0,3.0,4.0,-1.0,3.2,96.10666666666667,126.77666666666666,-0.24002817415803607,101.495,0.540447396115341,32.035555555555554,2.0,0,0.42,0.227,0.6666666666666666,-0.6666666666666666,1.6666666666666667,0.3333333333333335,0.6666666666666666,1.5,0.0,0.0,0.0,0.0,0,31.0,F,Madison,Silver,1,Bakery,Value,2023-05-26,0,2023,10,1,0,0,2024-03
500885,3.0,8,0.5,0,0.0,0.0,1.0,-1.0,0.625,0.0,27.623333333333335,-0.9650634680330733,17.0025,1.1152520672805835,,0.0,3,,0.355,0.0,0.0,0.0,-0.6666666666666666,0.0,0.375,0.0,0.0,0.0,0.0,0,57.0,M,Raleigh,Silver,0,Personal Care,Value,2023-07-18,0,2023,8,0,1,0,2024-03
500886,12.0,15,0.2,0,0.0,0.0,0.0,0.0,1.0,0.0,0.0,0.0,19.363333333333333,2.065040379049368,,0.0,3,,0.20333333333333334,0.0,0.0,0.0,0.0,0.0,0.13333333333333333,0.0,0.0,0.0,0.0,0,50.0,M,Nashville,Silver,0,Produce,Value,2022-12-16,0,2022,15,0,1,0,2024-03
500887,8.0,15,0.46153846153846156,2,0.0,0.0,0.0,0.0,1.8461538461538463,0.0,0.0,0.0,40.30538461538462,1.1806137310298355,,0.0,3,,0.3566666666666667,0.0,0.0,0.0,0.0,0.0,0.15384615384615385,0.0,0.0,0.0,0.0,1,57.0,F,Denver,Gold,1,Dairy,Mainstream,2022-07-08,0,2022,20,0,1,0,2024-03
500888,0.0,15,1.0,1,2.0,3.0,1.5,1.5,3.2142857142857144,126.36666666666666,67.695,0.8540893320717181,134.9142857142857,0.5610717394788794,42.12222222222222,2.0,0,0.24,0.30428571428571427,1.0,-3.5,1.0,0.5,0.6666666666666666,0.9285714285714286,1.0,1.0,1.0,1.0,1,35.0,F,Tulsa,Platinum,0,Personal Care,Mainstream,2021-02-19,0,2021,37,1,0,0,2024-03
500889,0.0,15,0.9333333333333333,0,1.0,1.6666666666666667,3.3333333333333335,-1.6666666666666667,2.933333333333333,58.60666666666666,129.13000000000002,-0.5419452342529267,119.69733333333332,0.6195237995058918,35.164,0.6666666666666666,1,0.14,0.29642857142857143,0.3333333333333333,-1.0,0.0,0.0,0.0,0.7333333333333333,0.0,1.0,-1.0,0.0,1,24.0,F,Raleigh,Silver,0,Bakery,Mainstream,2022-09-14,0,2022,18,1,1,0,2024-03
500890,0.0,12,1.0,1,1.0,3.0,6.666666666666667,-3.666666666666667,4.7272727272727275,100.21,237.29999999999998,-0.5752832563994964,175.36090909090908,0.4914608188962132,33.403333333333336,1.6666666666666667,0,0.15,0.23636363636363636,2.3333333333333335,-1.0,1.6666666666666667,-0.33333333333333326,0.6666666666666666,0.7272727272727273,0.0,1.0,-1.0,0.0,0,70.0,F,Nashville,Silver,1,Frozen Foods,Mainstream,2023-03-17,0,2023,12,1,0,0,2024-03
500891,10.0,11,0.09090909090909091,0,0.0,0.0,0.0,0.0,0.09090909090909091,0.0,0.0,0.0,2.65,2.407960464230633,,0.0,3,,0.22,0.0,0.0,0.0,0.0,0.0,0.0,0.0,0.0,0.0,0.0,0,23.0,F,Columbus,Silver,1,Personal Care,Upscale,2023-04-22,0,2023,11,0,1,0,2024-03
500892,0.0,15,1.0,1,1.0,3.5,7.333333333333333,-3.833333333333333,6.357142857142857,81.565,217.74666666666667,-0.6225542484456906,180.98357142857142,0.4011257372049432,23.304285714285715,3.0,0,0.405,0.29571428571428576,3.0,2.0,1.5,0.16666666666666674,0.5,0.35714285714285715,0.0,0.0,0.0,0.0,1,37.0,M,Portland,Silver,1,Snacks,Mainstream,2022-11-26,0,2022,16,1,0,0,2024-03
500893,4.0,15,0.6666666666666666,0,0.0,0.0,2.0,-2.0,1.8666666666666667,0.0,75.32000000000001,-0.9868972746331237,73.562,0.9672361802746104,,0.0,3,,0.31199999999999994,0.0,-1.0,0.0,-2.3333333333333335,0.0,0.4,3.0,4.0,2.0,1.0,1,18.0,M,Madison,Silver,1,Beverages,Mainstream,2021-05-14,0,2021,34,0,1,0,2024-03
500894,12.0,13,0.07692307692307693,0,0.0,0.0,0.0,0.0,0.15384615384615385,0.0,0.0,0.0,4.083846153846154,2.8963340477286006,,0.0,3,,0.19,0.0,0.0,0.0,0.0,0.0,0.0,0.0,0.0,0.0,0.0,0,29.0,F,Boise,Silver,0,Frozen Foods,Value,2023-02-23,0,2023,13,0,1,0,2024-03
500895,1.0,8,0.75,0,0.0,0.3333333333333333,4.333333333333333,-3.9999999999999996,2.75,7.553333333333334,126.29333333333334,-0.9328061171048497,77.19,0.8365324401013072,22.66,0.0,2,0.26,0.19333333333333336,1.6666666666666667,0.0,0.0,-1.3333333333333333,0.0,0.25,2.0,2.0,2.0,0.0,0,55.0,F,Madison,Silver,1,Bakery,Mainstream,2023-07-19,0,2023,8,1,1,0,2024-03
500896,0.0,15,0.9285714285714286,1,2.0,2.0,1.0,1.0,2.5714285714285716,66.64,34.17,0.9232300255899913,86.22714285714287,0.618417956997963,33.32,2.0,1,0.24,0.24538461538461542,0.0,-1.0,2.6666666666666665,-1.3333333333333335,0.3333333333333333,0.5,0.0,0.0,0.0,0.0,0,20.0,M,Denver,Gold,1,Produce,Mainstream,2022-06-22,0,2022,21,1,0,0,2024-03
500897,7.0,15,0.6153846153846154,2,0.0,0.0,0.0,0.0,3.1538461538461537,0.0,0.0,0.0,105.78846153846153,0.933095057196112,,0.0,3,,0.29499999999999993,0.0,0.0,0.0,0.0,0.0,0.23076923076923078,0.0,2.0,-2.0,0.0,0,30.0,F,Columbus,Silver,0,Bakery,Value,2021-11-10,0,2021,28,0,1,0,2024-03
500898,0.0,15,0.9230769230769231,2,9.0,6.0,4.333333333333333,1.666666666666667,5.076923076923077,105.67999999999999,77.21,0.3640199462984273,87.6130769230769,0.5963535863943086,17.613333333333333,5.0,0,0.145,0.30833333333333335,3.0,-0.3333333333333335,0.5,-1.1666666666666667,0.5,0.3076923076923077,1.0,2.0,0.0,2.0,1,37.0,F,Spokane,Silver,1,Bakery,Mainstream,2021-04-19,0,2021,35,1,0,0,2024-03
500899,3.0,9,0.2222222222222222,0,0.0,0.0,0.3333333333333333,-0.3333333333333333,0.2222222222222222,0.0,14.186666666666667,-0.9341527655838455,9.66888888888889,1.7988738842178966,,0.0,3,,0.21000000000000002,0.3333333333333333,0.0,1.3333333333333333,-0.3333333333333335,0.3333333333333333,0.3333333333333333,1.0,3.0,-1.0,1.0,1,36.0,F,Denver,Gold,1,Beverages,Value,2023-06-09,0,2023,9,0,0,0,2024-03
500900,0.0,15,1.0,1,5.0,4.666666666666667,6.0,-1.333333333333333,4.428571428571429,186.80333333333337,265.145,-0.2943570860495843,184.14857142857142,0.44536844480370574,40.02928571428572,5.333333333333333,0,0.21666666666666665,0.3157142857142857,2.3333333333333335,-0.6666666666666665,0.6666666666666666,0.6666666666666666,1.0,0.42857142857142855,1.0,1.0,1.0,0.0,0,74.0,F,Spokane,Platinum,0,Frozen Foods,Value,2021-06-27,0,2021,33,1,0,0,2024-03
500901,0.0,15,1.0,0,5.0,4.0,4.666666666666667,-0.666666666666667,4.733333333333333,136.85666666666668,151.48666666666665,-0.09594281467232087,154.86533333333333,0.45460591297350217,34.21416666666667,2.3333333333333335,0,0.11,0.2486666666666667,2.6666666666666665,-0.3333333333333335,2.3333333333333335,1.0000000000000002,1.3333333333333333,0.8666666666666667,0.0,0.0,0.0,0.0,0,28.0,F,Tulsa,Silver,1,Household,Mainstream,2021-08-06,0,2021,31,1,0,0,2024-03
500902,12.0,13,0.07692307692307693,0,0.0,0.0,0.0,0.0,0.23076923076923078,0.0,0.0,0.0,9.98076923076923,3.277199845824537,,0.0,3,,0.06,0.0,0.0,0.0,0.0,0.0,0.0,0.0,0.0,0.0,0.0,0,30.0,M,Madison,Platinum,0,Frozen Foods,Upscale,2023-02-16,0,2023,13,0,1,0,2024-03
500903,4.0,11,0.6363636363636364,0,0.0,0.0,1.0,-1.0,1.9090909090909092,0.0,29.246666666666666,-0.966938505620454,53.97909090909091,0.9916473709331314,,0.0,3,,0.18142857142857144,0.0,0.0,0.0,0.0,0.0,0.6363636363636364,0.0,0.0,0.0,0.0,0,61.0,F,Nashville,Silver,0,Snacks,Mainstream,2023-04-06,0,2023,11,0,1,0,2024-03
500904,3.0,9,0.5555555555555556,0,0.0,0.0,1.3333333333333333,-1.3333333333333333,1.3333333333333333,0.0,32.03,-0.9697244928852559,31.077777777777776,1.024014448740223,,0.0,3,,0.31199999999999994,0.0,0.0,0.0,-0.3333333333333333,0.0,0.4444444444444444,0.0,2.0,-2.0,1.0,1,,F,Nashville,Silver,1,Household,Mainstream,2023-06-25,1,2023,9,0,1,0,2024-03
500905,8.0,11,0.18181818181818182,0,0.0,0.0,0.0,0.0,0.2727272727272727,0.0,0.0,0.0,6.206363636363637,2.0516186248187203,,0.0,3,,0.44999999999999996,0.0,0.0,0.0,0.0,0.0,0.18181818181818182,0.0,0.0,0.0,0.0,1,46.0,M,Columbus,Silver,1,Personal Care,Value,2023-04-27,0,2023,11,0,1,0,2024-03
500906,0.0,15,1.0,0,1.0,3.6666666666666665,11.666666666666666,-8.0,7.933333333333334,104.33,308.3966666666667,-0.659563235975393,210.642,0.5128189097450503,28.453636363636363,2.6666666666666665,0,0.38999999999999996,0.31933333333333336,1.6666666666666667,-2.666666666666666,0.0,-0.3333333333333333,1.0,0.9333333333333333,2.0,3.0,1.0,1.0,1,73.0,F,Nashville,Silver,0,Dairy,Value,2021-07-03,0,2021,32,1,1,0,2024-03
500907,0.0,10,1.0,0,7.0,4.666666666666667,3.6666666666666665,1.0000000000000004,4.8,231.27,177.42333333333332,0.3017916191828425,243.586,0.3498196378496773,49.557857142857145,3.3333333333333335,0,0.3333333333333333,0.315,2.0,0.33333333333333326,0.3333333333333333,-2.6666666666666665,0.0,0.7,0.0,0.0,0.0,0.0,0,29.0,F,Madison,Platinum,1,Household,Mainstream,2023-05-05,0,2023,10,1,0,0,2024-03
500908,0.0,15,0.9333333333333333,0,8.0,5.666666666666667,3.0,2.666666666666667,4.533333333333333,204.48000000000002,122.38999999999999,0.6652889213064271,169.22200000000004,0.6239455200757644,36.08470588235294,3.3333333333333335,0,0.36999999999999994,0.29857142857142854,3.6666666666666665,2.333333333333333,0.6666666666666666,-1.3333333333333335,1.3333333333333333,0.6666666666666666,0.0,0.0,0.0,0.0,0,18.0,F,Nashville,Platinum,0,Household,Upscale,2022-10-03,0,2022,17,1,0,0,2024-03
500909,0.0,15,1.0,2,10.0,9.0,3.3333333333333335,5.666666666666666,5.6923076923076925,294.61,106.26999999999998,1.755756502283957,188.70846153846153,0.46903151585114156,32.73444444444445,5.5,0,0.19999999999999998,0.26999999999999996,3.5,2.166666666666667,0.0,-0.6666666666666666,0.5,0.8461538461538461,0.0,1.0,-1.0,0.0,0,68.0,F,Denver,Silver,0,Bakery,Value,2021-05-05,0,2021,34,1,0,0,2024-03
500910,0.0,15,1.0,1,5.0,4.666666666666667,2.5,2.166666666666667,4.285714285714286,166.63666666666668,83.175,0.9915255915255918,145.6457142857143,0.38021633167894076,35.707857142857144,2.3333333333333335,0,0.09999999999999999,0.26071428571428573,2.6666666666666665,0.16666666666666652,0.6666666666666666,0.16666666666666663,0.3333333333333333,0.6428571428571429,0.0,1.0,-1.0,1.0,1,34.0,M,Nashville,Silver,0,Produce,Upscale,2022-02-20,0,2022,25,1,0,0,2024-03
500911,0.0,3,1.0,0,2.0,3.0,,,3.0,67.83333333333333,,,67.83333333333333,0.8133055942982143,22.611111111111107,3.0,0,0.27999999999999997,0.27999999999999997,2.0,,0.0,,0.3333333333333333,0.3333333333333333,1.0,1.0,,1.0,1,36.0,F,Denver,Silver,1,Produce,Mainstream,2023-12-02,0,2023,3,1,0,0,2024-03
500912,0.0,1,1.0,0,5.0,5.0,,,5.0,276.03,,,276.03,,55.205999999999996,0.0,0,0.33,0.33,2.0,,0.0,,0.0,0.0,0.0,0.0,,0.0,0,64.0,F,Columbus,Platinum,0,Dairy,Value,2024-02-07,0,2024,1,1,0,0,2024-03
500913,0.0,7,1.0,0,7.0,8.0,7.0,1.0,7.142857142857143,195.47,167.9333333333333,0.1630031570639307,173.0142857142857,0.2567391340250834,24.43375,3.0,0,0.2333333333333333,0.2785714285714286,4.0,0.0,0.3333333333333333,-1.0,1.0,0.7142857142857143,0.0,0.0,0.0,0.0,0,53.0,F,Austin,Silver,1,Frozen Foods,Mainstream,2023-08-15,0,2023,7,1,0,0,2024-03
500914,0.0,15,1.0,0,2.0,3.6666666666666665,3.3333333333333335,0.33333333333333304,4.2,93.04,81.65666666666668,0.13771827237165774,105.98466666666667,0.5119869095631094,25.374545454545455,1.0,0,0.37333333333333335,0.3046666666666667,3.6666666666666665,1.9999999999999998,1.0,1.0,0.6666666666666666,0.4666666666666667,0.0,0.0,0.0,0.0,0,23.0,F,Boise,Silver,0,Personal Care,Value,2021-07-24,0,2021,32,1,0,0,2024-03
500915,0.0,7,1.0,0,8.0,7.333333333333333,8.0,-0.666666666666667,8.142857142857142,307.0133333333333,306.2,0.002647569444444442,329.4585714285714,0.36017008527928884,41.86545454545455,3.3333333333333335,0,0.22666666666666666,0.2357142857142857,4.333333333333333,0.9999999999999996,0.0,-1.0,0.0,0.42857142857142855,1.0,1.0,1.0,0.0,0,68.0,M,Portland,Gold,0,Frozen Foods,Value,2023-08-11,0,2023,7,1,0,0,2024-03
500916,5.0,9,0.4444444444444444,0,0.0,0.0,1.0,-1.0,1.3333333333333333,0.0,35.88,-0.972885032537961,46.25666666666667,1.3012334449788352,,0.0,3,,0.3525,0.0,0.0,0.0,-0.3333333333333333,0.0,0.4444444444444444,0.0,3.0,-3.0,2.0,1,70.0,Unknown,Madison,Silver,1,Bakery,Mainstream,2023-05-02,0,2023,10,0,1,0,2024-03
500917,0.0,15,0.8666666666666667,0,3.0,3.0,1.6666666666666667,1.3333333333333333,2.933333333333333,77.23,46.27333333333333,0.6548441686645043,82.884,0.5795894177696833,25.743333333333332,1.3333333333333333,0,0.33,0.2853846153846154,0.6666666666666666,-1.3333333333333335,1.6666666666666667,0.6666666666666667,0.3333333333333333,0.6,0.0,0.0,0.0,0.0,0,18.0,F,Tulsa,Silver,1,Household,Mainstream,2022-08-10,0,2022,19,1,0,0,2024-03
500918,6.0,15,0.5333333333333333,0,0.0,0.0,0.0,0.0,1.5333333333333334,0.0,0.0,0.0,56.49133333333334,1.0534566587643142,,0.0,3,,0.2175,0.0,-0.3333333333333333,0.0,0.0,0.0,0.4,0.0,0.0,0.0,0.0,1,65.0,F,Raleigh,Platinum,0,Bakery,Mainstream,2022-10-02,0,2022,17,0,1,0,2024-03
500919,0.0,1,1.0,0,7.0,7.0,,,7.0,311.46,,,311.46,,44.49428571428571,4.0,0,0.5,0.5,1.0,,1.0,,0.0,0.0,0.0,0.0,,0.0,0,28.0,M,Columbus,Gold,1,Personal Care,Value,2024-02-04,0,2024,1,1,0,0,2024-03
500920,0.0,6,1.0,0,6.0,6.333333333333333,5.0,1.333333333333333,5.666666666666667,119.15333333333335,116.87333333333333,0.01934279735309102,118.01333333333334,0.527822505682589,18.81368421052632,3.0,0,0.17666666666666667,0.26666666666666666,4.333333333333333,3.333333333333333,1.0,0.0,1.0,0.6666666666666666,0.0,0.0,0.0,0.0,0,26.0,F,Madison,Silver,1,Snacks,Unknown,2023-09-14,0,2023,6,1,0,0,2024-03
500921,0.0,15,1.0,2,10.0,9.0,6.666666666666667,2.333333333333333,7.615384615384615,302.60999999999996,235.84,0.2819202837358552,259.4130769230769,0.37783807215950777,33.62333333333333,2.6666666666666665,0,0.26333333333333336,0.35307692307692307,4.333333333333333,2.666666666666666,0.6666666666666666,0.3333333333333333,1.3333333333333333,0.7692307692307693,0.0,0.0,0.0,0.0,0,61.0,M,Tulsa,Platinum,0,Frozen Foods,Value,2021-02-24,0,2021,37,1,0,0,2024-03
500922,0.0,15,1.0,1,2.0,3.3333333333333335,5.0,-1.6666666666666665,4.642857142857143,117.33999999999999,203.65,-0.42174444172978265,174.1242857142857,0.4855093037482697,35.202,1.3333333333333333,0,0.19666666666666666,0.3557142857142858,3.3333333333333335,-0.6666666666666665,0.0,-0.5,0.6666666666666666,0.42857142857142855,0.0,0.0,0.0,0.0,0,51.0,M,Columbus,Silver,0,Household,Mainstream,2022-12-28,0,2022,15,1,0,0,2024-03
500923,0.0,9,1.0,0,3.0,5.666666666666667,6.666666666666667,-1.0,5.222222222222222,151.01333333333335,193.61,-0.21888220886216875,148.1322222222222,0.5775117086136109,26.649411764705885,2.0,0,0.10666666666666667,0.28,0.3333333333333333,0.0,0.3333333333333333,-0.3333333333333333,0.6666666666666666,1.0,0.0,1.0,-1.0,0.0,0,42.0,F,Columbus,Silver,0,Beverages,Value,2023-06-12,0,2023,9,1,0,0,2024-03
500924,0.0,14,1.0,1,13.0,13.0,6.0,7.0,8.307692307692308,468.265,212.16,1.2014683805592044,313.90923076923076,0.5738440182049759,36.020384615384614,7.0,0,0.16,0.2753846153846154,5.0,1.0,2.5,1.5,0.0,0.3076923076923077,0.0,0.0,0.0,0.0,0,49.0,F,Madison,Platinum,1,Dairy,Mainstream,2021-09-07,0,2021,30,1,0,0,2024-03
500925,4.0,15,0.7333333333333333,0,0.0,0.0,2.0,-2.0,3.066666666666667,0.0,67.15333333333334,-0.9853272033649614,113.92800000000001,0.8164570698579373,,0.0,3,,0.2936363636363637,0.3333333333333333,-1.3333333333333335,0.0,-0.3333333333333333,0.0,0.6,1.0,1.0,1.0,0.0,0,29.0,M,Tulsa,Silver,0,Personal Care,Value,2022-11-04,0,2022,16,0,1,0,2024-03
500926,1.0,15,0.9333333333333333,0,0.0,2.6666666666666665,5.333333333333333,-2.6666666666666665,4.733333333333333,79.20666666666666,139.46666666666667,-0.4289985761746559,135.3953333333333,0.4231096023111998,29.7025,1.3333333333333333,1,0.475,0.3442857142857143,2.6666666666666665,0.9999999999999998,1.3333333333333333,-0.6666666666666667,0.3333333333333333,0.4666666666666667,2.0,2.0,2.0,0.0,1,57.0,F,Spokane,Gold,1,Personal Care,Mainstream,2021-09-07,0,2021,30,1,0,0,2024-03
500927,0.0,5,1.0,0,5.0,5.0,3.0,2.0,4.2,166.60333333333332,87.37,0.89660895477349,134.91000000000003,0.36450052048716935,33.32066666666667,2.3333333333333335,0,0.35000000000000003,0.28800000000000003,3.6666666666666665,1.6666666666666665,1.6666666666666667,1.1666666666666667,0.3333333333333333,0.4,0.0,0.0,0.0,0.0,0,38.0,F,Raleigh,Gold,1,Frozen Foods,Upscale,2023-10-29,0,2023,5,1,0,0,2024-03
500928,11.0,15,0.2,0,0.0,0.0,0.0,0.0,0.4,0.0,0.0,0.0,14.354666666666667,2.1192215779659143,,0.0,3,,0.3133333333333333,0.0,0.0,0.0,0.0,0.0,0.13333333333333333,0.0,0.0,0.0,0.0,1,35.0,F,Tulsa,Silver,1,Frozen Foods,Unknown,2022-10-26,0,2022,17,0,1,0,2024-03
500929,0.0,15,0.8666666666666667,0,4.0,2.0,3.6666666666666665,-1.6666666666666665,2.1333333333333333,79.26666666666667,131.24666666666667,-0.39305338508847104,79.45333333333333,0.7092352869728414,39.63333333333333,2.0,1,0.32,0.2723076923076923,0.6666666666666666,0.6666666666666666,0.6666666666666666,-1.3333333333333335,0.6666666666666666,0.4666666666666667,1.0,1.0,1.0,0.0,1,49.0,M,Boise,Platinum,1,Beverages,Mainstream,2021-09-28,0,2021,30,1,0,0,2024-03
500930,0.0,15,0.9285714285714286,1,3.0,3.0,3.3333333333333335,-0.3333333333333335,2.857142857142857,122.065,131.37,-0.07029538415048732,109.80214285714287,0.5212118129267969,40.68833333333333,2.5,0,0.42000000000000004,0.27153846153846156,1.0,-0.6666666666666667,0.0,-2.0,2.0,0.6428571428571429,0.0,2.0,-2.0,1.0,1,39.0,M,Spokane,Silver,1,Bakery,Value,2021-11-16,0,2021,28,1,0,0,2024-03
500931,0.0,15,0.5333333333333333,0,1.0,1.6666666666666667,1.3333333333333333,0.3333333333333335,1.0,38.22666666666667,34.916666666666664,0.09215777262180981,25.305999999999997,1.1866393075525248,22.936,1.0,1,0.395,0.365,2.3333333333333335,0.3333333333333335,1.3333333333333333,0.33333333333333326,1.3333333333333333,0.6,0.0,0.0,0.0,0.0,0,21.0,M,Columbus,Silver,1,Snacks,Mainstream,2022-03-03,0,2022,24,1,0,0,2024-03
500932,0.0,15,1.0,1,3.0,4.0,2.5,1.5,3.2142857142857144,109.28666666666668,63.215,0.7174595759038647,88.01142857142858,0.5498670876335138,27.32166666666667,2.0,0,0.3333333333333333,0.2657142857142857,0.3333333333333333,-0.6666666666666667,1.3333333333333333,-0.6666666666666667,0.0,0.5,0.0,0.0,0.0,0.0,0,31.0,M,Boise,Silver,1,Snacks,Mainstream,2022-11-14,0,2022,16,1,0,0,2024-03
500933,11.0,15,0.26666666666666666,0,0.0,0.0,0.0,0.0,0.4666666666666667,0.0,0.0,0.0,7.8340000000000005,1.7122002078330698,,0.0,3,,0.335,0.0,0.0,0.0,0.0,0.0,0.13333333333333333,0.0,0.0,0.0,0.0,0,73.0,F,Nashville,Silver,1,Household,Mainstream,2021-09-11,0,2021,30,0,1,0,2024-03
500934,0.0,13,1.0,0,5.0,4.333333333333333,5.333333333333333,-1.0,4.3076923076923075,146.45000000000002,170.97000000000003,-0.14258300866430196,145.6376923076923,0.4961151691172607,33.79615384615385,2.3333333333333335,0,0.4166666666666667,0.24307692307692308,1.6666666666666667,-0.33333333333333326,0.0,0.0,1.0,0.46153846153846156,0.0,0.0,0.0,0.0,1,34.0,Other,Tulsa,Platinum,0,Personal Care,Upscale,2023-02-21,0,2023,13,1,0,0,2024-03
500936,14.0,15,0.06666666666666667,0,0.0,0.0,0.0,0.0,0.13333333333333333,0.0,0.0,0.0,2.758,2.842386394050041,,0.0,3,,0.28,0.0,0.0,0.0,0.0,0.0,0.0,0.0,0.0,0.0,0.0,0,28.0,M,Nashville,Silver,1,Beverages,Value,2022-08-03,0,2022,19,0,1,0,2024-03
500937,5.0,10,0.5,0,0.0,0.0,0.6666666666666666,-0.6666666666666666,1.6,0.0,22.86,-0.9580888516345348,46.82299999999999,1.0555304584515377,,0.0,3,,0.196,0.0,-0.3333333333333333,0.0,0.0,0.0,0.1,0.0,1.0,-1.0,1.0,1,20.0,M,Spokane,Gold,0,Produce,Value,2023-05-16,0,2023,10,0,1,0,2024-03
500938,0.0,6,1.0,0,7.0,7.0,8.666666666666666,-1.666666666666666,7.833333333333333,244.01,274.15333333333336,-0.10955103820899875,259.08166666666665,0.39940244515140017,34.85857142857143,2.3333333333333335,0,0.23,0.2833333333333334,3.6666666666666665,-0.3333333333333335,0.3333333333333333,0.0,0.3333333333333333,0.3333333333333333,0.0,2.0,-2.0,1.0,1,69.0,M,Denver,Gold,0,Household,Upscale,2023-09-10,0,2023,6,1,0,0,2024-03
500939,0.0,15,1.0,0,6.0,4.333333333333333,6.666666666666667,-2.333333333333334,4.4,119.13,190.33,-0.37213191867454143,122.41866666666667,0.4487574420422886,27.49153846153846,2.6666666666666665,0,0.39333333333333337,0.3086666666666667,3.0,1.3333333333333333,0.0,-0.6666666666666666,0.0,0.3333333333333333,0.0,2.0,-2.0,0.0,0,51.0,M,Austin,Gold,0,Snacks,Mainstream,2022-08-19,0,2022,19,1,0,0,2024-03
500940,0.0,11,1.0,0,9.0,8.666666666666666,5.333333333333333,3.333333333333333,7.363636363636363,196.6966666666667,123.86333333333334,0.5833044128246884,178.13727272727272,0.35299375802973515,22.695769230769233,2.6666666666666665,0,0.47333333333333333,0.34909090909090906,1.0,-2.0,2.3333333333333335,1.3333333333333335,1.3333333333333333,0.9090909090909091,0.0,0.0,0.0,0.0,0,68.0,F,Austin,Silver,1,Dairy,Mainstream,2023-04-28,0,2023,11,1,0,0,2024-03
500941,6.0,15,0.5,1,0.0,0.0,0.0,0.0,1.5714285714285714,0.0,0.0,0.0,53.34285714285715,1.3683560589349875,,0.0,3,,0.3171428571428571,0.0,0.0,0.0,0.0,0.0,0.5714285714285714,0.0,0.0,0.0,0.0,0,65.0,F,Madison,Silver,1,Household,Mainstream,2022-09-06,0,2022,18,0,1,0,2024-03
500942,0.0,15,1.0,0,4.0,3.0,4.666666666666667,-1.666666666666667,4.6,91.91000000000001,157.06000000000003,-0.41218524610907253,152.35933333333332,0.6276795720806315,30.63666666666667,3.6666666666666665,0,0.4033333333333333,0.31133333333333335,3.6666666666666665,1.9999999999999998,1.6666666666666667,0.3333333333333335,0.6666666666666666,0.5333333333333333,1.0,2.0,0.0,0.0,1,38.0,Unknown,Madison,Gold,1,Personal Care,Mainstream,2022-01-27,0,2022,26,1,0,0,2024-03
500943,0.0,15,0.9285714285714286,1,5.0,5.0,1.3333333333333333,3.666666666666667,3.0714285714285716,176.9433333333333,50.453333333333326,2.458344130603783,108.99142857142854,0.5995618864955775,35.38866666666666,3.0,0,0.4033333333333334,0.32000000000000006,1.0,-0.33333333333333326,1.0,0.6666666666666667,1.6666666666666667,0.6428571428571429,1.0,2.0,0.0,0.0,1,45.0,M,Raleigh,Gold,0,Personal Care,Value,2021-10-07,0,2021,29,1,0,0,2024-03
500944,8.0,14,0.42857142857142855,0,0.0,0.0,0.0,0.0,1.5,0.0,0.0,0.0,52.46285714285715,1.4047174313236408,,0.0,3,,0.42333333333333334,0.0,0.0,0.0,0.0,0.0,0.0,0.0,0.0,0.0,0.0,0,57.0,Other,Austin,Silver,0,Personal Care,Upscale,2021-11-13,0,2021,28,0,1,0,2024-03
500945,3.0,15,0.7857142857142857,1,0.0,0.0,4.333333333333333,-4.333333333333333,4.071428571428571,0.0,141.98333333333332,-0.9930061778762094,126.63428571428571,0.7462787195738765,,0.0,3,,0.24727272727272726,0.0,-1.6666666666666667,0.0,-1.0,0.0,0.42857142857142855,1.0,1.0,1.0,0.0,1,62.0,M,Spokane,Silver,1,Personal Care,Value,2022-09-13,0,2022,18,0,1,0,2024-03
500946,0.0,1,1.0,0,2.0,2.0,,,2.0,43.24,,,43.24,,21.62,0.0,0,0.75,0.75,0.0,,2.0,,0.0,0.0,2.0,2.0,,0.0,0,45.0,F,Tulsa,Silver,0,Personal Care,Mainstream,2024-02-26,0,2024,1,1,0,0,2024-03
500947,0.0,5,1.0,0,2.0,3.3333333333333335,5.0,-1.6666666666666665,4.0,80.57666666666667,131.57,-0.38465213346408184,100.974,0.47732807840079583,24.173000000000002,2.6666666666666665,0,0.26999999999999996,0.246,2.0,1.0,0.6666666666666666,-4.333333333333333,1.0,0.8,1.0,1.0,1.0,0.0,0,20.0,F,Nashville,Silver,1,Dairy,Value,2023-10-04,0,2023,5,1,0,0,2024-03
500948,6.0,15,0.6,0,0.0,0.0,0.0,0.0,1.8666666666666667,0.0,0.0,0.0,95.34866666666667,1.1746733212112679,,0.0,3,,0.30000000000000004,0.0,0.0,0.0,0.0,0.0,0.6,0.0,3.0,-3.0,0.0,1,34.0,F,Austin,Platinum,0,Frozen Foods,Mainstream,2021-12-27,0,2021,27,0,1,0,2024-03
500949,1.0,15,0.8666666666666667,0,0.0,2.3333333333333335,5.666666666666667,-3.3333333333333335,4.0,60.17000000000001,165.17,-0.6318830113738941,111.22266666666665,0.5966302662796493,25.78714285714286,1.6666666666666667,1,0.125,0.2930769230769231,3.6666666666666665,0.33333333333333304,0.0,-0.3333333333333333,0.6666666666666666,0.4,1.0,1.0,1.0,1.0,1,35.0,F,Raleigh,Silver,0,Snacks,Unknown,2022-06-06,0,2022,21,1,0,0,2024-03
500950,1.0,15,0.8,0,0.0,0.3333333333333333,2.3333333333333335,-2.0,2.2,9.613333333333333,70.36,-0.8512705530642751,70.80133333333333,0.742853489387546,28.84,0.0,2,0.25,0.27416666666666667,0.3333333333333333,-1.0,1.0,0.0,0.0,0.2,2.0,2.0,2.0,1.0,1,37.0,F,Boise,Gold,1,Snacks,Mainstream,2021-09-19,0,2021,30,1,1,0,2024-03
500951,9.0,15,0.35714285714285715,1,0.0,0.0,0.0,0.0,1.2142857142857142,0.0,0.0,0.0,45.16857142857143,1.5457320310016962,,0.0,3,,0.242,0.0,0.0,0.0,0.0,0.0,0.14285714285714285,0.0,0.0,0.0,0.0,0,51.0,F,Columbus,Gold,1,Bakery,Value,2022-10-06,0,2022,17,0,1,0,2024-03
500952,0.0,15,1.0,0,9.0,5.333333333333333,3.0,2.333333333333333,3.2,152.69666666666666,83.30333333333333,0.8231386659285912,90.95733333333334,0.5961043973862191,28.630625,2.3333333333333335,0,0.3333333333333333,0.25933333333333336,1.6666666666666667,-0.9999999999999998,0.6666666666666666,0.0,0.0,0.5333333333333333,0.0,1.0,-1.0,1.0,1,73.0,M,Spokane,Silver,0,Beverages,Value,2022-11-29,0,2022,16,1,0,0,2024-03
500953,0.0,8,1.0,0,6.0,3.6666666666666665,2.0,1.6666666666666665,3.0,117.28000000000002,63.953333333333326,0.8209996920866268,97.69624999999999,0.44448145988691,31.985454545454548,2.0,0,0.3566666666666667,0.3175,1.6666666666666667,1.3333333333333335,0.3333333333333333,-1.0,0.3333333333333333,0.875,1.0,2.0,0.0,0.0,0,26.0,M,Boise,Silver,1,Snacks,Value,2023-07-21,0,2023,8,1,0,0,2024-03
500955,1.0,4,0.25,0,0.0,0.6666666666666666,0.0,0.6666666666666666,0.5,20.083333333333332,0.0,20.083333333333332,15.0625,1.8754863813229572,30.125,0.6666666666666666,2,0.63,0.63,1.3333333333333333,1.3333333333333333,1.3333333333333333,-1.6666666666666667,0.6666666666666666,0.5,0.0,0.0,0.0,0.0,0,33.0,F,Raleigh,Silver,1,Snacks,Mainstream,2023-11-17,0,2023,4,1,1,0,2024-03
500956,0.0,15,1.0,0,7.0,6.666666666666667,4.333333333333333,2.333333333333334,7.133333333333334,242.15666666666667,155.3,0.555704841117509,269.5206666666667,0.36678223961565815,36.3235,1.6666666666666667,0,0.2833333333333334,0.30066666666666664,4.666666666666667,0.3333333333333339,0.0,0.0,0.3333333333333333,0.4,0.0,1.0,-1.0,0.0,0,,F,Denver,Gold,0,Household,Value,2022-02-23,1,2022,25,1,0,0,2024-03
500957,0.0,15,1.0,1,6.0,5.333333333333333,5.333333333333333,0.0,4.714285714285714,223.43999999999997,215.47666666666666,0.03678610473800091,196.0885714285714,0.502809888565043,41.894999999999996,3.6666666666666665,0,0.31333333333333335,0.2842857142857143,2.0,0.0,1.0,1.0,0.6666666666666666,0.42857142857142855,0.0,0.0,0.0,0.0,0,64.0,M,Austin,Platinum,1,Personal Care,Mainstream,2022-06-24,0,2022,21,1,0,0,2024-03
500958,2.0,8,0.7142857142857143,1,0.0,0.6666666666666666,4.5,-3.8333333333333335,4.142857142857143,28.626666666666665,193.69,-0.8478264591572928,198.3814285714286,0.9856469817548379,42.94,0.3333333333333333,2,0.34,0.20800000000000002,0.6666666666666666,-1.3333333333333335,0.6666666666666666,-0.33333333333333337,0.6666666666666666,0.42857142857142855,0.0,0.0,0.0,0.0,0,71.0,M,Boise,Platinum,1,Beverages,Upscale,2023-07-19,0,2023,8,1,1,0,2024-03
500959,0.0,12,1.0,0,6.0,7.0,6.666666666666667,0.33333333333333304,6.916666666666667,202.85999999999999,171.65333333333334,0.1807475480732102,196.6625,0.2384071371754026,28.979999999999997,3.3333333333333335,0,0.1366666666666667,0.2533333333333333,3.3333333333333335,-2.9999999999999996,0.6666666666666666,-1.0,0.0,1.0833333333333333,1.0,1.0,1.0,0.0,0,46.0,F,Denver,Gold,1,Personal Care,Mainstream,2023-03-05,0,2023,12,1,0,0,2024-03
500960,0.0,15,1.0,0,7.0,4.666666666666667,5.666666666666667,-1.0,5.2,140.46666666666667,157.88666666666668,-0.10963789703352503,149.61333333333332,0.4666153842415861,30.099999999999998,3.6666666666666665,0,0.3433333333333333,0.3140000000000001,5.333333333333333,1.6666666666666665,2.0,0.6666666666666667,0.3333333333333333,1.0666666666666667,2.0,3.0,1.0,0.0,1,34.0,M,Nashville,Silver,1,Produce,Value,2022-04-11,0,2022,23,1,0,0,2024-03
500961,0.0,13,0.9230769230769231,0,4.0,2.0,2.0,0.0,2.5384615384615383,53.626666666666665,50.06,0.0698524611568089,65.49846153846156,0.7361826557296253,26.813333333333333,2.0,0,0.37666666666666665,0.32333333333333336,1.3333333333333333,0.33333333333333326,1.0,-1.0,0.3333333333333333,0.23076923076923078,0.0,0.0,0.0,0.0,0,30.0,F,Austin,Silver,1,Dairy,Mainstream,2023-02-10,0,2023,13,1,0,0,2024-03
500962,8.0,13,0.38461538461538464,0,0.0,0.0,0.0,0.0,1.3076923076923077,0.0,0.0,0.0,33.18692307692308,1.8086964748752652,,0.0,3,,0.344,0.0,0.0,0.0,0.0,0.0,0.0,0.0,0.0,0.0,0.0,1,64.0,F,Madison,Gold,0,Bakery,Upscale,2023-02-17,0,2023,13,0,1,0,2024-03
500963,0.0,9,1.0,1,3.0,5.0,5.5,-0.5,5.625,105.60666666666667,127.78999999999999,-0.17224422185987517,125.055,0.2916810160268516,21.121333333333332,3.6666666666666665,0,0.3,0.23,2.6666666666666665,0.6666666666666665,0.6666666666666666,-2.3333333333333335,0.0,0.75,0.0,0.0,0.0,0.0,0,20.0,M,Madison,Silver,1,Produce,Value,2023-06-21,0,2023,9,1,0,0,2024-03
500964,0.0,15,1.0,0,10.0,6.666666666666667,10.666666666666666,-3.999999999999999,7.133333333333334,322.16333333333336,543.9333333333333,-0.406967213114754,340.2839999999999,0.49896231910750793,48.3245,1.6666666666666667,0,0.31666666666666665,0.2466666666666667,5.0,1.0,2.0,0.6666666666666667,1.3333333333333333,0.6,0.0,0.0,0.0,0.0,0,24.0,M,Austin,Gold,1,Snacks,Value,2022-04-18,0,2022,23,1,0,0,2024-03
500965,4.0,15,0.35714285714285715,1,0.0,0.0,0.6666666666666666,-0.6666666666666666,0.42857142857142855,0.0,20.21,-0.9528524280999529,12.357857142857142,1.4249456076865217,,0.0,2,,0.27599999999999997,0.5,-0.5,1.0,-0.6666666666666667,1.5,0.7142857142857143,0.0,1.0,-1.0,0.0,0,21.0,M,Nashville,Gold,1,Frozen Foods,Upscale,2021-06-26,0,2021,33,0,0,0,2024-03
500966,0.0,8,1.0,0,1.0,3.0,3.3333333333333335,-0.3333333333333335,3.625,81.55333333333333,89.45,-0.0873042196425282,100.60875,0.5403124679791409,27.18444444444444,1.6666666666666667,0,0.33666666666666667,0.3225,2.0,-0.3333333333333335,1.3333333333333333,-1.0000000000000002,0.0,0.5,0.0,0.0,0.0,0.0,0,59.0,F,Columbus,Silver,1,Personal Care,Mainstream,2023-07-05,0,2023,8,1,0,0,2024-03
500967,0.0,10,1.0,0,5.0,7.333333333333333,6.0,1.333333333333333,6.5,195.21333333333337,146.23333333333335,0.332669232510754,167.781,0.2739866844743015,26.620000000000005,5.0,0,0.2233333333333333,0.263,1.6666666666666667,-2.666666666666666,0.3333333333333333,0.0,1.0,0.8,0.0,0.0,0.0,0.0,0,66.0,F,Denver,Gold,0,Snacks,Mainstream,2023-05-28,0,2023,10,1,0,0,2024-03
500968,5.0,15,0.6666666666666666,0,0.0,0.0,1.0,-1.0,1.8666666666666667,0.0,25.94333333333333,-0.9628850674254609,46.008,0.8178059382206018,,0.0,3,,0.24900000000000003,0.0,0.0,0.0,0.0,0.0,0.3333333333333333,0.0,0.0,0.0,0.0,1,63.0,F,Spokane,Silver,1,Frozen Foods,Mainstream,2022-10-23,0,2022,17,0,1,0,2024-03
500969,0.0,6,1.0,0,5.0,4.666666666666667,4.333333333333333,0.3333333333333339,4.5,121.55666666666666,102.05666666666667,0.1892162887731667,111.80666666666666,0.43812749132441026,26.04785714285714,2.0,0,0.3233333333333333,0.3766666666666667,1.0,-0.6666666666666667,1.3333333333333333,1.0,0.0,0.3333333333333333,1.0,1.0,1.0,0.0,0,33.0,Other,Boise,Silver,1,Bakery,Value,2023-09-23,0,2023,6,1,0,0,2024-03
500970,10.0,15,0.3333333333333333,0,0.0,0.0,0.0,0.0,0.8,0.0,0.0,0.0,24.543999999999997,1.8262824894650391,,0.0,3,,0.376,0.0,0.0,0.0,0.0,0.0,0.13333333333333333,0.0,0.0,0.0,0.0,0,65.0,M,Madison,Platinum,1,Frozen Foods,Value,2022-08-28,0,2022,19,0,1,0,2024-03
500971,13.0,15,0.13333333333333333,0,0.0,0.0,0.0,0.0,0.2,0.0,0.0,0.0,5.308000000000001,2.4256829098708046,,0.0,3,,0.49,0.0,0.0,0.0,0.0,0.0,0.06666666666666667,0.0,0.0,0.0,0.0,0,18.0,M,Portland,Gold,0,Snacks,Mainstream,2021-07-02,0,2021,32,0,1,0,2024-03
500972,10.0,15,0.2,0,0.0,0.0,0.0,0.0,0.2,0.0,0.0,0.0,6.396666666666666,1.7945870913299569,,0.0,3,,0.22333333333333338,0.0,0.0,0.0,0.0,0.0,0.06666666666666667,0.0,0.0,0.0,0.0,0,73.0,F,Spokane,Gold,1,Snacks,Upscale,2022-04-25,0,2022,23,0,1,0,2024-03
500973,0.0,5,1.0,0,1.0,1.3333333333333333,5.5,-4.166666666666667,3.0,44.370000000000005,194.335,-0.7677323572324468,104.356,1.013049180137669,33.2775,1.3333333333333333,0,0.2733333333333334,0.22799999999999998,1.0,-0.5,1.6666666666666667,-0.8333333333333333,0.6666666666666666,0.4,0.0,0.0,0.0,0.0,0,52.0,Other,Denver,Platinum,1,Produce,Mainstream,2023-10-23,0,2023,5,1,0,0,2024-03
500974,0.0,5,1.0,0,8.0,8.0,8.5,-0.5,8.2,210.89000000000001,208.435,0.011722013990020829,209.908,0.23137690588029236,26.361250000000002,4.666666666666667,0,0.25,0.27399999999999997,3.3333333333333335,-0.16666666666666652,0.3333333333333333,0.3333333333333333,0.0,0.2,0.0,0.0,0.0,0.0,0,58.0,F,Raleigh,Silver,0,Frozen Foods,Mainstream,2023-09-08,0,2023,6,1,0,0,2024-03
500975,0.0,1,1.0,0,4.0,4.0,,,4.0,143.33,,,143.33,,35.8325,1.0,0,0.34,0.34,1.0,,0.0,,0.0,0.0,0.0,0.0,,0.0,0,,M,Austin,Gold,1,Beverages,Mainstream,2024-02-03,1,2024,1,1,0,0,2024-03
500976,0.0,15,0.9285714285714286,1,8.0,5.333333333333333,4.0,1.333333333333333,3.642857142857143,156.29999999999998,125.50666666666666,0.24341273187183804,113.01357142857144,0.5564951560498526,29.30625,2.0,0,0.42333333333333334,0.3015384615384616,1.3333333333333333,-0.6666666666666667,1.3333333333333333,1.0,0.0,0.5714285714285714,0.0,0.0,0.0,0.0,1,73.0,M,Tulsa,Silver,1,Snacks,Upscale,2021-04-03,0,2021,35,1,0,0,2024-03
500977,6.0,12,0.5,0,0.0,0.0,0.0,0.0,1.4166666666666667,0.0,0.0,0.0,31.578333333333333,1.4587755859543299,,0.0,3,,0.36166666666666664,0.0,0.0,0.0,0.0,0.0,0.16666666666666666,0.0,0.0,0.0,0.0,0,40.0,M,Tulsa,Silver,1,Beverages,Value,2023-03-25,0,2023,12,0,1,0,2024-03
500978,0.0,10,1.0,0,9.0,8.666666666666666,9.333333333333334,-0.6666666666666679,9.5,163.88333333333333,171.50333333333333,-0.04417305945778828,173.926,0.3395542705220103,18.909615384615385,3.6666666666666665,0,0.32,0.262,7.0,2.666666666666667,0.3333333333333333,0.0,0.6666666666666666,0.8,1.0,3.0,-1.0,1.0,1,33.0,M,Spokane,Silver,0,Bakery,Upscale,2023-05-30,0,2023,10,1,0,0,2024-03
500979,0.0,15,1.0,0,3.0,5.333333333333333,5.333333333333333,0.0,5.8,181.11333333333332,174.51333333333332,0.03760398070421997,191.91400000000002,0.31372276510108027,33.958749999999995,4.333333333333333,0,0.49666666666666676,0.30733333333333335,1.0,-1.0,0.6666666666666666,-1.0,0.0,0.4,0.0,0.0,0.0,0.0,0,66.0,F,Boise,Silver,1,Frozen Foods,Value,2021-08-02,0,2021,31,1,0,0,2024-03
500980,0.0,10,1.0,0,9.0,7.666666666666667,6.333333333333333,1.333333333333334,6.8,329.9033333333333,294.3433333333333,0.12040224371635273,300.21000000000004,0.29806371646046353,43.03086956521739,3.3333333333333335,0,0.18333333333333335,0.20600000000000002,2.6666666666666665,0.9999999999999998,0.0,-0.3333333333333333,0.0,0.1,0.0,0.0,0.0,0.0,0,47.0,F,Tulsa,Gold,0,Frozen Foods,Mainstream,2023-05-10,0,2023,10,1,0,0,2024-03
500981,0.0,7,1.0,0,1.0,1.3333333333333333,2.6666666666666665,-1.3333333333333333,2.142857142857143,42.73333333333333,80.64666666666668,-0.4643586184371684,64.43428571428572,0.36612907837678954,32.05,0.3333333333333333,0,0.48666666666666664,0.4328571428571429,1.3333333333333333,0.0,0.3333333333333333,-0.6666666666666667,0.0,0.14285714285714285,1.0,1.0,1.0,0.0,0,25.0,Unknown,Portland,Gold,1,Frozen Foods,Value,2023-08-04,0,2023,7,1,1,0,2024-03
500982,0.0,8,1.0,0,7.0,4.333333333333333,4.0,0.33333333333333304,4.125,136.73333333333335,116.10333333333334,0.17616919529760047,120.95,0.4578568825908606,31.55384615384616,2.6666666666666665,0,0.2733333333333334,0.33999999999999997,3.0,1.3333333333333333,0.0,0.0,0.3333333333333333,0.875,0.0,0.0,0.0,0.0,0,30.0,M,Denver,Gold,0,Produce,Value,2023-07-08,0,2023,8,1,0,0,2024-03
500983,11.0,14,0.21428571428571427,0,0.0,0.0,0.0,0.0,0.21428571428571427,0.0,0.0,0.0,6.661428571428572,1.7412305654060487,,0.0,3,,0.32333333333333336,0.0,0.0,0.0,0.0,0.0,0.07142857142857142,0.0,0.0,0.0,0.0,0,38.0,F,Spokane,Silver,1,Household,Upscale,2023-01-25,0,2023,14,0,1,0,2024-03
500984,0.0,1,1.0,0,7.0,7.0,,,7.0,202.26,,,202.26,,28.89428571428571,2.0,0,0.6,0.6,3.0,,0.0,,0.0,0.0,0.0,0.0,,0.0,0,22.0,F,Austin,Gold,0,Snacks,Upscale,2024-02-14,0,2024,1,1,0,0,2024-03
500985,0.0,15,0.8666666666666667,0,1.0,0.3333333333333333,3.6666666666666665,-3.333333333333333,2.466666666666667,9.546666666666667,110.69000000000001,-0.9055719700361119,71.652,0.6935228449349046,28.64,0.3333333333333333,2,0.43,0.3638461538461539,0.0,-1.3333333333333333,0.3333333333333333,-0.3333333333333333,0.3333333333333333,0.4666666666666667,2.0,2.0,2.0,0.0,1,46.0,M,Austin,Silver,0,Dairy,Value,2022-04-14,0,2022,23,1,1,0,2024-03
500986,0.0,15,1.0,1,5.0,6.0,5.0,1.0,6.071428571428571,81.67,62.38,0.3043546860208267,79.27428571428571,0.30530318562153486,13.611666666666666,3.0,0,0.18,0.28214285714285714,3.0,1.0,1.5,-0.16666666666666674,0.5,0.42857142857142855,1.0,1.0,1.0,0.0,0,43.0,M,Denver,Silver,1,Personal Care,Upscale,2022-12-25,0,2022,15,1,0,0,2024-03
500987,11.0,15,0.26666666666666666,0,0.0,0.0,0.0,0.0,1.0666666666666667,0.0,0.0,0.0,32.208,1.9669059896333132,,0.0,3,,0.30000000000000004,0.0,0.0,0.0,0.0,0.0,0.06666666666666667,0.0,0.0,0.0,0.0,1,54.0,M,Madison,Gold,0,Frozen Foods,Mainstream,2021-03-24,0,2021,36,0,1,0,2024-03
500988,5.0,15,0.6666666666666666,0,0.0,0.0,1.0,-1.0,3.2,0.0,16.393333333333334,-0.9425067075507857,49.74333333333334,0.9780869179896833,,0.0,3,,0.24800000000000005,0.0,0.0,0.0,-0.3333333333333333,0.0,0.2,0.0,0.0,0.0,0.0,0,59.0,F,Austin,Silver,1,Household,Mainstream,2021-11-11,0,2021,28,0,1,0,2024-03
500989,1.0,13,0.9166666666666666,1,0.0,1.0,4.333333333333333,-3.333333333333333,3.5,52.53666666666666,175.15333333333334,-0.6960791734473755,163.245,0.7735263233062291,52.53666666666666,0.0,1,0.325,0.27545454545454545,0.0,-1.3333333333333333,0.3333333333333333,-1.6666666666666667,0.3333333333333333,0.5833333333333334,4.0,4.0,4.0,0.0,0,25.0,M,Columbus,Platinum,1,Beverages,Mainstream,2023-02-08,0,2023,13,1,1,0,2024-03
500991,11.0,15,0.26666666666666666,0,0.0,0.0,0.0,0.0,0.5333333333333333,0.0,0.0,0.0,10.290666666666665,1.6569326961727133,,0.0,3,,0.235,0.0,0.0,0.0,0.0,0.0,0.13333333333333333,0.0,0.0,0.0,0.0,1,64.0,M,Madison,Silver,1,Household,Mainstream,2021-10-02,0,2021,29,0,1,0,2024-03
500992,0.0,6,1.0,0,3.0,3.6666666666666665,5.0,-1.3333333333333335,4.333333333333333,104.12666666666667,125.58,-0.16948438405224628,114.85333333333334,0.5491414996434969,28.39818181818182,2.3333333333333335,0,0.25,0.3066666666666667,2.0,0.6666666666666667,2.0,0.6666666666666667,0.3333333333333333,0.6666666666666666,0.0,0.0,0.0,0.0,0,18.0,M,Portland,Gold,1,Beverages,Mainstream,2023-09-17,0,2023,6,1,0,0,2024-03
500993,0.0,5,1.0,1,3.0,3.0,3.0,0.0,3.0,101.16,96.35,0.049409347714432485,98.755,0.09283895580750373,33.72,0.5,0,0.275,0.3275,2.5,-0.5,0.5,0.0,1.0,0.75,0.0,0.0,0.0,0.0,0,61.0,M,Tulsa,Gold,0,Beverages,Mainstream,2023-10-29,0,2023,5,1,0,0,2024-03
500996,0.0,11,1.0,0,2.0,1.6666666666666667,5.333333333333333,-3.666666666666666,3.8181818181818183,21.570000000000004,69.17666666666668,-0.6783831282952548,50.30181818181818,0.7326450397220968,12.942000000000002,1.0,0,0.32,0.3645454545454545,0.6666666666666666,-2.0,0.3333333333333333,0.0,0.3333333333333333,0.6363636363636364,5.0,5.0,5.0,1.0,1,32.0,F,Madison,Silver,0,Dairy,Value,2023-04-22,0,2023,11,1,1,0,2024-03
500999,0.0,12,1.0,0,3.0,3.6666666666666665,4.666666666666667,-1.0000000000000004,4.666666666666667,132.01333333333335,177.29,-0.2539495578364835,173.41333333333333,0.49825122021253276,36.00363636363637,2.0,0,0.21333333333333335,0.24666666666666667,0.3333333333333333,-1.0,0.3333333333333333,0.0,0.6666666666666666,0.5,0.0,1.0,-1.0,0.0,0,29.0,Other,Columbus,Gold,0,Personal Care,Mainstream,2023-02-15,0,2023,13,1,0,0,2024-03
501000,0.0,15,1.0,1,2.0,3.0,4.666666666666667,-1.666666666666667,4.714285714285714,125.87666666666667,189.83666666666667,-0.33515571780405584,203.13714285714286,0.5421075320394301,41.958888888888886,2.0,0,0.24,0.2735714285714285,1.6666666666666667,-0.33333333333333326,0.3333333333333333,-1.0,1.6666666666666667,0.9285714285714286,1.0,1.0,1.0,0.0,1,65.0,Unknown,Austin,Gold,0,Beverages,Value,2022-10-09,0,2022,17,1,0,0,2024-03
501001,9.0,15,0.3333333333333333,0,0.0,0.0,0.0,0.0,0.6666666666666666,0.0,0.0,0.0,19.957333333333334,1.7927560644313438,,0.0,3,,0.238,0.0,0.0,0.0,0.0,0.0,0.2,0.0,0.0,0.0,0.0,0,52.0,F,Austin,Silver,1,Personal Care,Upscale,2021-11-17,0,2021,28,0,1,0,2024-03
501002,0.0,15,1.0,1,3.0,5.333333333333333,4.0,1.333333333333333,5.142857142857143,189.74666666666667,129.845,0.4578063102653267,182.84428571428572,0.5043132687895521,35.5775,4.333333333333333,0,0.19333333333333336,0.2771428571428572,1.6666666666666667,0.16666666666666674,1.0,1.0,0.3333333333333333,0.5714285714285714,1.0,2.0,0.0,1.0,1,68.0,M,Spokane,Silver,0,Beverages,Mainstream,2021-05-18,0,2021,34,1,0,0,2024-03
501003,0.0,9,1.0,1,10.0,9.0,5.0,4.0,6.125,259.78333333333336,152.39,0.7001325597061958,174.79625000000001,0.5260800379349295,28.864814814814817,3.6666666666666665,0,0.32666666666666666,0.28750000000000003,1.3333333333333333,-1.6666666666666667,1.6666666666666667,0.6666666666666667,1.0,0.5,0.0,0.0,0.0,0.0,0,58.0,M,Portland,Silver,1,Personal Care,Mainstream,2023-06-08,0,2023,9,1,0,0,2024-03
501004,0.0,15,1.0,1,10.0,6.666666666666667,4.333333333333333,2.333333333333334,5.142857142857143,231.70333333333335,144.22666666666666,0.602345758354756,175.6071428571429,0.5496665700325436,34.7555,2.6666666666666665,0,0.33,0.31999999999999995,2.0,-1.6666666666666665,2.0,-0.3333333333333335,0.6666666666666666,0.42857142857142855,0.0,0.0,0.0,0.0,0,59.0,F,Spokane,Gold,1,Household,Mainstream,2022-03-27,0,2022,24,1,0,0,2024-03
501005,14.0,15,0.06666666666666667,0,0.0,0.0,0.0,0.0,0.06666666666666667,0.0,0.0,0.0,0.7859999999999999,1.7044596361248767,,0.0,3,,0.14,0.0,0.0,0.0,0.0,0.0,0.0,0.0,0.0,0.0,0.0,0,62.0,M,Tulsa,Silver,1,Household,Value,2022-06-08,0,2022,21,0,1,0,2024-03
501006,0.0,14,1.0,1,4.0,5.0,6.0,-1.0,5.230769230769231,203.00666666666666,272.22666666666663,-0.253342767909428,221.05615384615382,0.6773352009216033,40.60133333333333,0.6666666666666666,0,0.1566666666666667,0.23307692307692307,3.0,1.0,2.3333333333333335,1.666666666666667,1.0,1.0769230769230769,1.0,2.0,0.0,0.0,0,36.0,F,Spokane,Platinum,1,Beverages,Value,2022-05-07,0,2022,22,1,0,0,2024-03
501007,0.0,15,1.0,0,2.0,3.6666666666666665,5.666666666666667,-2.0000000000000004,4.933333333333334,72.93666666666667,132.11666666666665,-0.4445724301990734,105.47466666666665,0.39142249547231894,19.89181818181818,2.3333333333333335,0,0.29000000000000004,0.328,2.6666666666666665,0.0,1.0,-1.3333333333333335,0.0,0.6666666666666666,0.0,1.0,-1.0,0.0,0,25.0,Other,Tulsa,Silver,1,Dairy,Mainstream,2021-10-06,0,2021,29,1,0,0,2024-03
501008,12.0,15,0.13333333333333333,0,0.0,0.0,0.0,0.0,0.3333333333333333,0.0,0.0,0.0,10.415333333333335,2.5129639371894097,,0.0,3,,0.32,0.0,0.0,0.0,0.0,0.0,0.0,0.0,0.0,0.0,0.0,0,44.0,F,Denver,Silver,0,Household,Value,2021-11-16,0,2021,28,0,1,0,2024-03
501009,0.0,14,1.0,0,7.0,7.0,7.333333333333333,-0.33333333333333304,5.357142857142857,289.15333333333325,301.74333333333334,-0.04158638230404222,213.20857142857145,0.4749165891621767,41.30761904761904,3.6666666666666665,0,0.38000000000000006,0.30071428571428566,3.0,0.6666666666666665,0.3333333333333333,-0.6666666666666667,0.3333333333333333,0.2857142857142857,0.0,0.0,0.0,0.0,1,73.0,F,Boise,Gold,0,Bakery,Mainstream,2023-01-26,0,2023,14,1,0,0,2024-03
501010,0.0,15,1.0,0,3.0,4.666666666666667,7.0,-2.333333333333333,6.066666666666666,193.11,293.87666666666667,-0.34172478889479213,269.86733333333336,0.5526374405706381,41.38071428571429,3.3333333333333335,0,0.16333333333333333,0.26199999999999996,3.6666666666666665,0.0,1.3333333333333333,-0.6666666666666667,1.0,0.4666666666666667,0.0,0.0,0.0,0.0,0,65.0,M,Raleigh,Platinum,1,Snacks,Value,2021-12-07,0,2021,27,1,0,0,2024-03
501011,0.0,1,1.0,0,1.0,1.0,,,1.0,32.9,,,32.9,,32.9,2.0,0,0.29,0.29,2.0,,1.0,,2.0,2.0,0.0,0.0,,0.0,0,59.0,F,Columbus,Gold,1,Personal Care,Upscale,2024-02-28,0,2024,1,1,0,0,2024-03
501012,1.0,12,0.9166666666666666,0,0.0,6.333333333333333,7.333333333333333,-1.0,7.5,157.49333333333334,192.37666666666667,-0.18039060210642438,186.28583333333336,0.4962676554361359,24.867368421052632,2.6666666666666665,1,0.12,0.32,2.0,-0.3333333333333335,1.0,-1.0,0.3333333333333333,0.8333333333333334,1.0,2.0,0.0,1.0,1,38.0,F,Tulsa,Gold,1,Personal Care,Upscale,2023-03-27,0,2023,12,1,0,0,2024-03
501013,4.0,7,0.42857142857142855,0,0.0,0.0,1.0,-1.0,0.5714285714285714,0.0,29.69333333333333,-0.9674196350999131,17.00857142857143,1.275456080459068,,0.0,3,,0.3666666666666667,0.0,0.0,0.0,-0.6666666666666666,0.0,0.0,0.0,0.0,0.0,0.0,1,29.0,F,Austin,Silver,1,Personal Care,Mainstream,2023-08-22,0,2023,7,0,1,0,2024-03
501014,0.0,8,1.0,1,5.0,4.0,5.0,-1.0,5.0,89.75999999999999,107.63666666666667,-0.16455463164677375,109.46142857142857,0.30952706780168315,22.439999999999998,2.0,0,0.32999999999999996,0.2414285714285714,2.5,0.16666666666666652,3.5,2.166666666666667,1.5,1.0,0.0,0.0,0.0,0.0,1,63.0,F,Raleigh,Silver,1,Bakery,Mainstream,2023-07-07,0,2023,8,1,0,0,2024-03
501015,1.0,15,0.9333333333333333,0,0.0,1.0,2.6666666666666665,-1.6666666666666665,2.7333333333333334,23.99666666666667,64.32333333333334,-0.617339388681941,66.96266666666666,0.724243329630798,23.99666666666667,2.3333333333333335,1,0.19,0.26785714285714285,1.6666666666666667,-0.33333333333333326,0.0,-0.6666666666666666,0.0,0.6,0.0,0.0,0.0,0.0,1,43.0,F,Madison,Silver,0,Dairy,Value,2021-06-12,0,2021,33,1,0,0,2024-03
501016,3.0,15,0.6923076923076923,2,0.0,0.0,2.3333333333333335,-2.3333333333333335,3.5384615384615383,0.0,98.25,-0.9899244332493703,170.60461538461539,0.8957848620631677,,0.0,3,,0.27444444444444444,0.0,0.0,0.0,-0.3333333333333333,0.0,0.23076923076923078,0.0,0.0,0.0,0.0,0,62.0,F,Austin,Gold,0,Dairy,Value,2022-12-07,0,2022,15,0,1,0,2024-03
501017,0.0,1,1.0,0,5.0,5.0,,,5.0,130.84,,,130.84,,26.168,6.0,0,0.6,0.6,0.0,,1.0,,0.0,0.0,0.0,0.0,,0.0,0,30.0,M,Raleigh,Silver,1,Dairy,Mainstream,2024-02-07,0,2024,1,1,0,0,2024-03
501018,0.0,15,1.0,0,5.0,6.666666666666667,6.666666666666667,0.0,7.8,218.39666666666668,237.05999999999997,-0.07839760284522096,256.17733333333337,0.33872215341655937,32.7595,2.6666666666666665,0,0.24333333333333332,0.33,2.6666666666666665,-1.3333333333333335,2.0,0.6666666666666667,1.0,0.6666666666666666,0.0,1.0,-1.0,0.0,0,44.0,Unknown,Spokane,Gold,1,Dairy,Value,2022-10-08,0,2022,17,1,0,0,2024-03
501019,0.0,1,1.0,0,1.0,1.0,,,1.0,27.43,,,27.43,,27.43,0.0,0,0.16,0.16,0.0,,0.0,,0.0,0.0,1.0,1.0,,0.0,0,63.0,M,Boise,Silver,0,Bakery,Mainstream,2024-02-11,0,2024,1,1,1,0,2024-03
501020,0.0,4,1.0,1,6.0,4.5,2.0,2.5,3.6666666666666665,105.37,56.7,0.8435008665511265,89.14666666666666,0.4113750408384013,23.415555555555557,2.5,0,0.345,0.25333333333333335,1.5,-1.5,2.0,2.0,0.5,0.3333333333333333,0.0,0.0,0.0,0.0,0,69.0,M,Raleigh,Silver,1,Frozen Foods,Value,2023-11-19,0,2023,4,1,0,0,2024-03
501023,0.0,7,1.0,0,2.0,3.3333333333333335,5.333333333333333,-1.9999999999999996,4.142857142857143,80.3,146.19666666666666,-0.4476777100930727,106.47285714285714,0.559864694717845,24.09,1.3333333333333333,0,0.28,0.2871428571428572,2.6666666666666665,0.9999999999999998,2.3333333333333335,1.666666666666667,0.0,0.2857142857142857,1.0,1.0,1.0,1.0,1,33.0,M,Austin,Silver,1,Household,Mainstream,2023-08-05,0,2023,7,1,0,0,2024-03
501024,0.0,15,1.0,0,7.0,8.333333333333334,7.0,1.333333333333334,7.466666666666667,227.84,216.58,0.0517510800625057,208.30600000000004,0.31334502289442245,27.340799999999998,5.0,0,0.24,0.28800000000000003,3.3333333333333335,-0.9999999999999996,0.0,-0.6666666666666666,0.0,0.8,0.0,0.0,0.0,0.0,0,60.0,F,Portland,Silver,0,Frozen Foods,Mainstream,2022-04-15,0,2022,23,1,0,0,2024-03
501025,0.0,15,1.0,1,4.0,7.0,5.333333333333333,1.666666666666667,6.571428571428571,151.55666666666664,119.75,0.26340924775707364,155.22214285714284,0.4255783717781818,21.65095238095238,3.3333333333333335,0,0.2233333333333333,0.2307142857142857,2.6666666666666665,-0.3333333333333335,1.6666666666666667,0.6666666666666667,0.6666666666666666,0.7857142857142857,1.0,1.0,1.0,0.0,0,62.0,F,Raleigh,Silver,1,Personal Care,Mainstream,2022-09-29,0,2022,18,1,0,0,2024-03
501026,0.0,4,1.0,0,4.0,5.0,7.0,-2.0,5.5,190.16666666666666,249.21,-0.235975114237374,204.9275,0.43042244275998626,38.03333333333333,3.0,0,0.24,0.23249999999999998,6.0,-1.0,0.6666666666666666,0.6666666666666666,0.3333333333333333,0.5,0.0,0.0,0.0,0.0,0,54.0,M,Boise,Gold,0,Beverages,Mainstream,2023-11-26,0,2023,4,1,0,0,2024-03
501027,0.0,15,1.0,0,6.0,6.0,5.333333333333333,0.666666666666667,5.6,163.44333333333336,138.79,0.17635977776188114,148.7086666666667,0.3065199609825089,27.24055555555556,2.6666666666666665,0,0.20333333333333337,0.3286666666666667,2.3333333333333335,-0.6666666666666665,0.6666666666666666,0.3333333333333333,0.3333333333333333,0.7333333333333333,1.0,1.0,1.0,0.0,0,60.0,M,Boise,Silver,0,Personal Care,Mainstream,2021-09-14,0,2021,30,1,0,0,2024-03
501029,3.0,12,0.75,0,0.0,0.0,3.0,-3.0,2.6666666666666665,0.0,81.07000000000001,-0.9878152796393322,71.12833333333333,0.7878371979474423,,0.0,3,,0.2511111111111111,0.0,-1.6666666666666667,0.0,-0.6666666666666666,0.0,0.5833333333333334,0.0,0.0,0.0,0.0,0,,F,Portland,Silver,1,Household,Value,2023-03-09,1,2023,12,0,1,0,2024-03
501030,1.0,5,0.8,0,0.0,1.3333333333333333,2.5,-1.1666666666666667,1.8,50.88,84.625,-0.39410218978102185,64.378,0.7470652127217398,38.160000000000004,2.3333333333333335,1,0.39,0.28,0.3333333333333333,-0.6666666666666667,0.3333333333333333,-0.16666666666666669,0.3333333333333333,0.6,0.0,2.0,-2.0,1.0,1,48.0,M,Boise,Silver,0,Household,Mainstream,2023-10-12,0,2023,5,1,1,0,2024-03
501031,0.0,15,1.0,1,10.0,8.333333333333334,7.333333333333333,1.0000000000000009,7.142857142857143,265.8,223.83333333333334,0.18665678280207562,217.35642857142855,0.23876426306852222,31.896000000000004,4.333333333333333,0,0.2166666666666667,0.2621428571428572,3.0,-1.333333333333333,3.3333333333333335,2.3333333333333335,0.3333333333333333,0.42857142857142855,0.0,1.0,-1.0,0.0,1,19.0,F,Boise,Silver,1,Frozen Foods,Mainstream,2021-04-25,0,2021,35,1,0,0,2024-03
501032,1.0,9,0.8888888888888888,0,0.0,1.6666666666666667,3.6666666666666665,-1.9999999999999998,2.4444444444444446,40.656666666666666,84.25333333333333,-0.5113778542383485,55.23333333333333,0.7166051461034837,24.394,0.3333333333333333,1,0.065,0.255,1.0,0.0,1.0,0.0,1.3333333333333333,0.6666666666666666,1.0,1.0,1.0,1.0,1,52.0,F,Columbus,Gold,1,Frozen Foods,Upscale,2023-06-06,0,2023,9,1,0,0,2024-03
501033,5.0,15,0.5333333333333333,0,0.0,0.0,0.6666666666666666,-0.6666666666666666,2.2666666666666666,0.0,30.566666666666666,-0.9683210137275607,92.28333333333333,1.101628122191289,,0.0,3,,0.3175,0.0,0.0,0.0,0.0,0.0,0.4,0.0,1.0,-1.0,1.0,1,52.0,F,Columbus,Platinum,0,Frozen Foods,Value,2021-07-23,0,2021,32,0,1,0,2024-03
501034,11.0,15,0.26666666666666666,0,0.0,0.0,0.0,0.0,0.7333333333333333,0.0,0.0,0.0,34.24133333333334,2.2658800915795094,,0.0,3,,0.39,0.0,0.0,0.0,0.0,0.0,0.06666666666666667,0.0,0.0,0.0,0.0,0,48.0,F,Nashville,Gold,1,Dairy,Upscale,2021-04-03,0,2021,35,0,1,0,2024-03
501035,0.0,7,1.0,0,6.0,5.0,4.333333333333333,0.666666666666667,4.714285714285714,138.94333333333336,120.47666666666667,0.15201822023433867,128.15857142857143,0.403836197617917,27.788666666666668,2.3333333333333335,0,0.2933333333333333,0.2571428571428572,2.3333333333333335,1.3333333333333335,1.0,0.6666666666666667,1.6666666666666667,0.7142857142857143,1.0,1.0,1.0,0.0,0,,F,Portland,Silver,0,Snacks,Mainstream,2023-08-20,1,2023,7,1,0,0,2024-03
501038,0.0,6,1.0,0,3.0,3.3333333333333335,6.0,-2.6666666666666665,4.666666666666667,145.22666666666666,284.0933333333333,-0.48709194649705356,214.66,0.6673098940639909,43.568,2.6666666666666665,0,0.17,0.26333333333333336,2.0,-0.6666666666666665,0.0,-0.3333333333333333,0.0,0.3333333333333333,1.0,2.0,0.0,2.0,1,74.0,F,Austin,Platinum,0,Dairy,Upscale,2023-10-01,0,2023,5,1,1,0,2024-03
501039,5.0,14,0.6428571428571429,0,0.0,0.0,1.0,-1.0,4.785714285714286,0.0,41.916666666666664,-0.9766990291262135,213.59642857142856,0.8972323051423918,,0.0,3,,0.34111111111111114,0.0,-0.6666666666666666,0.0,-0.3333333333333333,0.0,0.35714285714285715,0.0,1.0,-1.0,0.0,0,32.0,M,Denver,Silver,1,Household,Mainstream,2023-01-20,0,2023,14,0,1,0,2024-03
501040,0.0,4,1.0,0,6.0,4.333333333333333,4.0,0.33333333333333304,4.25,148.22,111.8,0.3228723404255319,139.115,0.2542873722122207,34.20461538461538,1.3333333333333333,0,0.3166666666666667,0.3225,1.0,1.0,0.6666666666666666,-0.33333333333333337,0.0,0.0,1.0,2.0,0.0,0.0,0,73.0,M,Madison,Gold,0,Household,Mainstream,2023-10-22,0,2023,5,1,0,0,2024-03
501041,0.0,15,1.0,0,6.0,6.0,5.333333333333333,0.666666666666667,5.533333333333333,208.58666666666667,173.04999999999998,0.20417504548501403,186.25000000000003,0.5125136686788732,34.76444444444444,4.333333333333333,0,0.25,0.23533333333333334,2.0,1.3333333333333335,2.0,1.0,0.0,0.4666666666666667,1.0,1.0,1.0,0.0,0,18.0,M,Raleigh,Silver,1,Dairy,Value,2021-04-09,0,2021,35,1,0,0,2024-03
501042,0.0,15,1.0,0,8.0,4.333333333333333,4.333333333333333,0.0,4.066666666666666,206.35000000000002,190.23333333333335,0.08427749694962527,174.68933333333337,0.4977636182596954,47.619230769230775,2.6666666666666665,0,0.4366666666666667,0.29200000000000004,1.3333333333333333,1.0,0.0,0.0,0.0,0.26666666666666666,2.0,2.0,2.0,0.0,1,20.0,F,Portland,Gold,0,Beverages,Mainstream,2022-10-26,0,2022,17,1,0,0,2024-03
501043,0.0,15,1.0,2,3.0,3.3333333333333335,3.0,0.3333333333333335,3.230769230769231,84.95333333333333,80.09666666666668,0.05988737720415949,86.70846153846156,0.37247660542176425,25.486,1.6666666666666667,0,0.2933333333333334,0.3069230769230769,2.3333333333333335,1.3333333333333335,1.0,0.33333333333333337,0.0,0.3076923076923077,0.0,0.0,0.0,0.0,1,30.0,M,Nashville,Gold,0,Bakery,Mainstream,2021-08-14,0,2021,31,1,0,0,2024-03
501045,0.0,4,1.0,0,1.0,3.3333333333333335,4.0,-0.6666666666666665,3.5,76.77,93.12,-0.17371440713982159,80.8575,0.7094787961596017,23.031,1.6666666666666667,0,0.36000000000000004,0.3275,3.3333333333333335,-2.6666666666666665,0.6666666666666666,0.6666666666666666,0.6666666666666666,0.5,2.0,3.0,1.0,3.0,1,54.0,M,Nashville,Gold,0,Personal Care,Value,2023-11-29,0,2023,4,1,0,0,2024-03
501046,6.0,15,0.6,0,0.0,0.0,0.0,0.0,1.9333333333333333,0.0,0.0,0.0,65.46733333333333,1.0115187066578044,,0.0,3,,0.2544444444444445,0.0,0.0,0.0,0.0,0.0,0.26666666666666666,0.0,0.0,0.0,0.0,1,48.0,F,Madison,Silver,1,Produce,Mainstream,2022-11-13,0,2022,16,0,1,0,2024-03
501047,0.0,5,1.0,0,4.0,4.333333333333333,5.0,-0.666666666666667,4.6,123.09666666666665,169.44,-0.2719040913713527,141.634,0.4191305029751361,28.406923076923075,3.3333333333333335,0,0.32666666666666666,0.33399999999999996,2.6666666666666665,0.6666666666666665,1.3333333333333333,0.33333333333333326,0.6666666666666666,0.8,2.0,2.0,2.0,1.0,1,24.0,F,Madison,Silver,1,Snacks,Mainstream,2023-10-25,0,2023,5,1,0,0,2024-03
501048,0.0,4,1.0,0,1.0,4.0,6.0,-2.0,4.5,83.40666666666667,104.73,-0.2016772281597781,88.7375,0.6106983180410422,20.851666666666667,1.6666666666666667,0,0.3566666666666667,0.32,1.6666666666666667,-0.33333333333333326,0.0,0.0,0.6666666666666666,1.25,0.0,0.0,0.0,0.0,0,25.0,M,Columbus,Silver,0,Produce,Value,2023-10-25,0,2023,5,1,0,0,2024-03
501050,0.0,9,1.0,1,7.0,5.0,3.0,2.0,4.0,123.22,91.36333333333333,0.34490598722436755,113.86250000000001,0.42665635169533933,24.644,3.5,0,0.245,0.17750000000000002,2.5,0.16666666666666652,1.5,-1.5,0.0,0.625,0.0,1.0,-1.0,0.0,0,64.0,Other,Denver,Silver,1,Produce,Upscale,2023-06-22,0,2023,9,1,0,0,2024-03
501051,0.0,15,1.0,0,7.0,7.333333333333333,3.6666666666666665,3.6666666666666665,5.266666666666667,226.44333333333336,114.83666666666666,0.9634830652355332,165.54000000000002,0.49054246826974884,30.878636363636364,4.666666666666667,0,0.25666666666666665,0.20933333333333337,3.3333333333333335,1.6666666666666667,1.6666666666666667,-0.33333333333333326,0.6666666666666666,0.7333333333333333,0.0,1.0,-1.0,0.0,0,21.0,M,Nashville,Silver,1,Snacks,Upscale,2021-11-21,0,2021,28,1,0,0,2024-03
501052,7.0,15,0.5333333333333333,0,0.0,0.0,0.0,0.0,1.4,0.0,0.0,0.0,40.34733333333334,1.1885108270464184,,0.0,3,,0.25625000000000003,0.0,0.0,0.0,0.0,0.0,0.06666666666666667,0.0,0.0,0.0,0.0,1,42.0,F,Raleigh,Silver,0,Beverages,Upscale,2021-10-18,0,2021,29,0,1,0,2024-03
501053,0.0,15,1.0,1,7.0,4.333333333333333,4.333333333333333,0.0,3.857142857142857,91.94666666666666,88.07333333333334,0.04348476910410883,81.36500000000001,0.5388233081725113,21.218461538461536,2.0,0,0.2933333333333333,0.2792857142857143,1.3333333333333333,0.33333333333333326,2.0,1.3333333333333335,0.6666666666666666,0.7142857142857143,1.0,1.0,1.0,1.0,1,49.0,F,Spokane,Silver,1,Household,Mainstream,2022-09-15,0,2022,18,1,0,0,2024-03
501054,0.0,6,1.0,0,4.0,5.333333333333333,6.0,-0.666666666666667,5.666666666666667,199.62333333333333,217.32000000000002,-0.08105838524490054,208.47166666666666,0.44798401932518467,37.429375,2.6666666666666665,0,0.3466666666666667,0.26666666666666666,2.0,0.0,0.3333333333333333,-0.3333333333333333,0.6666666666666666,1.5,0.0,0.0,0.0,0.0,0,58.0,M,Columbus,Gold,0,Beverages,Value,2023-09-30,0,2023,6,1,0,0,2024-03
501055,4.0,15,0.7333333333333333,0,0.0,0.0,1.3333333333333333,-1.3333333333333333,3.2666666666666666,0.0,28.083333333333332,-0.9656160458452722,74.65066666666667,0.927582868278744,,0.0,3,,0.35818181818181816,0.0,-0.6666666666666666,0.0,-0.3333333333333333,0.0,0.4666666666666667,0.0,3.0,-3.0,1.0,1,18.0,F,Boise,Silver,1,Personal Care,Mainstream,2022-11-23,0,2022,16,0,1,0,2024-03
501056,2.0,15,0.8666666666666667,0,0.0,0.6666666666666666,2.6666666666666665,-2.0,3.0,19.813333333333333,76.62,-0.7318560508460019,86.93933333333332,0.7594413820569108,29.72,0.6666666666666666,2,0.62,0.31230769230769234,0.0,-1.3333333333333333,0.0,-1.0,0.0,0.4666666666666667,1.0,1.0,1.0,0.0,1,,Unknown,Madison,Gold,1,Produce,Mainstream,2022-05-11,1,2022,22,1,1,0,2024-03
501057,0.0,4,1.0,2,8.0,8.0,3.0,5.0,5.5,300.0,94.84,2.140651085141903,197.42000000000002,0.7311260317923196,37.5,2.0,0,0.4,0.395,1.0,-3.0,0.0,0.0,0.0,0.5,0.0,0.0,0.0,0.0,0,47.0,Other,Nashville,Silver,0,Produce,Upscale,2023-11-12,0,2023,4,1,0,0,2024-03
501058,5.0,14,0.6428571428571429,0,0.0,0.0,0.3333333333333333,-0.3333333333333333,1.7142857142857142,0.0,12.376666666666667,-0.925242960378769,53.66857142857143,0.9835015318052732,,0.0,3,,0.3266666666666667,0.0,0.0,0.0,0.0,0.0,0.35714285714285715,0.0,0.0,0.0,0.0,0,48.0,F,Austin,Silver,1,Produce,Value,2023-01-13,0,2023,14,0,1,0,2024-03
501059,0.0,15,0.8571428571428571,1,3.0,3.0,2.6666666666666665,0.3333333333333335,2.5714285714285716,130.00333333333333,100.60666666666667,0.28931828620169275,105.91142857142857,0.7460465505150878,43.33444444444444,0.6666666666666666,0,0.2733333333333334,0.2675,0.3333333333333333,-2.0,0.3333333333333333,-0.3333333333333333,1.0,0.7142857142857143,0.0,1.0,-1.0,0.0,0,38.0,F,Raleigh,Gold,0,Personal Care,Value,2021-09-13,0,2021,30,1,0,0,2024-03
501060,0.0,15,1.0,0,6.0,7.666666666666667,4.333333333333333,3.333333333333334,5.2,140.43,90.57333333333334,0.5444452533488643,108.25533333333335,0.41390990204448924,18.316956521739133,5.0,0,0.43,0.4160000000000001,3.6666666666666665,1.333333333333333,2.3333333333333335,1.3333333333333335,0.0,0.26666666666666666,0.0,0.0,0.0,0.0,0,20.0,F,Boise,Silver,1,Produce,Upscale,2022-12-31,0,2022,15,1,0,0,2024-03
501061,14.0,15,0.06666666666666667,0,0.0,0.0,0.0,0.0,0.06666666666666667,0.0,0.0,0.0,1.6753333333333333,2.425319498883438,,0.0,3,,0.15,0.0,0.0,0.0,0.0,0.0,0.0,0.0,0.0,0.0,0.0,0,71.0,F,Nashville,Silver,1,Produce,Mainstream,2022-10-30,0,2022,17,0,1,0,2024-03
501062,12.0,15,0.2,0,0.0,0.0,0.0,0.0,0.8666666666666667,0.0,0.0,0.0,28.53066666666667,2.38485613634079,,0.0,3,,0.33666666666666667,0.0,0.0,0.0,0.0,0.0,0.0,0.0,0.0,0.0,0.0,0,64.0,F,Denver,Silver,1,Beverages,Value,2021-09-20,0,2021,30,0,1,0,2024-03
501063,0.0,15,1.0,0,3.0,5.333333333333333,3.6666666666666665,1.6666666666666665,4.933333333333334,136.34,96.28000000000002,0.4118009868421051,133.62933333333334,0.4633939194026386,25.563750000000002,2.0,0,0.46,0.3006666666666667,3.6666666666666665,0.6666666666666665,0.0,-0.3333333333333333,0.6666666666666666,0.8,0.0,0.0,0.0,0.0,0,65.0,F,Tulsa,Silver,0,Produce,Mainstream,2022-03-09,0,2022,24,1,0,0,2024-03
501065,10.0,15,0.3333333333333333,0,0.0,0.0,0.0,0.0,0.8,0.0,0.0,0.0,36.28066666666667,1.806028709944489,,0.0,3,,0.312,0.0,0.0,0.0,0.0,0.0,0.2,0.0,0.0,0.0,0.0,0,45.0,F,Tulsa,Platinum,0,Household,Value,2022-05-20,0,2022,22,0,1,0,2024-03
501066,12.0,15,0.2,0,0.0,0.0,0.0,0.0,0.5333333333333333,0.0,0.0,0.0,13.638,1.9787836531951897,,0.0,3,,0.29333333333333333,0.0,0.0,0.0,0.0,0.0,0.13333333333333333,0.0,0.0,0.0,0.0,0,69.0,M,Austin,Silver,0,Frozen Foods,Mainstream,2021-05-18,0,2021,34,0,1,0,2024-03
501067,6.0,7,0.14285714285714285,0,0.0,0.0,0.0,0.0,0.14285714285714285,0.0,0.0,0.0,5.985714285714286,2.267013904572727,,0.0,3,,0.38,0.0,0.0,0.0,0.0,0.0,0.0,0.0,0.0,0.0,0.0,1,24.0,F,Tulsa,Silver,1,Household,Upscale,2023-08-29,0,2023,7,0,1,0,2024-03
501068,0.0,14,1.0,0,6.0,8.333333333333334,7.666666666666667,0.666666666666667,7.428571428571429,250.22333333333336,209.29333333333332,0.1946328937357344,216.2592857142857,0.39110569942189166,30.0268,5.666666666666667,0,0.39999999999999997,0.32857142857142846,4.333333333333333,0.33333333333333304,0.3333333333333333,0.3333333333333333,0.3333333333333333,0.2857142857142857,0.0,0.0,0.0,0.0,0,33.0,F,Madison,Gold,0,Snacks,Mainstream,2021-06-22,0,2021,33,1,0,0,2024-03
501069,12.0,15,0.14285714285714285,1,0.0,0.0,0.0,0.0,0.14285714285714285,0.0,0.0,0.0,2.797857142857143,1.8774124332422606,,0.0,3,,0.32,0.0,0.0,0.0,0.0,0.0,0.0,0.0,0.0,0.0,0.0,0,43.0,M,Denver,Silver,0,Personal Care,Upscale,2022-06-16,0,2022,21,0,1,0,2024-03
501070,4.0,15,0.5714285714285714,1,0.0,0.0,0.6666666666666666,-0.6666666666666666,1.4285714285714286,0.0,23.51,-0.9592003263973888,55.759285714285724,1.3749941625857454,,0.0,3,,0.32875,0.0,0.0,0.0,0.0,0.0,0.2857142857142857,0.0,2.0,-2.0,0.0,0,62.0,F,Raleigh,Silver,0,Household,Mainstream,2022-03-13,0,2022,24,0,1,0,2024-03
501071,9.0,11,0.18181818181818182,0,0.0,0.0,0.0,0.0,0.5454545454545454,0.0,0.0,0.0,18.287272727272725,2.3264686271917854,,0.0,3,,0.185,0.0,0.0,0.0,0.0,0.0,0.0,0.0,0.0,0.0,0.0,1,37.0,M,Boise,Silver,1,Produce,Upscale,2023-04-11,0,2023,11,0,1,0,2024-03
501074,0.0,15,1.0,0,6.0,5.666666666666667,6.0,-0.33333333333333304,5.866666666666666,154.72333333333333,143.33666666666667,0.07888963303387905,146.04333333333335,0.44616182263352683,27.304117647058824,3.6666666666666665,0,0.3666666666666667,0.2786666666666667,3.6666666666666665,-1.0000000000000004,1.0,0.0,0.3333333333333333,0.6666666666666666,0.0,2.0,-2.0,1.0,1,38.0,M,Denver,Silver,0,Produce,Value,2022-03-18,0,2022,24,1,0,0,2024-03
501075,0.0,15,1.0,0,4.0,4.333333333333333,8.666666666666666,-4.333333333333333,4.866666666666666,167.16,320.8533333333333,-0.47752599527735196,189.342,0.526168197206903,38.575384615384614,4.0,0,0.23333333333333336,0.3546666666666667,2.3333333333333335,-1.0,2.0,-0.3333333333333335,0.3333333333333333,0.4666666666666667,0.0,0.0,0.0,0.0,0,36.0,F,Portland,Gold,1,Personal Care,Value,2021-03-10,0,2021,36,1,0,0,2024-03
501076,0.0,15,0.9333333333333333,0,6.0,2.3333333333333335,6.333333333333333,-3.9999999999999996,4.0,69.54333333333334,171.08666666666667,-0.590070894510518,105.39866666666666,0.6523676883278453,29.804285714285715,2.6666666666666665,1,0.225,0.2721428571428572,2.6666666666666665,0.6666666666666665,0.3333333333333333,0.0,0.3333333333333333,0.3333333333333333,0.0,0.0,0.0,0.0,1,41.0,F,Portland,Silver,0,Beverages,Value,2022-05-31,0,2022,22,1,0,0,2024-03
501077,0.0,12,1.0,0,6.0,4.666666666666667,4.666666666666667,0.0,4.833333333333333,225.37333333333333,197.60333333333332,0.13982645474228367,223.04749999999999,0.36811239146190355,48.294285714285714,1.6666666666666667,0,0.3433333333333333,0.26166666666666666,3.6666666666666665,-0.3333333333333335,0.0,0.0,0.3333333333333333,0.5,0.0,0.0,0.0,0.0,0,64.0,F,Portland,Gold,0,Personal Care,Mainstream,2023-03-11,0,2023,12,1,0,0,2024-03
501078,0.0,15,1.0,0,1.0,3.0,4.666666666666667,-1.666666666666667,4.8,124.01666666666667,187.12,-0.335441916507194,193.66733333333332,0.4555163694305766,41.33888888888889,2.3333333333333335,0,0.08333333333333333,0.25666666666666665,1.6666666666666667,-0.33333333333333326,1.6666666666666667,0.3333333333333335,0.6666666666666666,0.6,0.0,0.0,0.0,0.0,0,37.0,F,Madison,Platinum,1,Dairy,Upscale,2021-11-11,0,2021,28,1,0,0,2024-03
501079,0.0,15,1.0,1,1.0,3.0,2.0,1.0,2.9285714285714284,126.41333333333334,80.91,0.5555284255076712,130.4714285714286,0.5480314585976642,42.13777777777778,1.0,0,0.24333333333333332,0.3271428571428571,1.0,-0.5,0.0,-0.5,0.6666666666666666,0.6428571428571429,0.0,0.0,0.0,0.0,0,45.0,F,Denver,Gold,0,Bakery,Value,2021-04-22,0,2021,35,1,0,0,2024-03
501080,0.0,7,1.0,0,9.0,6.333333333333333,5.333333333333333,1.0,6.0,208.53333333333333,184.4766666666667,0.12970184928921863,200.34285714285716,0.2946193824600089,32.92631578947368,3.3333333333333335,0,0.13999999999999999,0.16285714285714287,2.0,1.6666666666666667,0.6666666666666666,-0.33333333333333337,0.3333333333333333,0.2857142857142857,0.0,1.0,-1.0,0.0,0,18.0,F,Tulsa,Platinum,1,Snacks,Mainstream,2023-08-26,0,2023,7,1,0,0,2024-03
501081,0.0,2,1.0,0,9.0,9.0,,,9.0,349.91999999999996,,,349.91999999999996,0.04146887483420477,38.879999999999995,4.5,0,0.38,0.38,4.5,,2.0,,0.0,0.0,0.0,0.0,,0.0,0,49.0,F,Raleigh,Silver,1,Beverages,Value,2024-01-02,0,2024,2,1,0,0,2024-03
501082,0.0,15,0.9333333333333333,0,5.0,3.0,2.6666666666666665,0.3333333333333335,3.3333333333333335,69.72333333333333,68.92333333333333,0.011441102159507992,78.728,0.734195210455747,23.24111111111111,3.0,0,0.20666666666666667,0.28285714285714286,5.333333333333333,2.6666666666666665,0.3333333333333333,0.3333333333333333,0.0,0.6,1.0,1.0,1.0,0.0,0,31.0,F,Boise,Silver,0,Produce,Mainstream,2021-04-13,0,2021,35,1,0,0,2024-03
501084,3.0,15,0.6666666666666666,3,0.0,0.0,2.6666666666666665,-2.6666666666666665,1.6666666666666667,0.0,100.54666666666667,-0.9901523109243697,67.18916666666667,0.929559137980533,,0.0,3,,0.255,0.0,-1.3333333333333333,0.0,-0.3333333333333333,0.0,0.08333333333333333,0.0,0.0,0.0,0.0,0,36.0,F,Raleigh,Gold,0,Household,Mainstream,2021-07-01,0,2021,32,0,1,0,2024-03
501085,1.0,4,0.75,0,0.0,1.3333333333333333,3.0,-1.6666666666666667,1.75,42.906666666666666,81.57,-0.4682491623269145,52.5725,0.8394450290650854,32.18,0.6666666666666666,1,0.41,0.33,1.3333333333333333,-1.6666666666666667,1.6666666666666667,-0.33333333333333326,1.0,0.75,1.0,1.0,1.0,1.0,1,39.0,F,Raleigh,Silver,1,Beverages,Value,2023-11-16,0,2023,4,1,1,0,2024-03
501086,0.0,3,1.0,0,8.0,8.0,,,8.0,168.97666666666666,,,168.97666666666666,0.14612212407471506,21.122083333333332,5.0,0,0.19999999999999998,0.19999999999999998,1.3333333333333333,,1.6666666666666667,,0.3333333333333333,0.3333333333333333,0.0,0.0,,0.0,0,24.0,M,Columbus,Gold,1,Frozen Foods,Mainstream,2023-12-21,0,2023,3,1,0,0,2024-03
501087,3.0,9,0.6666666666666666,0,0.0,0.0,2.6666666666666665,-2.6666666666666665,2.888888888888889,0.0,69.98333333333333,-0.9859121859591453,70.39333333333333,1.1456960872623625,,0.0,3,,0.29833333333333334,1.3333333333333333,-3.333333333333334,0.0,-1.3333333333333333,0.0,0.5555555555555556,0.0,2.0,-2.0,1.0,1,44.0,F,Denver,Silver,1,Bakery,Unknown,2023-06-14,0,2023,9,0,1,0,2024-03
501088,0.0,11,1.0,1,6.0,3.6666666666666665,3.5,0.16666666666666652,3.4,147.69333333333336,158.72,-0.0690374822606226,141.537,0.49111392506897034,40.28,3.3333333333333335,0,0.29000000000000004,0.31700000000000006,2.0,-1.0,2.0,-1.0,0.3333333333333333,0.5,0.0,2.0,-2.0,0.0,0,61.0,Other,Spokane,Platinum,1,Household,Mainstream,2023-04-30,0,2023,11,1,0,0,2024-03
501089,1.0,11,0.9,1,0.0,3.6666666666666665,7.0,-3.3333333333333335,6.4,89.63666666666667,156.48,-0.4244560155786978,144.65,0.4321951853639131,24.44636363636364,4.0,1,0.3,0.23444444444444448,2.0,-0.3333333333333335,1.0,0.33333333333333337,0.3333333333333333,1.2,0.0,0.0,0.0,0.0,0,52.0,F,Madison,Silver,1,Personal Care,Upscale,2023-04-12,0,2023,11,1,0,0,2024-03
501091,8.0,15,0.4666666666666667,0,0.0,0.0,0.0,0.0,1.4,0.0,0.0,0.0,34.412666666666674,1.2337171125349913,,0.0,3,,0.4028571428571429,0.0,0.0,0.0,0.0,0.0,0.06666666666666667,0.0,0.0,0.0,0.0,1,66.0,F,Nashville,Silver,1,Bakery,Value,2021-08-07,0,2021,31,0,1,0,2024-03
501093,0.0,15,0.9285714285714286,1,2.0,3.5,3.3333333333333335,0.16666666666666652,3.142857142857143,155.185,148.28333333333333,0.04623199732053146,138.0785714285714,0.7079383525716192,44.33857142857143,3.0,0,0.3,0.26384615384615384,2.0,1.3333333333333335,2.0,0.0,0.5,0.42857142857142855,0.0,0.0,0.0,0.0,1,,F,Denver,Platinum,1,Household,Mainstream,2022-02-27,1,2022,25,1,0,0,2024-03
501094,0.0,15,1.0,1,7.0,8.333333333333334,4.5,3.833333333333334,7.357142857142857,126.33,79.05,0.590630855715178,122.62785714285712,0.47225328559263885,15.159600000000001,2.6666666666666665,0,0.2933333333333333,0.3485714285714286,3.3333333333333335,-1.1666666666666665,0.6666666666666666,-0.33333333333333337,0.3333333333333333,0.5714285714285714,2.0,2.0,2.0,1.0,1,34.0,M,Tulsa,Silver,1,Bakery,Mainstream,2021-05-28,0,2021,34,1,0,0,2024-03
501095,8.0,15,0.5,1,0.0,0.0,0.0,0.0,1.7857142857142858,0.0,0.0,0.0,52.492142857142866,1.1380900819625794,,0.0,3,,0.23285714285714287,0.0,0.0,0.0,0.0,0.0,0.35714285714285715,0.0,0.0,0.0,0.0,0,57.0,F,Raleigh,Gold,1,Household,Mainstream,2021-05-01,0,2021,34,0,1,0,2024-03
501096,0.0,15,0.9333333333333333,0,3.0,4.666666666666667,7.666666666666667,-3.0,5.0,107.45,170.92333333333332,-0.36919557166954253,116.38866666666665,0.5889627374145987,23.025000000000002,2.0,0,0.26,0.21428571428571433,3.3333333333333335,0.666666666666667,0.6666666666666666,0.0,0.6666666666666666,0.6666666666666666,0.0,0.0,0.0,0.0,0,38.0,M,Denver,Silver,1,Frozen Foods,Mainstream,2021-03-01,0,2021,36,1,0,0,2024-03
501097,7.0,13,0.46153846153846156,0,0.0,0.0,0.0,0.0,0.9230769230769231,0.0,0.0,0.0,23.68307692307692,1.3957033584212204,,0.0,3,,0.3666666666666667,0.0,0.0,0.0,0.0,0.0,0.07692307692307693,0.0,0.0,0.0,0.0,0,29.0,M,Spokane,Silver,0,Personal Care,Upscale,2023-02-18,0,2023,13,0,1,0,2024-03
501098,1.0,15,0.9333333333333333,0,0.0,2.6666666666666665,4.666666666666667,-2.0000000000000004,3.6,107.99000000000001,210.29999999999998,-0.48419309039280634,151.65533333333335,0.582338005018784,40.49625,2.3333333333333335,1,0.33499999999999996,0.36714285714285716,3.0,-0.3333333333333335,1.0,-0.6666666666666667,0.3333333333333333,0.6,0.0,0.0,0.0,0.0,0,60.0,F,Boise,Gold,1,Snacks,Value,2022-05-18,0,2022,22,1,1,0,2024-03
501099,10.0,15,0.3333333333333333,0,0.0,0.0,0.0,0.0,0.6666666666666666,0.0,0.0,0.0,26.650666666666663,1.5111031726751312,,0.0,3,,0.364,0.0,0.0,0.0,0.0,0.0,0.2,0.0,0.0,0.0,0.0,1,50.0,F,Austin,Gold,1,Bakery,Value,2021-11-22,0,2021,28,0,1,0,2024-03
501100,9.0,15,0.26666666666666666,0,0.0,0.0,0.0,0.0,0.5333333333333333,0.0,0.0,0.0,16.520666666666667,2.023340676501807,,0.0,3,,0.18,0.0,0.0,0.0,0.0,0.0,0.2,0.0,0.0,0.0,0.0,0,44.0,F,Boise,Gold,1,Bakery,Mainstream,2022-03-15,0,2022,24,0,1,0,2024-03
501101,0.0,15,1.0,0,11.0,6.666666666666667,6.333333333333333,0.3333333333333339,5.466666666666667,230.41,253.05999999999997,-0.0891521687790285,198.04733333333334,0.5826245560570751,34.5615,2.6666666666666665,0,0.2866666666666667,0.2686666666666666,3.6666666666666665,1.333333333333333,3.0,1.3333333333333333,1.0,0.6666666666666666,0.0,0.0,0.0,0.0,1,58.0,F,Boise,Silver,1,Frozen Foods,Value,2021-10-20,0,2021,29,1,0,0,2024-03
501102,11.0,15,0.26666666666666666,0,0.0,0.0,0.0,0.0,0.8,0.0,0.0,0.0,24.481333333333332,2.095683670978066,,0.0,3,,0.23249999999999998,0.0,0.0,0.0,0.0,0.0,0.06666666666666667,0.0,0.0,0.0,0.0,1,52.0,M,Portland,Silver,0,Personal Care,Value,2022-03-01,0,2022,24,0,1,0,2024-03
501104,11.0,15,0.26666666666666666,0,0.0,0.0,0.0,0.0,1.0,0.0,0.0,0.0,35.408,2.0240247679748693,,0.0,3,,0.185,0.0,0.0,0.0,0.0,0.0,0.2,0.0,0.0,0.0,0.0,0,,M,Raleigh,Silver,0,Bakery,Value,2022-07-05,1,2022,20,0,1,0,2024-03
501105,0.0,6,1.0,0,4.0,5.0,7.0,-2.0,6.0,197.53333333333333,277.3233333333333,-0.28668095859731485,237.4283333333333,0.32933038341320103,39.50666666666667,3.3333333333333335,0,0.26666666666666666,0.29666666666666663,2.0,-1.6666666666666665,0.3333333333333333,-0.3333333333333333,0.6666666666666666,0.6666666666666666,0.0,1.0,-1.0,0.0,0,74.0,F,Nashville,Silver,0,Frozen Foods,Value,2023-09-13,0,2023,6,1,0,0,2024-03
501106,4.0,15,0.7333333333333333,0,0.0,0.0,2.3333333333333335,-2.3333333333333335,3.2666666666666666,0.0,88.83999999999999,-0.9888691006233303,105.63933333333334,0.8868371297077232,,0.0,3,,0.2718181818181818,0.0,-0.3333333333333333,0.0,-0.3333333333333333,0.0,0.4,0.0,4.0,-4.0,1.0,1,49.0,F,Nashville,Silver,1,Produce,Unknown,2021-04-14,0,2021,35,0,1,0,2024-03
501107,8.0,15,0.4666666666666667,0,0.0,0.0,0.0,0.0,1.6,0.0,0.0,0.0,42.394000000000005,1.3887829557932598,,0.0,3,,0.21285714285714288,0.0,0.0,0.0,0.0,0.0,0.13333333333333333,0.0,0.0,0.0,0.0,0,44.0,M,Nashville,Silver,0,Snacks,Mainstream,2021-06-20,0,2021,33,0,1,0,2024-03
501108,0.0,15,1.0,0,13.0,7.666666666666667,10.333333333333334,-2.666666666666667,8.2,298.67333333333335,406.4766666666667,-0.26456320607314937,321.76599999999996,0.42277100312760146,38.95739130434782,1.6666666666666667,0,0.21333333333333335,0.252,5.666666666666667,4.0,1.6666666666666667,0.6666666666666667,0.6666666666666666,0.8,1.0,3.0,-1.0,1.0,1,69.0,F,Denver,Platinum,1,Dairy,Upscale,2022-05-22,0,2022,22,1,0,0,2024-03
501109,0.0,15,0.9285714285714286,1,6.0,5.333333333333333,2.0,3.333333333333333,3.7142857142857144,209.87333333333333,79.28999999999999,1.626395981234691,153.1614285714286,0.6805050779617613,39.35125,2.3333333333333335,0,0.2866666666666667,0.2569230769230769,1.0,-0.6666666666666667,0.3333333333333333,-0.6666666666666667,0.3333333333333333,0.42857142857142855,1.0,1.0,1.0,1.0,1,74.0,M,Portland,Gold,1,Beverages,Mainstream,2021-11-17,0,2021,28,1,0,0,2024-03
501110,0.0,11,1.0,0,1.0,1.6666666666666667,5.666666666666667,-4.0,4.2727272727272725,53.13666666666666,177.98666666666668,-0.6975379916567342,142.18,0.49168048158682576,31.881999999999998,2.3333333333333335,0,0.24333333333333337,0.26181818181818184,3.0,0.0,0.0,-0.3333333333333333,0.3333333333333333,0.6363636363636364,1.0,1.0,1.0,0.0,1,33.0,F,Denver,Silver,0,Produce,Value,2023-04-06,0,2023,11,1,1,0,2024-03
501111,0.0,13,1.0,0,4.0,4.0,7.333333333333333,-3.333333333333333,5.615384615384615,129.23333333333335,213.79333333333332,-0.39368074738508324,162.78846153846158,0.3624567503049399,32.30833333333334,2.3333333333333335,0,0.2233333333333333,0.2446153846153846,3.6666666666666665,1.0,2.6666666666666665,1.6666666666666665,0.6666666666666666,0.38461538461538464,1.0,1.0,1.0,1.0,1,31.0,F,Portland,Gold,1,Beverages,Value,2023-02-11,0,2023,13,1,0,0,2024-03
501112,10.0,15,0.3333333333333333,0,0.0,0.0,0.0,0.0,1.1333333333333333,0.0,0.0,0.0,35.79466666666667,1.864662085620329,,0.0,3,,0.316,0.0,0.0,0.0,0.0,0.0,0.13333333333333333,0.0,0.0,0.0,0.0,0,47.0,F,Portland,Silver,0,Snacks,Mainstream,2022-09-10,0,2022,18,0,1,0,2024-03
501113,7.0,9,0.1111111111111111,0,0.0,0.0,0.0,0.0,0.1111111111111111,0.0,0.0,0.0,3.348888888888889,2.310168625447113,,0.0,3,,0.26,0.0,0.0,0.0,-1.6666666666666667,0.0,0.2222222222222222,1.0,2.0,0.0,0.0,0,22.0,F,Madison,Silver,1,Beverages,Value,2023-06-28,0,2023,9,0,1,0,2024-03
501115,0.0,14,1.0,1,8.0,7.333333333333333,4.0,3.333333333333333,5.846153846153846,224.5,134.09666666666666,0.6691751585284611,201.00615384615386,0.4098612142010316,30.613636363636363,2.3333333333333335,0,0.25666666666666665,0.23769230769230765,2.6666666666666665,0.33333333333333304,0.0,0.0,0.0,0.3076923076923077,0.0,0.0,0.0,0.0,0,,M,Nashville,Gold,0,Frozen Foods,Value,2023-01-26,1,2023,14,1,0,0,2024-03
501116,12.0,15,0.2,0,0.0,0.0,0.0,0.0,0.5333333333333333,0.0,0.0,0.0,19.960666666666665,2.029200391691211,,0.0,3,,0.58,0.0,0.0,0.0,0.0,0.0,0.06666666666666667,0.0,0.0,0.0,0.0,1,22.0,F,Austin,Gold,0,Dairy,Upscale,2022-01-06,0,2022,26,0,1,0,2024-03
501117,6.0,8,0.25,0,0.0,0.0,0.0,0.0,0.25,0.0,0.0,0.0,7.6725,1.643484081808394,,0.0,3,,0.275,0.0,0.0,0.0,0.0,0.0,0.25,0.0,0.0,0.0,0.0,0,33.0,M,Madison,Gold,0,Frozen Foods,Mainstream,2023-07-03,0,2023,8,0,1,0,2024-03
501118,7.0,15,0.21428571428571427,1,0.0,0.0,0.0,0.0,0.2857142857142857,0.0,0.0,0.0,7.074285714285714,1.9323512009770556,,0.0,3,,0.22333333333333336,0.0,0.0,0.0,0.0,0.0,0.07142857142857142,0.0,0.0,0.0,0.0,0,72.0,Unknown,Portland,Gold,0,Beverages,Mainstream,2022-02-11,0,2022,25,0,1,0,2024-03
501119,0.0,15,1.0,1,3.0,5.666666666666667,9.0,-3.333333333333333,7.0,182.94666666666663,288.8066666666667,-0.36527800142623834,227.29999999999998,0.40383139073941865,32.28470588235294,3.0,0,0.5233333333333333,0.2914285714285714,1.3333333333333333,-1.3333333333333333,1.3333333333333333,0.0,1.0,0.7857142857142857,0.0,0.0,0.0,0.0,0,28.0,F,Nashville,Gold,1,Frozen Foods,Mainstream,2022-06-02,0,2022,21,1,0,0,2024-03
501120,0.0,15,1.0,0,1.0,2.3333333333333335,3.6666666666666665,-1.333333333333333,3.533333333333333,53.223333333333336,91.66666666666667,-0.41485611510791365,84.84066666666666,0.4878121354945997,22.810000000000002,1.6666666666666667,0,0.42333333333333334,0.26333333333333336,0.6666666666666666,-2.3333333333333335,2.3333333333333335,1.3333333333333335,0.6666666666666666,0.5333333333333333,0.0,0.0,0.0,0.0,0,46.0,Other,Tulsa,Silver,1,Personal Care,Mainstream,2022-12-27,0,2022,15,1,0,0,2024-03
501121,7.0,15,0.5714285714285714,1,0.0,0.0,0.0,0.0,1.5714285714285714,0.0,0.0,0.0,92.27357142857143,1.2010917935435688,,0.0,3,,0.21375000000000002,0.0,0.0,0.0,0.0,0.0,0.14285714285714285,0.0,2.0,-2.0,1.0,1,56.0,F,Boise,Platinum,0,Produce,Mainstream,2022-01-05,0,2022,26,0,1,0,2024-03
501122,0.0,15,1.0,0,7.0,5.0,6.333333333333333,-1.333333333333333,5.266666666666667,140.13666666666666,185.2733333333333,-0.24231416198418093,158.25666666666666,0.34601639144378926,28.02733333333333,3.6666666666666665,0,0.19666666666666668,0.26266666666666666,3.3333333333333335,1.0,0.3333333333333333,-0.3333333333333333,1.3333333333333333,0.6666666666666666,1.0,2.0,0.0,2.0,1,31.0,M,Raleigh,Gold,0,Dairy,Mainstream,2021-08-10,0,2021,31,1,0,0,2024-03
501123,0.0,15,0.9285714285714286,1,2.0,1.3333333333333333,4.0,-2.666666666666667,2.5714285714285716,40.78,129.64666666666668,-0.6802061540031638,78.48642857142856,0.7016059823680894,30.585,1.3333333333333333,0,0.21666666666666667,0.2107692307692308,1.0,-0.33333333333333326,1.3333333333333333,-0.3333333333333335,0.6666666666666666,0.6428571428571429,0.0,0.0,0.0,0.0,0,37.0,F,Madison,Gold,0,Bakery,Mainstream,2021-04-15,0,2021,35,1,0,0,2024-03
501124,0.0,15,1.0,0,8.0,6.333333333333333,3.3333333333333335,2.9999999999999996,5.866666666666666,240.9,114.91666666666667,1.0868439971243709,215.8973333333333,0.48770420709738516,38.03684210526316,4.666666666666667,0,0.13,0.21866666666666665,3.0,0.0,1.3333333333333333,-0.3333333333333335,0.0,0.8,0.0,0.0,0.0,0.0,0,61.0,F,Austin,Gold,1,Dairy,Value,2021-12-01,0,2021,27,1,0,0,2024-03
501125,0.0,2,1.0,0,12.0,7.5,,,7.5,212.98499999999999,,,212.98499999999999,0.779689440946636,28.398,3.5,0,0.26,0.26,3.5,,0.5,,0.0,0.0,0.0,0.0,,0.0,0,42.0,F,Raleigh,Silver,0,Snacks,Mainstream,2024-01-16,0,2024,2,1,0,0,2024-03
501126,8.0,11,0.18181818181818182,0,0.0,0.0,0.0,0.0,0.5454545454545454,0.0,0.0,0.0,12.976363636363637,2.5130694519688515,,0.0,3,,0.24,0.0,0.0,0.0,0.0,0.0,0.0,0.0,0.0,0.0,0.0,1,64.0,M,Boise,Silver,1,Household,Mainstream,2023-04-05,0,2023,11,0,1,0,2024-03
501127,0.0,15,1.0,0,4.0,4.333333333333333,4.0,0.33333333333333304,4.733333333333333,137.29,134.01,0.024294496703947868,142.942,0.4561447445602178,31.682307692307692,1.6666666666666667,0,0.31,0.34733333333333327,2.3333333333333335,1.0000000000000002,0.3333333333333333,-0.3333333333333333,0.0,0.6,1.0,1.0,1.0,1.0,1,21.0,F,Nashville,Gold,0,Frozen Foods,Value,2022-08-24,0,2022,19,1,1,0,2024-03
501129,3.0,15,0.3333333333333333,0,0.0,0.0,0.6666666666666666,-0.6666666666666666,0.3333333333333333,0.0,33.81333333333333,-0.9712753734201456,16.24,1.3827260000282868,,0.0,3,,0.164,0.0,0.0,0.3333333333333333,-0.6666666666666667,0.0,0.5333333333333333,0.0,0.0,0.0,0.0,1,37.0,M,Madison,Platinum,1,Personal Care,Mainstream,2022-12-30,0,2022,15,0,1,0,2024-03
501130,0.0,4,1.0,0,7.0,5.0,4.0,1.0,4.75,142.4333333333333,118.9,0.19627467333889326,136.55,0.4465880577316751,28.486666666666665,4.0,0,0.3666666666666667,0.3625,2.0,-1.0,2.3333333333333335,0.3333333333333335,0.0,0.0,1.0,1.0,1.0,1.0,1,70.0,F,Tulsa,Silver,1,Dairy,Mainstream,2023-11-30,0,2023,4,1,0,0,2024-03
501131,0.0,15,1.0,0,8.0,8.0,5.666666666666667,2.333333333333333,6.4,290.81666666666666,232.98000000000002,0.24718636920534506,240.40466666666666,0.4251647719220424,36.35208333333333,4.0,0,0.39999999999999997,0.29600000000000004,1.0,-1.3333333333333335,1.3333333333333333,0.33333333333333326,0.3333333333333333,0.3333333333333333,0.0,1.0,-1.0,0.0,0,43.0,F,Spokane,Gold,1,Beverages,Upscale,2022-07-24,0,2022,20,1,0,0,2024-03
501132,0.0,6,1.0,0,8.0,7.666666666666667,4.333333333333333,3.333333333333334,6.0,222.79999999999998,126.40666666666668,0.7565799801161631,174.60333333333332,0.3909118435427799,29.06086956521739,5.0,0,0.21666666666666667,0.25333333333333335,4.666666666666667,1.0000000000000004,1.6666666666666667,0.3333333333333335,1.3333333333333333,1.0,1.0,1.0,1.0,0.0,0,23.0,M,Tulsa,Gold,1,Frozen Foods,Mainstream,2023-09-30,0,2023,6,1,0,0,2024-03
501133,0.0,9,1.0,0,2.0,6.0,6.333333333333333,-0.33333333333333304,8.11111111111111,135.17666666666665,156.48,-0.13527643721954116,202.03111111111113,0.4795903220906849,22.529444444444444,3.0,0,0.22999999999999998,0.2833333333333334,3.0,-1.333333333333333,1.0,-0.33333333333333326,1.0,0.4444444444444444,0.0,0.0,0.0,0.0,0,65.0,F,Portland,Silver,1,Produce,Value,2023-06-20,0,2023,9,1,0,0,2024-03
501134,0.0,10,0.9,0,5.0,3.6666666666666665,7.333333333333333,-3.6666666666666665,6.0,103.77333333333333,197.21333333333334,-0.47141127404816363,167.79,0.43950544071842196,28.30181818181818,1.6666666666666667,1,0.16499999999999998,0.2711111111111111,2.0,-0.3333333333333335,0.0,-0.6666666666666666,0.0,0.8,0.0,0.0,0.0,0.0,0,48.0,F,Columbus,Gold,0,Bakery,Value,2023-05-13,0,2023,10,1,0,0,2024-03
501135,0.0,15,1.0,1,6.0,6.333333333333333,4.0,2.333333333333333,5.5,227.1,146.53,0.5461262116179759,191.23142857142858,0.33924952399357355,35.857894736842105,2.3333333333333335,0,0.26666666666666666,0.30428571428571427,3.6666666666666665,0.0,0.0,0.0,0.6666666666666666,0.7857142857142857,0.0,0.0,0.0,0.0,0,21.0,F,Portland,Silver,0,Personal Care,Upscale,2021-03-21,0,2021,36,1,0,0,2024-03
501136,0.0,15,1.0,2,5.0,4.666666666666667,5.0,-0.33333333333333304,5.384615384615385,123.38,127.77666666666669,-0.03414179587399391,140.56307692307695,0.5094702781387713,26.43857142857143,3.0,0,0.21666666666666667,0.25846153846153846,2.6666666666666665,0.9999999999999998,1.0,0.0,0.6666666666666666,0.5384615384615384,0.0,0.0,0.0,0.0,0,60.0,M,Madison,Silver,1,Snacks,Upscale,2022-11-26,0,2022,16,1,0,0,2024-03
501137,0.0,15,1.0,1,1.0,3.3333333333333335,2.5,0.8333333333333335,4.357142857142857,77.81,69.575,0.11668437832093516,107.67999999999999,0.4554232504026055,23.343,1.0,0,0.22666666666666666,0.29714285714285715,3.3333333333333335,2.3333333333333335,2.3333333333333335,0.8333333333333335,2.0,0.7142857142857143,1.0,1.0,1.0,1.0,1,51.0,M,Spokane,Silver,1,Household,Value,2022-07-22,0,2022,20,1,0,0,2024-03
501138,0.0,15,0.21428571428571427,1,1.0,0.3333333333333333,0.6666666666666666,-0.3333333333333333,0.21428571428571427,10.86,21.136666666666667,-0.4642373136575817,6.856428571428572,1.7422684979671945,32.58,0.3333333333333333,2,0.28,0.24666666666666667,0.6666666666666666,0.3333333333333333,3.0,2.3333333333333335,1.3333333333333333,0.7857142857142857,1.0,2.0,0.0,1.0,1,70.0,M,Raleigh,Gold,1,Dairy,Mainstream,2021-05-13,0,2021,34,1,0,0,2024-03
501140,6.0,9,0.3333333333333333,0,0.0,0.0,0.0,0.0,1.0,0.0,0.0,0.0,38.440000000000005,1.737266139084989,,0.0,3,,0.21,0.0,-0.3333333333333333,0.0,0.0,0.0,0.1111111111111111,0.0,3.0,-3.0,0.0,0,54.0,Unknown,Austin,Gold,1,Personal Care,Value,2023-06-12,0,2023,9,0,1,0,2024-03
501141,3.0,15,0.8,0,0.0,0.0,1.6666666666666667,-1.6666666666666667,5.133333333333334,0.0,76.0,-0.987012987012987,216.14533333333333,0.9521333289596579,,0.0,3,,0.33749999999999997,0.0,-0.6666666666666666,0.0,-0.6666666666666666,0.0,0.6,0.0,2.0,-2.0,0.0,1,30.0,M,Nashville,Gold,1,Bakery,Value,2022-12-23,0,2022,15,0,1,0,2024-03
501142,12.0,15,0.2,0,0.0,0.0,0.0,0.0,0.5333333333333333,0.0,0.0,0.0,27.566666666666666,2.2813113741798814,,0.0,3,,0.44999999999999996,0.0,0.0,0.0,0.0,0.0,0.0,0.0,0.0,0.0,0.0,0,52.0,M,Tulsa,Platinum,0,Household,Value,2021-06-16,0,2021,33,0,1,0,2024-03
501143,0.0,15,1.0,1,4.0,6.0,7.333333333333333,-1.333333333333333,6.785714285714286,258.46999999999997,329.7666666666667,-0.21554973294366642,311.9157142857143,0.3012069982544508,43.078333333333326,3.0,0,0.365,0.20357142857142854,2.0,-0.6666666666666665,1.0,0.33333333333333337,0.0,0.35714285714285715,0.0,0.0,0.0,0.0,0,27.0,F,Austin,Platinum,0,Bakery,Upscale,2022-01-08,0,2022,26,1,0,0,2024-03
501144,0.0,15,1.0,0,2.0,6.0,7.333333333333333,-1.333333333333333,6.466666666666667,213.11666666666667,305.72333333333336,-0.3019224708477782,253.17000000000002,0.3486136665875272,35.519444444444446,3.3333333333333335,0,0.34,0.2753333333333334,3.6666666666666665,-3.6666666666666665,0.0,-0.6666666666666666,0.3333333333333333,0.8,0.0,0.0,0.0,0.0,0,40.0,M,Tulsa,Gold,0,Frozen Foods,Unknown,2022-02-26,0,2022,25,1,0,0,2024-03
501145,3.0,13,0.6923076923076923,0,0.0,0.0,1.0,-1.0,0.9230769230769231,0.0,30.459999999999997,-0.9682136045772409,28.58846153846154,0.8108601094421625,,0.0,3,,0.23555555555555557,0.0,-0.6666666666666666,0.0,-1.0,0.0,0.3076923076923077,0.0,2.0,-2.0,0.0,1,42.0,F,Columbus,Silver,0,Produce,Upscale,2023-02-15,0,2023,13,0,1,0,2024-03
501146,10.0,15,0.3333333333333333,0,0.0,0.0,0.0,0.0,1.0,0.0,0.0,0.0,23.974,1.626047192190981,,0.0,3,,0.278,0.0,0.0,0.0,0.0,0.0,0.06666666666666667,0.0,0.0,0.0,0.0,1,50.0,M,Raleigh,Silver,1,Dairy,Value,2021-08-08,0,2021,31,0,1,0,2024-03
501147,0.0,6,1.0,0,4.0,3.3333333333333335,5.0,-1.6666666666666665,4.166666666666667,94.87,138.60666666666665,-0.3132849434124444,116.73833333333333,0.3472198778618456,28.461000000000002,0.3333333333333333,0,0.29,0.265,2.3333333333333335,1.0000000000000002,1.6666666666666667,0.0,0.3333333333333333,0.3333333333333333,1.0,1.0,1.0,0.0,0,29.0,M,Portland,Silver,1,Dairy,Mainstream,2023-09-28,0,2023,6,1,0,0,2024-03
501148,0.0,14,1.0,0,7.0,8.0,6.666666666666667,1.333333333333333,6.785714285714286,159.27,151.46,0.05122655122655124,146.9842857142857,0.4314078677393176,19.90875,5.666666666666667,0,0.29333333333333333,0.2921428571428572,4.0,0.3333333333333335,0.6666666666666666,0.6666666666666666,1.0,0.42857142857142855,0.0,1.0,-1.0,0.0,1,49.0,M,Nashville,Silver,0,Personal Care,Mainstream,2023-01-17,0,2023,14,1,0,0,2024-03
501149,1.0,12,0.8888888888888888,3,0.0,2.5,7.0,-4.5,5.111111111111111,69.085,210.015,-0.667867213231287,153.4933333333333,0.4504648241020444,27.633999999999997,1.0,1,0.43,0.37875,1.5,-3.0,0.0,-2.0,0.5,1.1111111111111112,0.0,0.0,0.0,0.0,1,36.0,M,Portland,Silver,1,Household,Value,2023-03-12,0,2023,12,1,0,0,2024-03
501151,0.0,2,1.0,0,4.0,6.0,,,6.0,187.625,,,187.625,0.6062093443905984,31.270833333333332,2.5,0,0.225,0.225,1.0,,3.0,,0.0,0.0,0.0,0.0,,0.0,0,74.0,F,Spokane,Gold,1,Snacks,Mainstream,2024-01-17,0,2024,2,1,0,0,2024-03
501152,0.0,15,0.9333333333333333,0,2.0,2.3333333333333335,3.3333333333333335,-1.0,2.4,77.80666666666667,116.21666666666665,-0.32768377648229763,78.63133333333333,0.5696179778393758,33.34571428571429,0.6666666666666666,0,0.27,0.3185714285714285,1.3333333333333333,0.6666666666666666,0.6666666666666666,-0.33333333333333337,1.0,0.6666666666666666,0.0,0.0,0.0,0.0,0,65.0,F,Boise,Silver,1,Produce,Value,2021-10-25,0,2021,29,1,0,0,2024-03
501153,1.0,15,0.9333333333333333,0,0.0,3.0,4.0,-1.0,3.8,98.2,126.07333333333334,-0.21934840774356015,115.06933333333333,0.4442115424118579,32.733333333333334,1.0,1,0.295,0.3171428571428571,1.6666666666666667,-0.6666666666666667,0.6666666666666666,0.3333333333333333,0.0,0.4,2.0,2.0,2.0,0.0,0,31.0,F,Portland,Gold,0,Bakery,Value,2021-04-24,0,2021,35,1,0,0,2024-03
501154,0.0,7,1.0,0,2.0,3.0,4.0,-1.0,3.4285714285714284,81.65666666666665,114.45666666666666,-0.2840892687011001,94.95142857142855,0.4888257809244588,27.218888888888884,3.6666666666666665,0,0.22666666666666666,0.20428571428571432,1.3333333333333333,0.33333333333333326,3.0,2.6666666666666665,0.3333333333333333,0.42857142857142855,0.0,1.0,-1.0,1.0,1,60.0,M,Raleigh,Silver,0,Dairy,Value,2023-07-20,0,2023,8,1,0,0,2024-03
501155,0.0,1,1.0,0,6.0,6.0,,,6.0,181.17,,,181.17,,30.194999999999997,1.0,0,0.38,0.38,3.0,,0.0,,0.0,0.0,0.0,0.0,,0.0,0,73.0,F,Denver,Silver,0,Frozen Foods,Unknown,2024-02-02,0,2024,1,1,0,0,2024-03
501156,0.0,4,1.0,0,5.0,4.333333333333333,3.0,1.333333333333333,4.0,132.35000000000002,89.49,0.4736434965189527,121.635,0.32025821346828354,30.5423076923077,2.0,0,0.26333333333333336,0.245,0.3333333333333333,0.3333333333333333,0.0,0.0,0.6666666666666666,0.5,1.0,1.0,1.0,1.0,1,70.0,F,Denver,Silver,0,Personal Care,Mainstream,2023-11-18,0,2023,4,1,0,0,2024-03
501157,0.0,1,1.0,0,5.0,5.0,,,5.0,95.75,,,95.75,,19.15,4.0,0,0.26,0.26,1.0,,1.0,,0.0,0.0,0.0,0.0,,0.0,0,67.0,F,Raleigh,Silver,0,Household,Upscale,2024-02-24,0,2024,1,1,0,0,2024-03
501158,1.0,15,0.9333333333333333,0,0.0,5.0,6.333333333333333,-1.333333333333333,5.533333333333333,109.36,149.95666666666668,-0.268929273301389,123.53533333333334,0.47336847372012386,21.872,4.0,1,0.135,0.325,2.0,0.33333333333333326,0.6666666666666666,0.3333333333333333,1.0,0.5333333333333333,0.0,0.0,0.0,0.0,0,21.0,M,Columbus,Silver,0,Snacks,Mainstream,2021-10-10,0,2021,29,1,0,0,2024-03
501160,0.0,15,1.0,1,3.0,3.0,3.3333333333333335,-0.3333333333333335,3.142857142857143,75.705,91.56666666666666,-0.17135397911415196,86.5507142857143,0.4485108021820536,25.235,1.5,0,0.245,0.2557142857142857,3.0,0.3333333333333335,1.0,0.6666666666666667,0.0,0.5,0.0,0.0,0.0,0.0,1,61.0,M,Spokane,Silver,1,Bakery,Upscale,2022-02-19,0,2022,25,1,0,0,2024-03
501161,0.0,15,0.9333333333333333,0,1.0,1.3333333333333333,2.3333333333333335,-1.0000000000000002,2.066666666666667,40.193333333333335,88.45666666666666,-0.5395163393821962,71.94266666666667,0.5927033268617492,30.145,1.6666666666666667,0,0.17333333333333334,0.23857142857142863,0.0,-1.0,0.3333333333333333,0.3333333333333333,0.3333333333333333,0.4666666666666667,0.0,0.0,0.0,0.0,1,35.0,F,Austin,Gold,0,Bakery,Value,2021-10-17,0,2021,29,1,1,0,2024-03
501162,0.0,7,1.0,0,4.0,3.0,4.0,-1.0,3.857142857142857,115.38000000000001,149.07333333333335,-0.22451246057483012,147.37857142857143,0.42036371705403097,38.46000000000001,2.3333333333333335,0,0.47000000000000003,0.48714285714285716,2.3333333333333335,0.6666666666666667,0.3333333333333333,0.3333333333333333,0.0,0.14285714285714285,1.0,1.0,1.0,0.0,1,,M,Nashville,Silver,0,Bakery,Mainstream,2023-08-28,1,2023,7,1,1,0,2024-03
501163,0.0,7,1.0,0,10.0,7.0,6.666666666666667,0.33333333333333304,6.714285714285714,268.8466666666667,262.13,0.025526039093477358,261.5857142857143,0.3647808575148933,38.40666666666667,1.0,0,0.17666666666666667,0.2657142857142857,3.3333333333333335,2.0,0.6666666666666666,-0.33333333333333337,0.3333333333333333,0.7142857142857143,0.0,0.0,0.0,0.0,0,45.0,M,Raleigh,Platinum,0,Household,Mainstream,2023-08-09,0,2023,7,1,0,0,2024-03
501164,0.0,9,1.0,0,14.0,7.0,3.3333333333333335,3.6666666666666665,5.444444444444445,280.6166666666667,139.34666666666666,1.0065789473684212,213.67333333333332,0.6732199581822995,40.08809523809524,3.3333333333333335,0,0.2733333333333333,0.24777777777777776,3.3333333333333335,-1.9999999999999996,0.3333333333333333,0.3333333333333333,0.6666666666666666,0.4444444444444444,0.0,0.0,0.0,0.0,0,60.0,F,Tulsa,Gold,0,Dairy,Mainstream,2023-06-24,0,2023,9,1,0,0,2024-03
501165,9.0,14,0.3076923076923077,1,0.0,0.0,0.0,0.0,1.4615384615384615,0.0,0.0,0.0,40.926923076923075,1.7852151294039336,,0.0,3,,0.3325,0.0,0.0,0.0,0.0,0.0,0.07692307692307693,0.0,0.0,0.0,0.0,1,60.0,F,Boise,Silver,0,Bakery,Mainstream,2021-11-26,0,2021,28,0,1,0,2024-03
501166,14.0,15,0.06666666666666667,0,0.0,0.0,0.0,0.0,0.06666666666666667,0.0,0.0,0.0,1.6099999999999999,2.389081680993847,,0.0,3,,0.03,0.0,0.0,0.0,0.0,0.0,0.06666666666666667,0.0,0.0,0.0,0.0,1,34.0,F,Austin,Silver,1,Household,Upscale,2021-04-30,0,2021,35,0,1,0,2024-03
501167,0.0,15,1.0,1,13.0,8.333333333333334,7.666666666666667,0.666666666666667,7.571428571428571,326.97333333333336,292.77,0.11642895235501712,302.2257142857142,0.40332332952407624,39.2368,3.0,0,0.2166666666666667,0.2714285714285714,4.666666666666667,-1.666666666666666,0.3333333333333333,-2.0,0.3333333333333333,0.5,1.0,2.0,0.0,0.0,1,63.0,F,Raleigh,Gold,1,Bakery,Upscale,2021-12-01,0,2021,27,1,0,0,2024-03
501168,6.0,9,0.3333333333333333,0,0.0,0.0,0.0,0.0,1.3333333333333333,0.0,0.0,0.0,38.97,1.6966104126875394,,0.0,3,,0.3833333333333333,0.0,-0.3333333333333333,0.0,0.0,0.0,0.2222222222222222,0.0,1.0,-1.0,0.0,1,44.0,F,Raleigh,Silver,1,Bakery,Mainstream,2023-06-23,0,2023,9,0,1,0,2024-03
501170,0.0,15,0.6428571428571429,1,2.0,2.0,1.0,1.0,1.0714285714285714,43.455,20.34,1.0831771321462043,22.33142857142857,0.7957771986895691,21.7275,3.0,0,0.26,0.2566666666666666,0.0,0.0,2.5,0.5,1.5,0.8571428571428571,0.0,0.0,0.0,0.0,0,65.0,F,Tulsa,Silver,1,Bakery,Mainstream,2022-02-01,0,2022,25,1,0,0,2024-03
501171,11.0,15,0.26666666666666666,0,0.0,0.0,0.0,0.0,0.8666666666666667,0.0,0.0,0.0,21.244000000000003,2.149778360997922,,0.0,3,,0.375,0.0,0.0,0.0,0.0,0.0,0.0,0.0,0.0,0.0,0.0,0,34.0,F,Columbus,Silver,0,Produce,Value,2022-12-24,0,2022,15,0,1,0,2024-03
501172,0.0,3,1.0,0,3.0,4.333333333333333,,,4.333333333333333,116.14666666666666,,,116.14666666666666,0.755236678968005,26.803076923076922,3.0,0,0.3,0.3,1.3333333333333333,,1.6666666666666667,,1.0,1.0,1.0,1.0,,1.0,1,20.0,F,Boise,Silver,1,Personal Care,Value,2023-12-03,0,2023,3,1,0,0,2024-03
501173,9.0,11,0.2,1,0.0,0.0,0.0,0.0,0.5,0.0,0.0,0.0,11.605,2.371265511504242,,0.0,3,,0.24,0.0,0.0,0.0,0.0,0.0,0.2,0.0,0.0,0.0,0.0,0,55.0,M,Raleigh,Silver,1,Personal Care,Mainstream,2023-04-30,0,2023,11,0,1,0,2024-03
501174,0.0,15,0.8666666666666667,0,4.0,2.6666666666666665,2.6666666666666665,0.0,2.6,85.31,87.40666666666668,-0.0237161601689165,81.47066666666667,0.67462907218424,31.99125,1.0,1,0.25,0.25846153846153846,0.6666666666666666,-1.0,1.6666666666666667,0.3333333333333335,0.3333333333333333,0.8,0.0,0.0,0.0,0.0,0,,M,Spokane,Silver,1,Dairy,Upscale,2021-09-22,1,2021,30,1,0,0,2024-03
501175,12.0,15,0.2,0,0.0,0.0,0.0,0.0,0.26666666666666666,0.0,0.0,0.0,8.976666666666667,2.063889655956789,,0.0,3,,0.23666666666666666,0.0,0.0,0.0,0.0,0.0,0.06666666666666667,0.0,0.0,0.0,0.0,1,32.0,F,Austin,Gold,0,Frozen Foods,Upscale,2022-09-07,0,2022,18,0,1,0,2024-03
501177,0.0,15,1.0,2,8.0,10.0,8.666666666666666,1.333333333333334,8.615384615384615,279.6033333333333,288.12333333333333,-0.02946839295802266,260.55000000000007,0.2517611534598951,27.96033333333333,4.0,0,0.25666666666666665,0.2469230769230769,3.6666666666666665,-1.3333333333333335,1.3333333333333333,0.6666666666666666,0.3333333333333333,0.23076923076923078,0.0,0.0,0.0,0.0,0,67.0,F,Tulsa,Silver,1,Personal Care,Value,2021-05-29,0,2021,34,1,0,0,2024-03
501178,0.0,14,1.0,0,5.0,3.6666666666666665,7.666666666666667,-4.0,6.0,95.75333333333333,212.18999999999997,-0.54616382882249,158.66714285714286,0.47597855381714244,26.114545454545453,3.6666666666666665,0,0.24666666666666667,0.2771428571428571,3.3333333333333335,-0.6666666666666665,0.3333333333333333,0.3333333333333333,0.3333333333333333,0.5,0.0,0.0,0.0,0.0,0,66.0,F,Portland,Silver,0,Personal Care,Mainstream,2022-09-07,0,2022,18,1,0,0,2024-03
501179,3.0,12,0.75,0,0.0,0.0,1.6666666666666667,-1.6666666666666667,2.6666666666666665,0.0,58.05666666666667,-0.9830671106846531,82.83749999999999,0.8743444105541429,,0.0,3,,0.3422222222222222,0.0,-0.3333333333333333,0.3333333333333333,-0.6666666666666667,0.0,0.4166666666666667,0.0,1.0,-1.0,0.0,0,59.0,F,Nashville,Silver,1,Beverages,Mainstream,2023-03-21,0,2023,12,0,1,0,2024-03
501181,6.0,15,0.6,0,0.0,0.0,0.0,0.0,1.1333333333333333,0.0,0.0,0.0,32.21066666666666,1.112320647248497,,0.0,3,,0.19,0.0,0.0,0.0,0.0,0.0,0.3333333333333333,0.0,0.0,0.0,0.0,1,71.0,F,Raleigh,Silver,0,Personal Care,Mainstream,2022-07-03,0,2022,20,0,1,0,2024-03
501182,0.0,15,1.0,0,4.0,5.333333333333333,7.0,-1.666666666666667,6.733333333333333,84.26666666666667,112.90333333333335,-0.25141201603699054,101.95066666666665,0.3936775236528062,15.8,2.0,0,0.5333333333333333,0.32333333333333336,2.6666666666666665,-0.666666666666667,3.3333333333333335,2.666666666666667,0.3333333333333333,0.26666666666666666,0.0,1.0,-1.0,0.0,0,64.0,M,Portland,Silver,1,Household,Mainstream,2022-07-29,0,2022,20,1,0,0,2024-03
501183,0.0,4,1.0,0,5.0,4.0,2.0,2.0,3.5,131.30333333333334,75.46,0.7303601011422097,117.3425,0.3800463561640383,32.825833333333335,2.3333333333333335,0,0.33,0.27,3.6666666666666665,2.6666666666666665,0.0,0.0,0.0,0.0,1.0,1.0,1.0,0.0,0,20.0,F,Tulsa,Silver,0,Dairy,Value,2023-11-08,0,2023,4,1,0,0,2024-03
501184,3.0,15,0.8,0,0.0,0.0,4.666666666666667,-4.666666666666667,3.2,0.0,145.60333333333332,-0.9931788726950274,103.66599999999998,0.8201584044942358,,0.0,3,,0.3066666666666667,0.0,-0.6666666666666666,0.0,0.0,0.0,0.2,0.0,4.0,-4.0,0.0,1,31.0,M,Nashville,Platinum,0,Snacks,Mainstream,2021-08-16,0,2021,31,0,1,0,2024-03
501185,12.0,15,0.2,0,0.0,0.0,0.0,0.0,0.26666666666666666,0.0,0.0,0.0,6.622,1.9080220921662354,,0.0,3,,0.29666666666666663,0.0,0.0,0.0,0.0,0.0,0.0,0.0,0.0,0.0,0.0,1,24.0,F,Raleigh,Gold,1,Personal Care,Value,2022-09-21,0,2022,18,0,1,0,2024-03
501186,0.0,2,1.0,0,4.0,3.0,,,3.0,127.26,,,127.26,0.4549388085413528,42.42,1.5,0,0.27999999999999997,0.27999999999999997,1.5,,1.0,,0.5,0.5,0.0,0.0,,0.0,0,35.0,F,Spokane,Silver,1,Household,Mainstream,2024-01-25,0,2024,2,1,0,1,2024-03
501187,0.0,6,1.0,0,5.0,4.666666666666667,3.6666666666666665,1.0000000000000004,4.166666666666667,170.76,152.18666666666664,0.12124640960919154,161.47333333333333,0.36533810455641164,36.59142857142857,3.3333333333333335,0,0.18000000000000002,0.20666666666666667,1.6666666666666667,-0.9999999999999998,1.0,0.6666666666666667,1.3333333333333333,1.3333333333333333,1.0,2.0,0.0,1.0,1,56.0,F,Spokane,Gold,0,Produce,Value,2023-09-17,0,2023,6,1,0,0,2024-03
501188,0.0,9,1.0,1,5.0,6.666666666666667,5.0,1.666666666666667,6.875,249.29,205.79666666666665,0.21031931526942735,258.5475,0.45498346261885964,37.3935,4.0,0,0.14,0.305,5.333333333333333,0.6666666666666661,0.0,-0.3333333333333333,0.3333333333333333,0.75,1.0,1.0,1.0,0.0,0,49.0,F,Raleigh,Silver,0,Dairy,Mainstream,2023-06-17,0,2023,9,1,0,0,2024-03
501189,0.0,15,1.0,0,10.0,5.0,3.6666666666666665,1.3333333333333335,4.866666666666666,233.56333333333336,171.35333333333335,0.3609445712296445,210.75599999999997,0.6213869844755808,46.71266666666667,3.6666666666666665,0,0.25333333333333335,0.28,3.0,1.0,1.3333333333333333,-1.0000000000000002,0.0,0.4666666666666667,0.0,1.0,-1.0,0.0,1,,F,Raleigh,Silver,1,Snacks,Mainstream,2021-12-07,1,2021,27,1,0,0,2024-03
501190,6.0,15,0.6,0,0.0,0.0,0.0,0.0,2.8,0.0,0.0,0.0,101.48399999999998,1.2545984502208163,,0.0,3,,0.34555555555555556,0.0,0.0,0.0,0.0,0.0,0.13333333333333333,0.0,0.0,0.0,0.0,1,55.0,F,Tulsa,Gold,1,Personal Care,Mainstream,2021-11-20,0,2021,28,0,1,0,2024-03
501191,0.0,15,1.0,1,5.0,5.666666666666667,4.0,1.666666666666667,4.071428571428571,124.89666666666666,78.625,0.5811198325484039,86.67499999999998,0.4641259670146965,22.040588235294116,2.0,0,0.43999999999999995,0.2892857142857142,4.333333333333333,1.333333333333333,2.3333333333333335,0.3333333333333335,0.3333333333333333,0.21428571428571427,0.0,3.0,-3.0,0.0,0,51.0,M,Nashville,Silver,1,Household,Upscale,2021-09-14,0,2021,30,1,0,0,2024-03
501192,9.0,15,0.3333333333333333,0,0.0,0.0,0.0,0.0,0.5333333333333333,0.0,0.0,0.0,20.588,1.6152098262684618,,0.0,3,,0.23600000000000004,0.0,0.0,0.0,0.0,0.0,0.2,0.0,0.0,0.0,0.0,0,68.0,F,Boise,Gold,1,Household,Value,2022-05-22,0,2022,22,0,1,0,2024-03
501193,0.0,15,1.0,0,4.0,8.666666666666666,7.666666666666667,0.9999999999999991,7.533333333333333,234.86333333333332,221.75,0.05887018331462768,201.49133333333333,0.3159897283680805,27.099615384615383,4.0,0,0.21,0.23000000000000004,3.6666666666666665,2.333333333333333,0.6666666666666666,0.3333333333333333,0.0,0.8,0.0,0.0,0.0,0.0,1,35.0,F,Denver,Platinum,0,Frozen Foods,Value,2021-06-03,0,2021,33,1,0,0,2024-03
501194,0.0,10,1.0,1,3.0,4.0,3.0,1.0,2.7777777777777777,147.81000000000003,111.255,0.3256425103558865,103.23444444444445,0.4814897230477313,36.95250000000001,2.0,0,0.17333333333333334,0.3244444444444444,2.3333333333333335,-1.1666666666666665,0.3333333333333333,0.3333333333333333,0.6666666666666666,0.5555555555555556,1.0,1.0,1.0,0.0,0,68.0,F,Denver,Silver,0,Produce,Mainstream,2023-05-03,0,2023,10,1,0,0,2024-03
501195,5.0,15,0.6428571428571429,1,0.0,0.0,0.3333333333333333,-0.3333333333333333,1.4285714285714286,0.0,13.696666666666667,-0.9319573599455659,57.635,1.2718533857829328,,0.0,3,,0.21000000000000005,0.0,0.0,0.0,-0.3333333333333333,0.0,0.35714285714285715,0.0,0.0,0.0,0.0,0,55.0,M,Denver,Gold,1,Household,Mainstream,2022-06-20,0,2022,21,0,1,0,2024-03
501196,9.0,15,0.4,0,0.0,0.0,0.0,0.0,0.8666666666666667,0.0,0.0,0.0,30.997333333333337,1.4049140311584971,,0.0,3,,0.3116666666666667,0.0,0.0,0.0,0.0,0.0,0.2,0.0,0.0,0.0,0.0,1,32.0,M,Columbus,Gold,0,Produce,Unknown,2022-04-28,0,2022,23,0,1,0,2024-03
501198,0.0,15,1.0,0,3.0,2.0,2.0,0.0,1.9333333333333333,53.01666666666667,54.696666666666665,-0.030163385002094548,55.232000000000006,0.6014365444378069,26.508333333333336,2.0,0,0.27666666666666667,0.29733333333333334,3.0,1.6666666666666667,0.0,-0.6666666666666666,1.0,0.4666666666666667,2.0,2.0,2.0,1.0,1,60.0,F,Raleigh,Silver,0,Household,Mainstream,2022-11-17,0,2022,16,1,0,0,2024-03
501199,0.0,15,1.0,1,5.0,4.666666666666667,4.333333333333333,0.3333333333333339,4.714285714285714,133.25,130.87666666666667,0.01799661299699215,135.43,0.32762733650969056,28.553571428571427,3.6666666666666665,0,0.4266666666666667,0.3521428571428572,2.6666666666666665,0.9999999999999998,1.0,-0.33333333333333326,1.0,0.7142857142857143,0.0,2.0,-2.0,0.0,0,57.0,M,Madison,Silver,1,Snacks,Value,2022-01-28,0,2022,26,1,0,0,2024-03
501200,8.0,15,0.2,0,0.0,0.0,0.0,0.0,0.26666666666666666,0.0,0.0,0.0,6.989999999999999,1.9912444429936929,,0.0,3,,0.32,0.0,0.0,0.0,0.0,0.0,0.4,0.0,1.0,-1.0,1.0,1,54.0,M,Denver,Silver,1,Snacks,Mainstream,2021-07-29,0,2021,32,0,1,0,2024-03
501201,0.0,15,1.0,2,6.0,7.0,8.0,-1.0,6.923076923076923,264.33666666666664,293.18333333333334,-0.09805676732196485,254.52230769230766,0.39181711842231787,37.76238095238095,4.333333333333333,0,0.3466666666666667,0.2823076923076923,1.6666666666666667,-1.6666666666666667,0.0,-1.0,0.0,0.23076923076923078,0.0,0.0,0.0,0.0,0,40.0,F,Raleigh,Silver,0,Frozen Foods,Unknown,2021-05-20,0,2021,34,1,0,0,2024-03
501202,0.0,10,1.0,0,11.0,9.333333333333334,6.666666666666667,2.666666666666667,7.7,241.27333333333334,157.5666666666667,0.5278957326045826,188.291,0.24731101966615177,25.850714285714286,3.3333333333333335,0,0.38999999999999996,0.29200000000000004,3.3333333333333335,0.3333333333333335,0.0,-0.6666666666666666,0.3333333333333333,0.6,0.0,0.0,0.0,0.0,0,40.0,M,Austin,Silver,0,Beverages,Upscale,2023-05-26,0,2023,10,1,0,0,2024-03
501203,0.0,15,1.0,1,3.0,3.3333333333333335,4.333333333333333,-0.9999999999999996,4.5,56.11666666666667,79.16000000000001,-0.2874667332002662,84.18142857142858,0.5773641529502872,16.835,1.6666666666666667,0,0.33,0.2942857142857143,0.3333333333333333,-0.3333333333333333,1.0,-2.0,0.6666666666666666,0.7142857142857143,0.0,0.0,0.0,0.0,1,49.0,M,Boise,Silver,1,Personal Care,Value,2022-01-14,0,2022,26,1,0,0,2024-03
501204,0.0,15,1.0,0,10.0,7.333333333333333,4.333333333333333,3.0,7.4,235.39666666666668,151.17999999999998,0.5534016734568715,239.70600000000002,0.37993781317338265,32.099545454545456,3.6666666666666665,0,0.4266666666666666,0.31666666666666665,2.6666666666666665,0.9999999999999998,1.0,-1.0,1.3333333333333333,0.6666666666666666,1.0,2.0,0.0,0.0,0,62.0,F,Boise,Silver,1,Household,Unknown,2021-11-28,0,2021,28,1,0,0,2024-03
501205,0.0,15,1.0,0,15.0,8.666666666666666,9.333333333333334,-0.6666666666666679,8.4,202.19666666666663,173.23333333333335,0.1662330208532616,180.43733333333333,0.3830736985828938,23.330384615384613,2.0,0,0.21666666666666667,0.25733333333333336,1.6666666666666667,-0.6666666666666667,1.0,0.0,1.0,0.7333333333333333,1.0,1.0,1.0,1.0,1,32.0,F,Spokane,Silver,1,Beverages,Upscale,2021-05-02,0,2021,34,1,0,0,2024-03
501206,0.0,15,1.0,1,9.0,5.333333333333333,4.0,1.333333333333333,5.571428571428571,180.48000000000002,123.08,0.4626047711154096,182.47428571428568,0.5065758380884137,33.84,2.0,0,0.20666666666666667,0.2864285714285714,4.333333333333333,0.9999999999999996,1.3333333333333333,0.0,0.0,0.5714285714285714,0.0,1.0,-1.0,0.0,0,69.0,M,Tulsa,Gold,1,Snacks,Mainstream,2022-04-20,0,2022,23,1,0,0,2024-03
501207,0.0,6,1.0,0,4.0,4.0,6.666666666666667,-2.666666666666667,5.333333333333333,121.80666666666666,184.33333333333334,-0.33737410071942453,153.07000000000002,0.6250166333614129,30.451666666666664,1.0,0,0.20666666666666667,0.27,3.6666666666666665,-0.6666666666666665,0.3333333333333333,0.3333333333333333,1.3333333333333333,0.8333333333333334,1.0,1.0,1.0,1.0,1,29.0,F,Tulsa,Gold,0,Dairy,Mainstream,2023-09-10,0,2023,6,1,0,0,2024-03
501208,11.0,15,0.14285714285714285,1,0.0,0.0,0.0,0.0,0.5,0.0,0.0,0.0,18.595,2.7777187897097098,,0.0,3,,0.445,0.0,0.0,0.0,0.0,0.0,0.35714285714285715,0.0,0.0,0.0,0.0,0,45.0,F,Austin,Gold,1,Bakery,Mainstream,2021-12-18,0,2021,27,0,1,0,2024-03
501209,1.0,5,0.8,0,0.0,1.6666666666666667,5.5,-3.833333333333333,3.2,56.03,155.94,-0.6366127182362686,95.994,0.7641617595064291,33.618,2.0,1,0.29000000000000004,0.295,2.3333333333333335,-0.16666666666666652,1.3333333333333333,0.8333333333333333,0.0,0.4,0.0,1.0,-1.0,0.0,0,35.0,M,Denver,Gold,1,Produce,Mainstream,2023-10-16,0,2023,5,1,1,0,2024-03
501210,1.0,13,0.8461538461538461,0,0.0,1.0,3.3333333333333335,-2.3333333333333335,2.0,46.14000000000001,144.36,-0.6757017061089707,88.13000000000001,0.6849690161695611,46.14000000000001,2.3333333333333335,1,0.36,0.33818181818181814,0.0,-0.3333333333333333,0.3333333333333333,0.0,0.0,0.6923076923076923,2.0,2.0,2.0,1.0,1,70.0,Other,Austin,Gold,0,Beverages,Mainstream,2023-02-15,0,2023,13,1,1,0,2024-03
501211,0.0,15,1.0,0,10.0,7.0,5.666666666666667,1.333333333333333,7.133333333333334,217.42666666666665,177.85333333333332,0.2212613687192485,216.82333333333332,0.4233110770618172,31.06095238095238,6.0,0,0.41333333333333333,0.30333333333333345,4.666666666666667,1.0000000000000004,1.3333333333333333,0.0,0.3333333333333333,0.5333333333333333,0.0,0.0,0.0,0.0,0,28.0,F,Madison,Silver,1,Dairy,Mainstream,2022-10-08,0,2022,17,1,0,0,2024-03
501212,11.0,15,0.26666666666666666,0,0.0,0.0,0.0,0.0,0.4,0.0,0.0,0.0,15.087333333333335,1.7045229171478702,,0.0,3,,0.3225,0.0,0.0,0.0,0.0,0.0,0.2,0.0,0.0,0.0,0.0,0,25.0,F,Madison,Silver,1,Dairy,Unknown,2022-01-05,0,2022,26,0,1,0,2024-03
501213,4.0,5,0.2,0,0.0,0.0,0.5,-0.5,0.2,0.0,16.52,-0.9429223744292238,6.608,1.9421578858200064,,0.0,3,,0.26,0.0,0.0,0.0,0.0,0.0,0.0,0.0,2.0,-2.0,1.0,1,56.0,M,Nashville,Silver,0,Frozen Foods,Mainstream,2023-10-19,0,2023,5,0,1,0,2024-03
501214,0.0,15,1.0,0,5.0,5.666666666666667,7.0,-1.333333333333333,6.333333333333333,236.72000000000003,336.19,-0.29499688602864843,293.7766666666667,0.4090350343187802,41.77411764705883,1.6666666666666667,0,0.30333333333333334,0.31,3.3333333333333335,1.3333333333333335,0.0,-0.3333333333333333,0.6666666666666666,0.8,0.0,1.0,-1.0,0.0,0,27.0,M,Nashville,Gold,0,Beverages,Unknown,2022-02-05,0,2022,25,1,0,0,2024-03
501215,0.0,3,1.0,0,10.0,6.666666666666667,,,6.666666666666667,193.05000000000004,,,193.05000000000004,0.5935527774978552,28.957500000000003,3.0,0,0.3066666666666667,0.3066666666666667,2.3333333333333335,,1.0,,0.6666666666666666,0.6666666666666666,1.0,1.0,,1.0,1,74.0,F,Denver,Silver,0,Dairy,Unknown,2023-11-16,0,2023,4,1,0,0,2024-03
501217,0.0,3,1.0,0,5.0,5.0,,,5.0,234.58,,,234.58,0.04688660588295844,46.916000000000004,3.3333333333333335,0,0.2933333333333334,0.2933333333333334,2.3333333333333335,,0.6666666666666666,,0.6666666666666666,0.6666666666666666,0.0,0.0,,0.0,0,68.0,F,Austin,Silver,1,Household,Mainstream,2023-12-12,0,2023,3,1,0,0,2024-03
501219,0.0,11,1.0,0,4.0,6.0,5.333333333333333,0.666666666666667,5.909090909090909,233.64,203.53666666666666,0.14717817506233596,228.8790909090909,0.3173101848601369,38.94,3.6666666666666665,0,0.13333333333333333,0.25636363636363635,3.6666666666666665,-1.0000000000000004,1.6666666666666667,-0.9999999999999998,2.3333333333333335,1.0909090909090908,0.0,0.0,0.0,0.0,0,60.0,F,Columbus,Gold,1,Dairy,Unknown,2023-04-17,0,2023,11,1,0,0,2024-03
501220,4.0,15,0.7333333333333333,0,0.0,0.0,1.0,-1.0,1.8666666666666667,0.0,35.88666666666666,-0.9728899331285017,61.29333333333333,1.0276219836254095,,0.0,3,,0.31,0.0,-0.3333333333333333,0.0,0.0,0.0,0.26666666666666666,0.0,0.0,0.0,0.0,0,51.0,M,Tulsa,Silver,0,Bakery,Mainstream,2021-04-02,0,2021,35,0,1,0,2024-03
501222,0.0,15,1.0,0,4.0,3.0,4.0,-1.0,3.6666666666666665,60.06333333333333,85.81,-0.2965864147755635,77.36533333333335,0.5331307297180418,20.02111111111111,2.0,0,0.45333333333333337,0.3153333333333333,1.0,0.0,1.0,-0.6666666666666667,1.0,0.5333333333333333,0.0,1.0,-1.0,0.0,0,46.0,M,Spokane,Silver,1,Frozen Foods,Mainstream,2022-01-19,0,2022,26,1,0,0,2024-03
501223,0.0,7,1.0,1,7.0,5.0,2.0,3.0,4.166666666666667,120.86666666666667,45.824999999999996,1.6025983271044675,98.28000000000002,0.522610379287258,24.173333333333336,2.6666666666666665,0,0.1366666666666667,0.135,2.3333333333333335,0.8333333333333335,1.6666666666666667,0.16666666666666674,0.3333333333333333,0.3333333333333333,0.0,0.0,0.0,0.0,0,18.0,F,Raleigh,Silver,1,Beverages,Mainstream,2023-08-09,0,2023,7,1,0,0,2024-03
501224,0.0,6,1.0,0,4.0,4.0,3.3333333333333335,0.6666666666666665,3.6666666666666665,134.41,108.87333333333333,0.23241914932346333,121.64166666666667,0.5399696126771518,33.6025,3.0,0,0.20666666666666667,0.23666666666666666,1.3333333333333333,0.0,2.6666666666666665,0.33333333333333304,1.3333333333333333,1.3333333333333333,1.0,1.0,1.0,0.0,0,26.0,F,Austin,Silver,1,Personal Care,Mainstream,2023-09-06,0,2023,6,1,0,0,2024-03
501225,0.0,15,1.0,0,3.0,3.0,1.6666666666666667,1.3333333333333333,3.4,114.39,59.22666666666667,0.9159287137480628,130.06,0.6731913282793167,38.13,3.0,0,0.31666666666666665,0.25266666666666665,1.6666666666666667,1.6666666666666667,0.0,-1.0,0.6666666666666666,1.0666666666666667,0.0,0.0,0.0,0.0,1,25.0,F,Tulsa,Platinum,0,Snacks,Mainstream,2021-06-08,0,2021,33,1,0,0,2024-03
501226,0.0,15,1.0,0,6.0,5.0,3.6666666666666665,1.3333333333333335,4.466666666666667,192.18999999999997,145.02,0.3230379400082177,170.99266666666665,0.48829668119927366,38.437999999999995,3.0,0,0.35000000000000003,0.29733333333333334,0.6666666666666666,-2.3333333333333335,0.6666666666666666,0.0,0.6666666666666666,0.6,0.0,0.0,0.0,0.0,1,60.0,F,Boise,Silver,0,Snacks,Mainstream,2021-12-29,0,2021,27,1,0,0,2024-03
501227,14.0,15,0.06666666666666667,0,0.0,0.0,0.0,0.0,0.2,0.0,0.0,0.0,5.538666666666667,3.280663299377163,,0.0,3,,0.18,0.0,0.0,0.0,0.0,0.0,0.0,0.0,0.0,0.0,0.0,0,33.0,F,Madison,Gold,1,Dairy,Value,2022-10-09,0,2022,17,0,1,0,2024-03
501228,0.0,9,0.8888888888888888,0,4.0,3.6666666666666665,3.6666666666666665,0.0,3.2222222222222223,101.16333333333334,98.64333333333333,0.0252902017194662,88.08222222222223,0.600620909227921,27.59,2.6666666666666665,0,0.25666666666666665,0.3125,2.3333333333333335,1.3333333333333335,0.6666666666666666,-0.6666666666666666,0.6666666666666666,1.0,0.0,0.0,0.0,0.0,0,60.0,F,Nashville,Silver,1,Beverages,Mainstream,2023-06-11,0,2023,9,1,0,0,2024-03
501229,4.0,15,0.7333333333333333,0,0.0,0.0,1.3333333333333333,-1.3333333333333333,3.066666666666667,0.0,30.826666666666664,-0.9685798072894847,78.47999999999999,0.7949838833078293,,0.0,3,,0.24454545454545454,0.0,-0.3333333333333333,0.0,0.0,0.0,0.4,0.0,1.0,-1.0,0.0,0,58.0,M,Tulsa,Silver,0,Bakery,Mainstream,2021-07-29,0,2021,32,0,1,0,2024-03
501230,2.0,15,0.7857142857142857,1,0.0,0.3333333333333333,0.6666666666666666,-0.3333333333333333,2.0,11.08,20.636666666666667,-0.4416884917578185,63.089285714285715,0.8122973267864478,33.24,0.6666666666666666,2,0.2,0.28909090909090907,0.0,-1.3333333333333333,0.0,-0.6666666666666666,0.0,0.42857142857142855,1.0,2.0,0.0,0.0,0,26.0,F,Columbus,Silver,0,Bakery,Upscale,2022-10-31,0,2022,17,1,1,0,2024-03
501232,0.0,15,1.0,0,6.0,6.666666666666667,7.666666666666667,-1.0,7.4,227.00333333333333,236.94333333333336,-0.04177465222812165,234.26066666666662,0.3772695656330629,34.0505,4.333333333333333,0,0.25,0.2746666666666667,3.0,1.6666666666666667,2.6666666666666665,1.3333333333333333,1.6666666666666667,0.9333333333333333,0.0,0.0,0.0,0.0,0,32.0,F,Nashville,Silver,1,Produce,Value,2021-07-31,0,2021,32,1,0,0,2024-03
501233,13.0,15,0.13333333333333333,0,0.0,0.0,0.0,0.0,0.3333333333333333,0.0,0.0,0.0,8.689333333333334,2.4187304243186007,,0.0,3,,0.27,0.0,0.0,0.0,0.0,0.0,0.06666666666666667,0.0,0.0,0.0,0.0,0,24.0,M,Nashville,Silver,1,Snacks,Value,2022-12-31,0,2022,15,0,1,0,2024-03
501234,0.0,15,1.0,0,4.0,5.333333333333333,5.0,0.33333333333333304,6.133333333333334,195.42,191.51,0.020310633213859005,224.7586666666667,0.4459782166756598,36.64125,2.0,0,0.21,0.25133333333333335,3.6666666666666665,0.0,0.0,-0.3333333333333333,0.3333333333333333,0.5333333333333333,0.0,0.0,0.0,0.0,0,63.0,M,Denver,Gold,0,Snacks,Mainstream,2022-11-25,0,2022,16,1,0,0,2024-03
501235,0.0,13,0.9230769230769231,0,1.0,3.3333333333333335,5.666666666666667,-2.3333333333333335,4.0,103.35666666666667,188.63333333333333,-0.4496923888205308,131.09307692307692,0.5980239402346237,31.006999999999998,1.3333333333333333,0,0.22666666666666666,0.32166666666666666,0.3333333333333333,-1.3333333333333335,0.3333333333333333,-1.6666666666666667,0.3333333333333333,0.5384615384615384,0.0,2.0,-2.0,2.0,1,39.0,M,Spokane,Silver,1,Dairy,Upscale,2023-02-11,0,2023,13,1,0,0,2024-03
501236,0.0,10,0.9,0,6.0,5.0,4.333333333333333,0.666666666666667,3.9,128.91,116.30666666666667,0.10743919072516474,102.301,0.4629139240341593,25.781999999999996,2.0,0,0.3933333333333333,0.3088888888888889,3.3333333333333335,-0.33333333333333304,0.3333333333333333,-0.3333333333333333,0.3333333333333333,0.3,1.0,2.0,0.0,1.0,1,69.0,M,Austin,Silver,0,Produce,Upscale,2023-06-01,0,2023,9,1,0,0,2024-03
501238,0.0,10,1.0,0,2.0,3.6666666666666665,3.0,0.6666666666666665,3.9,137.33666666666667,108.63,0.26185046672139634,134.426,0.6660326004523083,37.45545454545454,1.3333333333333333,0,0.3666666666666667,0.33599999999999997,2.0,0.33333333333333326,2.0,-1.0,0.3333333333333333,0.5,2.0,2.0,2.0,1.0,1,67.0,F,Austin,Gold,1,Bakery,Value,2023-05-11,0,2023,10,1,0,0,2024-03
501239,1.0,15,0.9230769230769231,2,0.0,2.3333333333333335,3.0,-0.6666666666666665,3.3076923076923075,71.42333333333333,88.065,-0.18684855629783492,108.36846153846153,0.5373693761405365,30.609999999999996,2.0,1,0.24,0.24916666666666668,1.3333333333333333,0.33333333333333326,1.0,-0.5,0.3333333333333333,0.6153846153846154,0.0,0.0,0.0,0.0,0,60.0,F,Raleigh,Silver,1,Personal Care,Value,2022-09-15,0,2022,18,1,0,0,2024-03
501240,0.0,1,1.0,0,1.0,1.0,,,1.0,37.67,,,37.67,,37.67,1.0,0,0.47,0.47,0.0,,2.0,,1.0,1.0,0.0,0.0,,0.0,0,46.0,M,Tulsa,Silver,1,Produce,Mainstream,2024-02-02,0,2024,1,1,0,0,2024-03
501241,0.0,15,0.9333333333333333,0,5.0,4.0,4.666666666666667,-0.666666666666667,3.2,95.57666666666667,112.24333333333334,-0.1471756983486887,77.43800000000002,0.49689360036929703,23.894166666666667,2.6666666666666665,0,0.33666666666666667,0.33714285714285713,1.6666666666666667,0.3333333333333335,1.3333333333333333,0.33333333333333326,1.0,1.0,1.0,2.0,0.0,0.0,0,42.0,F,Boise,Silver,1,Bakery,Value,2021-08-31,0,2021,31,1,0,0,2024-03
501242,0.0,7,1.0,1,7.0,5.5,3.6666666666666665,1.8333333333333335,3.8333333333333335,100.44,75.65666666666667,0.32330303952689476,74.16166666666668,0.6265150060682905,18.26181818181818,3.5,0,0.25,0.26666666666666666,3.0,1.6666666666666667,1.0,0.33333333333333337,0.5,0.3333333333333333,0.0,0.0,0.0,0.0,0,38.0,M,Boise,Silver,1,Beverages,Mainstream,2023-08-20,0,2023,7,1,0,0,2024-03
501243,13.0,15,0.13333333333333333,0,0.0,0.0,0.0,0.0,0.26666666666666666,0.0,0.0,0.0,6.8,2.304405524645259,,0.0,3,,0.255,0.0,0.0,0.0,0.0,0.0,0.06666666666666667,0.0,0.0,0.0,0.0,0,,F,Denver,Silver,0,Personal Care,Mainstream,2022-05-25,1,2022,22,0,1,0,2024-03
501244,0.0,9,1.0,0,1.0,2.6666666666666665,3.3333333333333335,-0.666666666666667,4.0,75.71,97.06666666666666,-0.2177770224337186,112.02000000000001,0.7305357649328355,28.39125,2.3333333333333335,0,0.29,0.40111111111111114,1.0,0.0,0.3333333333333333,-0.3333333333333333,0.3333333333333333,0.2222222222222222,0.0,0.0,0.0,0.0,0,43.0,M,Columbus,Silver,0,Household,Unknown,2023-06-20,0,2023,9,1,1,0,2024-03
501246,0.0,5,1.0,0,2.0,1.6666666666666667,2.5,-0.8333333333333333,2.0,62.92666666666667,103.3,-0.3870885266858421,79.076,0.3726428956538603,37.756,1.3333333333333333,0,0.4000000000000001,0.502,0.6666666666666666,0.16666666666666663,2.0,-0.5,1.0,1.4,2.0,2.0,2.0,1.0,1,28.0,M,Portland,Gold,1,Frozen Foods,Mainstream,2023-10-13,0,2023,5,1,0,0,2024-03
501247,0.0,15,1.0,1,3.0,3.0,2.3333333333333335,0.6666666666666665,4.285714285714286,94.90333333333335,79.29,0.19446174284883974,141.39285714285714,0.49971251171689846,31.634444444444448,1.6666666666666667,0,0.44333333333333336,0.305,3.3333333333333335,1.6666666666666667,0.3333333333333333,0.3333333333333333,0.6666666666666666,0.7142857142857143,0.0,1.0,-1.0,1.0,1,38.0,M,Boise,Silver,0,Dairy,Mainstream,2022-01-27,0,2022,26,1,0,0,2024-03
501248,0.0,1,1.0,0,1.0,1.0,,,1.0,35.69,,,35.69,,35.69,1.0,0,0.49,0.49,0.0,,2.0,,0.0,0.0,1.0,1.0,,1.0,1,46.0,F,Boise,Gold,1,Bakery,Value,2024-02-19,0,2024,1,1,0,0,2024-03
501249,7.0,15,0.4666666666666667,0,0.0,0.0,0.0,0.0,1.1333333333333333,0.0,0.0,0.0,38.82866666666667,1.3068750484514815,,0.0,3,,0.3642857142857143,0.0,0.0,0.0,0.0,0.0,0.2,0.0,0.0,0.0,0.0,1,34.0,M,Austin,Silver,1,Household,Mainstream,2021-10-14,0,2021,29,0,1,0,2024-03
501250,0.0,15,0.9333333333333333,0,3.0,4.0,3.0,1.0,2.8666666666666667,161.26666666666665,127.75666666666666,0.2602583684987185,119.4113333333333,0.5233380817127391,40.31666666666666,2.0,0,0.3466666666666667,0.2564285714285714,3.0,2.0,0.0,0.0,0.0,0.3333333333333333,1.0,1.0,1.0,0.0,0,31.0,F,Portland,Platinum,0,Personal Care,Mainstream,2022-11-05,0,2022,16,1,0,0,2024-03
501251,14.0,15,0.06666666666666667,0,0.0,0.0,0.0,0.0,0.13333333333333333,0.0,0.0,0.0,5.999333333333333,3.3196473123650385,,0.0,3,,0.42,0.0,0.0,0.0,0.0,0.0,0.0,0.0,0.0,0.0,0.0,0,50.0,Unknown,Nashville,Silver,0,Beverages,Value,2022-11-18,0,2022,16,0,1,0,2024-03
501252,3.0,7,0.42857142857142855,0,0.0,0.0,1.0,-1.0,0.7142857142857143,0.0,40.48,-0.9758919961427194,27.44142857142857,1.3092202505567425,,0.0,3,,0.3566666666666667,0.0,0.0,0.0,0.0,0.0,0.0,0.0,0.0,0.0,0.0,0,27.0,F,Portland,Gold,0,Beverages,Mainstream,2023-08-26,0,2023,7,0,1,0,2024-03
501253,2.0,12,0.75,0,0.0,1.0,1.3333333333333333,-0.33333333333333326,1.75,25.72666666666667,31.8,-0.1851626016260162,46.232499999999995,0.8872771441020734,25.72666666666667,0.6666666666666666,2,0.6,0.24444444444444452,0.0,-0.3333333333333333,0.6666666666666666,-0.6666666666666666,0.6666666666666666,0.4166666666666667,1.0,1.0,1.0,0.0,1,62.0,F,Boise,Silver,1,Personal Care,Value,2023-03-12,0,2023,12,1,0,0,2024-03
501254,0.0,15,1.0,1,7.0,4.0,8.333333333333334,-4.333333333333334,5.928571428571429,102.52499999999999,171.20000000000002,-0.3988095238095239,133.90285714285716,0.4703705639657193,25.631249999999998,4.0,0,0.24,0.3185714285714285,2.5,1.8333333333333335,0.5,0.5,0.5,0.35714285714285715,0.0,0.0,0.0,0.0,1,39.0,M,Spokane,Silver,0,Produce,Mainstream,2021-12-20,0,2021,27,1,0,0,2024-03
501255,0.0,15,1.0,0,4.0,6.0,8.333333333333334,-2.333333333333334,6.4,181.45333333333335,256.74333333333334,-0.2921123081101354,204.7506666666667,0.5358339163072674,30.242222222222225,3.3333333333333335,0,0.26333333333333336,0.31400000000000006,1.6666666666666667,-0.6666666666666667,2.0,1.3333333333333335,0.0,0.6,0.0,0.0,0.0,0.0,1,60.0,F,Austin,Gold,1,Bakery,Mainstream,2021-06-25,0,2021,33,1,0,0,2024-03
501257,0.0,15,0.9333333333333333,0,8.0,4.333333333333333,3.0,1.333333333333333,4.0,166.71333333333334,112.61666666666667,0.4761331964207129,148.14733333333334,0.6385335036980295,38.472307692307695,1.6666666666666667,1,0.42000000000000004,0.26142857142857145,0.6666666666666666,-2.0,0.0,-0.3333333333333333,0.6666666666666666,0.5333333333333333,0.0,0.0,0.0,0.0,0,62.0,F,Austin,Silver,0,Produce,Mainstream,2022-05-07,0,2022,22,1,0,0,2024-03
501259,0.0,1,1.0,0,5.0,5.0,,,5.0,156.43,,,156.43,,31.286,2.0,0,0.15,0.15,2.0,,0.0,,0.0,0.0,0.0,0.0,,0.0,0,66.0,M,Tulsa,Gold,0,Frozen Foods,Upscale,2024-02-02,0,2024,1,1,0,0,2024-03
501260,14.0,15,0.06666666666666667,0,0.0,0.0,0.0,0.0,0.06666666666666667,0.0,0.0,0.0,2.3646666666666665,2.7219084464033507,,0.0,3,,0.59,0.0,0.0,0.0,0.0,0.0,0.0,0.0,0.0,0.0,0.0,0,57.0,F,Tulsa,Silver,0,Household,Mainstream,2022-07-03,0,2022,20,0,1,0,2024-03
501261,0.0,15,1.0,1,8.0,8.333333333333334,5.0,3.333333333333334,5.357142857142857,309.75666666666666,170.88,0.8079861919168412,192.37357142857144,0.3894196582566767,37.1708,4.666666666666667,0,0.09333333333333334,0.21928571428571428,2.6666666666666665,-1.0,0.6666666666666666,0.6666666666666666,0.0,0.2857142857142857,0.0,0.0,0.0,0.0,0,63.0,M,Denver,Platinum,0,Frozen Foods,Value,2022-07-27,0,2022,20,1,0,0,2024-03
501262,7.0,14,0.42857142857142855,0,0.0,0.0,0.0,0.0,1.0714285714285714,0.0,0.0,0.0,32.794285714285714,1.4334738288909161,,0.0,3,,0.25666666666666665,0.0,0.0,0.0,0.0,0.0,0.14285714285714285,0.0,0.0,0.0,0.0,1,55.0,M,Denver,Silver,1,Household,Unknown,2022-09-18,0,2022,18,0,1,0,2024-03
501263,0.0,14,1.0,0,4.0,3.0,3.3333333333333335,-0.3333333333333335,3.4285714285714284,101.96,105.48666666666666,-0.033118387278532564,108.78857142857143,0.4108457788549304,33.986666666666665,2.0,0,0.29,0.22214285714285714,1.6666666666666667,-1.3333333333333333,1.3333333333333333,-1.6666666666666667,1.3333333333333333,0.5714285714285714,3.0,3.0,3.0,0.0,0,24.0,M,Madison,Gold,1,Produce,Mainstream,2022-08-26,0,2022,19,1,0,0,2024-03
501264,0.0,1,1.0,0,1.0,1.0,,,1.0,19.61,,,19.61,,19.61,2.0,0,0.3,0.3,2.0,,1.0,,0.0,0.0,0.0,0.0,,0.0,0,73.0,F,Portland,Silver,0,Household,Mainstream,2024-02-05,0,2024,1,1,0,0,2024-03
501265,10.0,14,0.23076923076923078,1,0.0,0.0,0.0,0.0,0.38461538461538464,0.0,0.0,0.0,13.073846153846155,1.8671204535809425,,0.0,3,,0.25,0.0,0.0,0.0,0.0,0.0,0.0,0.0,0.0,0.0,0.0,0,40.0,F,Tulsa,Gold,1,Bakery,Mainstream,2023-01-28,0,2023,14,0,1,0,2024-03
501266,0.0,3,1.0,0,11.0,7.333333333333333,,,7.333333333333333,270.75666666666666,,,270.75666666666666,0.4611552434175952,36.92136363636364,3.6666666666666665,0,0.35000000000000003,0.35000000000000003,5.666666666666667,,1.6666666666666667,,0.3333333333333333,0.3333333333333333,0.0,0.0,,0.0,0,68.0,F,Boise,Silver,0,Frozen Foods,Value,2023-12-08,0,2023,3,1,0,0,2024-03
501267,6.0,15,0.5333333333333333,0,0.0,0.0,0.0,0.0,0.9333333333333333,0.0,0.0,0.0,25.10866666666667,1.225440374172969,,0.0,3,,0.245,0.0,0.0,0.0,0.0,0.0,0.2,0.0,0.0,0.0,0.0,0,47.0,Other,Denver,Silver,1,Household,Value,2021-08-06,0,2021,31,0,1,0,2024-03
501268,8.0,15,0.3333333333333333,0,0.0,0.0,0.0,0.0,1.3333333333333333,0.0,0.0,0.0,35.967333333333336,1.860313945266999,,0.0,3,,0.354,0.0,0.0,0.0,0.0,0.0,0.06666666666666667,0.0,0.0,0.0,0.0,0,54.0,Unknown,Tulsa,Platinum,1,Beverages,Upscale,2021-07-02,0,2021,32,0,1,0,2024-03
501269,0.0,15,0.7333333333333333,0,2.0,0.6666666666666666,1.6666666666666667,-1.0,2.2,27.47,53.36000000000001,-0.4762693156732893,78.906,0.8927739239022198,41.205,0.6666666666666666,2,0.5,0.2772727272727273,2.0,1.3333333333333335,0.3333333333333333,0.3333333333333333,1.0,0.6666666666666666,0.0,0.0,0.0,0.0,0,28.0,F,Madison,Silver,0,Produce,Value,2021-09-12,0,2021,30,1,0,0,2024-03
501270,13.0,15,0.13333333333333333,0,0.0,0.0,0.0,0.0,0.4666666666666667,0.0,0.0,0.0,5.870666666666667,2.7730242553269764,,0.0,3,,0.25,0.0,0.0,0.0,0.0,0.0,0.2,0.0,0.0,0.0,0.0,0,69.0,M,Madison,Silver,1,Bakery,Value,2022-10-26,0,2022,17,0,1,0,2024-03
501271,0.0,15,1.0,0,2.0,6.0,8.666666666666666,-2.666666666666666,7.0,195.4766666666667,258.32,-0.24233893773458778,201.86066666666662,0.5749034890140582,32.57944444444445,2.3333333333333335,0,0.2466666666666667,0.222,4.666666666666667,2.3333333333333335,0.0,-1.3333333333333333,1.0,0.9333333333333333,0.0,0.0,0.0,0.0,0,63.0,F,Boise,Silver,1,Snacks,Mainstream,2021-10-07,0,2021,29,1,0,0,2024-03
501272,8.0,15,0.4,0,0.0,0.0,0.0,0.0,1.1333333333333333,0.0,0.0,0.0,45.29066666666667,1.560354811636959,,0.0,3,,0.2866666666666667,0.0,0.0,0.0,0.0,0.0,0.06666666666666667,0.0,0.0,0.0,0.0,0,43.0,F,Portland,Platinum,1,Produce,Upscale,2021-10-04,0,2021,29,0,1,0,2024-03
501273,0.0,12,1.0,0,1.0,2.6666666666666665,5.333333333333333,-2.6666666666666665,3.9166666666666665,99.02999999999999,180.31333333333336,-0.44830312166783115,140.47916666666666,0.3565652773643912,37.13625,1.3333333333333333,0,0.43333333333333335,0.2991666666666667,2.6666666666666665,1.3333333333333333,0.6666666666666666,-1.3333333333333335,0.3333333333333333,1.0,0.0,1.0,-1.0,0.0,0,41.0,M,Raleigh,Gold,1,Beverages,Mainstream,2023-03-22,0,2023,12,1,0,0,2024-03
501274,0.0,1,1.0,0,5.0,5.0,,,5.0,134.47,,,134.47,,26.894,1.0,0,0.37,0.37,1.0,,2.0,,0.0,0.0,0.0,0.0,,0.0,0,63.0,M,Nashville,Silver,1,Beverages,Mainstream,2024-02-15,0,2024,1,1,0,0,2024-03
501275,0.0,15,1.0,0,6.0,6.333333333333333,3.6666666666666665,2.6666666666666665,4.666666666666667,200.74333333333334,110.41333333333334,0.8107647199617041,140.42000000000002,0.48811644226609846,31.696315789473687,1.6666666666666667,0,0.41,0.3426666666666666,2.6666666666666665,0.0,1.6666666666666667,0.6666666666666667,1.0,0.4666666666666667,0.0,0.0,0.0,0.0,1,27.0,F,Austin,Silver,1,Beverages,Unknown,2021-08-20,0,2021,31,1,0,0,2024-03
501276,0.0,15,1.0,0,3.0,6.0,1.3333333333333333,4.666666666666667,3.2666666666666666,220.29999999999998,43.9,3.9287305122494427,114.21266666666666,0.7374788808380366,36.71666666666667,2.6666666666666665,0,0.18333333333333335,0.2546666666666667,1.6666666666666667,-0.6666666666666667,2.3333333333333335,0.0,0.3333333333333333,0.3333333333333333,1.0,1.0,1.0,0.0,0,34.0,F,Columbus,Silver,1,Bakery,Upscale,2022-06-07,0,2022,21,1,0,0,2024-03
501277,1.0,15,0.8,0,0.0,0.6666666666666666,2.3333333333333335,-1.666666666666667,1.8666666666666667,20.09,65.22333333333334,-0.6815321890572306,52.086,0.8415218314494076,30.134999999999998,1.3333333333333333,1,0.62,0.25999999999999995,0.6666666666666666,-1.3333333333333335,1.0,-1.6666666666666665,0.3333333333333333,0.3333333333333333,4.0,4.0,4.0,0.0,1,26.0,F,Tulsa,Silver,1,Beverages,Mainstream,2022-11-25,0,2022,16,1,1,0,2024-03
501280,0.0,15,0.8571428571428571,1,4.0,5.0,4.5,0.5,3.4285714285714284,206.61666666666665,174.60000000000002,0.1823272589217917,139.05785714285713,0.7089894031176875,41.32333333333333,2.6666666666666665,0,0.34,0.2816666666666667,1.0,-0.5,2.0,0.0,0.3333333333333333,0.42857142857142855,0.0,0.0,0.0,0.0,0,73.0,M,Denver,Gold,1,Frozen Foods,Mainstream,2021-07-23,0,2021,32,1,0,0,2024-03
501283,0.0,15,1.0,0,4.0,6.333333333333333,6.333333333333333,0.0,7.4,262.3933333333334,267.96,-0.020697005750545085,299.8226666666667,0.4524676768853746,41.43052631578948,2.6666666666666665,0,0.25333333333333335,0.23999999999999996,4.333333333333333,3.0,0.0,-0.3333333333333333,0.3333333333333333,0.4,0.0,1.0,-1.0,0.0,0,61.0,M,Tulsa,Silver,0,Dairy,Value,2022-10-09,0,2022,17,1,0,0,2024-03
501284,1.0,15,0.8666666666666667,0,0.0,3.0,4.0,-1.0,3.6666666666666665,63.673333333333325,94.11666666666667,-0.3200630804275453,91.92599999999999,0.584965977100712,21.224444444444444,2.3333333333333335,1,0.275,0.3230769230769231,0.6666666666666666,-1.3333333333333335,0.0,-0.6666666666666666,0.0,0.3333333333333333,2.0,2.0,2.0,0.0,0,46.0,F,Austin,Gold,0,Beverages,Upscale,2022-08-31,0,2022,19,1,1,0,2024-03
501285,0.0,7,1.0,0,2.0,2.3333333333333335,2.6666666666666665,-0.33333333333333304,3.142857142857143,58.81666666666666,56.196666666666665,0.045806865201934804,70.58714285714287,0.5493749873321284,25.207142857142856,2.6666666666666665,0,0.30333333333333334,0.32857142857142857,0.6666666666666666,-0.6666666666666666,0.0,-0.3333333333333333,0.3333333333333333,0.5714285714285714,1.0,1.0,1.0,0.0,0,42.0,M,Columbus,Silver,0,Bakery,Upscale,2023-08-03,0,2023,7,1,0,0,2024-03
501286,7.0,13,0.46153846153846156,0,0.0,0.0,0.0,0.0,1.6923076923076923,0.0,0.0,0.0,45.16923076923077,1.2546700984300796,,0.0,3,,0.26166666666666666,0.0,0.0,0.0,0.0,0.0,0.23076923076923078,0.0,0.0,0.0,0.0,0,62.0,F,Nashville,Silver,0,Bakery,Mainstream,2023-02-26,0,2023,13,0,1,0,2024-03
501287,12.0,15,0.06666666666666667,0,0.0,0.0,0.0,0.0,0.06666666666666667,0.0,0.0,0.0,2.332,2.710623398366055,,0.0,3,,0.71,0.0,0.0,0.0,0.0,0.0,0.0,0.0,0.0,0.0,0.0,0,38.0,F,Tulsa,Gold,1,Frozen Foods,Mainstream,2022-07-10,0,2022,20,0,1,0,2024-03
501288,0.0,14,1.0,0,5.0,4.666666666666667,4.666666666666667,0.0,3.642857142857143,103.96999999999998,97.19666666666667,0.06897722258053544,74.92642857142857,0.4679601456434888,22.279285714285713,3.3333333333333335,0,0.27,0.3292857142857143,4.333333333333333,2.333333333333333,2.3333333333333335,1.0000000000000002,0.6666666666666666,0.42857142857142855,0.0,0.0,0.0,0.0,0,35.0,F,Nashville,Silver,1,Personal Care,Upscale,2021-11-25,0,2021,28,1,0,0,2024-03
501289,1.0,15,0.9333333333333333,0,0.0,3.0,4.666666666666667,-1.666666666666667,4.133333333333334,153.07666666666668,241.10333333333335,-0.36359130398865497,210.33466666666666,0.6555256601907903,51.025555555555556,0.6666666666666666,1,0.29000000000000004,0.2592857142857143,1.6666666666666667,0.6666666666666667,0.3333333333333333,-1.0,0.6666666666666666,0.6666666666666666,1.0,1.0,1.0,0.0,1,26.0,F,Raleigh,Platinum,1,Household,Value,2021-11-29,0,2021,28,1,0,0,2024-03
501290,0.0,1,1.0,0,5.0,5.0,,,5.0,99.7,,,99.7,,19.94,2.0,0,0.1,0.1,0.0,,0.0,,0.0,0.0,0.0,0.0,,0.0,0,65.0,F,Boise,Silver,0,Snacks,Value,2024-02-07,0,2024,1,1,0,0,2024-03
501291,9.0,13,0.3076923076923077,0,0.0,0.0,0.0,0.0,1.2307692307692308,0.0,0.0,0.0,47.45076923076923,1.8890335904863225,,0.0,3,,0.48000000000000004,0.0,0.0,0.0,0.0,0.0,0.0,0.0,0.0,0.0,0.0,0,63.0,F,Nashville,Platinum,0,Bakery,Value,2023-02-09,0,2023,13,0,1,0,2024-03
501292,0.0,9,0.8888888888888888,0,1.0,1.6666666666666667,2.0,-0.33333333333333326,2.3333333333333335,43.449999999999996,45.18000000000001,-0.03746210480727611,55.46666666666667,0.7687781084518599,26.07,3.6666666666666665,0,0.24333333333333332,0.28125,0.3333333333333333,-0.6666666666666667,2.0,-0.3333333333333335,0.6666666666666666,0.4444444444444444,0.0,1.0,-1.0,0.0,1,19.0,F,Boise,Silver,1,Personal Care,Upscale,2023-06-28,0,2023,9,1,0,0,2024-03
501293,8.0,10,0.1,0,0.0,0.0,0.0,0.0,0.3,0.0,0.0,0.0,6.559,2.743931627602117,,0.0,3,,0.39,0.0,0.0,0.0,0.0,0.0,0.1,0.0,0.0,0.0,0.0,1,66.0,F,Spokane,Silver,0,Beverages,Mainstream,2023-05-30,0,2023,10,0,1,0,2024-03
501294,9.0,15,0.4,0,0.0,0.0,0.0,0.0,1.8,0.0,0.0,0.0,46.912,1.4650218179539027,,0.0,3,,0.3183333333333333,0.0,0.0,0.0,0.0,0.0,0.06666666666666667,0.0,0.0,0.0,0.0,1,,F,Raleigh,Silver,0,Snacks,Value,2021-09-25,1,2021,30,0,1,0,2024-03
501295,1.0,15,0.8571428571428571,1,0.0,2.6666666666666665,6.333333333333333,-3.6666666666666665,3.7857142857142856,111.06666666666666,241.5,-0.5378694158075602,150.7692857142857,0.5386946430884859,41.65,1.0,1,0.14500000000000002,0.2758333333333333,0.6666666666666666,-1.0,0.0,-0.6666666666666666,0.0,0.5714285714285714,0.0,2.0,-2.0,1.0,1,,M,Tulsa,Gold,0,Beverages,Mainstream,2022-12-18,1,2022,15,1,1,0,2024-03
501296,12.0,15,0.2,0,0.0,0.0,0.0,0.0,0.6,0.0,0.0,0.0,25.029333333333334,2.552498061524751,,0.0,3,,0.3,0.0,0.0,0.0,0.0,0.0,0.06666666666666667,0.0,0.0,0.0,0.0,0,28.0,Other,Tulsa,Platinum,0,Personal Care,Value,2022-10-31,0,2022,17,0,1,0,2024-03
501297,12.0,15,0.2,0,0.0,0.0,0.0,0.0,1.0666666666666667,0.0,0.0,0.0,40.05533333333333,2.301054223389429,,0.0,3,,0.3833333333333333,0.0,0.0,0.0,0.0,0.0,0.06666666666666667,0.0,0.0,0.0,0.0,0,27.0,F,Madison,Silver,1,Snacks,Value,2021-03-14,0,2021,36,0,1,0,2024-03
501298,0.0,15,1.0,0,9.0,8.0,7.666666666666667,0.33333333333333304,6.533333333333333,373.5833333333333,360.4666666666667,0.03628734784212454,299.7853333333333,0.33410907750906954,46.697916666666664,3.0,0,0.25333333333333335,0.2826666666666667,4.333333333333333,0.0,0.0,-1.0,0.0,0.5333333333333333,0.0,0.0,0.0,0.0,1,32.0,M,Nashville,Gold,0,Produce,Mainstream,2022-11-19,0,2022,16,1,0,0,2024-03
501299,7.0,15,0.4,0,0.0,0.0,0.0,0.0,0.9333333333333333,0.0,0.0,0.0,40.720666666666666,1.6219952458388454,,0.0,3,,0.3383333333333333,0.0,0.0,0.0,0.0,0.0,0.2,0.0,0.0,0.0,0.0,0,71.0,M,Madison,Gold,1,Frozen Foods,Mainstream,2021-12-05,0,2021,27,0,1,0,2024-03
501300,9.0,15,0.35714285714285715,1,0.0,0.0,0.0,0.0,1.2142857142857142,0.0,0.0,0.0,62.135714285714286,1.608570651722416,,0.0,3,,0.21400000000000002,0.0,0.0,0.0,0.0,0.0,0.14285714285714285,0.0,0.0,0.0,0.0,0,71.0,F,Portland,Platinum,0,Frozen Foods,Value,2021-03-26,0,2021,36,0,1,0,2024-03
501301,0.0,15,1.0,0,4.0,3.3333333333333335,2.6666666666666665,0.666666666666667,3.6666666666666665,99.74666666666667,75.32000000000001,0.3200559049615653,108.77466666666668,0.4746587506627279,29.924,1.3333333333333333,0,0.3333333333333333,0.31333333333333335,4.333333333333333,3.0,1.3333333333333333,-0.6666666666666667,0.3333333333333333,0.13333333333333333,0.0,3.0,-3.0,1.0,1,55.0,F,Madison,Silver,1,Produce,Mainstream,2021-03-17,0,2021,36,1,0,0,2024-03
501302,0.0,11,1.0,0,9.0,5.0,7.333333333333333,-2.333333333333333,6.0,134.68333333333334,206.88,-0.3472997241998589,159.49363636363637,0.3477048559951514,26.936666666666667,2.0,0,0.26666666666666666,0.22454545454545452,2.3333333333333335,-1.0,1.6666666666666667,0.3333333333333335,0.3333333333333333,0.8181818181818182,0.0,0.0,0.0,0.0,0,19.0,M,Raleigh,Silver,1,Household,Mainstream,2023-04-24,0,2023,11,1,0,0,2024-03
501303,5.0,14,0.6153846153846154,1,0.0,0.0,0.3333333333333333,-0.3333333333333333,1.3846153846153846,0.0,8.246666666666666,-0.8918529199711608,41.308461538461536,1.1463600204412605,,0.0,3,,0.21875,0.0,-0.3333333333333333,0.0,-0.3333333333333333,0.0,0.38461538461538464,0.0,0.0,0.0,0.0,1,53.0,F,Denver,Silver,1,Bakery,Value,2023-01-16,0,2023,14,0,1,0,2024-03
501305,0.0,15,1.0,0,2.0,2.3333333333333335,4.0,-1.6666666666666665,3.1333333333333333,72.76,137.1966666666667,-0.4662678791094817,105.23266666666667,0.5075418719229156,31.18285714285714,2.3333333333333335,0,0.21666666666666667,0.24400000000000002,0.0,-3.3333333333333335,1.0,-0.33333333333333326,0.3333333333333333,0.6,0.0,0.0,0.0,0.0,1,59.0,M,Portland,Silver,1,Frozen Foods,Upscale,2021-12-09,0,2021,27,1,0,0,2024-03
501306,0.0,13,1.0,0,5.0,8.333333333333334,7.0,1.333333333333334,8.384615384615385,265.5233333333333,207.53666666666666,0.27806460894167284,248.00846153846152,0.3126514553095984,31.862799999999996,3.6666666666666665,0,0.13999999999999999,0.27076923076923076,5.0,0.0,0.6666666666666666,-0.33333333333333337,1.0,0.8461538461538461,0.0,0.0,0.0,0.0,0,50.0,M,Spokane,Silver,0,Snacks,Mainstream,2023-01-30,0,2023,14,1,0,0,2024-03
501308,0.0,4,0.3333333333333333,1,1.0,0.5,0.0,0.5,0.3333333333333333,17.14,0.0,17.14,11.426666666666668,1.5926690365735277,34.28,1.5,1,0.16,0.16,0.0,0.0,3.5,1.5,0.5,0.3333333333333333,0.0,0.0,0.0,0.0,0,58.0,F,Madison,Silver,1,Bakery,Mainstream,2023-11-05,0,2023,4,1,0,0,2024-03
501309,0.0,5,1.0,0,9.0,5.333333333333333,2.5,2.833333333333333,4.2,178.14,79.42,1.2275553344939067,138.652,0.6776767168310027,33.40125,4.333333333333333,0,0.22333333333333336,0.30200000000000005,3.0,0.0,3.3333333333333335,1.3333333333333335,0.6666666666666666,0.4,0.0,0.0,0.0,0.0,0,35.0,F,Nashville,Silver,1,Snacks,Mainstream,2023-10-07,0,2023,5,1,0,0,2024-03
501310,0.0,1,1.0,0,1.0,1.0,,,1.0,29.8,,,29.8,,29.8,0.0,0,0.46,0.46,0.0,,0.0,,1.0,1.0,1.0,1.0,,0.0,0,62.0,F,Denver,Silver,1,Beverages,Mainstream,2024-01-28,0,2024,2,1,0,0,2024-03
501311,0.0,1,1.0,0,4.0,4.0,,,4.0,108.89,,,108.89,,27.2225,1.0,0,0.19,0.19,11.0,,0.0,,1.0,1.0,0.0,0.0,,0.0,0,31.0,F,Raleigh,Silver,0,Dairy,Mainstream,2024-02-10,0,2024,1,1,0,0,2024-03
501312,2.0,15,0.8666666666666667,0,0.0,0.3333333333333333,3.6666666666666665,-3.333333333333333,3.0,7.023333333333333,77.83,-0.8982197978772888,73.28800000000001,0.8865380719899558,21.07,1.3333333333333333,2,0.52,0.3,0.0,-1.0,0.0,-1.0,0.0,0.4,0.0,1.0,-1.0,1.0,1,39.0,M,Tulsa,Gold,0,Frozen Foods,Value,2022-07-08,0,2022,20,1,1,0,2024-03
501313,0.0,7,1.0,0,9.0,8.0,6.666666666666667,1.333333333333333,8.285714285714286,188.76999999999998,151.14333333333335,0.24731065004491357,183.78285714285715,0.2649986681569449,23.596249999999998,3.0,0,0.5666666666666665,0.5242857142857142,3.0,-0.3333333333333335,0.6666666666666666,-0.33333333333333337,0.6666666666666666,0.7142857142857143,0.0,0.0,0.0,0.0,0,31.0,M,Tulsa,Silver,0,Frozen Foods,Mainstream,2023-08-03,0,2023,7,1,0,0,2024-03
501314,0.0,15,1.0,2,7.0,5.5,7.0,-1.5,6.6923076923076925,170.95499999999998,212.09333333333333,-0.19305312226254545,200.7023076923077,0.39513688964727767,31.08272727272727,1.5,0,0.22,0.3169230769230769,4.0,2.0,0.5,-1.1666666666666667,0.5,0.6923076923076923,0.0,1.0,-1.0,1.0,1,30.0,F,Denver,Silver,1,Snacks,Mainstream,2021-04-13,0,2021,35,1,0,0,2024-03
501315,0.0,15,1.0,2,6.0,4.0,6.5,-2.5,5.0,120.605,167.88,-0.2799324964471814,139.18307692307692,0.4644273904088372,30.15125,1.0,0,0.2,0.24769230769230768,5.0,-1.5,0.5,0.5,0.5,0.3076923076923077,0.0,0.0,0.0,0.0,1,40.0,F,Denver,Silver,0,Personal Care,Unknown,2022-07-04,0,2022,20,1,0,0,2024-03
501316,0.0,14,0.9285714285714286,0,11.0,7.333333333333333,8.666666666666666,-1.333333333333333,5.714285714285714,343.7666666666667,387.67333333333335,-0.11296547229035515,247.46000000000004,0.6134368114032245,46.87727272727273,3.3333333333333335,0,0.39666666666666667,0.33,1.6666666666666667,-1.3333333333333333,0.6666666666666666,0.0,1.0,0.42857142857142855,0.0,1.0,-1.0,0.0,0,66.0,F,Tulsa,Platinum,1,Dairy,Mainstream,2022-06-25,0,2022,21,1,0,0,2024-03
501318,6.0,15,0.5333333333333333,0,0.0,0.0,0.0,0.0,1.9333333333333333,0.0,0.0,0.0,42.873333333333335,1.1190431400032819,,0.0,3,,0.39125,0.0,0.0,0.0,0.0,0.0,0.3333333333333333,0.0,1.0,-1.0,0.0,1,24.0,M,Madison,Silver,0,Snacks,Mainstream,2022-04-06,0,2022,23,0,1,0,2024-03
501319,0.0,15,1.0,1,3.0,4.333333333333333,2.5,1.833333333333333,2.857142857142857,140.06666666666666,78.185,0.7814821830733935,90.7907142857143,0.6418809933061411,32.323076923076925,4.0,0,0.33,0.2978571428571429,2.0,0.0,2.3333333333333335,1.3333333333333335,1.0,0.6428571428571429,1.0,1.0,1.0,0.0,0,60.0,Other,Columbus,Gold,1,Beverages,Value,2021-10-30,0,2021,29,1,0,0,2024-03
501320,1.0,11,0.7272727272727273,0,0.0,3.6666666666666665,2.3333333333333335,1.333333333333333,2.8181818181818183,185.28333333333333,100.07,0.8431120345635039,134.49181818181816,0.8520327151840846,50.53181818181818,3.0,1,0.265,0.16374999999999998,3.0,-0.3333333333333335,1.6666666666666667,0.6666666666666667,0.6666666666666666,0.5454545454545454,1.0,2.0,0.0,0.0,1,21.0,F,Tulsa,Platinum,1,Snacks,Mainstream,2023-04-20,0,2023,11,1,0,0,2024-03
501321,0.0,15,0.9333333333333333,0,4.0,3.6666666666666665,4.333333333333333,-0.6666666666666665,3.2,174.09333333333333,189.10999999999999,-0.07898935703890722,141.13866666666667,0.5797763884967502,47.48,2.0,0,0.37333333333333335,0.3378571428571429,1.3333333333333333,-1.3333333333333333,1.0,-0.6666666666666667,1.3333333333333333,0.6666666666666666,1.0,1.0,1.0,1.0,1,50.0,M,Columbus,Gold,1,Beverages,Mainstream,2022-05-16,0,2022,22,1,0,0,2024-03
501322,1.0,15,0.9333333333333333,0,0.0,2.3333333333333335,10.333333333333334,-8.0,7.333333333333333,92.39666666666666,384.8633333333333,-0.7579540251729887,273.0113333333333,0.5907924359839841,39.598571428571425,1.3333333333333333,1,0.125,0.29857142857142854,2.6666666666666665,0.33333333333333304,0.0,0.0,0.3333333333333333,0.5333333333333333,0.0,0.0,0.0,0.0,0,31.0,M,Austin,Gold,0,Snacks,Value,2022-07-04,0,2022,20,1,0,0,2024-03
501323,0.0,15,1.0,1,10.0,8.5,6.666666666666667,1.833333333333333,6.071428571428571,222.595,169.51666666666665,0.31127944482455294,168.865,0.3597681232667211,26.18764705882353,3.5,0,0.45,0.30642857142857144,2.0,1.0,2.0,1.6666666666666667,1.5,0.7142857142857143,0.0,0.0,0.0,0.0,0,69.0,F,Raleigh,Silver,1,Dairy,Value,2022-02-20,0,2022,25,1,0,0,2024-03
501324,13.0,15,0.13333333333333333,0,0.0,0.0,0.0,0.0,0.2,0.0,0.0,0.0,9.532666666666668,2.626749051852834,,0.0,3,,0.40499999999999997,0.0,0.0,0.0,0.0,0.0,0.0,0.0,0.0,0.0,0.0,0,46.0,M,Nashville,Platinum,1,Beverages,Mainstream,2021-12-04,0,2021,27,0,1,0,2024-03
501325,1.0,15,0.9333333333333333,0,0.0,2.6666666666666665,5.333333333333333,-2.6666666666666665,4.333333333333333,83.83,171.66,-0.5086875941156029,136.21933333333334,0.4076411674124665,31.43625,1.3333333333333333,1,0.075,0.25999999999999995,1.0,-1.3333333333333335,0.6666666666666666,0.0,0.6666666666666666,0.6,0.0,0.0,0.0,0.0,0,41.0,M,Nashville,Gold,1,Frozen Foods,Value,2021-11-21,0,2021,28,1,0,0,2024-03
501326,6.0,15,0.5714285714285714,1,0.0,0.0,0.0,0.0,1.7857142857142858,0.0,0.0,0.0,53.62928571428572,1.2244033533237253,,0.0,3,,0.26875,0.0,0.0,0.0,0.0,0.0,0.2857142857142857,0.0,0.0,0.0,0.0,1,71.0,M,Austin,Silver,1,Household,Upscale,2022-06-13,0,2022,21,0,1,0,2024-03
501327,0.0,1,1.0,0,5.0,5.0,,,5.0,149.87,,,149.87,,29.974,3.0,0,0.6,0.6,1.0,,1.0,,0.0,0.0,0.0,0.0,,0.0,0,44.0,F,Austin,Gold,1,Beverages,Upscale,2024-02-09,0,2024,1,1,0,0,2024-03
501328,0.0,15,0.9285714285714286,1,5.0,3.3333333333333335,3.0,0.3333333333333335,2.357142857142857,148.80666666666667,150.65,-0.012155181888119575,112.85071428571426,0.6861220775067701,44.642,1.6666666666666667,0,0.18999999999999997,0.31076923076923085,1.6666666666666667,-0.9999999999999998,0.3333333333333333,0.0,0.3333333333333333,0.2857142857142857,0.0,0.0,0.0,0.0,0,59.0,F,Tulsa,Platinum,0,Household,Mainstream,2021-10-06,0,2021,29,1,0,0,2024-03
501329,0.0,15,1.0,0,3.0,4.666666666666667,4.333333333333333,0.3333333333333339,4.0,158.93,133.60666666666665,0.18812837402803245,133.14933333333332,0.46600498171510785,34.056428571428576,1.6666666666666667,0,0.26333333333333336,0.262,1.6666666666666667,0.6666666666666667,1.0,-0.6666666666666667,0.0,0.5333333333333333,0.0,1.0,-1.0,0.0,0,42.0,F,Portland,Gold,1,Beverages,Value,2021-03-26,0,2021,36,1,0,0,2024-03
501330,1.0,15,0.9333333333333333,0,0.0,4.666666666666667,5.333333333333333,-0.6666666666666661,6.466666666666667,140.62,163.56333333333333,-0.13941947375883648,201.35933333333332,0.4553275619753289,30.132857142857144,2.0,1,0.15,0.20142857142857143,1.3333333333333333,-3.0,0.3333333333333333,0.0,0.0,0.0,0.0,0.0,0.0,0.0,1,,M,Boise,Gold,0,Produce,Mainstream,2022-07-28,1,2022,20,1,0,0,2024-03
501331,0.0,15,1.0,1,3.0,3.0,4.0,-1.0,3.5,109.00999999999999,133.78,-0.18378097640599503,119.60285714285715,0.3931573902770344,36.336666666666666,1.6666666666666667,0,0.2166666666666667,0.24142857142857146,2.0,-0.6666666666666665,0.6666666666666666,0.0,0.3333333333333333,0.42857142857142855,0.0,0.0,0.0,0.0,0,46.0,M,Nashville,Gold,0,Dairy,Upscale,2022-12-05,0,2022,15,1,0,0,2024-03
501332,2.0,6,0.6666666666666666,0,0.0,0.6666666666666666,5.0,-4.333333333333333,2.8333333333333335,25.08,191.0666666666667,-0.8642138146476918,108.07333333333334,1.1321244438463365,37.62,0.3333333333333333,2,0.52,0.3075,0.3333333333333333,-2.6666666666666665,0.0,-2.0,0.0,0.5,1.0,2.0,0.0,0.0,0,,F,Boise,Gold,1,Frozen Foods,Mainstream,2023-09-14,1,2023,6,1,1,0,2024-03
501333,0.0,15,0.9166666666666666,3,6.0,4.0,3.0,1.0,3.8333333333333335,88.91000000000001,73.725,0.20321177651388447,85.19166666666668,0.47504570185107026,22.227500000000003,2.6666666666666665,0,0.23,0.21272727272727276,0.6666666666666666,-0.8333333333333334,1.3333333333333333,1.3333333333333333,0.3333333333333333,0.3333333333333333,0.0,0.0,0.0,0.0,0,42.0,M,Portland,Gold,1,Bakery,Upscale,2022-11-12,0,2022,16,1,0,0,2024-03
501334,1.0,15,0.7142857142857143,1,0.0,1.0,2.0,-1.0,1.4285714285714286,37.665,89.35333333333334,-0.5720689146314469,60.42928571428571,0.8162259953396552,37.665,0.5,1,0.21,0.256,0.5,0.16666666666666669,1.5,0.8333333333333334,0.5,0.42857142857142855,0.0,0.0,0.0,0.0,0,57.0,F,Portland,Silver,1,Dairy,Mainstream,2022-06-21,0,2022,21,1,0,0,2024-03
501335,2.0,15,0.9285714285714286,1,0.0,0.5,5.0,-4.5,3.5714285714285716,21.365,229.72333333333336,-0.9030657208489243,161.2435714285714,0.647463757931904,42.73,0.5,1,0.33,0.2692307692307692,0.0,-0.6666666666666666,0.5,-0.16666666666666663,0.0,0.2857142857142857,3.0,3.0,3.0,1.0,1,45.0,Unknown,Columbus,Silver,1,Dairy,Mainstream,2021-11-08,0,2021,28,1,1,0,2024-03
501336,8.0,15,0.4,0,0.0,0.0,0.0,0.0,1.0666666666666667,0.0,0.0,0.0,29.97266666666667,1.7200469943237877,,0.0,3,,0.2316666666666667,0.0,0.0,0.0,0.0,0.0,0.13333333333333333,0.0,0.0,0.0,0.0,0,53.0,M,Raleigh,Silver,1,Snacks,Mainstream,2022-10-06,0,2022,17,0,1,0,2024-03
501337,0.0,5,1.0,0,1.0,2.3333333333333335,3.0,-0.6666666666666665,2.6,72.06,113.56,-0.36225558659217877,88.66,0.7753926968476165,30.882857142857144,1.6666666666666667,0,0.12666666666666668,0.22999999999999998,1.6666666666666667,-0.33333333333333326,1.6666666666666667,-0.8333333333333333,1.0,0.8,1.0,2.0,0.0,1.0,1,59.0,M,Portland,Silver,1,Frozen Foods,Upscale,2023-10-03,0,2023,5,1,0,0,2024-03
501338,2.0,5,0.6,0,0.0,0.3333333333333333,4.0,-3.6666666666666665,1.8,10.926666666666668,137.34,-0.9137872873596453,61.492000000000004,1.1575160746592492,32.78,0.3333333333333333,2,0.36,0.27666666666666667,0.3333333333333333,-1.1666666666666667,1.0,-0.5,0.0,0.4,3.0,3.0,3.0,1.0,1,37.0,M,Columbus,Silver,1,Beverages,Value,2023-10-21,0,2023,5,1,1,0,2024-03
501339,0.0,15,1.0,1,8.0,4.333333333333333,2.6666666666666665,1.6666666666666665,4.857142857142857,94.91000000000001,67.04333333333334,0.4095429383236174,118.60857142857142,0.48146486398666133,21.902307692307694,1.0,0,0.18000000000000002,0.24071428571428571,1.0,-1.0,1.6666666666666667,0.0,0.3333333333333333,0.35714285714285715,1.0,1.0,1.0,0.0,0,27.0,F,Denver,Silver,1,Bakery,Mainstream,2022-08-16,0,2022,19,1,0,0,2024-03
501340,0.0,15,0.8571428571428571,1,5.0,3.6666666666666665,4.333333333333333,-0.6666666666666665,3.357142857142857,132.47,166.04666666666665,-0.20100171608732084,128.01,0.6472648088774758,36.12818181818182,1.3333333333333333,0,0.15666666666666665,0.31916666666666665,0.6666666666666666,-0.33333333333333337,1.3333333333333333,0.0,0.0,0.5,0.0,0.0,0.0,0.0,0,23.0,F,Spokane,Platinum,1,Frozen Foods,Upscale,2022-05-09,0,2022,22,1,0,0,2024-03
501341,0.0,14,1.0,0,4.0,4.666666666666667,6.0,-1.333333333333333,4.785714285714286,241.79,339.04,-0.2859957652040937,264.23571428571427,0.3821511780682476,51.81214285714286,3.0,0,0.37666666666666665,0.325,2.6666666666666665,0.9999999999999998,1.3333333333333333,-1.0000000000000002,0.6666666666666666,0.7857142857142857,0.0,1.0,-1.0,0.0,1,52.0,M,Portland,Platinum,1,Snacks,Mainstream,2021-07-05,0,2021,32,1,0,0,2024-03
501342,0.0,15,1.0,0,3.0,4.333333333333333,3.3333333333333335,0.9999999999999996,3.4,149.53,121.44,0.22941849068931724,120.91066666666666,0.5214650848031196,34.50692307692308,2.3333333333333335,0,0.2966666666666667,0.3293333333333333,0.6666666666666666,-0.33333333333333337,1.3333333333333333,1.0,1.0,0.6666666666666666,0.0,0.0,0.0,0.0,0,29.0,M,Spokane,Silver,0,Produce,Mainstream,2021-09-20,0,2021,30,1,0,0,2024-03
501343,0.0,15,0.6666666666666666,0,1.0,1.3333333333333333,0.6666666666666666,0.6666666666666666,1.2,40.12333333333333,22.886666666666667,0.7216020094892546,38.63866666666666,0.9633766184827212,30.092499999999998,1.6666666666666667,0,0.24000000000000002,0.28700000000000003,1.0,0.0,1.6666666666666667,1.0,0.0,0.26666666666666666,0.0,0.0,0.0,0.0,0,38.0,F,Nashville,Gold,1,Frozen Foods,Value,2022-06-25,0,2022,21,1,0,0,2024-03
501344,0.0,4,1.0,0,8.0,5.666666666666667,7.0,-1.333333333333333,6.0,208.56000000000003,237.96,-0.12303314362236348,215.91,0.4374053143957793,36.80470588235295,2.0,0,0.5499999999999999,0.46749999999999997,5.333333333333333,2.333333333333333,1.0,-3.0,0.3333333333333333,0.25,0.0,0.0,0.0,0.0,0,62.0,F,Denver,Silver,1,Personal Care,Value,2023-11-26,0,2023,4,1,0,0,2024-03
501345,0.0,15,1.0,3,3.0,7.0,8.0,-1.0,9.25,241.49666666666667,279.39,-0.13514509552171375,309.705,0.3974028606469883,34.49952380952381,5.666666666666667,0,0.22,0.22166666666666668,1.6666666666666667,-1.8333333333333333,1.0,0.5,1.6666666666666667,0.9166666666666666,1.0,1.0,1.0,0.0,0,44.0,F,Spokane,Gold,0,Household,Value,2021-09-09,0,2021,30,1,0,0,2024-03
501346,0.0,15,0.8571428571428571,1,2.0,2.0,2.0,0.0,2.357142857142857,57.50666666666667,56.22666666666667,0.022367194780987903,63.848571428571425,0.6621962114264597,28.753333333333334,1.3333333333333333,0,0.33666666666666667,0.36666666666666664,2.0,1.0,1.0,1.0,0.3333333333333333,0.7142857142857143,0.0,0.0,0.0,0.0,0,54.0,F,Raleigh,Silver,0,Household,Value,2022-08-04,0,2022,19,1,0,0,2024-03
501347,0.0,15,1.0,0,7.0,6.0,5.666666666666667,0.33333333333333304,6.2,179.86666666666667,176.27666666666667,0.020250832032792453,184.49933333333334,0.45438775169093937,29.977777777777778,6.0,0,0.3833333333333333,0.26133333333333336,5.0,0.0,0.6666666666666666,0.3333333333333333,1.3333333333333333,1.1333333333333333,0.0,0.0,0.0,0.0,0,26.0,F,Spokane,Silver,0,Beverages,Value,2021-08-20,0,2021,31,1,0,0,2024-03
501348,0.0,15,1.0,1,9.0,9.0,7.0,2.0,7.0,291.71,216.97666666666666,0.34285015215695863,232.23142857142858,0.355150701879106,32.41222222222222,3.3333333333333335,0,0.2966666666666667,0.2621428571428572,4.666666666666667,1.666666666666667,2.3333333333333335,-0.6666666666666665,0.0,0.7857142857142857,1.0,2.0,0.0,1.0,1,63.0,F,Boise,Silver,1,Beverages,Unknown,2021-12-26,0,2021,27,1,0,0,2024-03
501349,0.0,11,1.0,1,8.0,7.0,5.333333333333333,1.666666666666667,5.9,170.465,139.96,0.21640891032917134,153.477,0.41692763825707335,24.35214285714286,4.5,0,0.375,0.32,2.5,-1.1666666666666665,1.5,0.16666666666666674,0.5,0.6,0.0,0.0,0.0,0.0,0,51.0,F,Columbus,Silver,1,Frozen Foods,Upscale,2023-04-28,0,2023,11,1,0,0,2024-03
501350,12.0,14,0.14285714285714285,0,0.0,0.0,0.0,0.0,0.35714285714285715,0.0,0.0,0.0,10.180714285714286,2.3631582388926073,,0.0,3,,0.34,0.0,0.0,0.0,0.0,0.0,0.07142857142857142,0.0,0.0,0.0,0.0,0,20.0,F,Columbus,Gold,0,Snacks,Value,2023-01-17,0,2023,14,0,1,0,2024-03
501351,1.0,14,0.9285714285714286,0,0.0,2.0,3.3333333333333335,-1.3333333333333335,3.142857142857143,61.99666666666667,109.56666666666666,-0.43023816701839007,97.46000000000001,0.5259605111931045,30.998333333333335,3.0,1,0.36,0.2692307692307692,1.0,-1.0,0.3333333333333333,0.3333333333333333,0.0,0.14285714285714285,0.0,0.0,0.0,0.0,1,44.0,M,Nashville,Silver,0,Produce,Mainstream,2023-01-06,0,2023,14,1,0,0,2024-03
501352,3.0,9,0.6666666666666666,0,0.0,0.0,1.0,-1.0,1.2222222222222223,0.0,42.75,-0.9771428571428571,50.785555555555554,1.104019141789468,,0.0,3,,0.265,0.0,0.0,0.0,0.0,0.0,0.0,0.0,4.0,-4.0,1.0,1,69.0,M,Denver,Gold,0,Beverages,Mainstream,2023-06-22,0,2023,9,0,1,0,2024-03
501353,0.0,15,1.0,0,6.0,3.6666666666666665,4.333333333333333,-0.6666666666666665,3.2,194.19666666666663,228.21666666666667,-0.14841852686686557,170.29800000000003,0.5440097509780436,52.962727272727264,2.0,0,0.43999999999999995,0.362,0.3333333333333333,-1.6666666666666667,0.0,-1.0,0.6666666666666666,0.6666666666666666,0.0,0.0,0.0,0.0,0,44.0,F,Portland,Platinum,0,Bakery,Value,2021-11-14,0,2021,28,1,0,0,2024-03
501354,4.0,13,0.6923076923076923,0,0.0,0.0,1.3333333333333333,-1.3333333333333333,3.1538461538461537,0.0,31.856666666666666,-0.9695647763011057,70.82076923076923,0.8930511915384699,,0.0,3,,0.26,0.0,-2.3333333333333335,0.0,0.0,0.0,0.46153846153846156,0.0,1.0,-1.0,1.0,1,39.0,M,Denver,Silver,0,Household,Upscale,2023-02-22,0,2023,13,0,1,0,2024-03
501355,1.0,15,0.8666666666666667,0,0.0,2.0,3.6666666666666665,-1.6666666666666665,2.8666666666666667,37.37,61.31999999999999,-0.3843068035943517,50.57266666666667,0.7111005880449585,18.685,1.6666666666666667,1,0.42000000000000004,0.3107692307692308,0.6666666666666666,0.0,0.6666666666666666,-2.0,1.0,0.4666666666666667,0.0,1.0,-1.0,0.0,0,19.0,M,Raleigh,Silver,1,Frozen Foods,Upscale,2022-02-07,0,2022,25,1,0,0,2024-03
501356,10.0,15,0.3333333333333333,0,0.0,0.0,0.0,0.0,0.7333333333333333,0.0,0.0,0.0,30.952666666666666,1.8561783907916622,,0.0,3,,0.41000000000000003,0.0,0.0,0.0,0.0,0.0,0.06666666666666667,0.0,0.0,0.0,0.0,0,70.0,F,Boise,Platinum,1,Snacks,Mainstream,2022-08-08,0,2022,19,0,1,0,2024-03
501357,0.0,14,1.0,0,1.0,2.6666666666666665,4.0,-1.3333333333333335,3.4285714285714284,56.856666666666676,83.88666666666667,-0.3184245660881174,68.46714285714285,0.4883907333057594,21.321250000000003,3.0,0,0.33,0.3085714285714286,2.0,0.0,0.3333333333333333,0.3333333333333333,1.3333333333333333,0.42857142857142855,0.0,0.0,0.0,0.0,1,30.0,M,Columbus,Silver,0,Beverages,Mainstream,2023-01-10,0,2023,14,1,0,0,2024-03
501358,14.0,15,0.06666666666666667,0,0.0,0.0,0.0,0.0,0.06666666666666667,0.0,0.0,0.0,2.3393333333333337,2.7131759955763277,,0.0,3,,0.27,0.0,0.0,0.0,0.0,0.0,0.06666666666666667,0.0,0.0,0.0,0.0,0,51.0,F,Denver,Gold,1,Frozen Foods,Mainstream,2022-02-19,0,2022,25,0,1,0,2024-03
501359,0.0,5,1.0,0,8.0,7.333333333333333,7.5,-0.16666666666666696,7.4,243.78666666666672,242.155,0.006710397346000359,243.13400000000001,0.1815327413346586,33.24363636363637,6.333333333333333,0,0.25666666666666665,0.198,3.0,0.0,0.3333333333333333,-1.1666666666666667,1.3333333333333333,1.0,0.0,0.0,0.0,0.0,0,42.0,F,Columbus,Gold,1,Bakery,Value,2023-10-11,0,2023,5,1,0,0,2024-03
501360,0.0,15,1.0,0,6.0,6.666666666666667,8.0,-1.333333333333333,6.0,229.70666666666668,303.4666666666667,-0.24225968907379028,215.25399999999996,0.4189746674569447,34.456,4.0,0,0.26333333333333336,0.2773333333333333,5.0,0.666666666666667,0.6666666666666666,-0.33333333333333337,1.0,0.6666666666666666,1.0,1.0,1.0,1.0,1,49.0,F,Portland,Silver,0,Beverages,Value,2022-07-18,0,2022,20,1,0,0,2024-03
501361,1.0,3,0.3333333333333333,0,0.0,0.3333333333333333,,,0.3333333333333333,8.926666666666668,,,8.926666666666668,1.5575661728238592,26.78,0.6666666666666666,2,0.19,0.19,0.6666666666666666,,1.0,,1.0,1.0,0.0,0.0,,0.0,0,24.0,M,Portland,Silver,1,Dairy,Mainstream,2023-11-13,0,2023,4,1,0,0,2024-03
501362,0.0,3,1.0,0,13.0,10.666666666666666,,,10.666666666666666,362.44,,,362.44,0.22518345557717173,33.97875,4.333333333333333,0,0.5533333333333333,0.5533333333333333,3.3333333333333335,,2.6666666666666665,,1.0,1.0,0.0,0.0,,0.0,0,64.0,F,Boise,Gold,1,Snacks,Mainstream,2023-12-29,0,2023,3,1,0,0,2024-03
501363,6.0,15,0.5714285714285714,1,0.0,0.0,0.0,0.0,1.6428571428571428,0.0,0.0,0.0,44.28071428571428,1.4009267888941868,,0.0,3,,0.35375,0.0,0.0,0.0,-0.3333333333333333,0.0,0.5,0.0,1.0,-1.0,0.0,1,27.0,M,Tulsa,Silver,0,Dairy,Value,2021-09-05,0,2021,30,0,1,0,2024-03
501364,0.0,15,0.8666666666666667,0,4.0,1.6666666666666667,3.0,-1.3333333333333333,2.2666666666666666,54.81,101.42999999999999,-0.4551400956750951,77.28333333333335,0.6037960603680124,32.886,1.3333333333333333,1,0.24,0.3253846153846153,1.6666666666666667,1.0,2.3333333333333335,1.3333333333333335,1.3333333333333333,0.6,0.0,0.0,0.0,0.0,0,53.0,M,Denver,Gold,1,Frozen Foods,Value,2021-09-19,0,2021,30,1,0,0,2024-03
501365,0.0,15,1.0,0,6.0,3.0,4.0,-1.0,4.333333333333333,98.32666666666667,154.62,-0.3617358522897657,156.78533333333334,0.4825485755741227,32.775555555555556,2.0,0,0.3733333333333333,0.32066666666666666,3.3333333333333335,2.0,2.0,0.6666666666666667,0.0,0.5333333333333333,0.0,1.0,-1.0,1.0,1,32.0,F,Nashville,Platinum,1,Dairy,Mainstream,2022-03-05,0,2022,24,1,0,0,2024-03
501366,0.0,15,1.0,1,4.0,5.5,6.0,-0.5,4.571428571428571,135.755,155.16666666666666,-0.12430096051227318,123.80428571428571,0.4828967016978635,24.682727272727274,2.5,0,0.11,0.3571428571428572,2.5,0.8333333333333333,2.0,0.33333333333333326,0.0,0.6428571428571429,0.0,0.0,0.0,0.0,0,56.0,M,Boise,Gold,1,Produce,Value,2021-05-18,0,2021,34,1,0,0,2024-03
501367,4.0,15,0.7333333333333333,0,0.0,0.0,2.0,-2.0,3.533333333333333,0.0,78.91666666666667,-0.9874869655891554,129.072,0.7296764343509088,,0.0,3,,0.28,0.0,-0.3333333333333333,0.0,-0.3333333333333333,0.0,0.26666666666666666,0.0,3.0,-3.0,0.0,0,23.0,F,Spokane,Gold,1,Household,Mainstream,2022-05-24,0,2022,22,0,1,0,2024-03
501368,0.0,1,1.0,0,1.0,1.0,,,1.0,27.56,,,27.56,,27.56,2.0,0,0.62,0.62,6.0,,0.0,,0.0,0.0,0.0,0.0,,0.0,0,26.0,F,Nashville,Gold,1,Frozen Foods,Value,2024-01-05,0,2024,2,1,0,0,2024-03
501369,0.0,13,1.0,0,3.0,3.0,5.333333333333333,-2.333333333333333,4.153846153846154,84.06333333333333,149.36333333333334,-0.43428140725797515,116.27000000000001,0.41270426790130743,28.02111111111111,1.0,0,0.17,0.23461538461538464,1.6666666666666667,-0.33333333333333326,0.3333333333333333,-0.3333333333333333,0.3333333333333333,0.5384615384615384,0.0,1.0,-1.0,0.0,1,69.0,M,Nashville,Gold,0,Snacks,Upscale,2023-02-08,0,2023,13,1,0,0,2024-03
501370,0.0,8,0.875,0,1.0,3.0,2.6666666666666665,0.3333333333333335,2.75,89.10000000000001,90.48,-0.015085264538696932,84.37,0.7858714330432356,29.700000000000003,2.3333333333333335,0,0.21999999999999997,0.25857142857142856,0.3333333333333333,-1.0,1.0,0.6666666666666667,0.0,0.25,0.0,0.0,0.0,0.0,0,52.0,F,Portland,Silver,1,Snacks,Mainstream,2023-07-16,0,2023,8,1,0,0,2024-03
501371,0.0,15,1.0,0,1.0,2.3333333333333335,5.666666666666667,-3.3333333333333335,4.466666666666667,87.32666666666667,201.12666666666667,-0.5630132919951185,154.36066666666665,0.5674878007500278,37.425714285714285,3.6666666666666665,0,0.37000000000000005,0.4106666666666667,1.6666666666666667,-1.3333333333333333,0.3333333333333333,0.0,0.0,0.8,1.0,1.0,1.0,0.0,1,64.0,M,Spokane,Silver,1,Household,Value,2022-01-09,0,2022,26,1,1,0,2024-03
501372,0.0,5,1.0,0,3.0,4.0,7.5,-3.5,5.4,166.04,356.51,-0.5327683141730302,242.228,0.44793567457258804,41.51,2.3333333333333335,0,0.24,0.22799999999999998,0.3333333333333333,-2.1666666666666665,0.0,-0.5,0.0,0.4,0.0,0.0,0.0,0.0,0,38.0,Unknown,Nashville,Gold,0,Bakery,Value,2023-10-12,0,2023,5,1,0,0,2024-03
501373,0.0,15,1.0,0,6.0,3.0,3.0,0.0,2.4,96.92666666666666,110.54333333333335,-0.12207512775304084,87.00399999999999,0.5934761241591291,32.30888888888889,0.6666666666666666,0,0.26666666666666666,0.23666666666666666,2.3333333333333335,1.666666666666667,0.3333333333333333,-0.6666666666666667,0.6666666666666666,0.8666666666666667,0.0,0.0,0.0,0.0,0,61.0,F,Portland,Silver,0,Bakery,Value,2022-05-27,0,2022,22,1,0,0,2024-03
501374,8.0,15,0.4666666666666667,0,0.0,0.0,0.0,0.0,2.8,0.0,0.0,0.0,72.40866666666668,1.2501604787302567,,0.0,3,,0.31285714285714283,0.0,0.0,0.0,0.0,0.0,0.4,0.0,0.0,0.0,0.0,1,22.0,M,Portland,Silver,0,Household,Upscale,2021-08-13,0,2021,31,0,1,0,2024-03
501375,0.0,6,1.0,1,5.0,3.3333333333333335,3.5,-0.16666666666666652,3.4,110.01,101.555,0.08244356686655939,106.62800000000001,0.45391898516529,33.003,1.0,0,0.3566666666666667,0.352,2.3333333333333335,0.3333333333333335,2.0,1.5,0.6666666666666666,0.6,0.0,1.0,-1.0,1.0,1,58.0,F,Raleigh,Silver,1,Snacks,Mainstream,2023-10-01,0,2023,5,1,0,0,2024-03
501376,2.0,15,0.8571428571428571,1,0.0,0.3333333333333333,5.0,-4.666666666666667,2.857142857142857,12.549999999999999,157.995,-0.9147771942513915,91.40357142857142,0.6959642050884433,37.65,0.3333333333333333,2,0.36,0.355,2.3333333333333335,0.3333333333333335,0.6666666666666666,-0.33333333333333337,0.0,0.21428571428571427,0.0,1.0,-1.0,1.0,1,25.0,M,Madison,Silver,1,Dairy,Value,2021-06-02,0,2021,33,1,1,0,2024-03
501377,8.0,15,0.4666666666666667,0,0.0,0.0,0.0,0.0,1.9333333333333333,0.0,0.0,0.0,55.75999999999999,1.2607102591124721,,0.0,3,,0.3614285714285715,0.0,0.0,0.0,0.0,0.0,0.13333333333333333,0.0,0.0,0.0,0.0,0,54.0,F,Nashville,Silver,0,Snacks,Value,2022-01-30,0,2022,26,0,1,0,2024-03
501379,0.0,15,1.0,2,5.0,4.0,6.666666666666667,-2.666666666666667,5.461538461538462,126.21,200.50333333333333,-0.3686953069428132,161.59,0.6506818045807696,31.5525,2.0,0,0.19333333333333336,0.2684615384615385,3.3333333333333335,0.0,0.6666666666666666,0.3333333333333333,0.3333333333333333,0.38461538461538464,1.0,3.0,-1.0,1.0,1,54.0,M,Portland,Gold,0,Dairy,Value,2022-08-17,0,2022,19,1,0,0,2024-03
501380,0.0,11,1.0,0,5.0,7.333333333333333,5.0,2.333333333333333,5.909090909090909,248.58666666666667,172.4333333333333,0.43909283105900465,203.25181818181818,0.4363377269027074,33.89818181818182,4.666666666666667,0,0.27666666666666667,0.2463636363636364,3.3333333333333335,0.3333333333333335,0.3333333333333333,-1.0,1.3333333333333333,0.8181818181818182,0.0,0.0,0.0,0.0,0,32.0,F,Portland,Gold,1,Beverages,Upscale,2023-04-10,0,2023,11,1,0,0,2024-03
501381,0.0,15,1.0,0,5.0,4.0,3.3333333333333335,0.6666666666666665,3.933333333333333,164.49,122.97666666666667,0.33484795526039846,150.43266666666668,0.5470101922149176,41.1225,2.0,0,0.25333333333333335,0.2826666666666667,2.0,-1.0,0.0,0.0,0.3333333333333333,0.6,0.0,0.0,0.0,0.0,0,23.0,F,Portland,Gold,0,Snacks,Value,2022-02-04,0,2022,25,1,0,0,2024-03
501382,0.0,6,1.0,0,3.0,3.3333333333333335,3.6666666666666665,-0.33333333333333304,3.5,125.89666666666666,127.32000000000001,-0.011092061512884556,126.60833333333335,0.43775442483134575,37.769,2.3333333333333335,0,0.42333333333333334,0.39666666666666667,3.6666666666666665,0.0,1.6666666666666667,0.6666666666666667,0.3333333333333333,0.8333333333333334,2.0,2.0,2.0,1.0,1,61.0,F,Austin,Silver,1,Frozen Foods,Value,2023-09-20,0,2023,6,1,0,0,2024-03
501383,12.0,15,0.2,0,0.0,0.0,0.0,0.0,0.6666666666666666,0.0,0.0,0.0,20.916666666666668,2.243759697445782,,0.0,3,,0.12333333333333334,0.0,0.0,0.0,0.0,0.0,0.06666666666666667,0.0,0.0,0.0,0.0,0,44.0,M,Austin,Silver,0,Dairy,Upscale,2022-10-05,0,2022,17,0,1,0,2024-03
501384,7.0,15,0.5333333333333333,0,0.0,0.0,0.0,0.0,1.3333333333333333,0.0,0.0,0.0,51.001333333333335,1.2127974519120301,,0.0,3,,0.3662500000000001,0.0,0.0,0.0,0.0,0.0,0.06666666666666667,0.0,0.0,0.0,0.0,0,24.0,F,Raleigh,Gold,0,Household,Unknown,2022-10-31,0,2022,17,0,1,0,2024-03
501385,10.0,15,0.26666666666666666,0,0.0,0.0,0.0,0.0,1.0,0.0,0.0,0.0,22.720666666666666,1.875731575876493,,0.0,3,,0.36750000000000005,0.0,0.0,0.0,0.0,0.0,0.13333333333333333,0.0,0.0,0.0,0.0,0,41.0,M,Tulsa,Silver,0,Personal Care,Mainstream,2022-09-27,0,2022,18,0,1,0,2024-03
501386,0.0,15,1.0,0,4.0,4.0,5.0,-1.0,6.466666666666667,97.82666666666667,122.35666666666667,-0.19885427081362986,156.61133333333333,0.40658350003261856,24.456666666666667,2.3333333333333335,0,0.34,0.3273333333333333,1.6666666666666667,-0.9999999999999998,0.6666666666666666,-0.6666666666666666,1.3333333333333333,0.9333333333333333,0.0,0.0,0.0,0.0,0,18.0,M,Spokane,Gold,1,Snacks,Mainstream,2021-05-20,0,2021,34,1,0,0,2024-03
501387,0.0,15,1.0,1,1.0,4.0,5.333333333333333,-1.333333333333333,5.285714285714286,128.15666666666667,174.10333333333332,-0.26239744151072697,160.56428571428572,0.6373612751158775,32.03916666666667,2.0,0,0.2833333333333334,0.3,3.0,-1.0,0.6666666666666666,0.6666666666666666,0.6666666666666666,0.5714285714285714,1.0,3.0,-1.0,1.0,1,68.0,M,Columbus,Silver,0,Snacks,Mainstream,2021-04-26,0,2021,35,1,0,0,2024-03
501389,0.0,15,0.9333333333333333,0,4.0,6.333333333333333,3.0,3.333333333333333,5.733333333333333,268.59666666666664,111.11666666666667,1.4046082949308751,244.5986666666667,0.5429802071389925,42.41,3.3333333333333335,0,0.2333333333333333,0.28214285714285714,2.0,-1.6666666666666665,0.6666666666666666,0.3333333333333333,1.6666666666666667,0.7333333333333333,0.0,1.0,-1.0,0.0,0,40.0,Other,Nashville,Gold,0,Bakery,Mainstream,2021-10-25,0,2021,29,1,0,0,2024-03
501390,0.0,5,1.0,0,7.0,3.6666666666666665,2.5,1.1666666666666665,3.2,119.66000000000001,63.8,0.8620370370370373,97.316,0.7299578034670136,32.63454545454545,2.0,0,0.51,0.4640000000000001,1.6666666666666667,0.16666666666666674,1.0,-1.0,1.3333333333333333,1.0,0.0,0.0,0.0,0.0,0,35.0,F,Denver,Gold,1,Household,Upscale,2023-10-15,0,2023,5,1,0,0,2024-03
501391,1.0,5,0.8,0,0.0,1.6666666666666667,5.0,-3.333333333333333,3.0,41.96,134.605,-0.6831975222152574,79.018,0.7589013390483619,25.176,1.3333333333333333,1,0.36,0.32,0.0,-1.5,0.0,-1.5,0.3333333333333333,0.2,1.0,3.0,-1.0,0.0,0,53.0,M,Madison,Silver,0,Snacks,Mainstream,2023-11-01,0,2023,4,1,1,0,2024-03
501392,1.0,15,0.8571428571428571,1,0.0,1.0,2.0,-1.0,2.5,24.466666666666665,54.080000000000005,-0.5376422173807796,70.51714285714286,0.7094313525250182,24.466666666666665,0.6666666666666666,1,0.36,0.24083333333333334,0.0,-1.0,0.0,-1.3333333333333333,0.0,0.42857142857142855,1.0,2.0,0.0,0.0,1,47.0,M,Portland,Silver,1,Bakery,Mainstream,2022-10-11,0,2022,17,1,1,0,2024-03
501393,0.0,15,1.0,2,2.0,3.0,2.3333333333333335,0.6666666666666665,2.3846153846153846,127.36,99.97333333333334,0.27122672652845625,110.30923076923078,0.6978151411347187,42.45333333333333,1.0,0,0.3,0.2507692307692308,1.0,0.0,0.0,-0.3333333333333333,1.0,1.0769230769230769,0.0,0.0,0.0,0.0,0,61.0,F,Spokane,Platinum,0,Snacks,Mainstream,2021-03-18,0,2021,36,1,0,0,2024-03
501394,11.0,15,0.26666666666666666,0,0.0,0.0,0.0,0.0,0.6,0.0,0.0,0.0,22.067333333333334,1.68151271281953,,0.0,3,,0.28500000000000003,0.0,0.0,0.0,0.0,0.0,0.06666666666666667,0.0,0.0,0.0,0.0,0,29.0,F,Nashville,Gold,1,Snacks,Mainstream,2022-08-28,0,2022,19,0,1,0,2024-03
501395,0.0,15,0.8666666666666667,0,3.0,1.6666666666666667,2.0,-0.33333333333333326,2.2666666666666666,56.29,71.02666666666666,-0.20460014809329868,79.66666666666667,0.6031381418275394,33.774,1.3333333333333333,1,0.32,0.3330769230769231,1.6666666666666667,1.0,1.3333333333333333,0.6666666666666666,0.3333333333333333,0.5333333333333333,0.0,0.0,0.0,0.0,0,39.0,F,Madison,Silver,1,Personal Care,Mainstream,2022-06-17,0,2022,21,1,0,0,2024-03
501396,0.0,15,1.0,0,13.0,8.0,7.333333333333333,0.666666666666667,7.666666666666667,168.84333333333333,145.66,0.1580753670621392,163.4653333333333,0.46639514492385553,21.105416666666667,3.6666666666666665,0,0.21333333333333335,0.20133333333333336,1.6666666666666667,-2.333333333333333,0.6666666666666666,-0.6666666666666666,1.0,0.8666666666666667,0.0,0.0,0.0,0.0,0,29.0,F,Nashville,Gold,1,Bakery,Mainstream,2021-12-12,0,2021,27,1,0,0,2024-03
501397,14.0,15,0.07142857142857142,1,0.0,0.0,0.0,0.0,0.21428571428571427,0.0,0.0,0.0,7.6049999999999995,3.3068337508908563,,0.0,3,,0.1,0.0,0.0,0.0,0.0,0.0,0.14285714285714285,0.0,0.0,0.0,0.0,0,72.0,M,Boise,Silver,0,Bakery,Mainstream,2022-10-22,0,2022,17,0,1,0,2024-03
501398,13.0,15,0.13333333333333333,0,0.0,0.0,0.0,0.0,0.5333333333333333,0.0,0.0,0.0,15.140666666666666,2.5384098682316893,,0.0,3,,0.45,0.0,0.0,0.0,0.0,0.0,0.0,0.0,0.0,0.0,0.0,1,40.0,M,Austin,Silver,1,Produce,Mainstream,2022-12-07,0,2022,15,0,1,0,2024-03
501399,13.0,14,0.07142857142857142,0,0.0,0.0,0.0,0.0,0.07142857142857142,0.0,0.0,0.0,2.2914285714285714,2.6048691182228305,,0.0,3,,0.76,0.0,0.0,0.0,0.0,0.0,0.0,0.0,0.0,0.0,0.0,0,54.0,F,Austin,Gold,0,Personal Care,Mainstream,2022-02-08,0,2022,25,0,1,0,2024-03
501400,0.0,4,1.0,1,6.0,5.5,4.0,1.5,5.0,164.79500000000002,142.16,0.15810980720871765,157.25,0.14951842763703163,29.962727272727275,2.0,0,0.235,0.22666666666666666,1.0,1.0,0.5,-0.5,0.5,0.3333333333333333,0.0,0.0,0.0,0.0,0,63.0,M,Austin,Gold,0,Dairy,Mainstream,2023-11-19,0,2023,4,1,0,0,2024-03
501401,0.0,15,1.0,1,3.0,2.3333333333333335,4.333333333333333,-1.9999999999999996,3.857142857142857,40.589999999999996,68.90666666666668,-0.4050638947167654,63.02428571428572,0.42934752099107315,17.395714285714284,1.6666666666666667,0,0.33666666666666667,0.3500000000000001,2.6666666666666665,-0.666666666666667,1.0,-0.33333333333333326,1.0,0.5714285714285714,0.0,0.0,0.0,0.0,0,53.0,M,Raleigh,Silver,1,Bakery,Mainstream,2021-07-08,0,2021,32,1,0,0,2024-03
501402,0.0,12,0.9166666666666666,0,8.0,6.0,3.6666666666666665,2.3333333333333335,4.166666666666667,191.5,106.76333333333332,0.7863218781898607,126.23666666666664,0.5206765059188417,31.916666666666668,3.0,0,0.13333333333333333,0.25363636363636366,1.6666666666666667,0.3333333333333335,0.3333333333333333,0.3333333333333333,0.3333333333333333,0.3333333333333333,0.0,0.0,0.0,0.0,0,20.0,F,Raleigh,Silver,0,Produce,Mainstream,2023-03-16,0,2023,12,1,0,0,2024-03
501403,0.0,15,0.8,0,3.0,1.6666666666666667,1.0,0.6666666666666667,1.8,68.01,42.440000000000005,0.5886279926335174,78.08666666666666,0.9129392803159452,40.806,1.0,0,0.12,0.23250000000000004,1.6666666666666667,-0.6666666666666667,0.0,-0.3333333333333333,1.0,0.3333333333333333,1.0,2.0,0.0,1.0,1,74.0,F,Austin,Platinum,0,Household,Value,2022-06-14,0,2022,21,1,0,0,2024-03
501404,0.0,15,1.0,0,2.0,2.6666666666666665,3.0,-0.3333333333333335,3.2,83.83999999999999,90.41000000000001,-0.07187397440105044,101.77266666666667,0.46349588708078654,31.439999999999998,3.3333333333333335,0,0.3166666666666667,0.2693333333333333,1.0,0.33333333333333337,1.6666666666666667,0.3333333333333335,0.0,0.8666666666666667,1.0,2.0,0.0,0.0,0,65.0,F,Boise,Gold,1,Bakery,Upscale,2021-03-10,0,2021,36,1,0,0,2024-03
501405,0.0,15,0.9333333333333333,0,1.0,2.3333333333333335,7.333333333333333,-5.0,4.466666666666667,73.02,221.93999999999997,-0.667982416793756,128.31199999999998,0.5993964629914325,31.294285714285714,1.0,0,0.18999999999999997,0.3164285714285714,2.6666666666666665,1.3333333333333333,0.0,0.0,0.0,0.4666666666666667,0.0,0.0,0.0,0.0,1,35.0,M,Boise,Silver,0,Household,Mainstream,2021-11-22,0,2021,28,1,0,0,2024-03
501406,10.0,15,0.3333333333333333,0,0.0,0.0,0.0,0.0,0.7333333333333333,0.0,0.0,0.0,23.242,1.64465726704664,,0.0,3,,0.31000000000000005,0.0,0.0,0.0,0.0,0.0,0.06666666666666667,0.0,0.0,0.0,0.0,1,74.0,M,Boise,Gold,0,Bakery,Upscale,2021-12-06,0,2021,27,0,1,0,2024-03
501407,0.0,15,1.0,1,9.0,6.333333333333333,6.333333333333333,0.0,5.714285714285714,225.84666666666666,180.59333333333333,0.24920151253717096,184.39928571428572,0.3689068583087919,35.66,2.3333333333333335,0,0.24333333333333332,0.28285714285714286,3.0,-0.6666666666666665,1.6666666666666667,-0.33333333333333326,0.3333333333333333,0.7142857142857143,0.0,0.0,0.0,0.0,1,68.0,F,Raleigh,Gold,1,Beverages,Upscale,2021-09-21,0,2021,30,1,0,0,2024-03
501408,0.0,3,1.0,0,3.0,5.666666666666667,,,5.666666666666667,62.64000000000001,,,62.64000000000001,0.782413886918542,11.054117647058824,1.6666666666666667,0,0.22666666666666666,0.22666666666666666,1.0,,0.3333333333333333,,0.0,0.0,0.0,0.0,,0.0,0,49.0,M,Tulsa,Silver,0,Beverages,Value,2023-12-18,0,2023,3,1,0,0,2024-03
501409,0.0,15,1.0,0,6.0,3.3333333333333335,5.0,-1.6666666666666665,4.0,118.85333333333335,152.5,-0.21919652551574362,135.88666666666668,0.5776918373943863,35.656000000000006,3.0,0,0.18666666666666668,0.2753333333333333,0.6666666666666666,-1.3333333333333335,0.0,0.0,0.3333333333333333,0.5333333333333333,0.0,0.0,0.0,0.0,1,42.0,M,Madison,Gold,0,Personal Care,Mainstream,2022-12-04,0,2022,15,1,0,0,2024-03
501410,0.0,15,1.0,1,9.0,8.666666666666666,7.333333333333333,1.333333333333333,7.142857142857143,159.42333333333332,152.86333333333334,0.0426352390649709,143.8185714285714,0.3304266458708226,18.395,4.333333333333333,0,0.27,0.31714285714285717,3.0,1.3333333333333333,0.0,-1.0,0.3333333333333333,0.35714285714285715,0.0,0.0,0.0,0.0,1,38.0,M,Tulsa,Silver,0,Snacks,Value,2021-09-30,0,2021,30,1,0,0,2024-03
501411,4.0,8,0.375,0,0.0,0.0,0.3333333333333333,-0.3333333333333333,0.625,0.0,9.61,-0.9057492931196984,14.636249999999999,1.4884458272312309,,0.0,3,,0.4166666666666667,0.0,-0.6666666666666666,0.0,0.0,0.0,0.0,0.0,1.0,-1.0,1.0,1,32.0,F,Tulsa,Silver,0,Dairy,Upscale,2023-07-02,0,2023,8,0,1,0,2024-03
501412,0.0,10,1.0,0,4.0,6.0,5.0,1.0,5.3,186.90333333333334,161.59,0.15568813170141665,169.928,0.3508068387794307,31.150555555555556,2.6666666666666665,0,0.25333333333333335,0.23199999999999998,3.3333333333333335,0.3333333333333335,1.6666666666666667,0.3333333333333335,0.3333333333333333,0.4,0.0,1.0,-1.0,0.0,0,31.0,F,Denver,Silver,1,Produce,Unknown,2023-05-05,0,2023,10,1,0,0,2024-03
501413,12.0,15,0.2,0,0.0,0.0,0.0,0.0,0.2,0.0,0.0,0.0,6.486666666666666,1.8034017099834736,,0.0,3,,0.3433333333333333,0.0,0.0,0.0,0.0,0.0,0.0,0.0,0.0,0.0,0.0,0,24.0,F,Portland,Gold,0,Bakery,Upscale,2021-07-11,0,2021,32,0,1,0,2024-03
501414,12.0,15,0.2,0,0.0,0.0,0.0,0.0,0.4666666666666667,0.0,0.0,0.0,16.435333333333336,2.335834959521101,,0.0,3,,0.36999999999999994,0.0,0.0,0.0,0.0,0.0,0.0,0.0,0.0,0.0,0.0,1,28.0,Unknown,Columbus,Gold,0,Frozen Foods,Unknown,2021-10-31,0,2021,29,0,1,0,2024-03
501415,0.0,8,1.0,0,3.0,3.0,7.666666666666667,-4.666666666666667,5.5,86.78666666666668,200.80333333333337,-0.5649890157083629,146.04500000000002,0.386480184696521,28.928888888888892,3.0,0,0.16333333333333333,0.26749999999999996,4.0,0.6666666666666665,1.6666666666666667,-1.6666666666666667,1.0,0.625,0.0,0.0,0.0,0.0,0,,F,Portland,Silver,1,Household,Upscale,2023-07-15,1,2023,8,1,0,0,2024-03
501417,0.0,15,1.0,1,2.0,3.6666666666666665,4.0,-0.3333333333333335,3.142857142857143,93.78000000000002,100.49333333333334,-0.06614555964266937,85.54357142857144,0.4456471101224591,25.576363636363638,2.6666666666666665,0,0.37666666666666665,0.3607142857142857,4.333333333333333,3.333333333333333,1.3333333333333333,0.6666666666666666,0.3333333333333333,0.42857142857142855,2.0,3.0,1.0,2.0,1,30.0,M,Madison,Gold,1,Household,Value,2022-10-16,0,2022,17,1,0,0,2024-03
501418,0.0,15,1.0,0,4.0,4.333333333333333,5.666666666666667,-1.333333333333334,5.133333333333334,124.76333333333334,174.37333333333333,-0.28288223219037484,147.57000000000002,0.3193756999946372,28.79153846153846,2.3333333333333335,0,0.32666666666666666,0.2866666666666667,2.3333333333333335,-1.333333333333333,0.3333333333333333,-1.0,0.6666666666666666,0.7333333333333333,0.0,0.0,0.0,0.0,0,66.0,F,Columbus,Silver,1,Household,Value,2021-07-18,0,2021,32,1,0,0,2024-03
501419,0.0,15,1.0,0,6.0,6.0,5.0,1.0,4.6,227.25666666666666,183.1833333333333,0.23929056194009604,172.01866666666666,0.6627074474109608,37.87611111111111,3.0,0,0.26666666666666666,0.3026666666666667,1.6666666666666667,-2.333333333333333,1.6666666666666667,-0.33333333333333326,0.3333333333333333,0.6666666666666666,1.0,1.0,1.0,1.0,1,51.0,M,Columbus,Silver,1,Bakery,Mainstream,2022-08-02,0,2022,19,1,0,0,2024-03
501420,0.0,5,1.0,1,2.0,4.0,5.5,-1.5,4.75,148.35,179.67000000000002,-0.17335473515248806,164.01,0.44489740183263654,37.0875,2.0,0,0.1,0.27,1.5,0.5,0.0,-0.5,0.5,0.25,1.0,2.0,0.0,1.0,1,18.0,F,Portland,Gold,1,Household,Mainstream,2023-10-26,0,2023,5,1,0,0,2024-03
501421,6.0,15,0.6,0,0.0,0.0,0.0,0.0,2.6,0.0,0.0,0.0,65.31533333333333,1.0425440762092735,,0.0,3,,0.33444444444444443,0.0,0.0,0.0,0.0,0.0,0.2,0.0,0.0,0.0,0.0,0,32.0,F,Columbus,Silver,1,Beverages,Mainstream,2022-10-16,0,2022,17,0,1,0,2024-03
501422,4.0,15,0.6,0,0.0,0.0,1.0,-1.0,0.9333333333333333,0.0,43.86333333333334,-0.9777100824726949,44.39066666666667,1.026707858012989,,0.0,3,,0.2966666666666667,0.0,-0.3333333333333333,0.0,-0.3333333333333333,0.0,0.4,0.0,2.0,-2.0,1.0,1,62.0,F,Portland,Platinum,1,Household,Mainstream,2022-11-16,0,2022,16,0,1,0,2024-03
501423,13.0,15,0.06666666666666667,0,0.0,0.0,0.0,0.0,0.06666666666666667,0.0,0.0,0.0,2.130666666666667,2.6358719707152694,,0.0,3,,0.15,0.0,0.0,0.0,0.0,0.0,0.0,0.0,0.0,0.0,0.0,0,33.0,F,Spokane,Gold,0,Produce,Upscale,2022-05-27,0,2022,22,0,1,0,2024-03
501424,0.0,15,1.0,0,5.0,4.0,4.333333333333333,-0.33333333333333304,4.533333333333333,78.19999999999999,92.72666666666667,-0.1549896863219292,93.93266666666665,0.3023743274637308,19.549999999999997,2.3333333333333335,0,0.20333333333333334,0.29266666666666663,2.6666666666666665,0.9999999999999998,2.0,1.6666666666666667,1.6666666666666667,0.8666666666666667,0.0,1.0,-1.0,0.0,0,56.0,F,Portland,Gold,1,Bakery,Upscale,2022-03-20,0,2022,24,1,0,0,2024-03
501425,0.0,8,1.0,0,6.0,4.666666666666667,4.666666666666667,0.0,4.25,115.71666666666665,108.21999999999998,0.06863822254776296,102.29625,0.3005748963957309,24.79642857142857,2.3333333333333335,0,0.22999999999999998,0.25875,0.3333333333333333,-0.6666666666666667,0.6666666666666666,0.6666666666666666,0.6666666666666666,0.625,2.0,3.0,1.0,1.0,1,51.0,F,Columbus,Silver,0,Snacks,Value,2023-07-22,0,2023,8,1,0,0,2024-03
501426,0.0,15,1.0,1,6.0,10.333333333333334,8.0,2.333333333333334,7.928571428571429,285.8966666666667,212.10666666666668,0.3462585246824752,225.01499999999996,0.35614990111753236,27.66741935483871,4.0,0,0.38999999999999996,0.33214285714285713,3.6666666666666665,-0.6666666666666665,1.6666666666666667,0.6666666666666667,0.6666666666666666,0.35714285714285715,0.0,0.0,0.0,0.0,0,19.0,M,Denver,Silver,1,Household,Upscale,2022-09-16,0,2022,18,1,0,0,2024-03
501427,14.0,15,0.06666666666666667,0,0.0,0.0,0.0,0.0,0.06666666666666667,0.0,0.0,0.0,1.898,2.5365501694622767,,0.0,3,,0.15,0.0,0.0,0.0,0.0,0.0,0.06666666666666667,0.0,0.0,0.0,0.0,0,25.0,F,Spokane,Silver,1,Bakery,Value,2022-10-07,0,2022,17,0,1,0,2024-03
501428,0.0,4,1.0,0,2.0,5.666666666666667,4.0,1.666666666666667,5.25,158.73333333333332,119.86,0.32163936234761975,149.015,0.5529565426759199,28.011764705882353,2.6666666666666665,0,0.22999999999999998,0.2525,1.3333333333333333,-2.666666666666667,0.3333333333333333,-0.6666666666666667,0.3333333333333333,0.5,0.0,0.0,0.0,0.0,0,21.0,M,Madison,Silver,1,Dairy,Value,2023-10-22,0,2023,5,1,0,0,2024-03
501429,1.0,15,0.9333333333333333,0,0.0,1.3333333333333333,5.0,-3.666666666666667,4.933333333333334,38.82,136.65,-0.7107155830003633,132.46,0.46684937234867074,29.115,1.0,1,0.16499999999999998,0.23071428571428573,1.0,-3.0,0.0,-1.6666666666666667,0.0,0.3333333333333333,1.0,2.0,0.0,1.0,1,64.0,F,Columbus,Silver,1,Bakery,Unknown,2022-09-27,0,2022,18,1,1,0,2024-03
501430,0.0,4,1.0,0,10.0,6.0,2.0,4.0,5.0,193.77333333333334,63.88,2.0020550760378137,161.3,0.8756063287629321,32.29555555555556,1.3333333333333333,0,0.33,0.3325,2.3333333333333335,1.3333333333333335,0.0,0.0,0.6666666666666666,0.5,0.0,0.0,0.0,0.0,0,59.0,M,Spokane,Gold,0,Bakery,Mainstream,2023-11-22,0,2023,4,1,0,0,2024-03
501431,0.0,6,1.0,0,1.0,2.0,3.0,-1.0,2.5,41.26333333333333,65.67,-0.36608169591520434,53.46666666666667,0.43900916871582296,20.631666666666664,1.6666666666666667,0,0.4000000000000001,0.365,1.0,-1.3333333333333335,0.6666666666666666,-0.33333333333333337,0.3333333333333333,0.3333333333333333,0.0,0.0,0.0,0.0,0,25.0,M,Nashville,Silver,0,Personal Care,Mainstream,2023-09-17,0,2023,6,1,0,0,2024-03
501432,0.0,9,1.0,0,7.0,6.0,4.666666666666667,1.333333333333333,6.0,200.34666666666666,161.85666666666668,0.2363427963239657,206.5866666666667,0.4070446209263217,33.39111111111111,2.6666666666666665,0,0.3466666666666667,0.38,3.0,-0.3333333333333335,1.0,0.33333333333333337,0.6666666666666666,0.6666666666666666,0.0,0.0,0.0,0.0,0,56.0,M,Tulsa,Gold,1,Dairy,Mainstream,2023-06-05,0,2023,9,1,0,0,2024-03
501433,4.0,15,0.7333333333333333,0,0.0,0.0,0.6666666666666666,-0.6666666666666666,1.3333333333333333,0.0,18.400000000000002,-0.9484536082474226,38.41933333333334,0.9892313658196534,,0.0,3,,0.23999999999999996,0.0,-0.3333333333333333,0.0,-0.3333333333333333,0.0,0.7333333333333333,0.0,2.0,-2.0,0.0,0,27.0,M,Madison,Silver,0,Household,Value,2021-03-23,0,2021,36,0,1,0,2024-03
501435,0.0,15,1.0,1,2.0,7.333333333333333,5.333333333333333,2.0,5.857142857142857,221.35,150.45333333333335,0.4681089884672945,167.41214285714287,0.6492407861323288,30.18409090909091,4.666666666666667,0,0.2833333333333334,0.275,4.666666666666667,1.666666666666667,2.6666666666666665,2.333333333333333,0.3333333333333333,0.5,1.0,1.0,1.0,1.0,1,57.0,F,Madison,Silver,1,Dairy,Mainstream,2021-08-03,0,2021,31,1,0,0,2024-03
501436,0.0,7,1.0,1,9.0,8.333333333333334,6.5,1.833333333333334,6.666666666666667,413.78000000000003,334.905,0.23481341450707807,333.49,0.5257522578733785,49.653600000000004,2.3333333333333335,0,0.14666666666666664,0.15666666666666668,3.3333333333333335,0.8333333333333335,0.0,-0.5,0.3333333333333333,0.6666666666666666,0.0,1.0,-1.0,0.0,0,67.0,F,Nashville,Platinum,0,Snacks,Value,2023-08-23,0,2023,7,1,0,0,2024-03
501437,0.0,15,1.0,2,5.0,5.666666666666667,5.333333333333333,0.3333333333333339,5.230769230769231,102.78333333333332,102.58999999999999,0.0018663320140296172,94.43769230769229,0.4272711095868933,18.138235294117646,3.3333333333333335,0,0.15333333333333332,0.25230769230769234,3.6666666666666665,1.333333333333333,0.0,0.0,0.6666666666666666,0.6923076923076923,0.0,0.0,0.0,0.0,1,34.0,F,Denver,Silver,0,Snacks,Upscale,2021-04-20,0,2021,35,1,0,0,2024-03
501438,0.0,3,0.6666666666666666,0,2.0,2.0,,,2.0,70.20666666666666,,,70.20666666666666,1.0194598633316334,35.10333333333333,2.6666666666666665,1,0.195,0.195,0.6666666666666666,,2.3333333333333335,,1.0,1.0,0.0,0.0,,0.0,0,29.0,F,Spokane,Silver,1,Frozen Foods,Mainstream,2023-12-02,0,2023,3,1,0,0,2024-03
501439,0.0,15,1.0,0,7.0,5.666666666666667,8.666666666666666,-2.999999999999999,6.4,186.71,280.75666666666666,-0.3337868373419144,215.32199999999995,0.38530700871717166,32.94882352941176,2.6666666666666665,0,0.16666666666666666,0.22799999999999995,1.6666666666666667,0.0,0.6666666666666666,-1.0,0.3333333333333333,0.4,0.0,0.0,0.0,0.0,1,19.0,M,Austin,Gold,0,Snacks,Value,2022-05-20,0,2022,22,1,0,0,2024-03
501440,0.0,15,1.0,0,5.0,5.666666666666667,4.0,1.666666666666667,5.733333333333333,129.83333333333334,106.30666666666667,0.21924701789264417,142.79399999999998,0.37862076055724614,22.91176470588235,4.0,0,0.38999999999999996,0.32599999999999996,3.3333333333333335,-0.6666666666666665,2.3333333333333335,1.3333333333333335,0.3333333333333333,0.5333333333333333,0.0,0.0,0.0,0.0,0,42.0,F,Raleigh,Silver,1,Frozen Foods,Value,2022-11-06,0,2022,16,1,0,0,2024-03
501441,2.0,7,0.7142857142857143,0,0.0,1.3333333333333333,1.3333333333333333,0.0,1.4285714285714286,38.196666666666665,42.73333333333333,-0.10373475609756087,45.76714285714286,0.8902179657433374,28.6475,0.0,2,0.25,0.28200000000000003,0.0,-1.3333333333333333,0.3333333333333333,-0.3333333333333333,1.3333333333333333,1.4285714285714286,0.0,0.0,0.0,0.0,0,50.0,F,Raleigh,Platinum,0,Dairy,Mainstream,2023-08-12,0,2023,7,1,0,0,2024-03
501442,1.0,12,0.8333333333333334,0,0.0,2.0,4.0,-2.0,3.6666666666666665,73.34333333333335,152.29666666666665,-0.5150362043097261,145.3,0.8340137798112497,36.671666666666674,0.6666666666666666,1,0.245,0.314,0.0,-1.6666666666666667,0.0,-0.3333333333333333,0.0,0.3333333333333333,1.0,2.0,0.0,1.0,1,24.0,M,Tulsa,Platinum,0,Frozen Foods,Value,2023-03-12,0,2023,12,1,1,0,2024-03
501443,1.0,13,0.8461538461538461,0,0.0,1.6666666666666667,2.0,-0.33333333333333326,2.5384615384615383,54.5,53.46,0.019096584649283863,71.93307692307692,0.7562668351763372,32.7,0.6666666666666666,1,0.54,0.3581818181818182,0.0,-1.3333333333333333,0.0,0.0,0.3333333333333333,0.6153846153846154,2.0,2.0,2.0,1.0,1,55.0,F,Boise,Silver,0,Dairy,Mainstream,2023-01-13,0,2023,14,1,1,0,2024-03
501444,6.0,15,0.5384615384615384,2,0.0,0.0,0.0,0.0,1.0769230769230769,0.0,0.0,0.0,17.147692307692306,1.1728618505789905,,0.0,3,,0.3028571428571429,0.0,0.0,0.0,0.0,0.0,0.38461538461538464,0.0,0.0,0.0,0.0,1,54.0,M,Boise,Silver,1,Snacks,Value,2022-06-16,0,2022,21,0,1,0,2024-03
501445,12.0,15,0.2,0,0.0,0.0,0.0,0.0,0.6666666666666666,0.0,0.0,0.0,22.288,2.2874160283204454,,0.0,3,,0.26,0.0,0.0,0.0,0.0,0.0,0.06666666666666667,0.0,0.0,0.0,0.0,0,26.0,F,Tulsa,Gold,0,Bakery,Mainstream,2021-12-26,0,2021,27,0,1,0,2024-03
501446,0.0,9,0.5555555555555556,0,1.0,1.0,1.0,0.0,0.8888888888888888,30.856666666666666,30.323333333333334,0.01702671065233579,27.880000000000003,1.0088689180187347,30.856666666666666,0.0,1,0.21,0.22200000000000003,2.0,1.0,1.6666666666666667,1.0,1.6666666666666667,0.8888888888888888,0.0,0.0,0.0,0.0,0,22.0,F,Spokane,Silver,1,Beverages,Upscale,2023-06-09,0,2023,9,1,0,0,2024-03
501447,0.0,12,1.0,0,14.0,8.0,5.0,3.0,5.166666666666667,348.3,225.95666666666668,0.5390603198848531,229.97,0.6214418800247421,43.5375,5.0,0,0.32,0.2383333333333333,0.6666666666666666,-2.3333333333333335,0.6666666666666666,0.3333333333333333,0.0,0.4166666666666667,0.0,0.0,0.0,0.0,0,29.0,F,Spokane,Gold,0,Produce,Unknown,2023-02-11,0,2023,13,1,0,0,2024-03
501449,3.0,8,0.125,0,0.0,0.0,0.3333333333333333,-0.3333333333333333,0.125,0.0,15.753333333333332,-0.9403103859928373,5.9075,2.418955228293611,,0.0,3,,0.24,0.0,0.0,0.0,0.0,0.0,0.125,0.0,3.0,-3.0,0.0,0,28.0,M,Austin,Platinum,0,Produce,Mainstream,2023-07-04,0,2023,8,0,1,0,2024-03
501450,0.0,11,1.0,0,3.0,3.6666666666666665,7.333333333333333,-3.6666666666666665,4.7272727272727275,103.51666666666667,209.34,-0.5031060822160945,136.4481818181818,0.5914143913343918,28.231818181818184,3.0,0,0.23,0.22363636363636363,3.6666666666666665,1.6666666666666665,1.6666666666666667,1.3333333333333335,1.0,0.8181818181818182,1.0,1.0,1.0,1.0,1,61.0,F,Austin,Gold,0,Produce,Value,2023-04-11,0,2023,11,1,0,0,2024-03
501451,11.0,15,0.26666666666666666,0,0.0,0.0,0.0,0.0,0.6,0.0,0.0,0.0,14.030000000000001,1.8376183561831543,,0.0,3,,0.24250000000000002,0.0,0.0,0.0,0.0,0.0,0.13333333333333333,0.0,0.0,0.0,0.0,0,30.0,F,Boise,Silver,1,Beverages,Value,2021-10-01,0,2021,29,0,1,0,2024-03
501452,0.0,15,1.0,0,5.0,7.0,5.666666666666667,1.333333333333333,6.0,224.8033333333333,198.84666666666666,0.12988291023117715,203.672,0.37941006060371013,32.114761904761906,2.6666666666666665,0,0.3233333333333333,0.2786666666666667,2.3333333333333335,1.3333333333333335,1.3333333333333333,0.6666666666666666,0.0,0.6666666666666666,0.0,0.0,0.0,0.0,1,46.0,M,Raleigh,Gold,1,Personal Care,Mainstream,2021-12-01,0,2021,27,1,0,0,2024-03
501453,0.0,15,0.8571428571428571,1,2.0,1.3333333333333333,2.3333333333333335,-1.0000000000000002,1.8571428571428572,36.74333333333333,67.94333333333334,-0.4525455688246387,52.504999999999995,0.6442868656946091,27.5575,2.0,1,0.47000000000000003,0.33499999999999996,1.0,0.33333333333333337,0.0,-2.6666666666666665,0.6666666666666666,0.5714285714285714,0.0,0.0,0.0,0.0,0,62.0,M,Boise,Silver,1,Dairy,Mainstream,2021-11-11,0,2021,28,1,0,0,2024-03
501454,6.0,8,0.25,0,0.0,0.0,0.0,0.0,0.375,0.0,0.0,0.0,17.6275,1.8888688952956048,,0.0,3,,0.395,0.0,0.0,0.0,0.0,0.0,0.375,0.0,0.0,0.0,0.0,0,55.0,F,Spokane,Platinum,0,Personal Care,Value,2023-07-08,0,2023,8,0,1,0,2024-03
501455,5.0,7,0.14285714285714285,0,0.0,0.0,0.3333333333333333,-0.3333333333333333,0.14285714285714285,0.0,11.976666666666667,-0.9229386077575135,5.132857142857143,2.2143453204414336,,0.0,3,,0.29,0.0,0.0,0.0,-0.3333333333333333,0.0,0.42857142857142855,0.0,1.0,-1.0,0.0,0,41.0,F,Madison,Silver,1,Beverages,Value,2023-08-25,0,2023,7,0,1,0,2024-03
501456,0.0,14,1.0,1,5.0,5.333333333333333,6.0,-0.666666666666667,5.384615384615385,153.20333333333335,156.595,-0.021521410366234027,166.79076923076926,0.34897343414184717,28.725625,1.0,0,0.18333333333333335,0.36538461538461536,4.0,2.0,0.3333333333333333,0.3333333333333333,0.6666666666666666,0.5384615384615384,0.0,0.0,0.0,0.0,0,59.0,F,Austin,Silver,0,Bakery,Upscale,2023-01-15,0,2023,14,1,0,0,2024-03
501457,0.0,15,1.0,0,4.0,4.0,2.6666666666666665,1.3333333333333335,4.0,160.72666666666666,122.48666666666668,0.30966906008745865,170.41533333333334,0.36420126625633653,40.181666666666665,1.0,0,0.18000000000000002,0.26599999999999996,1.3333333333333333,-2.0,2.3333333333333335,2.0,0.6666666666666666,0.8,2.0,3.0,1.0,1.0,1,19.0,F,Nashville,Platinum,1,Bakery,Mainstream,2022-12-19,0,2022,15,1,0,0,2024-03
501458,0.0,14,1.0,1,2.0,4.333333333333333,3.0,1.333333333333333,3.6923076923076925,94.66666666666667,59.06333333333333,0.592763194405905,84.28153846153845,0.5468701702508092,21.846153846153847,0.6666666666666666,0,0.23666666666666666,0.23153846153846153,2.3333333333333335,1.0000000000000002,0.6666666666666666,-1.0,1.0,0.5384615384615384,0.0,0.0,0.0,0.0,0,52.0,F,Denver,Silver,1,Dairy,Upscale,2021-12-01,0,2021,27,1,0,0,2024-03
501459,3.0,15,0.6923076923076923,2,0.0,0.0,2.0,-2.0,1.6923076923076923,0.0,66.55499999999999,-0.985197246687884,52.3976923076923,0.9122556180730631,,0.0,3,,0.24666666666666665,0.0,-2.0,0.0,0.0,0.3333333333333333,0.6923076923076923,0.0,1.0,-1.0,0.0,1,,F,Columbus,Gold,0,Dairy,Value,2021-07-25,1,2021,32,0,1,0,2024-03
501460,0.0,14,1.0,0,4.0,4.0,5.0,-1.0,4.285714285714286,125.26333333333332,152.62,-0.1780801110966455,132.37928571428571,0.45787416584144536,31.31583333333333,1.6666666666666667,0,0.39333333333333337,0.2864285714285714,2.0,1.0,1.0,0.0,0.6666666666666666,0.35714285714285715,0.0,0.0,0.0,0.0,1,29.0,M,Denver,Gold,1,Household,Mainstream,2023-01-13,0,2023,14,1,0,0,2024-03
501461,0.0,7,1.0,1,6.0,5.333333333333333,3.5,1.833333333333333,5.333333333333333,230.50666666666666,143.695,0.5999631408595091,217.04166666666666,0.35836611229498233,43.22,3.3333333333333335,0,0.23666666666666666,0.27166666666666667,4.666666666666667,2.666666666666667,0.3333333333333333,-0.6666666666666667,0.3333333333333333,0.5,0.0,0.0,0.0,0.0,0,28.0,F,Madison,Gold,1,Frozen Foods,Value,2023-08-25,0,2023,7,1,0,0,2024-03
501462,0.0,15,1.0,1,1.0,2.3333333333333335,4.666666666666667,-2.3333333333333335,3.642857142857143,119.34666666666665,238.95000000000002,-0.49845106619434615,181.5192857142858,0.5131259002471321,51.14857142857142,1.0,0,0.3,0.3264285714285714,2.3333333333333335,-0.6666666666666665,0.0,0.0,0.6666666666666666,0.7142857142857143,0.0,0.0,0.0,0.0,0,57.0,M,Denver,Gold,0,Frozen Foods,Value,2021-06-30,0,2021,33,1,0,0,2024-03
501463,0.0,15,1.0,1,3.0,4.0,6.0,-2.0,4.714285714285714,131.40333333333334,190.365,-0.30811102692063164,159.43214285714288,0.26487526681896206,32.850833333333334,1.3333333333333333,0,0.29666666666666663,0.3,1.3333333333333333,-1.6666666666666667,0.0,0.0,0.3333333333333333,0.42857142857142855,1.0,1.0,1.0,0.0,0,72.0,M,Austin,Platinum,0,Dairy,Value,2022-08-14,0,2022,19,1,0,0,2024-03
501464,1.0,15,0.6428571428571429,1,0.0,0.6666666666666666,1.0,-0.33333333333333337,1.0,23.560000000000002,33.14333333333334,-0.2806794884311237,34.91785714285715,0.9719746746516376,35.34,0.3333333333333333,2,0.24,0.3666666666666667,0.0,-0.6666666666666666,1.0,-1.0,0.3333333333333333,0.42857142857142855,0.0,0.0,0.0,0.0,0,24.0,F,Austin,Gold,1,Dairy,Value,2021-05-24,0,2021,34,1,0,0,2024-03
501465,0.0,14,1.0,1,4.0,4.5,5.666666666666667,-1.166666666666667,5.076923076923077,166.61,167.70333333333335,-0.00648080456817688,163.04230769230767,0.4266102361163196,37.02444444444445,2.0,0,0.36,0.28692307692307695,3.5,0.16666666666666652,1.5,1.1666666666666667,0.0,0.3076923076923077,0.0,0.0,0.0,0.0,1,35.0,F,Denver,Gold,0,Household,Mainstream,2023-02-01,0,2023,13,1,0,0,2024-03
501466,0.0,10,1.0,0,3.0,6.0,6.333333333333333,-0.33333333333333304,6.5,185.96333333333334,197.9333333333333,-0.06017091152814999,192.983,0.3187840519498493,30.99388888888889,2.3333333333333335,0,0.47000000000000003,0.35500000000000004,2.3333333333333335,-0.6666666666666665,0.0,-1.6666666666666667,0.3333333333333333,0.6,0.0,2.0,-2.0,1.0,1,33.0,F,Boise,Silver,1,Frozen Foods,Mainstream,2023-05-05,0,2023,10,1,0,0,2024-03
501468,0.0,15,1.0,1,7.0,7.0,9.5,-2.5,7.285714285714286,281.30333333333334,426.365,-0.33943272534406577,305.05357142857144,0.32017695973634414,40.186190476190475,3.0,0,0.35000000000000003,0.27785714285714286,4.0,-0.5,1.6666666666666667,0.6666666666666667,0.6666666666666666,1.2142857142857142,0.0,0.0,0.0,0.0,0,43.0,F,Raleigh,Silver,1,Produce,Mainstream,2021-12-23,0,2021,27,1,0,0,2024-03
501470,1.0,8,0.875,0,0.0,2.6666666666666665,7.333333333333333,-4.666666666666666,5.875,80.92333333333333,222.66,-0.633714864824585,181.19,0.6614344382104235,30.346249999999998,2.0,1,0.27,0.29000000000000004,2.3333333333333335,-2.3333333333333335,0.6666666666666666,-0.6666666666666666,0.0,0.25,1.0,2.0,0.0,2.0,1,24.0,F,Boise,Silver,1,Beverages,Value,2023-07-11,0,2023,8,1,0,0,2024-03
501471,0.0,15,1.0,0,7.0,6.0,2.6666666666666665,3.3333333333333335,5.866666666666666,175.50333333333333,73.40666666666667,1.3721440731117283,170.26533333333333,0.5398307314355683,29.250555555555554,2.3333333333333335,0,0.5533333333333333,0.3333333333333333,1.6666666666666667,0.6666666666666667,0.3333333333333333,-1.3333333333333335,0.3333333333333333,0.6666666666666666,2.0,4.0,0.0,1.0,1,46.0,F,Nashville,Silver,1,Personal Care,Value,2022-11-27,0,2022,16,1,0,0,2024-03
501472,2.0,4,0.25,0,0.0,0.3333333333333333,0.0,0.3333333333333333,0.25,11.39,0.0,11.39,8.5425,1.7904113177888394,34.17,0.3333333333333333,2,0.33,0.33,1.6666666666666667,1.6666666666666667,1.6666666666666667,1.6666666666666667,0.3333333333333333,0.25,0.0,0.0,0.0,0.0,0,24.0,M,Raleigh,Silver,1,Dairy,Mainstream,2023-11-21,0,2023,4,1,0,0,2024-03
501473,9.0,15,0.2,0,0.0,0.0,0.0,0.0,0.4,0.0,0.0,0.0,7.354666666666668,2.416586150917044,,0.0,3,,0.32,0.0,0.0,0.0,0.0,0.0,0.3333333333333333,0.0,0.0,0.0,0.0,0,63.0,F,Tulsa,Silver,0,Snacks,Value,2021-03-23,0,2021,36,0,1,0,2024-03
501474,0.0,15,0.9333333333333333,0,3.0,4.0,4.666666666666667,-0.666666666666667,4.066666666666666,129.1866666666667,141.45666666666668,-0.08613145517935265,121.29333333333334,0.5680792681158068,32.296666666666674,3.0,0,0.15333333333333332,0.19714285714285712,3.3333333333333335,0.0,1.6666666666666667,0.3333333333333335,0.3333333333333333,0.3333333333333333,0.0,0.0,0.0,0.0,0,55.0,F,Portland,Silver,1,Personal Care,Value,2022-12-07,0,2022,15,1,0,0,2024-03
501475,3.0,10,0.7,0,0.0,0.0,2.0,-2.0,2.2,0.0,51.20666666666667,-0.9808453581918019,53.553,1.23387011788015,,0.0,3,,0.33,0.0,-2.3333333333333335,0.0,-1.0,0.0,0.1,0.0,4.0,-4.0,2.0,1,68.0,F,Raleigh,Silver,1,Dairy,Upscale,2023-05-17,0,2023,10,0,1,0,2024-03
501476,2.0,15,0.8571428571428571,1,0.0,1.6666666666666667,3.0,-1.3333333333333333,3.5,41.473333333333336,79.85333333333332,-0.4746866754617413,99.11000000000001,0.767497355623088,24.884,0.6666666666666666,2,0.4,0.2866666666666667,0.3333333333333333,-2.333333333333333,0.0,0.0,0.3333333333333333,0.5714285714285714,2.0,2.0,2.0,0.0,0,60.0,F,Boise,Gold,0,Bakery,Mainstream,2022-05-29,0,2022,22,1,1,0,2024-03
501477,8.0,15,0.4,0,0.0,0.0,0.0,0.0,0.8,0.0,0.0,0.0,19.495333333333335,1.4919934372152022,,0.0,3,,0.35000000000000003,0.0,0.0,0.0,0.0,0.0,0.26666666666666666,0.0,0.0,0.0,0.0,0,,M,Madison,Silver,0,Dairy,Value,2021-10-16,1,2021,29,0,1,0,2024-03
501478,14.0,15,0.07142857142857142,1,0.0,0.0,0.0,0.0,0.14285714285714285,0.0,0.0,0.0,3.369285714285714,2.8853029088462776,,0.0,3,,0.11,0.0,0.0,0.0,0.0,0.0,0.0,0.0,0.0,0.0,0.0,0,39.0,F,Austin,Silver,0,Produce,Mainstream,2021-05-04,0,2021,34,0,1,0,2024-03
501479,10.0,15,0.2,0,0.0,0.0,0.0,0.0,0.4,0.0,0.0,0.0,10.15,2.0806321361362374,,0.0,3,,0.5,0.0,0.0,0.0,0.0,0.0,0.13333333333333333,0.0,0.0,0.0,0.0,1,66.0,F,Tulsa,Silver,1,Household,Mainstream,2022-02-25,0,2022,25,0,1,0,2024-03
501480,1.0,4,0.75,0,0.0,2.0,9.0,-7.0,3.75,68.17,272.26,-0.7468711117616921,119.1925,0.9810563552536886,34.085,2.3333333333333335,1,0.1,0.18666666666666668,2.3333333333333335,2.3333333333333335,0.6666666666666666,0.6666666666666666,0.6666666666666666,0.5,1.0,2.0,0.0,1.0,1,40.0,M,Portland,Gold,1,Snacks,Upscale,2023-11-14,0,2023,4,1,0,0,2024-03
501481,1.0,15,0.9333333333333333,0,0.0,2.3333333333333335,4.333333333333333,-1.9999999999999996,4.333333333333333,47.94333333333333,97.7,-0.5041202296521446,95.05600000000001,0.5912995809285311,20.547142857142855,1.3333333333333333,1,0.19,0.33428571428571435,1.6666666666666667,-1.3333333333333333,1.6666666666666667,-0.33333333333333326,0.3333333333333333,0.6666666666666666,1.0,1.0,1.0,0.0,0,31.0,F,Boise,Silver,1,Personal Care,Mainstream,2022-12-30,0,2022,15,1,0,0,2024-03
501482,0.0,15,1.0,0,2.0,2.3333333333333335,3.6666666666666665,-1.333333333333333,3.533333333333333,48.01333333333334,66.82666666666667,-0.27737369766070363,71.51333333333332,0.4857214420863093,20.57714285714286,4.0,0,0.22666666666666666,0.31200000000000006,0.6666666666666666,-2.3333333333333335,0.6666666666666666,0.3333333333333333,1.3333333333333333,0.9333333333333333,1.0,1.0,1.0,0.0,0,29.0,M,Nashville,Silver,0,Personal Care,Value,2022-01-20,0,2022,26,1,0,0,2024-03
501483,9.0,15,0.3333333333333333,0,0.0,0.0,0.0,0.0,0.8,0.0,0.0,0.0,25.62333333333333,1.4504973079063261,,0.0,3,,0.21200000000000002,0.0,0.0,0.0,0.0,0.0,0.3333333333333333,0.0,0.0,0.0,0.0,0,47.0,F,Austin,Gold,1,Household,Value,2021-09-12,0,2021,30,0,1,0,2024-03
501484,0.0,14,1.0,1,11.0,10.0,5.0,5.0,7.3076923076923075,267.5,131.42666666666668,1.0275372533225935,204.6153846153846,0.5136787474991045,26.75,5.0,0,0.2833333333333334,0.32923076923076927,4.333333333333333,0.9999999999999996,0.0,-0.3333333333333333,0.3333333333333333,0.6923076923076923,1.0,2.0,0.0,0.0,0,47.0,M,Tulsa,Silver,0,Household,Value,2022-10-24,0,2022,17,1,0,0,2024-03
501487,0.0,12,1.0,0,6.0,6.333333333333333,6.333333333333333,0.0,5.583333333333333,232.02666666666667,223.67333333333332,0.03717990564078226,213.1158333333333,0.45153084737478955,36.63578947368421,4.0,0,0.4066666666666667,0.29250000000000004,3.0,0.6666666666666665,0.3333333333333333,0.0,0.6666666666666666,0.75,0.0,0.0,0.0,0.0,0,29.0,M,Denver,Silver,0,Frozen Foods,Upscale,2023-03-28,0,2023,12,1,0,0,2024-03
501488,0.0,15,1.0,0,4.0,4.333333333333333,3.6666666666666665,0.6666666666666665,4.733333333333333,122.32000000000001,108.67,0.12446430199689984,134.53,0.43731306261453845,28.227692307692312,2.0,0,0.20333333333333334,0.3646666666666667,3.3333333333333335,-0.33333333333333304,0.6666666666666666,0.0,1.3333333333333333,0.6666666666666666,0.0,0.0,0.0,0.0,1,71.0,F,Raleigh,Silver,0,Household,Value,2021-03-21,0,2021,36,1,0,0,2024-03
501489,0.0,6,0.5,0,2.0,1.3333333333333333,0.0,1.3333333333333333,0.6666666666666666,50.25666666666666,0.0,50.25666666666666,25.12833333333333,1.1838102175610155,37.692499999999995,0.3333333333333333,0,0.38999999999999996,0.38999999999999996,0.0,-0.6666666666666666,2.0,0.6666666666666667,0.0,0.6666666666666666,1.0,2.0,0.0,2.0,1,19.0,M,Denver,Silver,1,Dairy,Value,2023-09-16,0,2023,6,1,0,0,2024-03
501490,1.0,15,0.35714285714285715,1,0.0,0.3333333333333333,1.5,-1.1666666666666667,0.6428571428571429,16.45,66.865,-0.7428718779930744,30.81642857142857,1.644557088365547,49.35,0.3333333333333333,2,0.34,0.24400000000000005,0.3333333333333333,0.3333333333333333,0.0,-0.5,0.0,0.42857142857142855,1.0,3.0,-1.0,0.0,1,,M,Tulsa,Platinum,0,Bakery,Value,2022-02-08,1,2022,25,1,1,0,2024-03
501491,0.0,7,0.8571428571428571,0,3.0,3.3333333333333335,3.0,0.3333333333333335,2.857142857142857,94.32,84.88333333333334,0.10987774112167653,80.26285714285714,0.7497941295511976,28.296,1.3333333333333333,0,0.31666666666666665,0.29666666666666663,0.6666666666666666,-1.0,1.0,-1.0,0.6666666666666666,0.42857142857142855,1.0,1.0,1.0,0.0,0,36.0,F,Austin,Silver,1,Bakery,Value,2023-08-29,0,2023,7,1,0,1,2024-03
501492,0.0,3,1.0,0,1.0,3.3333333333333335,,,3.3333333333333335,127.93666666666667,,,127.93666666666667,0.5980008089430001,38.381,1.6666666666666667,0,0.21333333333333335,0.21333333333333335,0.6666666666666666,,2.3333333333333335,,0.6666666666666666,0.6666666666666666,2.0,2.0,,0.0,0,69.0,M,Columbus,Platinum,1,Snacks,Mainstream,2023-12-04,0,2023,3,1,0,0,2024-03
501493,1.0,5,0.8,0,0.0,2.0,4.0,-2.0,2.8,77.23,165.16,-0.5291887337506018,112.402,0.6107266116985367,38.615,2.3333333333333335,1,0.28500000000000003,0.21,1.6666666666666667,0.6666666666666667,0.0,-1.5,0.3333333333333333,0.8,0.0,1.0,-1.0,0.0,0,30.0,F,Raleigh,Gold,0,Produce,Mainstream,2023-10-29,0,2023,5,1,0,0,2024-03
501494,0.0,15,1.0,1,11.0,8.0,9.0,-1.0,7.642857142857143,236.06,224.80666666666664,0.04983614301319725,200.32142857142858,0.4188684172214152,29.5075,3.5,0,0.435,0.21857142857142858,7.0,3.0,1.5,0.5,0.5,0.6428571428571429,0.0,0.0,0.0,0.0,0,74.0,F,Raleigh,Gold,1,Frozen Foods,Value,2021-06-08,0,2021,33,1,0,0,2024-03
501495,8.0,15,0.4666666666666667,0,0.0,0.0,0.0,0.0,4.533333333333333,0.0,0.0,0.0,137.53933333333333,1.3412616921399274,,0.0,3,,0.27285714285714285,0.0,0.0,0.0,0.0,0.0,0.0,0.0,0.0,0.0,0.0,0,37.0,M,Madison,Silver,0,Frozen Foods,Value,2021-03-12,0,2021,36,0,1,0,2024-03
501496,1.0,2,0.5,0,0.0,0.5,,,0.5,17.715,,,17.715,1.3386477829248933,35.43,0.5,1,0.77,0.77,0.0,,0.0,,0.0,0.0,1.0,1.0,,0.0,0,37.0,M,Madison,Gold,0,Bakery,Mainstream,2024-01-03,0,2024,2,1,1,0,2024-03
501497,0.0,15,1.0,1,9.0,7.666666666666667,6.333333333333333,1.333333333333334,6.857142857142857,251.19000000000003,199.47,0.25799371477029,220.6585714285714,0.3867851817643771,32.76391304347826,3.3333333333333335,0,0.12666666666666668,0.2721428571428572,1.0,-2.3333333333333335,0.6666666666666666,-1.666666666666667,0.6666666666666666,0.6428571428571429,0.0,0.0,0.0,0.0,0,24.0,M,Austin,Silver,1,Personal Care,Unknown,2022-01-25,0,2022,26,1,0,0,2024-03
501498,0.0,2,1.0,0,5.0,3.5,,,3.5,60.55,,,60.55,0.5289227653262168,17.3,2.0,0,0.375,0.375,2.0,,1.5,,0.0,0.0,0.0,0.0,,0.0,0,59.0,M,Nashville,Silver,1,Bakery,Value,2024-01-15,0,2024,2,1,0,0,2024-03
501499,0.0,15,1.0,2,1.0,2.0,3.3333333333333335,-1.3333333333333335,3.1538461538461537,70.255,116.46,-0.3933679550485272,108.87307692307694,0.6984257030773457,35.1275,2.5,0,0.26,0.27307692307692305,2.5,1.5,1.0,-1.6666666666666665,1.0,0.6923076923076923,0.0,0.0,0.0,0.0,0,67.0,M,Spokane,Silver,1,Dairy,Mainstream,2021-09-17,0,2021,30,1,1,0,2024-03
501500,0.0,11,0.7272727272727273,0,2.0,1.3333333333333333,0.3333333333333333,1.0,1.8181818181818181,43.13666666666666,8.186666666666666,3.8044267053701017,52.8590909090909,0.8462002263417183,32.3525,1.6666666666666667,1,0.47,0.29874999999999996,0.6666666666666666,0.3333333333333333,0.6666666666666666,0.6666666666666666,0.6666666666666666,0.5454545454545454,1.0,2.0,0.0,0.0,1,65.0,Other,Boise,Silver,0,Dairy,Unknown,2023-04-11,0,2023,11,1,0,0,2024-03
501502,3.0,15,0.8,0,0.0,0.0,3.3333333333333335,-3.3333333333333335,2.6666666666666665,0.0,157.11,-0.993675289355512,120.61866666666667,0.7571769173537619,,0.0,3,,0.2816666666666667,0.0,-0.6666666666666666,0.0,-0.6666666666666666,0.0,0.3333333333333333,0.0,2.0,-2.0,2.0,1,55.0,F,Raleigh,Platinum,0,Bakery,Upscale,2021-05-01,0,2021,34,0,1,0,2024-03
501503,0.0,14,1.0,1,4.0,4.333333333333333,2.6666666666666665,1.6666666666666665,3.3846153846153846,94.93333333333334,58.51,0.6120539965271944,71.98307692307692,0.37906530609866346,21.907692307692308,2.0,0,0.3333333333333333,0.25846153846153846,2.0,0.33333333333333326,1.6666666666666667,1.3333333333333335,0.6666666666666666,0.5384615384615384,0.0,0.0,0.0,0.0,0,43.0,F,Raleigh,Silver,1,Produce,Mainstream,2021-05-22,0,2021,34,1,0,0,2024-03
501505,2.0,13,0.8461538461538461,0,0.0,0.3333333333333333,3.3333333333333335,-3.0,3.230769230769231,13.06,121.15666666666665,-0.8849019019292166,110.90230769230769,0.7508363438978172,39.18,0.0,2,0.28,0.2736363636363637,0.0,-0.6666666666666666,0.0,0.0,0.0,1.0,0.0,1.0,-1.0,0.0,0,61.0,F,Spokane,Gold,0,Personal Care,Mainstream,2023-02-01,0,2023,13,1,1,0,2024-03
501506,13.0,15,0.13333333333333333,0,0.0,0.0,0.0,0.0,0.6666666666666666,0.0,0.0,0.0,18.03666666666667,2.5170336453535325,,0.0,3,,0.43,0.0,0.0,0.0,0.0,0.0,0.06666666666666667,0.0,0.0,0.0,0.0,0,53.0,F,Tulsa,Silver,0,Snacks,Mainstream,2021-05-24,0,2021,34,0,1,0,2024-03
501507,0.0,12,1.0,0,3.0,5.0,3.6666666666666665,1.3333333333333335,4.833333333333333,127.69666666666666,105.92666666666666,0.2035974811397219,131.27333333333334,0.6065981701466493,25.53933333333333,4.0,0,0.3166666666666667,0.305,1.3333333333333333,-2.0,0.3333333333333333,0.0,1.0,0.6666666666666666,1.0,2.0,0.0,1.0,1,67.0,M,Portland,Silver,0,Beverages,Upscale,2023-03-19,0,2023,12,1,0,0,2024-03
501508,13.0,15,0.13333333333333333,0,0.0,0.0,0.0,0.0,0.6666666666666666,0.0,0.0,0.0,17.759333333333334,2.550092574692637,,0.0,3,,0.17500000000000002,0.0,0.0,0.0,0.0,0.0,0.0,0.0,0.0,0.0,0.0,1,67.0,M,Austin,Silver,1,Beverages,Value,2022-05-18,0,2022,22,0,1,0,2024-03
501509,0.0,15,1.0,2,4.0,4.5,2.3333333333333335,2.1666666666666665,3.769230769230769,117.91499999999999,63.68666666666667,0.8383231990106151,92.67076923076924,0.48334521059036833,26.203333333333333,5.0,0,0.10500000000000001,0.3046153846153846,1.0,-0.6666666666666667,3.0,1.6666666666666667,0.5,0.6923076923076923,0.0,1.0,-1.0,0.0,0,66.0,M,Spokane,Silver,1,Beverages,Upscale,2021-07-20,0,2021,32,1,0,0,2024-03
501510,0.0,1,1.0,0,4.0,4.0,,,4.0,150.45,,,150.45,,37.6125,1.0,0,0.11,0.11,4.0,,1.0,,0.0,0.0,0.0,0.0,,0.0,0,24.0,F,Columbus,Gold,0,Produce,Upscale,2024-02-14,0,2024,1,1,0,0,2024-03
501511,0.0,15,1.0,2,9.0,8.0,6.0,2.0,6.538461538461538,190.99666666666667,174.9,0.0915103278377866,161.84999999999997,0.3984030680510489,23.874583333333334,3.0,0,0.15,0.2392307692307692,3.0,-1.0,0.3333333333333333,0.3333333333333333,0.6666666666666666,0.7692307692307693,1.0,1.0,1.0,0.0,0,53.0,Unknown,Denver,Silver,0,Beverages,Mainstream,2022-10-05,0,2022,17,1,0,0,2024-03
501512,0.0,15,0.9333333333333333,0,7.0,5.0,3.0,2.0,3.8666666666666667,160.55666666666667,106.67666666666666,0.5003869609633781,135.43266666666668,0.5186701708433349,32.111333333333334,3.6666666666666665,0,0.24333333333333337,0.29000000000000004,2.0,2.0,1.0,0.0,1.3333333333333333,0.7333333333333333,1.0,2.0,0.0,1.0,1,45.0,F,Austin,Silver,1,Personal Care,Mainstream,2022-07-07,0,2022,20,1,0,0,2024-03
501513,0.0,15,1.0,0,8.0,8.0,7.666666666666667,0.33333333333333304,6.2,250.37,233.33333333333334,0.07270270270270268,185.97933333333333,0.4187134335626401,31.29625,3.6666666666666665,0,0.21,0.26599999999999996,1.6666666666666667,-0.6666666666666667,0.6666666666666666,0.0,1.3333333333333333,0.8,0.0,0.0,0.0,0.0,1,27.0,M,Nashville,Silver,0,Snacks,Value,2021-05-17,0,2021,34,1,0,0,2024-03
501514,0.0,15,0.9333333333333333,0,5.0,5.666666666666667,2.6666666666666665,3.0000000000000004,4.2,219.32333333333335,106.95666666666666,1.040849723654553,176.81333333333336,0.6481679109914512,38.70411764705882,2.0,0,0.19999999999999998,0.32571428571428573,1.3333333333333333,1.0,0.3333333333333333,0.3333333333333333,0.6666666666666666,0.8666666666666667,1.0,1.0,1.0,1.0,1,19.0,F,Raleigh,Platinum,0,Snacks,Value,2022-11-13,0,2022,16,1,0,0,2024-03
501515,7.0,15,0.5333333333333333,0,0.0,0.0,0.0,0.0,1.8,0.0,0.0,0.0,54.098,1.1196826827778414,,0.0,3,,0.24749999999999997,0.0,-0.3333333333333333,0.0,0.0,0.0,0.26666666666666666,0.0,0.0,0.0,0.0,0,29.0,F,Columbus,Silver,0,Bakery,Mainstream,2021-08-27,0,2021,31,0,1,0,2024-03
501516,0.0,15,1.0,1,6.0,6.333333333333333,2.6666666666666665,3.6666666666666665,4.357142857142857,185.04666666666665,70.27,1.6104485290678638,121.265,0.4261122890486101,29.217894736842105,2.6666666666666665,0,0.35000000000000003,0.2942857142857143,1.3333333333333333,0.33333333333333326,0.0,-1.3333333333333333,1.6666666666666667,1.0714285714285714,1.0,1.0,1.0,1.0,1,66.0,M,Tulsa,Gold,1,Produce,Mainstream,2022-07-13,0,2022,20,1,0,0,2024-03
501517,1.0,15,0.9285714285714286,1,0.0,2.0,4.333333333333333,-2.333333333333333,3.857142857142857,52.49666666666667,118.72666666666667,-0.5531766802160477,110.50000000000001,0.6120013821907763,26.248333333333335,2.3333333333333335,1,0.45999999999999996,0.2830769230769231,1.3333333333333333,-4.333333333333334,0.3333333333333333,-0.6666666666666667,0.0,0.6428571428571429,2.0,2.0,2.0,0.0,0,57.0,F,Denver,Gold,1,Frozen Foods,Value,2022-12-13,0,2022,15,1,1,0,2024-03
501518,0.0,15,1.0,1,5.0,5.0,3.3333333333333335,1.6666666666666665,4.714285714285714,175.9,108.53666666666668,0.6149843279267215,156.9964285714286,0.43842729443364004,35.18,3.0,0,0.295,0.33571428571428574,3.0,1.6666666666666667,4.5,2.833333333333333,1.0,0.7142857142857143,0.0,0.0,0.0,0.0,0,62.0,M,Boise,Silver,1,Beverages,Upscale,2021-12-22,0,2021,27,1,0,0,2024-03
501519,0.0,14,1.0,0,2.0,3.3333333333333335,5.0,-1.6666666666666665,5.214285714285714,141.26,207.36333333333334,-0.31725031595450265,219.83714285714285,0.3496122024413569,42.378,3.6666666666666665,0,0.3866666666666667,0.27928571428571425,5.0,0.33333333333333304,1.0,-1.0,0.6666666666666666,0.5,0.0,1.0,-1.0,0.0,1,69.0,F,Raleigh,Platinum,1,Personal Care,Mainstream,2021-08-16,0,2021,31,1,0,0,2024-03
501520,8.0,14,0.42857142857142855,0,0.0,0.0,0.0,0.0,0.7142857142857143,0.0,0.0,0.0,18.252857142857142,1.5600656663135333,,0.0,3,,0.22666666666666666,0.0,0.0,0.0,0.0,0.0,0.14285714285714285,0.0,0.0,0.0,0.0,0,20.0,F,Columbus,Silver,0,Bakery,Unknown,2022-03-01,0,2022,24,0,1,0,2024-03
501521,7.0,15,0.4666666666666667,0,0.0,0.0,0.0,0.0,1.4,0.0,0.0,0.0,37.87733333333333,1.2151958334117094,,0.0,3,,0.35285714285714287,0.0,0.0,0.0,0.0,0.0,0.06666666666666667,0.0,0.0,0.0,0.0,0,41.0,F,Boise,Silver,1,Household,Mainstream,2022-05-09,0,2022,22,0,1,0,2024-03
501522,11.0,15,0.26666666666666666,0,0.0,0.0,0.0,0.0,0.8666666666666667,0.0,0.0,0.0,18.449333333333335,1.6987177960656832,,0.0,3,,0.3375,0.0,0.0,0.0,0.0,0.0,0.06666666666666667,0.0,0.0,0.0,0.0,0,60.0,F,Portland,Silver,0,Bakery,Value,2021-02-21,0,2021,37,0,1,0,2024-03
501523,0.0,15,1.0,2,3.0,5.0,7.333333333333333,-2.333333333333333,6.0,230.27,292.4866666666667,-0.21199145901006292,261.3730769230769,0.39474695780323166,46.054,4.0,0,0.385,0.2530769230769231,2.0,0.33333333333333326,0.0,-2.0,1.0,0.6153846153846154,0.0,0.0,0.0,0.0,0,59.0,M,Madison,Gold,1,Personal Care,Mainstream,2022-05-29,0,2022,22,1,0,0,2024-03
501524,0.0,5,1.0,0,6.0,5.666666666666667,5.0,0.666666666666667,5.4,171.76666666666665,155.015,0.10737215438686451,165.06599999999997,0.1470373952097513,30.31176470588235,4.333333333333333,0,0.44333333333333336,0.32,1.3333333333333333,1.3333333333333333,0.3333333333333333,-0.16666666666666669,0.0,0.0,0.0,1.0,-1.0,1.0,1,57.0,F,Austin,Gold,0,Personal Care,Mainstream,2023-11-01,0,2023,4,1,0,0,2024-03
501525,9.0,15,0.4,0,0.0,0.0,0.0,0.0,1.4,0.0,0.0,0.0,42.25333333333333,1.5126020475401358,,0.0,3,,0.24500000000000002,0.0,0.0,0.0,0.0,0.0,0.13333333333333333,0.0,0.0,0.0,0.0,1,25.0,F,Denver,Gold,1,Bakery,Value,2021-05-23,0,2021,34,0,1,0,2024-03
501526,0.0,15,0.7857142857142857,1,2.0,2.6666666666666665,1.6666666666666667,0.9999999999999998,2.0,87.98333333333333,51.13999999999999,0.7066231939649663,63.23928571428571,0.6816422132416009,32.99375,2.3333333333333335,0,0.27,0.26,0.0,0.0,1.0,0.6666666666666667,0.6666666666666666,1.0,0.0,1.0,-1.0,0.0,0,25.0,M,Tulsa,Gold,0,Produce,Mainstream,2021-09-24,0,2021,30,1,0,0,2024-03
501527,0.0,13,1.0,0,10.0,7.0,5.0,2.0,6.0,189.13333333333333,131.2433333333333,0.43775363597408834,165.43769230769232,0.43255551726953784,27.01904761904762,3.6666666666666665,0,0.47000000000000003,0.3115384615384616,3.6666666666666665,0.33333333333333304,1.0,-1.3333333333333335,0.6666666666666666,0.6923076923076923,1.0,1.0,1.0,0.0,0,42.0,F,Denver,Silver,1,Snacks,Mainstream,2023-02-24,0,2023,13,1,0,0,2024-03
501528,1.0,14,0.9285714285714286,0,0.0,3.0,5.666666666666667,-2.666666666666667,4.785714285714286,99.32,187.07000000000002,-0.46658159196044036,151.01142857142855,0.5412695494616114,33.10666666666666,2.0,1,0.41500000000000004,0.2561538461538462,3.0,0.0,0.6666666666666666,-1.666666666666667,0.6666666666666666,0.5714285714285714,1.0,1.0,1.0,1.0,1,47.0,M,Nashville,Silver,1,Frozen Foods,Upscale,2023-01-08,0,2023,14,1,0,0,2024-03
501529,0.0,15,0.8,0,4.0,2.0,1.3333333333333333,0.6666666666666667,2.2,62.620000000000005,37.88333333333333,0.6361765966566654,61.602666666666664,0.641009109331767,31.310000000000002,2.0,1,0.21500000000000002,0.24416666666666673,2.3333333333333335,1.0000000000000002,1.3333333333333333,-0.3333333333333335,0.6666666666666666,0.26666666666666666,0.0,0.0,0.0,0.0,0,36.0,M,Tulsa,Silver,1,Frozen Foods,Mainstream,2022-03-16,0,2022,24,1,0,0,2024-03
501530,14.0,15,0.06666666666666667,0,0.0,0.0,0.0,0.0,0.06666666666666667,0.0,0.0,0.0,1.774,2.476810546565233,,0.0,3,,0.27,0.0,0.0,0.0,0.0,0.0,0.06666666666666667,0.0,0.0,0.0,0.0,0,57.0,M,Columbus,Gold,1,Bakery,Upscale,2021-10-29,0,2021,29,0,1,0,2024-03
501531,8.0,15,0.4,0,0.0,0.0,0.0,0.0,1.4,0.0,0.0,0.0,44.754,1.6301296085508958,,0.0,3,,0.24,0.0,0.0,0.0,0.0,0.0,0.3333333333333333,0.0,0.0,0.0,0.0,0,30.0,M,Columbus,Silver,1,Beverages,Value,2022-01-30,0,2022,26,0,1,0,2024-03
501532,0.0,15,1.0,0,6.0,7.0,6.0,1.0,5.6,198.29333333333332,157.49333333333334,0.2574240767224698,154.81533333333337,0.3369141038411144,28.32761904761905,2.3333333333333335,0,0.21666666666666667,0.328,2.6666666666666665,2.0,0.6666666666666666,0.3333333333333333,0.3333333333333333,0.5333333333333333,0.0,2.0,-2.0,0.0,0,37.0,M,Columbus,Silver,0,Beverages,Mainstream,2021-06-24,0,2021,33,1,0,0,2024-03
501533,0.0,1,1.0,0,2.0,2.0,,,2.0,52.88,,,52.88,,26.44,2.0,0,0.15,0.15,6.0,,0.0,,0.0,0.0,0.0,0.0,,0.0,0,23.0,F,Denver,Silver,0,Dairy,Value,2024-02-10,0,2024,1,1,0,0,2024-03
501534,0.0,15,1.0,0,7.0,4.0,4.0,0.0,4.533333333333333,149.18333333333334,132.75,0.12286604361370719,153.54333333333335,0.4318396200463226,37.295833333333334,1.3333333333333333,0,0.26,0.26399999999999996,0.3333333333333333,-1.0,0.0,-1.6666666666666667,1.0,0.6666666666666666,0.0,0.0,0.0,0.0,0,46.0,M,Spokane,Silver,0,Produce,Value,2021-02-27,0,2021,37,1,0,0,2024-03
501535,2.0,15,0.7857142857142857,1,0.0,0.3333333333333333,4.333333333333333,-3.9999999999999996,2.5714285714285716,10.12,160.16666666666666,-0.9310031023784902,90.42999999999999,0.7825360151111668,30.36,0.3333333333333333,2,0.25,0.27,0.0,-0.6666666666666666,0.0,-1.6666666666666667,0.0,0.6428571428571429,1.0,2.0,0.0,1.0,1,60.0,F,Tulsa,Silver,1,Snacks,Value,2022-10-10,0,2022,17,1,1,0,2024-03
501536,3.0,9,0.5555555555555556,0,0.0,0.0,1.0,-1.0,0.5555555555555556,0.0,33.95666666666667,-0.9713931534280538,20.875555555555557,0.9213922872277462,,0.0,3,,0.248,0.3333333333333333,0.3333333333333333,0.0,0.0,0.0,0.0,2.0,2.0,2.0,0.0,0,73.0,F,Nashville,Silver,0,Frozen Foods,Value,2023-06-26,0,2023,9,0,1,0,2024-03
501537,0.0,7,1.0,0,5.0,7.333333333333333,5.333333333333333,2.0,6.571428571428571,360.74333333333334,277.16,0.30048653053398516,336.38,0.3575772376292383,49.19227272727273,2.3333333333333335,0,0.19333333333333336,0.2671428571428572,2.6666666666666665,2.0,0.0,0.0,0.3333333333333333,0.42857142857142855,0.0,0.0,0.0,0.0,0,31.0,F,Austin,Silver,0,Household,Value,2023-08-24,0,2023,7,1,0,0,2024-03
501538,1.0,15,0.9285714285714286,1,0.0,1.6666666666666667,3.0,-1.3333333333333333,4.642857142857143,30.816666666666666,53.56333333333333,-0.41688557639440404,85.70714285714284,0.6075981829376527,18.490000000000002,1.0,1,0.53,0.2830769230769231,1.6666666666666667,-0.6666666666666667,0.0,0.0,0.3333333333333333,0.5,0.0,0.0,0.0,0.0,1,54.0,F,Spokane,Gold,0,Frozen Foods,Upscale,2022-11-20,0,2022,16,1,0,0,2024-03
501539,0.0,10,1.0,1,5.0,6.0,5.0,1.0,6.111111111111111,150.525,150.74666666666667,-0.0014607679465776118,168.56333333333336,0.4388222593871766,25.087500000000002,6.0,0,0.35,0.35000000000000003,1.5,-1.1666666666666665,0.5,0.16666666666666669,1.0,0.7777777777777778,0.0,0.0,0.0,0.0,0,20.0,F,Austin,Silver,0,Bakery,Value,2023-05-15,0,2023,10,1,0,0,2024-03
501540,0.0,15,1.0,0,3.0,5.0,4.333333333333333,0.666666666666667,5.4,234.07666666666668,207.58333333333334,0.1270155813024371,247.39266666666666,0.4383727484281533,46.815333333333335,1.3333333333333333,0,0.24,0.29333333333333333,0.6666666666666666,-3.0,2.0,0.6666666666666667,1.3333333333333333,0.4666666666666667,0.0,2.0,-2.0,1.0,1,46.0,F,Portland,Gold,1,Household,Mainstream,2021-04-25,0,2021,35,1,0,0,2024-03
501541,0.0,15,0.9333333333333333,0,4.0,3.0,4.333333333333333,-1.333333333333333,2.933333333333333,78.57333333333334,113.7,-0.3062481836675385,75.37466666666666,0.5989354217796701,26.191111111111113,2.0,0,0.17666666666666667,0.24357142857142858,1.3333333333333333,-0.3333333333333335,1.3333333333333333,-0.6666666666666667,0.6666666666666666,0.7333333333333333,0.0,1.0,-1.0,0.0,0,68.0,M,Nashville,Silver,1,Personal Care,Unknown,2022-09-28,0,2022,18,1,0,0,2024-03
501542,0.0,15,1.0,0,7.0,6.0,4.333333333333333,1.666666666666667,5.733333333333333,150.67999999999998,109.99000000000001,0.36660960446887075,154.184,0.42298333461657983,25.11333333333333,3.0,0,0.47333333333333333,0.304,3.6666666666666665,1.333333333333333,0.6666666666666666,-0.6666666666666666,1.3333333333333333,0.8666666666666667,1.0,1.0,1.0,0.0,1,21.0,F,Columbus,Silver,1,Dairy,Value,2021-04-22,0,2021,35,1,0,0,2024-03
501544,4.0,13,0.6153846153846154,0,0.0,0.0,1.6666666666666667,-1.6666666666666667,2.230769230769231,0.0,70.65333333333332,-0.9860439151470041,91.5453846153846,1.0761963163081738,,0.0,3,,0.31,0.0,-1.3333333333333333,0.0,-1.0,0.0,0.38461538461538464,0.0,3.0,-3.0,0.0,0,24.0,F,Boise,Platinum,1,Dairy,Mainstream,2023-02-21,0,2023,13,0,1,0,2024-03
501545,0.0,14,1.0,1,5.0,5.5,3.3333333333333335,2.1666666666666665,4.076923076923077,169.115,112.42999999999999,0.49973551970378227,127.98,0.43605930635279705,30.74818181818182,2.0,0,0.31,0.2530769230769231,4.0,1.0,0.5,0.16666666666666669,1.0,1.0,0.0,1.0,-1.0,0.0,0,48.0,F,Denver,Gold,0,Household,Value,2023-01-20,0,2023,14,1,0,0,2024-03
501546,0.0,15,0.9333333333333333,0,6.0,2.6666666666666665,3.6666666666666665,-1.0,3.7333333333333334,109.84666666666665,155.82666666666668,-0.29318993368474766,150.51933333333332,0.5707195587277955,41.192499999999995,1.6666666666666667,1,0.26,0.2521428571428571,1.3333333333333333,0.0,1.0,0.33333333333333337,0.6666666666666666,0.8,0.0,0.0,0.0,0.0,0,66.0,M,Spokane,Platinum,1,Beverages,Value,2021-04-28,0,2021,35,1,0,0,2024-03
501547,0.0,15,1.0,0,5.0,7.0,6.333333333333333,0.666666666666667,6.333333333333333,286.9866666666667,249.51333333333332,0.14958618303749643,250.646,0.4385977253185575,40.99809523809524,3.6666666666666665,0,0.2066666666666667,0.228,5.333333333333333,0.0,0.6666666666666666,-1.0,1.3333333333333333,0.6666666666666666,0.0,1.0,-1.0,1.0,1,44.0,F,Portland,Silver,1,Bakery,Value,2022-03-25,0,2022,24,1,0,0,2024-03
501548,13.0,14,0.07142857142857142,0,0.0,0.0,0.0,0.0,0.07142857142857142,0.0,0.0,0.0,3.1550000000000002,2.8411381601135464,,0.0,3,,0.53,0.0,0.0,0.0,0.0,0.0,0.0,0.0,0.0,0.0,0.0,1,60.0,M,Austin,Platinum,1,Dairy,Value,2023-01-14,0,2023,14,0,1,0,2024-03
501549,0.0,15,1.0,0,5.0,4.333333333333333,5.666666666666667,-1.333333333333334,5.0,128.61,153.48666666666665,-0.16102792042463193,145.84933333333336,0.3095134223809548,29.679230769230774,3.3333333333333335,0,0.14333333333333334,0.28733333333333333,3.6666666666666665,1.333333333333333,0.3333333333333333,0.0,0.0,0.4,0.0,2.0,-2.0,1.0,1,,F,Denver,Silver,0,Frozen Foods,Value,2021-12-09,1,2021,27,1,0,0,2024-03
501550,2.0,13,0.8461538461538461,0,0.0,2.0,4.666666666666667,-2.666666666666667,4.846153846153846,78.49333333333333,150.16,-0.47411131692687664,168.12384615384616,0.5819855630668419,39.24666666666666,0.0,2,0.28,0.3190909090909091,1.6666666666666667,-2.333333333333333,0.0,-0.3333333333333333,0.0,0.38461538461538464,0.0,1.0,-1.0,0.0,0,65.0,F,Madison,Gold,0,Beverages,Value,2023-02-19,0,2023,13,1,0,0,2024-03
501551,0.0,7,0.8571428571428571,0,1.0,1.6666666666666667,0.6666666666666666,1.0,1.1428571428571428,45.526666666666664,18.48,1.3884325804243667,31.281428571428567,0.7738563103555176,27.315999999999995,1.6666666666666667,0,0.32666666666666666,0.2916666666666667,2.0,-0.3333333333333335,1.6666666666666667,-0.6666666666666667,0.6666666666666666,0.42857142857142855,0.0,0.0,0.0,0.0,0,31.0,M,Portland,Silver,1,Bakery,Mainstream,2023-08-22,0,2023,7,1,0,0,2024-03
501552,0.0,14,1.0,0,9.0,10.0,6.333333333333333,3.666666666666667,8.857142857142858,299.2833333333333,209.91,0.42375104705008443,284.71714285714285,0.2780150634936452,29.92833333333333,3.0,0,0.33,0.28785714285714287,4.333333333333333,-0.3333333333333339,1.6666666666666667,-0.9999999999999998,0.0,0.7142857142857143,0.0,1.0,-1.0,0.0,0,50.0,F,Raleigh,Gold,1,Frozen Foods,Upscale,2021-11-29,0,2021,28,1,0,0,2024-03
501553,0.0,2,1.0,0,6.0,8.5,,,8.5,297.725,,,297.725,0.2729009651117149,35.0264705882353,4.0,0,0.41,0.41,3.0,,0.0,,0.5,0.5,0.0,0.0,,0.0,0,,M,Denver,Gold,0,Dairy,Mainstream,2024-01-24,1,2024,2,1,0,0,2024-03
501554,0.0,15,0.8,0,3.0,5.333333333333333,7.333333333333333,-2.0,4.733333333333333,188.0333333333333,261.1466666666667,-0.27890239560551366,181.80066666666661,0.7068845621724513,35.256249999999994,3.6666666666666665,0,0.3,0.36833333333333335,1.0,-3.0,0.6666666666666666,-1.666666666666667,0.6666666666666666,0.6,1.0,3.0,-1.0,0.0,1,,F,Spokane,Gold,1,Bakery,Value,2022-10-29,1,2022,17,1,0,0,2024-03
501555,0.0,14,1.0,0,5.0,4.0,5.333333333333333,-1.333333333333333,4.642857142857143,108.38999999999999,163.66666666666666,-0.33568825910931177,135.11857142857144,0.5211063008102361,27.097499999999997,2.0,0,0.17,0.2771428571428571,1.6666666666666667,0.0,3.0,1.6666666666666667,1.3333333333333333,0.5714285714285714,0.0,0.0,0.0,0.0,0,33.0,F,Madison,Silver,1,Bakery,Mainstream,2023-01-07,0,2023,14,1,0,0,2024-03
501556,12.0,15,0.2,0,0.0,0.0,0.0,0.0,0.5333333333333333,0.0,0.0,0.0,17.28666666666667,2.007050814645299,,0.0,3,,0.19333333333333333,0.0,0.0,0.0,0.0,0.0,0.13333333333333333,0.0,0.0,0.0,0.0,0,48.0,F,Spokane,Silver,1,Dairy,Mainstream,2022-11-25,0,2022,16,0,1,0,2024-03
501557,0.0,7,1.0,0,6.0,6.0,5.666666666666667,0.33333333333333304,5.714285714285714,211.37666666666667,187.71333333333337,0.12539301232910566,194.53142857142856,0.2746170469691795,35.22944444444445,3.3333333333333335,0,0.3333333333333333,0.2842857142857143,1.3333333333333333,-1.0000000000000002,1.6666666666666667,-0.6666666666666667,1.0,0.8571428571428571,0.0,0.0,0.0,0.0,0,33.0,M,Boise,Silver,1,Produce,Unknown,2023-08-27,0,2023,7,1,0,0,2024-03
501558,12.0,13,0.07692307692307693,0,0.0,0.0,0.0,0.0,0.07692307692307693,0.0,0.0,0.0,2.356153846153846,2.531240787702544,,0.0,3,,0.37,0.0,0.0,0.0,0.0,0.0,0.0,0.0,0.0,0.0,0.0,0,59.0,F,Nashville,Silver,0,Frozen Foods,Upscale,2023-02-06,0,2023,13,0,1,0,2024-03
501559,0.0,3,1.0,0,3.0,5.0,,,5.0,194.37333333333333,,,194.37333333333333,0.4034657648043321,38.87466666666667,2.0,0,0.31666666666666665,0.31666666666666665,1.3333333333333333,,0.6666666666666666,,0.6666666666666666,0.6666666666666666,0.0,0.0,,0.0,0,30.0,M,Columbus,Gold,0,Personal Care,Value,2023-12-10,0,2023,3,1,0,0,2024-03
501561,0.0,15,0.9333333333333333,0,3.0,4.0,3.3333333333333335,0.6666666666666665,3.2,102.27,82.27,0.24018253872943437,79.03933333333335,0.41553577421737947,25.5675,2.3333333333333335,0,0.19000000000000003,0.30214285714285716,2.0,0.6666666666666667,1.0,0.0,1.0,0.8666666666666667,0.0,3.0,-3.0,1.0,1,18.0,M,Nashville,Silver,1,Dairy,Value,2021-12-23,0,2021,27,1,0,0,2024-03
501562,1.0,4,0.75,0,0.0,3.0,6.0,-3.0,3.75,76.91666666666667,145.25,-0.4672364672364672,94.0,0.6772540232465906,25.63888888888889,1.3333333333333333,1,0.135,0.22666666666666666,3.6666666666666665,-1.3333333333333335,0.6666666666666666,-0.33333333333333337,1.0,0.75,0.0,0.0,0.0,0.0,0,46.0,F,Austin,Silver,0,Produce,Mainstream,2023-11-21,0,2023,4,1,0,0,2024-03
501564,0.0,1,1.0,0,4.0,4.0,,,4.0,144.33,,,144.33,,36.0825,3.0,0,0.22,0.22,2.0,,0.0,,1.0,1.0,0.0,0.0,,0.0,0,44.0,M,Nashville,Silver,1,Produce,Upscale,2024-02-21,0,2024,1,1,0,0,2024-03
501565,0.0,15,0.9285714285714286,1,9.0,5.5,5.0,0.5,3.7142857142857144,141.715,142.25,-0.003734729493891774,104.35142857142857,0.5419802960788301,25.766363636363636,5.0,0,0.32,0.2623076923076923,2.5,2.1666666666666665,0.5,-1.5,0.0,0.21428571428571427,0.0,0.0,0.0,0.0,0,66.0,M,Austin,Silver,1,Household,Upscale,2021-09-02,0,2021,30,1,0,0,2024-03
501568,0.0,15,1.0,1,7.0,6.0,4.0,2.0,5.428571428571429,245.37,152.8166666666667,0.601711994799003,208.87285714285716,0.37351062298816556,40.895,3.3333333333333335,0,0.35000000000000003,0.28928571428571426,2.0,-1.0,1.3333333333333333,0.0,0.3333333333333333,0.6428571428571429,1.0,1.0,1.0,1.0,1,30.0,F,Columbus,Gold,1,Personal Care,Mainstream,2022-07-12,0,2022,20,1,0,0,2024-03
501569,0.0,15,0.8,0,2.0,1.6666666666666667,1.0,0.6666666666666667,1.4,53.376666666666665,30.266666666666666,0.7391257995735607,42.576,0.758988935500541,32.025999999999996,2.0,0,0.25,0.26749999999999996,1.6666666666666667,1.3333333333333335,1.6666666666666667,1.0,0.3333333333333333,0.6666666666666666,0.0,1.0,-1.0,0.0,0,67.0,M,Madison,Silver,1,Bakery,Mainstream,2022-11-01,0,2022,16,1,0,0,2024-03
501570,7.0,15,0.21428571428571427,1,0.0,0.0,0.0,0.0,0.21428571428571427,0.0,0.0,0.0,7.925000000000002,1.7717614227872067,,0.0,3,,0.2866666666666667,0.0,0.0,0.0,0.0,0.0,0.21428571428571427,0.0,1.0,-1.0,0.0,1,19.0,F,Nashville,Gold,1,Frozen Foods,Mainstream,2022-03-08,0,2022,24,0,1,0,2024-03
501571,0.0,13,1.0,0,4.0,2.0,2.3333333333333335,-0.3333333333333335,2.769230769230769,72.88666666666667,88.84333333333332,-0.1776054613586612,110.22384615384615,0.5449757674539404,36.443333333333335,1.6666666666666667,0,0.25000000000000006,0.22153846153846157,3.0,2.6666666666666665,0.3333333333333333,-1.0,0.3333333333333333,0.5384615384615384,0.0,0.0,0.0,0.0,0,29.0,M,Columbus,Gold,1,Bakery,Value,2023-02-20,0,2023,13,1,0,0,2024-03
501572,0.0,15,1.0,1,17.0,14.5,11.0,3.5,9.857142857142858,721.525,536.3566666666667,0.3445911157704069,467.33,0.3972265554772435,49.7603448275862,5.0,0,0.28,0.31285714285714283,4.5,-1.166666666666667,1.0,-2.0,0.0,0.42857142857142855,0.0,0.0,0.0,0.0,0,23.0,M,Boise,Platinum,1,Bakery,Upscale,2021-10-07,0,2021,29,1,0,0,2024-03
501573,0.0,14,1.0,0,1.0,3.0,2.6666666666666665,0.3333333333333335,3.7857142857142856,113.26333333333332,99.58333333333333,0.13600662800331392,141.96785714285713,0.5061120281727388,37.75444444444444,3.0,0,0.09999999999999999,0.2978571428571429,1.3333333333333333,0.33333333333333326,0.0,-0.3333333333333333,0.6666666666666666,0.2857142857142857,0.0,1.0,-1.0,0.0,0,38.0,M,Tulsa,Gold,0,Snacks,Value,2022-09-17,0,2022,18,1,1,0,2024-03
501574,4.0,7,0.2857142857142857,0,0.0,0.0,0.6666666666666666,-0.6666666666666666,1.2857142857142858,0.0,24.583333333333332,-0.9609120521172638,47.26142857142857,1.9998876314839837,,0.0,3,,0.38,0.0,-0.3333333333333333,0.0,0.0,0.0,0.0,0.0,2.0,-2.0,1.0,1,28.0,F,Austin,Gold,0,Snacks,Mainstream,2023-08-07,0,2023,7,0,1,0,2024-03
501575,0.0,15,1.0,0,4.0,2.3333333333333335,2.6666666666666665,-0.33333333333333304,2.4,74.26333333333334,86.34666666666668,-0.1383376583727676,83.63466666666667,0.5483267639435603,31.827142857142857,2.3333333333333335,0,0.17666666666666667,0.22133333333333333,1.3333333333333333,-1.6666666666666667,0.3333333333333333,-3.333333333333333,1.0,1.1333333333333333,0.0,0.0,0.0,0.0,0,26.0,F,Denver,Platinum,1,Snacks,Mainstream,2022-09-22,0,2022,18,1,0,0,2024-03
501576,2.0,7,0.7142857142857143,0,0.0,0.3333333333333333,3.3333333333333335,-3.0,2.5714285714285716,9.346666666666666,84.06333333333333,-0.8783651396998315,65.22571428571429,1.1917053976567895,28.04,0.3333333333333333,2,0.32,0.274,1.0,-2.6666666666666665,0.0,-0.6666666666666666,0.0,0.7142857142857143,0.0,0.0,0.0,0.0,0,66.0,F,Nashville,Silver,0,Beverages,Value,2023-08-03,0,2023,7,1,1,0,2024-03
501577,0.0,15,1.0,0,6.0,5.666666666666667,5.0,0.666666666666667,5.933333333333334,176.49333333333334,183.81333333333336,-0.03960753192410371,199.682,0.37229580275696983,31.14588235294118,4.0,0,0.18999999999999997,0.224,3.3333333333333335,0.0,0.0,-0.6666666666666666,0.6666666666666666,0.6,0.0,1.0,-1.0,0.0,0,48.0,F,Nashville,Gold,0,Personal Care,Upscale,2022-09-23,0,2022,18,1,0,0,2024-03
501578,3.0,9,0.6666666666666666,0,0.0,0.0,1.3333333333333333,-1.3333333333333333,2.0,0.0,51.98666666666667,-0.9811273276295923,80.46333333333332,1.1481638066912816,,0.0,3,,0.33499999999999996,0.0,-0.3333333333333333,0.0,-1.3333333333333333,0.0,0.2222222222222222,0.0,0.0,0.0,0.0,0,58.0,F,Raleigh,Gold,1,Personal Care,Value,2023-06-12,0,2023,9,0,1,0,2024-03
501579,0.0,15,1.0,0,7.0,5.666666666666667,3.3333333333333335,2.3333333333333335,5.133333333333334,200.75,121.07666666666667,0.6526499740600169,184.26066666666668,0.44722978414671266,35.4264705882353,4.0,0,0.27999999999999997,0.29733333333333334,4.0,1.6666666666666665,0.3333333333333333,0.3333333333333333,0.0,0.4,0.0,2.0,-2.0,1.0,1,48.0,M,Tulsa,Gold,0,Frozen Foods,Mainstream,2022-12-13,0,2022,15,1,0,0,2024-03
501580,9.0,10,0.1,0,0.0,0.0,0.0,0.0,0.1,0.0,0.0,0.0,2.134,2.1532547947668546,,0.0,3,,0.27,0.0,0.0,0.0,0.0,0.0,0.0,0.0,0.0,0.0,0.0,0,60.0,Unknown,Austin,Silver,0,Snacks,Value,2023-05-13,0,2023,10,0,1,0,2024-03
501581,0.0,15,1.0,0,1.0,2.0,2.0,0.0,2.533333333333333,68.88000000000001,60.29333333333333,0.140091363933,82.452,0.5433597332302054,34.440000000000005,2.3333333333333335,0,0.26999999999999996,0.272,2.6666666666666665,0.9999999999999998,0.0,0.0,0.0,0.13333333333333333,0.0,1.0,-1.0,0.0,0,61.0,M,Tulsa,Silver,0,Personal Care,Upscale,2022-08-29,0,2022,19,1,0,0,2024-03
501582,8.0,14,0.42857142857142855,0,0.0,0.0,0.0,0.0,0.9285714285714286,0.0,0.0,0.0,33.45571428571428,1.453472979279097,,0.0,3,,0.21833333333333335,0.0,0.0,0.0,0.0,0.0,0.21428571428571427,0.0,0.0,0.0,0.0,0,43.0,F,Tulsa,Silver,0,Produce,Mainstream,2021-11-24,0,2021,28,0,1,0,2024-03
501583,3.0,15,0.8,0,0.0,0.0,3.3333333333333335,-3.3333333333333335,4.466666666666667,0.0,138.88666666666666,-0.9928513558595053,190.32999999999998,0.9150252439870201,,0.0,3,,0.38250000000000006,0.3333333333333333,-1.3333333333333335,0.0,-0.3333333333333333,0.3333333333333333,0.4,3.0,5.0,1.0,1.0,1,66.0,F,Portland,Gold,1,Snacks,Value,2022-02-17,0,2022,25,0,1,0,2024-03
501584,0.0,13,0.9230769230769231,0,2.0,2.3333333333333335,2.3333333333333335,0.0,2.6153846153846154,66.6,78.73666666666666,-0.1522093557961624,85.1453846153846,0.5624230954297483,28.54285714285714,1.3333333333333333,0,0.3966666666666667,0.31749999999999995,1.0,-0.33333333333333326,0.6666666666666666,0.0,0.0,0.3076923076923077,0.0,0.0,0.0,0.0,0,23.0,F,Columbus,Silver,1,Produce,Mainstream,2023-02-20,0,2023,13,1,0,0,2024-03
501585,2.0,15,0.8461538461538461,2,0.0,0.3333333333333333,4.333333333333333,-3.9999999999999996,2.923076923076923,14.256666666666668,226.50333333333333,-0.9329387115207104,149.32384615384618,0.6244708275922474,42.77,1.0,2,0.43,0.2890909090909091,2.3333333333333335,-1.0,0.0,0.0,0.6666666666666666,0.6153846153846154,0.0,0.0,0.0,0.0,0,71.0,F,Madison,Platinum,0,Household,Mainstream,2022-09-27,0,2022,18,1,0,0,2024-03
501586,0.0,11,0.8,1,3.0,3.0,1.0,2.0,1.7,108.23333333333335,33.31,2.1837170892839795,60.620000000000005,0.7804589213287345,36.07777777777778,2.0,0,0.3,0.31,0.0,-1.5,0.3333333333333333,0.3333333333333333,1.0,0.8,0.0,0.0,0.0,0.0,0,44.0,M,Raleigh,Silver,0,Beverages,Value,2023-04-20,0,2023,11,1,0,0,2024-03
501587,0.0,10,1.0,0,10.0,6.0,7.333333333333333,-1.333333333333333,5.5,177.97,210.66666666666666,-0.15447244094488186,163.06300000000002,0.4683612739393903,29.661666666666665,3.6666666666666665,0,0.10666666666666667,0.30400000000000005,2.0,-1.0,2.3333333333333335,1.666666666666667,0.3333333333333333,0.6,0.0,1.0,-1.0,0.0,0,26.0,M,Boise,Gold,1,Frozen Foods,Value,2023-05-04,0,2023,10,1,0,0,2024-03
501588,5.0,15,0.5333333333333333,0,0.0,0.0,0.3333333333333333,-0.3333333333333333,1.2666666666666666,0.0,12.200000000000001,-0.9242424242424242,53.742666666666665,1.2701678353130832,,0.0,3,,0.34750000000000003,0.0,-0.3333333333333333,0.0,-1.0,0.0,0.4,0.0,1.0,-1.0,1.0,1,67.0,M,Raleigh,Silver,1,Bakery,Mainstream,2022-04-19,0,2022,23,0,1,0,2024-03
501589,0.0,15,0.9285714285714286,1,3.0,5.0,6.0,-1.0,4.0,107.21333333333332,138.5066666666667,-0.22431425021504367,90.97571428571429,0.5342370982854852,21.442666666666664,3.3333333333333335,0,0.17333333333333334,0.2984615384615385,1.3333333333333333,0.33333333333333326,0.3333333333333333,0.0,0.0,0.42857142857142855,0.0,0.0,0.0,0.0,1,56.0,F,Nashville,Silver,0,Dairy,Upscale,2021-10-30,0,2021,29,1,0,0,2024-03
501590,1.0,6,0.8,1,0.0,2.0,2.5,-0.5,2.2,49.89333333333334,59.84,-0.1634889327197019,53.872,0.6905183395464628,24.94666666666667,1.3333333333333333,1,0.20500000000000002,0.2475,1.0,0.0,1.3333333333333333,-0.16666666666666674,0.6666666666666666,0.6,0.0,0.0,0.0,0.0,0,47.0,F,Boise,Silver,1,Beverages,Mainstream,2023-09-27,0,2023,6,1,0,0,2024-03
501591,0.0,8,1.0,0,1.0,1.6666666666666667,4.333333333333333,-2.666666666666666,2.625,46.28333333333333,121.90666666666668,-0.6152907355174659,73.73125,0.7957991482588561,27.77,2.0,0,0.32,0.25125,0.3333333333333333,-1.0,1.6666666666666667,-0.33333333333333326,0.0,0.375,0.0,0.0,0.0,0.0,0,33.0,M,Denver,Silver,1,Snacks,Upscale,2023-07-09,0,2023,8,1,0,0,2024-03
501592,0.0,3,1.0,0,2.0,3.6666666666666665,,,3.6666666666666665,108.36333333333334,,,108.36333333333334,0.6604191507442658,29.553636363636368,3.3333333333333335,0,0.29666666666666663,0.29666666666666663,0.6666666666666666,,1.6666666666666667,,0.0,0.0,1.0,1.0,,0.0,0,54.0,M,Spokane,Silver,1,Beverages,Mainstream,2023-12-30,0,2023,3,1,0,0,2024-03
501593,0.0,15,1.0,0,5.0,3.6666666666666665,2.3333333333333335,1.333333333333333,2.933333333333333,127.49333333333334,82.26666666666667,0.5431545236188952,113.22266666666665,0.5942483574250765,34.77090909090909,2.6666666666666665,0,0.21666666666666667,0.2793333333333334,2.0,0.33333333333333326,1.0,0.33333333333333337,1.0,0.7333333333333333,0.0,0.0,0.0,0.0,1,63.0,F,Boise,Silver,0,Bakery,Upscale,2021-02-27,0,2021,37,1,0,0,2024-03
501594,0.0,14,1.0,1,4.0,2.6666666666666665,4.666666666666667,-2.0000000000000004,4.615384615384615,70.00666666666666,108.48333333333333,-0.35143857512558996,118.38461538461537,0.5632184008348654,26.252499999999998,1.0,0,0.33666666666666667,0.3376923076923077,1.3333333333333333,-1.0000000000000002,0.0,-0.6666666666666666,0.6666666666666666,0.6923076923076923,1.0,2.0,0.0,0.0,0,39.0,M,Spokane,Silver,0,Beverages,Value,2022-02-07,0,2022,25,1,0,0,2024-03
501595,0.0,5,1.0,0,3.0,3.3333333333333335,4.5,-1.1666666666666665,3.8,114.0,174.635,-0.3452330116434651,138.254,0.2983128280333792,34.2,2.0,0,0.4666666666666666,0.41800000000000004,2.0,0.0,1.6666666666666667,1.6666666666666667,0.0,0.4,1.0,1.0,1.0,0.0,0,26.0,F,Austin,Platinum,1,Bakery,Value,2023-10-30,0,2023,5,1,1,0,2024-03
501596,2.0,15,0.8461538461538461,2,0.0,1.3333333333333333,9.0,-7.666666666666667,4.769230769230769,34.699999999999996,240.89,-0.8524122535036587,116.51076923076924,0.5787647622158466,26.025,1.3333333333333333,2,0.64,0.4109090909090909,0.6666666666666666,-1.3333333333333335,0.0,-2.0,0.0,0.38461538461538464,0.0,1.0,-1.0,0.0,0,26.0,M,Raleigh,Silver,1,Beverages,Mainstream,2021-11-29,0,2021,28,1,1,0,2024-03
501597,0.0,10,1.0,0,5.0,5.0,3.0,2.0,4.0,203.01999999999998,114.68666666666667,0.7635567337059873,158.526,0.3786416817645528,40.604,0.6666666666666666,0,0.3433333333333333,0.326,2.0,0.33333333333333326,2.0,0.6666666666666667,1.3333333333333333,0.6,0.0,0.0,0.0,0.0,0,63.0,F,Raleigh,Gold,1,Dairy,Mainstream,2023-05-11,0,2023,10,1,0,0,2024-03
501598,0.0,10,1.0,0,5.0,3.6666666666666665,4.666666666666667,-1.0000000000000004,4.0,89.60333333333334,124.67999999999999,-0.2790950562274559,102.602,0.5244869807163114,24.437272727272727,2.6666666666666665,0,0.18000000000000002,0.22799999999999998,2.6666666666666665,0.6666666666666665,2.3333333333333335,0.3333333333333335,0.3333333333333333,0.7,0.0,0.0,0.0,0.0,1,53.0,M,Columbus,Gold,1,Produce,Value,2023-05-22,0,2023,10,1,0,0,2024-03
501600,7.0,14,0.42857142857142855,0,0.0,0.0,0.0,0.0,2.2857142857142856,0.0,0.0,0.0,107.81357142857142,1.430974272528553,,0.0,3,,0.3466666666666667,0.0,0.0,0.0,0.0,0.0,0.14285714285714285,0.0,0.0,0.0,0.0,0,45.0,F,Columbus,Platinum,1,Household,Mainstream,2022-04-19,0,2022,23,0,1,0,2024-03
501601,0.0,15,1.0,1,3.0,5.0,3.6666666666666665,1.3333333333333335,5.142857142857143,203.40666666666667,158.89333333333335,0.2783939292861907,213.6321428571429,0.4266536096739072,40.681333333333335,2.3333333333333335,0,0.25666666666666665,0.24214285714285713,2.0,0.6666666666666667,1.0,0.0,0.3333333333333333,0.5714285714285714,0.0,0.0,0.0,0.0,0,27.0,F,Tulsa,Silver,1,Household,Mainstream,2022-03-24,0,2022,24,1,0,0,2024-03
501603,0.0,15,1.0,0,13.0,8.666666666666666,7.333333333333333,1.333333333333333,8.133333333333333,196.89666666666668,169.19000000000003,0.1627984409581447,185.87933333333336,0.33645567973555135,22.718846153846155,2.3333333333333335,0,0.19333333333333333,0.25066666666666665,4.666666666666667,1.3333333333333335,0.3333333333333333,-1.0,0.0,0.8666666666666667,1.0,1.0,1.0,0.0,1,63.0,F,Madison,Silver,0,Produce,Value,2021-12-17,0,2021,27,1,0,0,2024-03
501604,3.0,14,0.7857142857142857,0,0.0,0.0,1.6666666666666667,-1.6666666666666667,1.4285714285714286,0.0,43.77,-0.9776636140272504,33.81785714285714,0.6631078466682901,,0.0,3,,0.3209090909090909,0.3333333333333333,-1.3333333333333335,0.6666666666666666,0.6666666666666666,0.0,0.2857142857142857,0.0,1.0,-1.0,0.0,0,32.0,F,Boise,Silver,0,Beverages,Upscale,2023-01-15,0,2023,14,0,1,0,2024-03
501605,12.0,15,0.2,0,0.0,0.0,0.0,0.0,0.5333333333333333,0.0,0.0,0.0,15.404666666666666,2.0350777520471532,,0.0,3,,0.49666666666666665,0.0,0.0,0.0,0.0,0.0,0.2,0.0,0.0,0.0,0.0,0,72.0,F,Nashville,Silver,1,Bakery,Mainstream,2021-05-27,0,2021,34,0,1,0,2024-03
501606,0.0,15,1.0,0,7.0,5.666666666666667,9.333333333333334,-3.666666666666667,6.0,279.40333333333336,415.9566666666667,-0.32750005995826903,274.6633333333333,0.5666111721322463,49.3064705882353,3.0,0,0.19333333333333333,0.27466666666666667,3.3333333333333335,2.0,1.6666666666666667,-0.9999999999999998,0.6666666666666666,0.8,0.0,2.0,-2.0,1.0,1,57.0,F,Boise,Gold,1,Bakery,Value,2022-06-26,0,2022,21,1,0,0,2024-03
501607,0.0,15,1.0,0,6.0,6.666666666666667,6.0,0.666666666666667,6.6,162.73666666666665,147.54333333333332,0.10228216233197941,160.81933333333333,0.39154821751563024,24.4105,5.0,0,0.31666666666666665,0.33133333333333326,2.6666666666666665,-1.3333333333333335,2.0,0.33333333333333326,0.3333333333333333,0.3333333333333333,0.0,0.0,0.0,0.0,0,21.0,F,Raleigh,Silver,1,Frozen Foods,Mainstream,2021-05-03,0,2021,34,1,0,0,2024-03
501608,0.0,8,1.0,2,1.0,5.0,7.5,-2.5,6.0,126.265,198.31,-0.3614720786714164,152.44333333333336,0.49241765482756655,25.253,4.0,0,0.26,0.26666666666666666,3.0,0.0,1.5,-0.5,1.0,0.8333333333333334,0.0,0.0,0.0,0.0,0,36.0,F,Madison,Silver,1,Snacks,Mainstream,2023-07-11,0,2023,8,1,0,0,2024-03
501609,0.0,15,1.0,0,5.0,6.0,3.6666666666666665,2.3333333333333335,6.466666666666667,377.4533333333333,209.16333333333333,0.8007581404939016,389.7446666666667,0.3747784401926963,62.90888888888888,3.0,0,0.24333333333333332,0.22133333333333333,2.3333333333333335,0.6666666666666667,0.3333333333333333,-1.0,0.6666666666666666,0.3333333333333333,0.0,1.0,-1.0,1.0,1,35.0,M,Tulsa,Platinum,0,Dairy,Unknown,2022-03-18,0,2022,24,1,0,0,2024-03
501610,9.0,12,0.25,0,0.0,0.0,0.0,0.0,0.5833333333333334,0.0,0.0,0.0,19.71166666666667,1.889110491360361,,0.0,3,,0.27666666666666667,0.0,0.0,0.0,0.0,0.0,0.08333333333333333,0.0,0.0,0.0,0.0,0,50.0,F,Raleigh,Gold,1,Personal Care,Unknown,2023-03-22,0,2023,12,0,1,0,2024-03
501611,0.0,15,0.9333333333333333,0,2.0,4.666666666666667,5.666666666666667,-1.0,4.066666666666666,174.32666666666668,192.03,-0.091712859831805,143.168,0.616544807312788,37.355714285714285,2.6666666666666665,0,0.35000000000000003,0.3514285714285715,3.6666666666666665,2.6666666666666665,0.3333333333333333,0.3333333333333333,0.0,0.6,1.0,1.0,1.0,1.0,1,74.0,M,Tulsa,Silver,0,Snacks,Value,2021-08-02,0,2021,31,1,0,0,2024-03
501612,6.0,15,0.5333333333333333,0,0.0,0.0,0.0,0.0,2.2,0.0,0.0,0.0,79.32199999999999,1.243427973673604,,0.0,3,,0.30375,0.0,0.0,0.0,0.0,0.0,0.3333333333333333,0.0,0.0,0.0,0.0,0,32.0,F,Madison,Platinum,1,Personal Care,Mainstream,2022-05-20,0,2022,22,0,1,0,2024-03
501613,11.0,14,0.21428571428571427,0,0.0,0.0,0.0,0.0,0.7142857142857143,0.0,0.0,0.0,7.351428571428571,2.32906434915425,,0.0,3,,0.3,0.0,0.0,0.0,0.0,0.0,0.07142857142857142,0.0,0.0,0.0,0.0,0,28.0,F,Spokane,Silver,0,Snacks,Value,2021-12-04,0,2021,27,0,1,0,2024-03
501614,9.0,15,0.4,0,0.0,0.0,0.0,0.0,1.4666666666666666,0.0,0.0,0.0,36.472,1.8587990148892577,,0.0,3,,0.3283333333333333,0.0,0.0,0.0,0.0,0.0,0.0,0.0,0.0,0.0,0.0,0,60.0,Other,Tulsa,Silver,1,Frozen Foods,Value,2022-06-12,0,2022,21,0,1,0,2024-03
501615,8.0,14,0.42857142857142855,0,0.0,0.0,0.0,0.0,1.0,0.0,0.0,0.0,33.67,1.4580233459672995,,0.0,3,,0.24500000000000002,0.0,0.0,0.0,0.0,0.0,0.2857142857142857,0.0,0.0,0.0,0.0,1,53.0,F,Denver,Gold,0,Household,Mainstream,2021-11-21,0,2021,28,0,1,0,2024-03
501616,0.0,4,1.0,0,8.0,7.333333333333333,7.0,0.33333333333333304,7.25,398.53999999999996,400.05,-0.003765116569006477,398.9175,0.12341312786760712,54.346363636363634,3.6666666666666665,0,0.2933333333333333,0.3475,4.333333333333333,2.333333333333333,3.0,1.0,1.0,0.75,0.0,0.0,0.0,0.0,0,39.0,F,Tulsa,Platinum,1,Household,Value,2023-11-04,0,2023,4,1,0,0,2024-03
501617,0.0,7,1.0,0,3.0,4.0,5.0,-1.0,4.142857142857143,122.94333333333333,143.47333333333333,-0.14210234876101704,122.34285714285714,0.4759888364887108,30.735833333333332,2.6666666666666665,0,0.25999999999999995,0.23285714285714285,1.3333333333333333,-1.3333333333333333,0.3333333333333333,-1.0,1.0,0.7142857142857143,0.0,1.0,-1.0,1.0,1,57.0,F,Raleigh,Silver,0,Beverages,Mainstream,2023-08-09,0,2023,7,1,0,0,2024-03
501618,0.0,15,1.0,1,8.0,4.5,7.666666666666667,-3.166666666666667,5.214285714285714,171.585,283.49666666666667,-0.39336723335950036,190.3085714285714,0.6249872714226895,38.13,3.0,0,0.25,0.3035714285714285,6.0,2.3333333333333335,0.5,-0.16666666666666663,1.0,0.7857142857142857,1.0,1.0,1.0,0.0,0,45.0,M,Madison,Silver,1,Beverages,Upscale,2022-01-27,0,2022,26,1,0,0,2024-03
501619,0.0,6,1.0,0,13.0,9.0,6.333333333333333,2.666666666666667,7.666666666666667,204.39,143.78666666666666,0.418569849894097,174.08833333333334,0.42900874808714606,22.709999999999997,3.6666666666666665,0,0.44,0.4666666666666666,4.666666666666667,0.3333333333333339,1.6666666666666667,0.3333333333333335,0.0,0.3333333333333333,0.0,1.0,-1.0,1.0,1,68.0,F,Madison,Silver,1,Beverages,Mainstream,2023-09-30,0,2023,6,1,0,0,2024-03
501620,0.0,2,1.0,0,5.0,4.0,,,4.0,136.59,,,136.59,0.3225381320391578,34.1475,3.0,0,0.23500000000000001,0.23500000000000001,4.0,,1.0,,0.5,0.5,0.0,0.0,,0.0,0,70.0,F,Tulsa,Platinum,1,Personal Care,Mainstream,2024-01-30,0,2024,2,1,0,0,2024-03
501621,14.0,15,0.06666666666666667,0,0.0,0.0,0.0,0.0,0.13333333333333333,0.0,0.0,0.0,4.214666666666667,3.1302736786912924,,0.0,3,,0.24,0.0,0.0,0.0,0.0,0.0,0.0,0.0,0.0,0.0,0.0,1,35.0,F,Columbus,Silver,1,Personal Care,Value,2022-07-19,0,2022,20,0,1,0,2024-03
501622,11.0,15,0.26666666666666666,0,0.0,0.0,0.0,0.0,1.0,0.0,0.0,0.0,27.42733333333333,1.8998035678676561,,0.0,3,,0.365,0.0,0.0,0.0,0.0,0.0,0.06666666666666667,0.0,0.0,0.0,0.0,0,58.0,F,Boise,Gold,0,Produce,Value,2021-03-25,0,2021,36,0,1,0,2024-03
501623,4.0,10,0.1111111111111111,1,0.0,0.0,0.3333333333333333,-0.3333333333333333,0.1111111111111111,0.0,8.08,-0.8898678414096917,2.6933333333333334,2.1877256317689526,,0.0,3,,0.35,0.0,0.0,0.0,-1.0,0.0,0.3333333333333333,0.0,2.0,-2.0,1.0,1,46.0,M,Austin,Silver,1,Produce,Value,2023-05-06,0,2023,10,0,1,0,2024-03
501624,0.0,6,1.0,0,4.0,3.3333333333333335,3.0,0.3333333333333335,3.1666666666666665,147.57333333333332,134.04333333333332,0.10019006244909043,140.8083333333333,0.3733977547753094,44.272,3.0,0,0.33666666666666667,0.4266666666666667,1.3333333333333333,-0.6666666666666667,0.3333333333333333,-1.3333333333333335,0.0,0.3333333333333333,1.0,1.0,1.0,1.0,1,59.0,F,Spokane,Gold,0,Produce,Value,2023-09-09,0,2023,6,1,0,0,2024-03
501625,0.0,15,1.0,1,7.0,8.666666666666666,8.5,0.16666666666666607,8.428571428571429,291.0233333333333,243.95999999999998,0.19212660570433268,264.8721428571429,0.39292189356512364,33.57961538461538,4.666666666666667,0,0.15,0.22499999999999992,3.3333333333333335,-1.1666666666666665,0.3333333333333333,-0.6666666666666667,0.6666666666666666,0.7142857142857143,0.0,0.0,0.0,0.0,0,38.0,M,Columbus,Gold,1,Personal Care,Mainstream,2022-01-05,0,2022,26,1,0,0,2024-03
501626,0.0,8,0.75,0,2.0,1.3333333333333333,0.6666666666666666,0.6666666666666666,1.125,25.01,15.780000000000001,0.5500595947556615,23.6375,0.6781455003544546,18.7575,0.0,1,0.215,0.25333333333333335,0.0,-0.3333333333333333,1.0,-0.6666666666666667,0.3333333333333333,0.75,1.0,1.0,1.0,0.0,0,37.0,M,Portland,Gold,1,Frozen Foods,Value,2023-07-11,0,2023,8,1,0,0,2024-03
501627,1.0,15,0.4666666666666667,0,0.0,1.0,0.0,1.0,0.6,25.80333333333333,0.0,25.80333333333333,15.377333333333334,1.1157183672690998,25.80333333333333,1.6666666666666667,1,0.25,0.3614285714285714,0.6666666666666666,0.6666666666666666,1.6666666666666667,0.6666666666666667,0.3333333333333333,0.4,1.0,1.0,1.0,0.0,1,,F,Raleigh,Silver,1,Personal Care,Value,2021-11-07,1,2021,28,1,0,0,2024-03
501628,0.0,5,1.0,0,4.0,4.333333333333333,5.0,-0.666666666666667,4.6,112.32,142.835,-0.2121528139882505,124.526,0.3091951270434249,25.919999999999998,2.6666666666666665,0,0.17666666666666667,0.27199999999999996,3.0,1.5,0.6666666666666666,-2.3333333333333335,0.6666666666666666,0.6,0.0,0.0,0.0,0.0,0,65.0,F,Boise,Silver,1,Household,Value,2023-09-11,0,2023,6,1,0,0,2024-03
501629,0.0,6,1.0,1,4.0,4.5,3.3333333333333335,1.1666666666666665,3.8,93.14500000000001,75.3,0.2338794233289648,82.43800000000002,0.5129166168251611,20.69888888888889,2.5,0,0.44,0.41200000000000003,2.0,0.0,3.0,2.0,0.5,0.6,0.0,2.0,-2.0,1.0,1,47.0,M,Denver,Silver,1,Beverages,Value,2023-09-24,0,2023,6,1,0,0,2024-03
501630,10.0,15,0.3333333333333333,0,0.0,0.0,0.0,0.0,0.6666666666666666,0.0,0.0,0.0,24.129333333333328,1.6805656505041813,,0.0,3,,0.254,0.0,0.0,0.0,0.0,0.0,0.13333333333333333,0.0,0.0,0.0,0.0,1,39.0,F,Columbus,Silver,1,Snacks,Value,2021-02-27,0,2021,37,0,1,0,2024-03
501631,11.0,15,0.26666666666666666,0,0.0,0.0,0.0,0.0,0.4666666666666667,0.0,0.0,0.0,13.991999999999999,1.791076211995399,,0.0,3,,0.125,0.0,0.0,0.0,0.0,0.0,0.06666666666666667,0.0,0.0,0.0,0.0,1,48.0,F,Nashville,Silver,1,Beverages,Value,2022-06-02,0,2022,21,0,1,0,2024-03
501632,0.0,9,1.0,0,6.0,6.0,5.0,1.0,4.444444444444445,189.32000000000002,143.85333333333332,0.31388070692194425,130.93777777777777,0.6532871980416114,31.553333333333335,3.6666666666666665,0,0.39333333333333337,0.3155555555555556,2.3333333333333335,0.0,0.6666666666666666,-0.6666666666666666,0.3333333333333333,0.7777777777777778,0.0,0.0,0.0,0.0,0,74.0,F,Nashville,Silver,1,Dairy,Mainstream,2023-06-02,0,2023,9,1,0,0,2024-03
501633,2.0,15,0.7142857142857143,1,0.0,0.3333333333333333,1.0,-0.6666666666666667,1.3571428571428572,16.47,48.95,-0.6502502502502503,62.66357142857142,0.9489614472589941,49.41,0.6666666666666666,2,0.7,0.414,0.0,0.0,0.0,-1.0,0.0,0.7142857142857143,1.0,1.0,1.0,0.0,1,65.0,F,Nashville,Platinum,1,Snacks,Value,2022-11-22,0,2022,16,1,1,0,2024-03
501634,0.0,15,1.0,0,6.0,5.666666666666667,6.666666666666667,-1.0,6.066666666666666,216.54333333333332,234.49,-0.07620988860107303,215.11133333333333,0.41317417406815204,38.2135294117647,2.6666666666666665,0,0.32,0.25799999999999995,2.3333333333333335,-0.6666666666666665,0.6666666666666666,0.6666666666666666,0.6666666666666666,0.4666666666666667,0.0,0.0,0.0,0.0,0,69.0,M,Madison,Silver,0,Frozen Foods,Value,2022-05-25,0,2022,22,1,0,0,2024-03
501636,11.0,15,0.26666666666666666,0,0.0,0.0,0.0,0.0,1.4,0.0,0.0,0.0,36.598,1.825244010924604,,0.0,3,,0.3475,0.0,0.0,0.0,0.0,0.0,0.13333333333333333,0.0,0.0,0.0,0.0,1,55.0,Other,Spokane,Silver,1,Bakery,Mainstream,2021-02-28,0,2021,37,0,1,0,2024-03
501637,0.0,15,1.0,0,7.0,6.333333333333333,4.333333333333333,2.0,5.2,252.91666666666666,173.60333333333332,0.4542486779557473,206.67399999999998,0.4596111231229147,39.93421052631579,3.0,0,0.32,0.3173333333333333,3.3333333333333335,-0.6666666666666665,0.6666666666666666,-1.666666666666667,0.3333333333333333,0.6666666666666666,0.0,1.0,-1.0,0.0,0,47.0,F,Boise,Silver,1,Produce,Unknown,2022-10-20,0,2022,17,1,0,0,2024-03
501639,3.0,15,0.6428571428571429,1,0.0,0.0,1.0,-1.0,1.5714285714285714,0.0,19.29,-0.9507146377525875,33.17071428571428,0.9452308063555102,,0.0,3,,0.19666666666666666,0.0,0.0,0.3333333333333333,0.0,0.0,0.6428571428571429,2.0,2.0,2.0,0.0,1,59.0,F,Tulsa,Gold,1,Snacks,Mainstream,2021-10-21,0,2021,29,0,1,0,2024-03
501641,3.0,15,0.8,0,0.0,0.0,2.3333333333333335,-2.3333333333333335,2.8666666666666667,0.0,66.27,-0.9851345324810465,75.39,0.7985792341933465,,0.0,3,,0.23666666666666666,0.0,-0.3333333333333333,0.0,-2.0,0.0,0.2,0.0,0.0,0.0,0.0,0,45.0,F,Raleigh,Gold,1,Beverages,Value,2021-10-09,0,2021,29,0,1,0,2024-03
501642,0.0,15,1.0,1,4.0,5.333333333333333,4.0,1.333333333333333,3.642857142857143,238.7966666666667,176.87333333333333,0.34813162924927876,161.75714285714284,0.6485737292182135,44.774375000000006,2.0,0,0.4266666666666667,0.3335714285714286,1.6666666666666667,-0.33333333333333326,2.0,0.6666666666666667,0.3333333333333333,0.35714285714285715,0.0,0.0,0.0,0.0,0,59.0,M,Madison,Platinum,1,Personal Care,Mainstream,2022-09-01,0,2022,18,1,0,0,2024-03
501643,12.0,15,0.14285714285714285,1,0.0,0.0,0.0,0.0,0.5,0.0,0.0,0.0,19.055,2.444148740600944,,0.0,3,,0.235,0.0,0.0,0.0,0.0,0.0,0.07142857142857142,0.0,0.0,0.0,0.0,0,46.0,M,Columbus,Platinum,1,Household,Mainstream,2021-07-06,0,2021,32,0,1,0,2024-03
501644,5.0,15,0.6,0,0.0,0.0,0.6666666666666666,-0.6666666666666666,1.7333333333333334,0.0,23.343333333333334,-0.9589209913734081,65.916,1.0754563234088965,,0.0,3,,0.3533333333333333,0.0,-0.6666666666666666,0.0,-0.3333333333333333,0.0,0.4666666666666667,0.0,3.0,-3.0,1.0,1,25.0,F,Madison,Gold,0,Personal Care,Upscale,2022-05-30,0,2022,22,0,1,0,2024-03
501645,1.0,9,0.8888888888888888,0,0.0,0.6666666666666666,4.666666666666667,-4.0,3.6666666666666665,26.566666666666663,189.0233333333333,-0.8549300963039627,140.03444444444443,0.7341651332109825,39.849999999999994,0.6666666666666666,1,0.36,0.30375,1.3333333333333333,-2.0,0.0,-0.6666666666666666,0.0,0.5555555555555556,1.0,1.0,1.0,0.0,0,21.0,M,Nashville,Silver,0,Snacks,Mainstream,2023-06-11,0,2023,9,1,1,0,2024-03
501646,0.0,14,0.9285714285714286,0,2.0,1.6666666666666667,2.6666666666666665,-0.9999999999999998,2.4285714285714284,46.49,91.09666666666668,-0.48434615802236786,79.7385714285714,0.6045067212105849,27.894,0.3333333333333333,1,0.31,0.3169230769230769,0.6666666666666666,0.0,2.0,1.3333333333333335,1.0,0.5,0.0,1.0,-1.0,0.0,1,74.0,F,Tulsa,Gold,1,Frozen Foods,Value,2022-02-01,0,2022,25,1,0,0,2024-03
501647,0.0,9,1.0,1,5.0,3.6666666666666665,2.5,1.1666666666666665,3.75,90.47666666666667,58.36,0.541048966756514,89.21750000000002,0.5047583675533249,24.675454545454546,2.0,0,0.22333333333333336,0.32875,2.0,-1.5,0.0,-0.5,0.0,0.625,0.0,0.0,0.0,0.0,0,32.0,F,Columbus,Silver,0,Household,Mainstream,2023-06-03,0,2023,9,1,0,0,2024-03
501648,0.0,11,1.0,0,1.0,4.333333333333333,4.666666666666667,-0.3333333333333339,3.909090909090909,129.53666666666666,157.62,-0.17704787122262855,126.16909090909088,0.5168117569822154,29.893076923076926,3.0,0,0.26666666666666666,0.3018181818181818,1.3333333333333333,-1.6666666666666667,0.6666666666666666,-2.3333333333333335,0.0,0.36363636363636365,0.0,1.0,-1.0,0.0,0,63.0,F,Columbus,Gold,1,Frozen Foods,Upscale,2023-04-05,0,2023,11,1,0,0,2024-03
501649,9.0,15,0.42857142857142855,1,0.0,0.0,0.0,0.0,1.4285714285714286,0.0,0.0,0.0,37.653571428571425,1.2946742762765426,,0.0,3,,0.24666666666666667,0.0,0.0,0.0,0.0,0.0,0.2857142857142857,0.0,0.0,0.0,0.0,0,24.0,M,Portland,Silver,1,Frozen Foods,Mainstream,2022-06-14,0,2022,21,0,1,0,2024-03
501650,0.0,11,1.0,0,5.0,5.333333333333333,5.666666666666667,-0.3333333333333339,7.0,268.81,294.15333333333336,-0.0858649741377364,348.03363636363633,0.33975282391978473,50.401875000000004,1.0,0,0.22999999999999998,0.34909090909090906,3.3333333333333335,-1.6666666666666665,1.0,1.0,0.3333333333333333,0.6363636363636364,0.0,0.0,0.0,0.0,0,26.0,F,Denver,Platinum,0,Snacks,Mainstream,2023-04-15,0,2023,11,1,0,0,2024-03
501651,0.0,15,1.0,0,8.0,6.666666666666667,5.0,1.666666666666667,5.666666666666667,171.95666666666668,131.22333333333333,0.3080646381122849,146.5933333333333,0.5739532074971953,25.7935,2.6666666666666665,0,0.3033333333333333,0.298,2.0,-1.0,1.0,-0.33333333333333326,0.6666666666666666,0.3333333333333333,0.0,0.0,0.0,0.0,0,19.0,M,Madison,Silver,1,Household,Upscale,2021-05-05,0,2021,34,1,0,0,2024-03
501655,0.0,15,1.0,1,3.0,2.5,5.0,-2.5,3.7142857142857144,77.305,168.71,-0.5385952507218196,122.71214285714287,0.6540145952907911,30.922000000000004,2.5,0,0.18,0.335,3.0,0.6666666666666665,0.0,-0.6666666666666666,1.0,0.7857142857142857,0.0,1.0,-1.0,0.0,0,18.0,F,Tulsa,Silver,0,Frozen Foods,Upscale,2022-01-12,0,2022,26,1,0,0,2024-03
501656,8.0,15,0.4666666666666667,0,0.0,0.0,0.0,0.0,2.6,0.0,0.0,0.0,89.71266666666669,1.3857580667148455,,0.0,3,,0.24000000000000002,0.0,0.0,0.0,0.0,0.0,0.2,0.0,0.0,0.0,0.0,0,61.0,M,Boise,Gold,0,Snacks,Value,2022-07-29,0,2022,20,0,1,0,2024-03
501657,0.0,4,1.0,0,4.0,5.333333333333333,3.0,2.333333333333333,4.75,160.81666666666663,85.13,0.878749177599752,141.89499999999998,0.3687563339525455,30.153124999999996,2.0,0,0.24333333333333332,0.30000000000000004,0.3333333333333333,0.3333333333333333,1.3333333333333333,-1.6666666666666667,0.6666666666666666,0.5,0.0,0.0,0.0,0.0,0,71.0,F,Portland,Gold,1,Beverages,Unknown,2023-11-11,0,2023,4,1,0,0,2024-03
501658,0.0,1,1.0,0,12.0,12.0,,,12.0,362.35,,,362.35,,30.195833333333336,4.0,0,0.35,0.35,5.0,,1.0,,1.0,1.0,0.0,0.0,,0.0,0,26.0,M,Raleigh,Gold,1,Dairy,Value,2024-02-04,0,2024,1,1,0,0,2024-03
501659,13.0,15,0.06666666666666667,0,0.0,0.0,0.0,0.0,0.06666666666666667,0.0,0.0,0.0,2.554666666666667,2.783434392848241,,0.0,3,,0.18,0.0,0.0,0.0,0.0,0.0,0.2,0.0,0.0,0.0,0.0,0,49.0,M,Denver,Platinum,0,Household,Mainstream,2021-12-12,0,2021,27,0,1,0,2024-03
501660,0.0,6,1.0,1,4.0,9.0,7.666666666666667,1.333333333333333,8.2,247.44,198.82666666666668,0.24327750717288305,218.27200000000002,0.5479969635313631,27.493333333333332,5.5,0,0.35,0.368,2.5,-0.8333333333333335,2.5,1.5,0.0,0.2,1.0,1.0,1.0,0.0,0,72.0,F,Tulsa,Silver,1,Beverages,Mainstream,2023-09-09,0,2023,6,1,0,0,2024-03
501661,0.0,15,0.9285714285714286,1,2.0,1.6666666666666667,2.3333333333333335,-0.6666666666666667,1.7857142857142858,63.68333333333334,101.96,-0.3717624967624967,76.21214285714287,0.6348379390107245,38.21,2.3333333333333335,1,0.235,0.2515384615384616,3.0,1.0,0.0,-0.3333333333333333,0.3333333333333333,0.7142857142857143,1.0,2.0,0.0,0.0,1,36.0,F,Austin,Platinum,0,Snacks,Mainstream,2021-08-21,0,2021,31,1,0,0,2024-03
501662,2.0,11,0.8181818181818182,0,0.0,1.0,2.0,-1.0,2.090909090909091,28.473333333333333,68.72666666666667,-0.5773018453006981,66.58454545454546,0.5502934858846743,28.473333333333333,0.3333333333333333,2,0.31,0.23333333333333334,0.0,0.0,0.6666666666666666,-2.3333333333333335,0.0,0.45454545454545453,0.0,1.0,-1.0,0.0,0,37.0,F,Boise,Silver,1,Frozen Foods,Value,2023-04-09,0,2023,11,1,1,0,2024-03
501663,8.0,15,0.4,0,0.0,0.0,0.0,0.0,1.6666666666666667,0.0,0.0,0.0,60.029333333333334,1.6895597054520783,,0.0,3,,0.24833333333333332,0.0,0.0,0.0,0.0,0.0,0.2,0.0,0.0,0.0,0.0,0,53.0,F,Boise,Gold,0,Beverages,Upscale,2022-07-30,0,2022,20,0,1,0,2024-03
501664,0.0,1,1.0,0,2.0,2.0,,,2.0,46.0,,,46.0,,23.0,3.0,0,0.14,0.14,0.0,,0.0,,1.0,1.0,0.0,0.0,,0.0,0,74.0,F,Raleigh,Gold,0,Beverages,Mainstream,2024-02-10,0,2024,1,1,0,0,2024-03
501665,0.0,15,1.0,0,1.0,3.3333333333333335,1.0,2.3333333333333335,2.3333333333333335,128.13666666666668,38.97,2.230839796514053,86.06533333333331,0.5535825174025452,38.441,2.0,0,0.5299999999999999,0.3546666666666667,0.6666666666666666,-0.6666666666666666,2.3333333333333335,0.6666666666666667,0.3333333333333333,0.4666666666666667,2.0,2.0,2.0,1.0,1,70.0,F,Columbus,Silver,1,Beverages,Value,2022-09-16,0,2022,18,1,1,0,2024-03
501667,0.0,7,0.8571428571428571,0,4.0,3.0,3.0,0.0,3.142857142857143,153.79333333333332,150.85666666666668,0.019338411221107438,156.27714285714288,0.6240484361591614,51.26444444444444,3.3333333333333335,1,0.24,0.2833333333333334,1.0,-1.0,2.0,1.6666666666666667,0.3333333333333333,0.42857142857142855,0.0,0.0,0.0,0.0,0,34.0,M,Columbus,Platinum,1,Frozen Foods,Upscale,2023-08-15,0,2023,7,1,0,0,2024-03
501668,0.0,15,1.0,1,7.0,5.0,5.5,-0.5,6.285714285714286,191.43666666666664,213.72,-0.10377856433184314,238.28571428571436,0.5587517650415302,38.28733333333333,4.0,0,0.15000000000000002,0.25785714285714284,3.6666666666666665,-0.8333333333333335,1.6666666666666667,-0.33333333333333326,0.0,0.7142857142857143,1.0,1.0,1.0,0.0,0,45.0,M,Columbus,Silver,1,Bakery,Mainstream,2021-05-14,0,2021,34,1,0,0,2024-03
501669,12.0,15,0.21428571428571427,1,0.0,0.0,0.0,0.0,0.8571428571428571,0.0,0.0,0.0,38.73642857142857,2.4231965979323205,,0.0,3,,0.29,0.0,0.0,0.0,0.0,0.0,0.2857142857142857,0.0,0.0,0.0,0.0,0,27.0,F,Tulsa,Platinum,1,Dairy,Mainstream,2021-03-16,0,2021,36,0,1,0,2024-03
501670,0.0,15,1.0,1,3.0,4.0,7.333333333333333,-3.333333333333333,8.214285714285714,97.16,147.02333333333334,-0.3368613056500102,177.03785714285715,0.3818072218077447,24.29,2.0,0,0.445,0.33714285714285713,3.0,0.0,0.0,-0.6666666666666666,0.0,0.5714285714285714,1.0,1.0,1.0,0.0,0,38.0,F,Raleigh,Silver,0,Personal Care,Upscale,2022-12-10,0,2022,15,1,1,0,2024-03
501671,0.0,14,1.0,0,4.0,6.666666666666667,5.333333333333333,1.333333333333334,5.571428571428571,183.23333333333335,150.92666666666668,0.21264645223572778,162.61714285714285,0.38442723719684485,27.485000000000003,3.0,0,0.2866666666666667,0.24785714285714286,1.6666666666666667,0.3333333333333335,0.6666666666666666,-1.0,0.6666666666666666,0.5714285714285714,0.0,0.0,0.0,0.0,0,72.0,M,Austin,Silver,1,Personal Care,Upscale,2021-06-05,0,2021,33,1,0,0,2024-03
501672,1.0,6,0.6666666666666666,0,0.0,1.3333333333333333,0.6666666666666666,0.6666666666666666,1.0,58.64666666666667,31.813333333333333,0.8177570093457945,45.23,0.8646560008466994,43.985,0.3333333333333333,1,0.3,0.23249999999999998,1.0,-1.6666666666666665,1.6666666666666667,-0.33333333333333326,1.0,0.8333333333333334,0.0,0.0,0.0,0.0,0,,M,Tulsa,Gold,1,Household,Value,2023-09-06,1,2023,6,1,0,0,2024-03
501673,4.0,15,0.7142857142857143,1,0.0,0.0,2.0,-2.0,3.0714285714285716,0.0,42.46333333333334,-0.9769921006212133,65.51142857142857,0.8160737434034757,,0.0,3,,0.29700000000000004,0.0,-0.6666666666666666,0.0,0.0,0.0,0.6428571428571429,0.0,2.0,-2.0,0.0,1,25.0,M,Boise,Silver,0,Household,Upscale,2022-06-16,0,2022,21,0,1,0,2024-03
501674,0.0,15,1.0,1,5.0,3.0,3.6666666666666665,-0.6666666666666665,4.714285714285714,80.93666666666667,118.59666666666665,-0.3148917193901724,143.26142857142855,0.5346653759320303,26.97888888888889,2.6666666666666665,0,0.2866666666666666,0.25857142857142856,2.6666666666666665,-1.0,2.6666666666666665,1.3333333333333333,0.6666666666666666,0.5,0.0,1.0,-1.0,1.0,1,23.0,F,Raleigh,Silver,1,Bakery,Upscale,2022-01-25,0,2022,26,1,0,0,2024-03
501675,0.0,15,1.0,0,3.0,5.666666666666667,5.0,0.666666666666667,5.333333333333333,177.35,145.66,0.2160780035456157,162.10733333333332,0.4995366789603098,31.297058823529408,3.3333333333333335,0,0.2966666666666667,0.29933333333333334,2.3333333333333335,-0.33333333333333304,0.6666666666666666,0.3333333333333333,0.3333333333333333,0.26666666666666666,0.0,0.0,0.0,0.0,0,,Unknown,Portland,Gold,0,Household,Mainstream,2021-06-26,1,2021,33,1,0,0,2024-03
501677,0.0,15,1.0,0,5.0,6.0,6.333333333333333,-0.33333333333333304,5.6,126.60000000000001,141.14666666666668,-0.10233561579589157,123.88599999999998,0.4423839422055479,21.1,3.6666666666666665,0,0.33666666666666667,0.306,1.6666666666666667,-1.3333333333333333,0.3333333333333333,0.3333333333333333,2.0,0.7333333333333333,1.0,1.0,1.0,0.0,0,39.0,F,Denver,Silver,0,Bakery,Mainstream,2022-06-07,0,2022,21,1,0,0,2024-03
501678,0.0,8,1.0,0,3.0,5.0,3.6666666666666665,1.3333333333333335,4.25,97.30333333333333,65.88666666666667,0.4696999900328913,78.10749999999999,0.33194406213819416,19.460666666666665,3.0,0,0.19666666666666666,0.2925,2.0,0.33333333333333326,0.0,-0.6666666666666666,0.0,0.25,1.0,1.0,1.0,0.0,0,62.0,F,Austin,Silver,0,Produce,Upscale,2023-07-21,0,2023,8,1,0,0,2024-03
501679,0.0,13,1.0,0,7.0,8.666666666666666,6.333333333333333,2.333333333333333,6.153846153846154,288.7033333333333,239.6,0.20408700471044608,222.77846153846153,0.4496711790749056,33.31192307692308,4.0,0,0.39666666666666667,0.31846153846153846,4.666666666666667,1.0000000000000004,0.0,-1.6666666666666667,0.3333333333333333,0.23076923076923078,0.0,1.0,-1.0,1.0,1,52.0,M,Madison,Gold,1,Beverages,Mainstream,2023-02-05,0,2023,13,1,0,0,2024-03
501681,14.0,15,0.07142857142857142,1,0.0,0.0,0.0,0.0,0.07142857142857142,0.0,0.0,0.0,1.5642857142857143,2.2825152303718474,,0.0,3,,0.31,0.0,0.0,0.0,0.0,0.0,0.0,0.0,0.0,0.0,0.0,0,36.0,M,Boise,Gold,0,Produce,Mainstream,2022-03-30,0,2022,24,0,1,0,2024-03
501682,0.0,15,1.0,0,2.0,3.3333333333333335,4.0,-0.6666666666666665,4.133333333333334,129.32,173.65,-0.25382192957343264,172.57133333333337,0.4164446463562311,38.796,3.6666666666666665,0,0.29,0.26066666666666666,2.6666666666666665,-0.666666666666667,0.3333333333333333,0.3333333333333333,1.0,0.6666666666666666,1.0,1.0,1.0,0.0,0,38.0,F,Austin,Gold,0,Dairy,Value,2021-06-17,0,2021,33,1,0,0,2024-03
501683,0.0,6,1.0,0,6.0,5.0,4.666666666666667,0.33333333333333304,4.833333333333333,133.18666666666667,130.56,0.019965541704672126,131.87333333333333,0.25685985753944496,26.637333333333334,2.6666666666666665,0,0.1366666666666667,0.15833333333333333,1.6666666666666667,0.3333333333333335,3.0,1.3333333333333333,0.0,0.3333333333333333,1.0,1.0,1.0,0.0,0,20.0,F,Tulsa,Silver,1,Household,Value,2023-09-23,0,2023,6,1,0,0,2024-03
501684,10.0,15,0.3333333333333333,0,0.0,0.0,0.0,0.0,0.8,0.0,0.0,0.0,26.592,2.066954058814517,,0.0,3,,0.28200000000000003,0.0,0.0,0.0,0.0,0.0,0.2,0.0,0.0,0.0,0.0,0,71.0,F,Boise,Gold,1,Personal Care,Value,2022-04-19,0,2022,23,0,1,0,2024-03
501686,0.0,2,1.0,0,7.0,6.0,,,6.0,264.605,,,264.605,0.3464385287769637,44.100833333333334,4.5,0,0.27,0.27,1.5,,0.5,,1.0,1.0,0.0,0.0,,0.0,0,34.0,F,Austin,Silver,1,Beverages,Mainstream,2024-01-14,0,2024,2,1,0,0,2024-03
501687,6.0,15,0.5333333333333333,0,0.0,0.0,0.0,0.0,2.066666666666667,0.0,0.0,0.0,45.465333333333334,1.2960626675289995,,0.0,3,,0.24375000000000002,0.0,-0.3333333333333333,0.0,0.0,0.0,0.5333333333333333,0.0,1.0,-1.0,0.0,0,,M,Tulsa,Silver,1,Household,Unknown,2021-07-16,1,2021,32,0,1,0,2024-03
501688,2.0,11,0.8181818181818182,0,0.0,0.3333333333333333,3.3333333333333335,-3.0,3.3636363636363638,10.726666666666667,109.58,-0.8939530957979139,112.82272727272725,0.7751858738301081,32.18,1.3333333333333333,2,0.16,0.25555555555555554,0.0,-1.6666666666666667,0.0,-0.3333333333333333,0.0,0.45454545454545453,1.0,1.0,1.0,0.0,1,71.0,F,Boise,Gold,0,Household,Upscale,2023-04-26,0,2023,11,1,1,0,2024-03
501689,0.0,15,1.0,0,2.0,2.3333333333333335,7.666666666666667,-5.333333333333334,4.733333333333333,100.67,307.43666666666667,-0.6703699300774875,193.09666666666666,0.5576844096650005,43.144285714285715,2.0,0,0.21333333333333335,0.2353333333333333,3.0,0.0,1.0,-0.6666666666666667,0.3333333333333333,0.9333333333333333,1.0,2.0,0.0,1.0,1,47.0,M,Spokane,Platinum,1,Household,Value,2022-12-27,0,2022,15,1,0,0,2024-03
501691,11.0,15,0.26666666666666666,0,0.0,0.0,0.0,0.0,0.7333333333333333,0.0,0.0,0.0,23.97533333333333,2.089528512305675,,0.0,3,,0.3875,0.0,0.0,0.0,0.0,0.0,0.06666666666666667,0.0,0.0,0.0,0.0,1,36.0,F,Columbus,Silver,1,Bakery,Upscale,2021-08-26,0,2021,31,0,1,0,2024-03
501692,0.0,7,0.8571428571428571,0,5.0,4.0,2.3333333333333335,1.6666666666666665,3.0,98.30666666666666,70.08999999999999,0.3969147090542506,78.65571428571427,0.8185834347612653,24.576666666666664,2.3333333333333335,0,0.3833333333333333,0.3033333333333334,0.6666666666666666,-1.666666666666667,0.6666666666666666,-1.666666666666667,0.0,0.2857142857142857,1.0,1.0,1.0,1.0,1,26.0,F,Spokane,Gold,1,Frozen Foods,Mainstream,2023-08-20,0,2023,7,1,0,0,2024-03
501695,1.0,3,0.6666666666666666,0,0.0,1.6666666666666667,,,1.6666666666666667,81.77666666666666,,,81.77666666666666,0.8632827010053262,49.065999999999995,1.3333333333333333,1,0.345,0.345,0.6666666666666666,,2.0,,0.6666666666666666,0.6666666666666666,2.0,2.0,,0.0,0,23.0,M,Denver,Gold,1,Bakery,Value,2023-12-26,0,2023,3,1,0,0,2024-03
501696,0.0,3,1.0,0,1.0,2.6666666666666665,,,2.6666666666666665,76.64,,,76.64,0.5171821190630799,28.740000000000002,2.0,0,0.32,0.32,2.3333333333333335,,0.3333333333333333,,1.0,1.0,0.0,0.0,,0.0,0,58.0,F,Austin,Gold,0,Snacks,Mainstream,2023-12-07,0,2023,3,1,0,0,2024-03
501697,0.0,14,1.0,1,6.0,8.333333333333334,9.666666666666666,-1.3333333333333321,7.846153846153846,304.49666666666667,370.74666666666667,-0.1782127613787167,298.54846153846154,0.3849955836026944,36.5396,6.666666666666667,0,0.2866666666666667,0.30692307692307697,4.0,-1.0,2.0,1.0,1.0,0.6153846153846154,0.0,1.0,-1.0,0.0,0,20.0,M,Spokane,Gold,1,Produce,Value,2022-03-01,0,2022,24,1,0,0,2024-03
501698,0.0,15,0.9333333333333333,0,4.0,3.6666666666666665,3.3333333333333335,0.33333333333333304,3.4,148.51333333333335,134.62333333333333,0.1024160051121981,134.066,0.6360545380237179,40.50363636363637,2.3333333333333335,0,0.3866666666666667,0.3292857142857143,0.3333333333333333,-1.0,0.3333333333333333,0.0,0.0,0.2,2.0,2.0,2.0,0.0,0,58.0,Other,Tulsa,Silver,0,Beverages,Value,2022-04-23,0,2022,23,1,0,0,2024-03
501699,0.0,6,1.0,0,5.0,4.333333333333333,2.3333333333333335,1.9999999999999996,3.3333333333333335,108.61666666666666,54.52666666666667,0.9741265458038177,81.57166666666666,0.5929632988646371,25.065384615384612,5.0,0,0.4033333333333333,0.335,0.6666666666666666,-0.33333333333333337,2.0,1.0,0.0,0.5,0.0,0.0,0.0,0.0,0,68.0,F,Boise,Gold,1,Snacks,Value,2023-09-06,0,2023,6,1,0,0,2024-03
501700,0.0,2,1.0,0,10.0,10.5,,,10.5,162.105,,,162.105,0.11570877649286627,15.438571428571427,3.0,0,0.305,0.305,3.0,,1.5,,0.5,0.5,0.0,0.0,,0.0,0,65.0,F,Boise,Silver,1,Produce,Mainstream,2024-01-06,0,2024,2,1,0,0,2024-03
501701,1.0,9,0.7777777777777778,0,0.0,2.3333333333333335,0.6666666666666666,1.666666666666667,2.4444444444444446,106.10666666666667,31.326666666666664,2.3132604660754796,107.80333333333334,0.9093180546419107,45.47428571428571,2.0,1,0.52,0.3671428571428571,1.3333333333333333,0.0,0.3333333333333333,0.0,0.6666666666666666,0.3333333333333333,1.0,1.0,1.0,1.0,1,52.0,M,Raleigh,Gold,0,Personal Care,Mainstream,2023-07-01,0,2023,8,1,0,0,2024-03
501702,0.0,4,1.0,0,4.0,4.666666666666667,7.0,-2.333333333333333,5.25,170.22,214.62,-0.20591781838419443,181.32,0.18087306207178735,36.47571428571428,1.6666666666666667,0,0.26333333333333336,0.205,2.3333333333333335,-1.6666666666666665,1.3333333333333333,0.33333333333333326,0.6666666666666666,0.5,0.0,0.0,0.0,0.0,0,48.0,M,Portland,Gold,1,Produce,Mainstream,2023-11-02,0,2023,4,1,0,0,2024-03
501703,5.0,15,0.6428571428571429,1,0.0,0.0,0.3333333333333333,-0.3333333333333333,2.5714285714285716,0.0,14.466666666666667,-0.9353448275862069,104.43071428571429,1.0159981690972544,,0.0,3,,0.26222222222222213,0.0,0.0,0.0,-0.6666666666666666,0.0,0.21428571428571427,0.0,0.0,0.0,0.0,1,25.0,M,Columbus,Gold,1,Dairy,Mainstream,2022-01-16,0,2022,26,0,1,0,2024-03
501704,0.0,15,1.0,1,4.0,3.5,7.666666666666667,-4.166666666666667,5.857142857142857,98.3,204.0566666666667,-0.5157436155859357,158.88642857142855,0.4326220581738929,28.085714285714285,2.0,0,0.35500000000000004,0.31071428571428567,4.0,1.6666666666666665,1.0,-1.6666666666666665,0.0,0.42857142857142855,1.0,2.0,0.0,2.0,1,46.0,F,Nashville,Gold,1,Snacks,Mainstream,2021-06-11,0,2021,33,1,0,0,2024-03
501705,0.0,15,1.0,1,9.0,5.666666666666667,6.0,-0.33333333333333304,4.5,161.34333333333333,163.13,-0.01088568005036655,128.81214285714287,0.4839995646683601,28.47235294117647,5.333333333333333,0,0.21999999999999997,0.22499999999999995,3.0,1.5,2.0,-0.5,0.6666666666666666,0.6428571428571429,0.0,1.0,-1.0,0.0,0,70.0,M,Boise,Silver,1,Personal Care,Mainstream,2022-12-18,0,2022,15,1,0,0,2024-03
501706,7.0,11,0.36363636363636365,0,0.0,0.0,0.0,0.0,0.9090909090909091,0.0,0.0,0.0,33.79,1.5616511564391955,,0.0,3,,0.245,0.0,0.0,0.0,0.0,0.0,0.09090909090909091,0.0,0.0,0.0,0.0,0,38.0,F,Tulsa,Silver,0,Dairy,Upscale,2023-04-06,0,2023,11,0,1,0,2024-03
501707,0.0,15,1.0,1,11.0,9.0,7.0,2.0,6.928571428571429,345.26,235.07000000000002,0.4667683314271189,253.2757142857143,0.37498882126657757,38.36222222222222,2.3333333333333335,0,0.42,0.33142857142857146,2.6666666666666665,0.6666666666666665,1.0,-1.3333333333333335,1.0,0.5714285714285714,0.0,1.0,-1.0,1.0,1,33.0,F,Nashville,Gold,1,Personal Care,Value,2022-08-29,0,2022,19,1,0,0,2024-03
501708,9.0,11,0.18181818181818182,0,0.0,0.0,0.0,0.0,0.36363636363636365,0.0,0.0,0.0,13.935454545454546,2.090986742778082,,0.0,3,,0.16,0.0,0.0,0.0,0.0,0.0,0.2727272727272727,0.0,0.0,0.0,0.0,0,67.0,M,Columbus,Silver,1,Beverages,Mainstream,2023-04-09,0,2023,11,0,1,0,2024-03
501709,0.0,5,1.0,0,1.0,5.333333333333333,3.5,1.833333333333333,4.6,197.17999999999998,126.17,0.5583864118895964,168.77599999999998,0.7967477432124875,36.97125,3.6666666666666665,0,0.3233333333333333,0.22000000000000003,2.3333333333333335,-1.1666666666666665,0.3333333333333333,-0.16666666666666669,0.3333333333333333,0.2,2.0,2.0,2.0,1.0,1,48.0,F,Madison,Platinum,0,Beverages,Upscale,2023-10-03,0,2023,5,1,0,0,2024-03
501710,0.0,2,1.0,0,2.0,3.0,,,3.0,134.04000000000002,,,134.04000000000002,0.543420777188536,44.68000000000001,2.0,0,0.14,0.14,2.5,,0.5,,1.0,1.0,0.0,0.0,,0.0,0,69.0,F,Portland,Gold,1,Produce,Value,2024-01-22,0,2024,2,1,0,0,2024-03
501711,0.0,15,1.0,0,3.0,4.666666666666667,2.0,2.666666666666667,3.066666666666667,151.03333333333333,63.85,1.3443844769982012,91.73933333333333,0.5647395215273179,32.364285714285714,3.3333333333333335,0,0.16666666666666666,0.23466666666666666,3.3333333333333335,1.0,1.3333333333333333,-0.3333333333333335,0.3333333333333333,0.5333333333333333,1.0,1.0,1.0,0.0,1,20.0,F,Austin,Silver,1,Personal Care,Value,2022-04-02,0,2022,23,1,0,0,2024-03
501712,0.0,15,0.8666666666666667,0,3.0,2.3333333333333335,2.3333333333333335,0.0,2.4,66.74333333333333,66.27333333333333,0.006986423545733806,65.336,0.6626505001968489,28.604285714285712,0.6666666666666666,0,0.24666666666666667,0.3084615384615385,1.6666666666666667,0.6666666666666667,2.0,0.0,0.6666666666666666,0.8666666666666667,0.0,0.0,0.0,0.0,0,27.0,F,Raleigh,Gold,1,Frozen Foods,Mainstream,2021-10-14,0,2021,29,1,0,0,2024-03
501713,0.0,15,1.0,1,1.0,2.0,4.0,-2.0,3.642857142857143,48.54,107.95333333333333,-0.5453099186195925,91.03,0.5074992309093931,24.27,2.0,0,0.18333333333333335,0.21000000000000002,1.3333333333333333,0.33333333333333326,0.3333333333333333,-1.0,0.0,0.35714285714285715,0.0,0.0,0.0,0.0,0,56.0,F,Austin,Silver,1,Snacks,Upscale,2022-09-02,0,2022,18,1,0,0,2024-03
501714,0.0,15,1.0,0,5.0,6.666666666666667,7.0,-0.33333333333333304,6.733333333333333,201.62333333333333,221.17999999999998,-0.08802172412758415,199.47066666666666,0.42584690421896,30.2435,4.666666666666667,0,0.2733333333333334,0.2773333333333333,3.3333333333333335,0.0,0.0,-0.3333333333333333,0.3333333333333333,0.26666666666666666,0.0,0.0,0.0,0.0,1,62.0,M,Portland,Gold,0,Snacks,Upscale,2022-03-03,0,2022,24,1,0,0,2024-03
501715,0.0,3,0.6666666666666666,0,1.0,0.6666666666666666,,,0.6666666666666666,29.006666666666664,,,29.006666666666664,0.8418095881855201,43.51,0.6666666666666666,1,0.5249999999999999,0.5249999999999999,0.6666666666666666,,0.0,,1.0,1.0,0.0,0.0,,0.0,0,73.0,F,Columbus,Platinum,0,Snacks,Mainstream,2023-12-19,0,2023,3,1,1,0,2024-03
501716,0.0,14,1.0,0,2.0,2.6666666666666665,1.6666666666666667,0.9999999999999998,1.8571428571428572,80.46666666666667,49.78333333333333,0.6042008532983263,55.73642857142856,0.3198033243683365,30.175,2.0,0,0.21333333333333337,0.3057142857142857,1.3333333333333333,0.33333333333333326,2.0,-0.3333333333333335,0.3333333333333333,0.35714285714285715,0.0,1.0,-1.0,1.0,1,33.0,Other,Austin,Silver,1,Bakery,Upscale,2022-08-01,0,2022,19,1,0,0,2024-03
501717,0.0,15,1.0,0,3.0,3.3333333333333335,2.3333333333333335,1.0,3.7333333333333334,163.36666666666667,124.21,0.3127279503767006,180.49333333333334,0.5975305567302638,49.010000000000005,0.3333333333333333,0,0.19999999999999998,0.2586666666666667,2.0,-2.333333333333333,0.0,-0.6666666666666666,0.3333333333333333,0.8,0.0,1.0,-1.0,0.0,0,32.0,M,Tulsa,Platinum,0,Beverages,Value,2022-03-08,0,2022,24,1,0,0,2024-03
501718,0.0,14,0.9285714285714286,0,4.0,3.3333333333333335,4.666666666666667,-1.3333333333333335,3.5714285714285716,105.93666666666667,139.20000000000002,-0.23725630052306237,107.3507142857143,0.5620456069368887,31.781,1.6666666666666667,0,0.18333333333333335,0.24538461538461537,1.6666666666666667,-0.6666666666666667,1.3333333333333333,-0.6666666666666667,0.3333333333333333,0.35714285714285715,0.0,1.0,-1.0,0.0,0,28.0,Other,Spokane,Silver,1,Household,Unknown,2022-05-11,0,2022,22,1,0,0,2024-03
501720,0.0,2,1.0,0,4.0,6.0,,,6.0,274.68,,,274.68,0.42167859412024233,45.78,3.0,0,0.265,0.265,4.5,,0.5,,0.5,0.5,0.0,0.0,,0.0,0,29.0,F,Austin,Platinum,1,Beverages,Mainstream,2024-01-06,0,2024,2,1,0,0,2024-03
501721,0.0,15,1.0,0,8.0,6.333333333333333,8.0,-1.666666666666667,6.133333333333334,155.89,195.36666666666665,-0.20103547784756406,159.40466666666669,0.348173319382653,24.614210526315787,3.6666666666666665,0,0.19333333333333333,0.25266666666666665,3.3333333333333335,-0.33333333333333304,1.6666666666666667,-0.33333333333333326,0.0,0.26666666666666666,0.0,0.0,0.0,0.0,0,69.0,F,Portland,Gold,1,Dairy,Mainstream,2021-03-07,0,2021,36,1,0,0,2024-03
501722,1.0,8,0.875,0,0.0,2.3333333333333335,4.0,-1.6666666666666665,2.75,65.62333333333333,116.25666666666666,-0.43181624356824055,79.28999999999999,0.5965567399013105,28.124285714285715,2.0,1,0.4,0.2671428571428572,0.0,-1.0,1.3333333333333333,0.0,0.0,0.875,0.0,0.0,0.0,0.0,0,50.0,F,Spokane,Silver,1,Household,Value,2023-07-03,0,2023,8,1,1,0,2024-03
501723,0.0,7,1.0,1,4.0,4.0,5.0,-1.0,4.0,162.18666666666667,212.57999999999998,-0.2359459375097543,164.42166666666665,0.31613451891409433,40.54666666666667,2.3333333333333335,0,0.4666666666666666,0.37166666666666665,1.6666666666666667,0.6666666666666667,1.3333333333333333,-0.6666666666666667,0.3333333333333333,0.5,1.0,2.0,0.0,1.0,1,56.0,F,Madison,Platinum,1,Produce,Mainstream,2023-08-06,0,2023,7,1,0,0,2024-03
501724,10.0,15,0.3333333333333333,0,0.0,0.0,0.0,0.0,1.3333333333333333,0.0,0.0,0.0,35.84,1.7744668643134347,,0.0,3,,0.384,0.0,0.0,0.0,0.0,0.0,0.2,0.0,0.0,0.0,0.0,0,33.0,F,Madison,Silver,1,Frozen Foods,Mainstream,2022-06-20,0,2022,21,0,1,0,2024-03
501725,0.0,15,1.0,0,5.0,4.333333333333333,3.6666666666666665,0.6666666666666665,3.8666666666666667,107.79,100.38333333333333,0.07305605786618459,103.63000000000001,0.3406945621015035,24.874615384615385,1.6666666666666667,0,0.29666666666666663,0.23866666666666664,1.0,0.6666666666666667,2.0,0.33333333333333326,1.3333333333333333,0.6666666666666666,0.0,0.0,0.0,0.0,0,59.0,M,Columbus,Gold,1,Bakery,Mainstream,2021-12-27,0,2021,27,1,0,0,2024-03
501726,0.0,15,1.0,0,7.0,5.0,6.0,-1.0,5.4,212.48,295.6666666666667,-0.28040449438202253,241.75733333333332,0.43466991272876354,42.495999999999995,2.6666666666666665,0,0.3666666666666667,0.32066666666666666,0.6666666666666666,-1.3333333333333335,1.0,0.33333333333333337,1.0,0.5333333333333333,0.0,0.0,0.0,0.0,0,31.0,M,Nashville,Silver,0,Snacks,Value,2021-04-14,0,2021,35,1,0,0,2024-03
501727,0.0,15,1.0,1,5.0,4.333333333333333,4.666666666666667,-0.3333333333333339,4.928571428571429,98.07000000000001,109.59666666666665,-0.10422255040839065,123.78928571428571,0.3376414581507479,22.631538461538465,2.6666666666666665,0,0.22333333333333336,0.28857142857142865,2.3333333333333335,0.6666666666666667,1.6666666666666667,-0.33333333333333326,0.0,0.8571428571428571,0.0,1.0,-1.0,0.0,0,27.0,M,Austin,Gold,1,Produce,Upscale,2021-12-15,0,2021,27,1,0,0,2024-03
501728,0.0,15,1.0,1,4.0,4.0,3.6666666666666665,0.3333333333333335,4.142857142857143,123.0,124.72333333333334,-0.013707346819736538,138.5692857142857,0.5060933426749544,30.75,4.333333333333333,0,0.21666666666666667,0.31714285714285717,0.3333333333333333,-1.3333333333333335,0.3333333333333333,0.3333333333333333,1.0,0.7857142857142857,0.0,0.0,0.0,0.0,1,23.0,F,Madison,Silver,0,Produce,Upscale,2021-09-19,0,2021,30,1,0,0,2024-03
501729,0.0,15,1.0,1,5.0,6.0,7.333333333333333,-1.333333333333333,7.142857142857143,193.4466666666667,208.34,-0.07114423107544338,219.3035714285714,0.3452063183311643,32.24111111111111,2.0,0,0.17,0.2385714285714286,4.333333333333333,1.333333333333333,2.0,0.6666666666666667,0.6666666666666666,0.21428571428571427,0.0,2.0,-2.0,0.0,0,26.0,M,Tulsa,Silver,1,Snacks,Mainstream,2021-05-25,0,2021,34,1,0,0,2024-03
501730,3.0,15,0.6666666666666666,0,0.0,0.0,0.6666666666666666,-0.6666666666666666,2.6,0.0,19.626666666666665,-0.9515190691661279,84.368,0.976717380397456,,0.0,3,,0.313,0.0,0.0,0.0,-1.0,0.0,0.5333333333333333,0.0,2.0,-2.0,0.0,0,36.0,M,Denver,Silver,1,Bakery,Mainstream,2022-04-14,0,2022,23,0,1,0,2024-03
501731,0.0,15,1.0,2,4.0,3.3333333333333335,3.0,0.3333333333333335,3.5384615384615383,88.51333333333332,79.86,0.10701624206447344,95.76384615384616,0.49640109565090246,26.553999999999995,1.6666666666666667,0,0.30000000000000004,0.27307692307692305,3.3333333333333335,1.6666666666666667,0.6666666666666666,-1.0,0.0,0.46153846153846156,0.0,0.0,0.0,0.0,0,23.0,F,Boise,Silver,1,Frozen Foods,Upscale,2022-05-25,0,2022,22,1,0,0,2024-03
501732,2.0,15,0.8,0,0.0,0.3333333333333333,4.666666666666667,-4.333333333333334,3.6,13.256666666666668,176.45000000000002,-0.9196581196581197,135.29866666666666,0.7878765067482835,39.77,0.3333333333333333,2,0.29,0.22250000000000003,0.3333333333333333,-2.333333333333333,0.0,-0.3333333333333333,0.0,0.4,0.0,0.0,0.0,0.0,0,62.0,F,Raleigh,Gold,0,Snacks,Value,2022-09-03,0,2022,18,1,1,0,2024-03
501733,0.0,6,1.0,0,14.0,11.333333333333334,8.666666666666666,2.666666666666668,10.0,456.36666666666673,423.43,0.07760211734954345,439.8983333333333,0.36604777717150616,40.267647058823535,5.0,0,0.36000000000000004,0.3333333333333333,6.666666666666667,3.0000000000000004,1.0,0.6666666666666667,1.3333333333333333,1.5,1.0,2.0,0.0,1.0,1,37.0,F,Denver,Gold,1,Snacks,Upscale,2023-09-05,0,2023,6,1,0,0,2024-03
501735,1.0,3,0.6666666666666666,0,0.0,1.3333333333333333,,,1.3333333333333333,34.5,,,34.5,0.8462360036855814,25.875,1.3333333333333333,1,0.22999999999999998,0.22999999999999998,0.6666666666666666,,1.0,,0.3333333333333333,0.3333333333333333,2.0,2.0,,1.0,1,68.0,M,Tulsa,Silver,1,Household,Mainstream,2023-12-11,0,2023,3,1,0,0,2024-03
501736,0.0,15,1.0,0,10.0,9.0,11.0,-2.0,9.8,229.84,292.03333333333336,-0.21223979069502907,261.8666666666666,0.34403186171363953,25.537777777777777,4.0,0,0.39333333333333337,0.26666666666666666,2.6666666666666665,-2.3333333333333335,1.0,-0.6666666666666667,0.0,0.4,2.0,4.0,0.0,1.0,1,45.0,F,Portland,Silver,1,Snacks,Value,2021-06-25,0,2021,33,1,0,0,2024-03
501737,5.0,10,0.5,0,0.0,0.0,0.6666666666666666,-0.6666666666666666,2.0,0.0,33.303333333333335,-0.9708483140608298,98.215,1.3255700519875062,,0.0,3,,0.256,0.0,-0.3333333333333333,0.0,-0.6666666666666666,0.0,0.2,0.0,2.0,-2.0,0.0,1,55.0,F,Austin,Platinum,1,Beverages,Upscale,2023-05-10,0,2023,10,0,1,0,2024-03
501738,0.0,1,1.0,0,4.0,4.0,,,4.0,112.91,,,112.91,,28.2275,1.0,0,0.31,0.31,2.0,,0.0,,2.0,2.0,0.0,0.0,,0.0,0,52.0,F,Madison,Silver,0,Household,Mainstream,2024-02-14,0,2024,1,1,0,0,2024-03
501739,0.0,4,1.0,0,8.0,6.0,4.0,2.0,5.5,172.95666666666668,136.88,0.26165264481191386,163.9375,0.26151691357043005,28.82611111111111,4.0,0,0.18000000000000002,0.2025,2.3333333333333335,2.3333333333333335,1.6666666666666667,0.6666666666666667,0.3333333333333333,0.5,0.0,0.0,0.0,0.0,0,63.0,M,Spokane,Gold,1,Household,Mainstream,2023-11-21,0,2023,4,1,0,0,2024-03
501740,2.0,3,0.3333333333333333,0,0.0,0.3333333333333333,,,0.3333333333333333,8.626666666666667,,,8.626666666666667,1.5521286322674008,25.88,0.0,2,0.41,0.41,0.0,,0.0,,0.0,0.0,0.0,0.0,,0.0,0,20.0,F,Denver,Silver,1,Beverages,Mainstream,2023-12-03,0,2023,3,1,1,0,2024-03
501741,0.0,13,0.8461538461538461,0,3.0,1.6666666666666667,3.3333333333333335,-1.6666666666666667,2.923076923076923,75.13,180.21,-0.5798796975884334,152.79384615384615,0.7118602134926717,45.077999999999996,0.0,1,0.245,0.2636363636363636,2.0,-0.6666666666666665,2.3333333333333335,2.0,1.0,0.46153846153846156,0.0,0.0,0.0,0.0,0,38.0,M,Denver,Platinum,1,Household,Mainstream,2023-02-19,0,2023,13,1,0,0,2024-03
501742,0.0,15,1.0,1,4.0,3.0,7.0,-4.0,4.928571428571429,116.36000000000001,271.6066666666666,-0.5694896187425105,198.79500000000002,0.467725431741455,38.78666666666667,2.0,0,0.16999999999999998,0.3521428571428572,1.0,-0.33333333333333326,2.0,0.6666666666666667,1.0,0.7857142857142857,0.0,0.0,0.0,0.0,0,34.0,F,Madison,Gold,1,Produce,Value,2022-02-12,0,2022,25,1,0,0,2024-03
501743,0.0,15,1.0,1,2.0,2.6666666666666665,3.5,-0.8333333333333335,3.642857142857143,59.07333333333333,90.195,-0.341265054736188,83.16785714285713,0.48255458451917776,22.1525,2.3333333333333335,0,0.4233333333333333,0.2657142857142857,2.0,-0.5,2.3333333333333335,0.8333333333333335,0.6666666666666666,0.9285714285714286,1.0,1.0,1.0,0.0,1,50.0,M,Columbus,Gold,1,Produce,Mainstream,2021-10-03,0,2021,29,1,0,0,2024-03
501744,9.0,15,0.3333333333333333,0,0.0,0.0,0.0,0.0,0.7333333333333333,0.0,0.0,0.0,20.474,1.7181548151286987,,0.0,3,,0.332,0.0,0.0,0.0,0.0,0.0,0.13333333333333333,0.0,0.0,0.0,0.0,0,69.0,M,Denver,Silver,1,Produce,Value,2021-09-25,0,2021,30,0,1,0,2024-03
501745,0.0,15,1.0,1,9.0,9.5,5.0,4.5,6.642857142857143,346.065,183.6833333333333,0.8792437505640287,252.5692857142857,0.38735089393550737,36.427894736842106,5.0,0,0.39,0.31428571428571433,2.5,-0.16666666666666652,1.5,-0.5,0.0,0.21428571428571427,0.0,0.0,0.0,0.0,0,18.0,M,Nashville,Gold,1,Produce,Mainstream,2021-04-07,0,2021,35,1,0,0,2024-03
501746,0.0,15,0.7857142857142857,1,1.0,1.3333333333333333,1.6666666666666667,-0.3333333333333335,1.1428571428571428,52.30666666666667,66.38333333333334,-0.20890427900074202,44.78214285714286,0.8086734180680826,39.230000000000004,0.3333333333333333,1,0.29,0.4036363636363637,0.3333333333333333,0.3333333333333333,0.3333333333333333,-0.3333333333333333,0.3333333333333333,0.42857142857142855,1.0,1.0,1.0,1.0,1,74.0,M,Tulsa,Silver,0,Produce,Upscale,2021-10-25,0,2021,29,1,1,0,2024-03
501748,4.0,15,0.7142857142857143,1,0.0,0.0,2.3333333333333335,-2.3333333333333335,4.357142857142857,0.0,36.60666666666666,-0.9734089700407729,73.52714285714286,0.7936578443682899,,0.0,3,,0.261,0.0,-3.0,0.0,-0.3333333333333333,0.0,0.5,0.0,2.0,-2.0,0.0,0,66.0,F,Columbus,Silver,1,Household,Mainstream,2022-11-20,0,2022,16,0,1,0,2024-03
501749,7.0,14,0.5,0,0.0,0.0,0.0,0.0,1.1428571428571428,0.0,0.0,0.0,41.56285714285714,1.1832514546014028,,0.0,3,,0.3442857142857143,0.0,0.0,0.0,0.0,0.0,0.2857142857142857,0.0,0.0,0.0,0.0,0,72.0,F,Portland,Gold,0,Frozen Foods,Value,2022-04-06,0,2022,23,0,1,0,2024-03
501750,0.0,5,1.0,0,3.0,3.0,6.5,-3.5,4.4,86.16000000000001,195.27,-0.5559178682427268,129.804,0.5030828453173064,28.720000000000002,3.0,0,0.3499999999999999,0.33199999999999996,2.0,0.5,2.3333333333333335,1.3333333333333335,0.0,0.6,0.0,0.0,0.0,0.0,0,27.0,F,Raleigh,Gold,1,Snacks,Value,2023-10-08,0,2023,5,1,0,0,2024-03
501751,0.0,15,1.0,0,5.0,5.666666666666667,5.333333333333333,0.3333333333333339,4.866666666666666,147.55666666666664,134.64000000000001,0.09522756315737708,133.1906666666667,0.4661225905918284,26.03941176470588,2.3333333333333335,0,0.24,0.29066666666666663,3.0,2.0,0.6666666666666666,0.3333333333333333,0.3333333333333333,0.3333333333333333,0.0,1.0,-1.0,0.0,0,31.0,F,Portland,Gold,0,Bakery,Upscale,2022-02-19,0,2022,25,1,0,0,2024-03
501753,0.0,7,1.0,0,16.0,12.0,8.666666666666666,3.333333333333334,9.857142857142858,277.65333333333336,205.67,0.34830083385751864,228.40142857142862,0.4355274845325275,23.137777777777778,4.666666666666667,0,0.29,0.31,4.333333333333333,0.33333333333333304,1.0,-1.3333333333333335,1.0,0.8571428571428571,0.0,0.0,0.0,0.0,0,41.0,F,Boise,Silver,1,Beverages,Mainstream,2023-08-13,0,2023,7,1,0,0,2024-03
501754,3.0,15,0.7857142857142857,1,0.0,0.0,2.0,-2.0,2.357142857142857,0.0,65.21666666666667,-0.9848980619179462,73.82857142857142,0.8436866367724967,,0.0,3,,0.36909090909090914,0.0,0.0,0.0,0.0,0.0,0.14285714285714285,0.0,0.0,0.0,0.0,0,43.0,F,Boise,Silver,0,Snacks,Mainstream,2021-08-10,0,2021,31,0,1,0,2024-03
501755,3.0,9,0.5555555555555556,0,0.0,0.0,2.0,-2.0,1.5555555555555556,0.0,106.71,-0.9907158109739115,77.7811111111111,1.0718422889347026,,0.0,3,,0.33199999999999996,0.0,-1.3333333333333333,0.0,-0.3333333333333333,0.0,0.2222222222222222,0.0,1.0,-1.0,1.0,1,35.0,M,Columbus,Platinum,0,Household,Mainstream,2023-04-26,0,2023,11,0,1,0,2024-03
501756,1.0,15,0.5333333333333333,0,0.0,0.3333333333333333,0.3333333333333333,0.0,0.6666666666666666,12.92,13.886666666666665,-0.06493506493506483,27.12066666666666,1.0666456085794933,38.76,0.0,2,0.39,0.32625,0.3333333333333333,-2.333333333333333,0.6666666666666666,-1.666666666666667,0.3333333333333333,0.4666666666666667,4.0,4.0,4.0,0.0,0,27.0,M,Denver,Gold,1,Household,Upscale,2021-03-16,0,2021,36,1,1,0,2024-03
501757,0.0,14,1.0,0,3.0,4.333333333333333,2.0,2.333333333333333,3.7857142857142856,105.32333333333334,48.873333333333335,1.131867397406764,88.84642857142858,0.559694435085646,24.305384615384618,2.0,0,0.2733333333333334,0.33142857142857146,1.0,-0.6666666666666667,0.6666666666666666,0.3333333333333333,1.3333333333333333,0.9285714285714286,0.0,0.0,0.0,0.0,0,65.0,Other,Spokane,Silver,0,Beverages,Mainstream,2021-08-24,0,2021,31,1,0,0,2024-03
501758,1.0,8,0.875,0,0.0,3.6666666666666665,4.333333333333333,-0.6666666666666665,3.875,79.46333333333332,112.26666666666667,-0.2896115361977635,90.87625,0.6944739090909204,21.671818181818182,1.6666666666666667,1,0.165,0.29000000000000004,1.0,-1.3333333333333335,0.6666666666666666,-0.6666666666666666,0.0,0.125,0.0,0.0,0.0,0.0,0,45.0,F,Portland,Silver,1,Frozen Foods,Value,2023-07-22,0,2023,8,1,0,0,2024-03
501759,8.0,15,0.2,0,0.0,0.0,0.0,0.0,0.4,0.0,0.0,0.0,7.945333333333334,2.0922488040833715,,0.0,3,,0.27,0.0,0.0,0.0,0.0,0.0,0.2,0.0,0.0,0.0,0.0,1,18.0,F,Raleigh,Silver,1,Snacks,Value,2021-05-21,0,2021,34,0,1,0,2024-03
501760,0.0,15,1.0,0,5.0,2.6666666666666665,2.6666666666666665,0.0,4.0,98.78333333333335,112.15333333333332,-0.11815825134036391,171.85399999999996,0.8544058746353945,37.04375,2.3333333333333335,0,0.2833333333333333,0.29399999999999993,1.3333333333333333,-1.3333333333333333,1.0,-1.0,1.6666666666666667,0.9333333333333333,0.0,0.0,0.0,0.0,0,70.0,M,Nashville,Silver,1,Beverages,Value,2021-07-24,0,2021,32,1,0,0,2024-03
501761,0.0,15,0.9333333333333333,0,6.0,6.0,1.3333333333333333,4.666666666666667,3.933333333333333,154.78,36.416666666666664,3.163385300668152,105.10066666666665,0.5666113665710888,25.796666666666667,2.0,0,0.31333333333333335,0.27642857142857136,0.6666666666666666,-0.6666666666666666,1.6666666666666667,-0.9999999999999998,1.0,0.7333333333333333,1.0,1.0,1.0,0.0,0,24.0,F,Tulsa,Silver,1,Produce,Mainstream,2021-03-09,0,2021,36,1,0,0,2024-03
501762,12.0,14,0.14285714285714285,0,0.0,0.0,0.0,0.0,0.2857142857142857,0.0,0.0,0.0,12.403571428571427,2.7120521605189385,,0.0,3,,0.545,0.0,0.0,0.0,0.0,0.0,0.14285714285714285,0.0,0.0,0.0,0.0,0,68.0,M,Boise,Platinum,0,Bakery,Mainstream,2023-01-18,0,2023,14,0,1,0,2024-03
501763,0.0,15,1.0,0,4.0,2.6666666666666665,4.666666666666667,-2.0000000000000004,4.266666666666667,85.55666666666667,137.4933333333333,-0.37501203427361113,126.96666666666665,0.44648862719475585,32.08375,2.6666666666666665,0,0.22,0.29000000000000004,0.0,-0.3333333333333333,1.3333333333333333,-0.3333333333333335,0.3333333333333333,0.4666666666666667,2.0,3.0,1.0,1.0,1,58.0,F,Austin,Silver,1,Dairy,Mainstream,2021-06-06,0,2021,33,1,0,0,2024-03
501764,0.0,10,0.9,0,1.0,2.0,2.6666666666666665,-0.6666666666666665,3.4,41.74,52.74666666666667,-0.20478789382287274,71.777,0.6898116504487705,20.87,2.3333333333333335,1,0.15,0.2744444444444445,1.0,-1.0,0.6666666666666666,0.0,0.3333333333333333,0.6,1.0,1.0,1.0,1.0,1,40.0,Unknown,Denver,Silver,0,Household,Value,2023-05-04,0,2023,10,1,0,0,2024-03
501765,8.0,12,0.18181818181818182,1,0.0,0.0,0.0,0.0,0.5454545454545454,0.0,0.0,0.0,15.705454545454545,2.602596457607232,,0.0,3,,0.355,0.0,0.0,0.0,0.0,0.0,0.0,0.0,0.0,0.0,0.0,0,40.0,M,Boise,Silver,1,Dairy,Mainstream,2023-03-13,0,2023,12,0,1,0,2024-03
501766,0.0,15,1.0,1,5.0,3.6666666666666665,3.0,0.6666666666666665,2.7857142857142856,183.20333333333335,138.15,0.32377530243142894,129.75714285714284,0.4732720726198081,49.96454545454546,1.6666666666666667,0,0.19666666666666668,0.2935714285714286,0.3333333333333333,-2.1666666666666665,0.0,-0.5,0.3333333333333333,0.7857142857142857,0.0,1.0,-1.0,0.0,0,21.0,M,Madison,Platinum,1,Bakery,Value,2022-09-19,0,2022,18,1,0,0,2024-03
501767,0.0,12,1.0,1,6.0,4.666666666666667,7.5,-2.833333333333333,5.181818181818182,194.0,265.47,-0.2682103051000113,196.64,0.3870081286896222,41.57142857142857,1.3333333333333333,0,0.25333333333333335,0.2809090909090909,2.3333333333333335,-2.6666666666666665,1.6666666666666667,0.16666666666666674,0.6666666666666666,0.9090909090909091,0.0,0.0,0.0,0.0,0,40.0,M,Madison,Silver,1,Frozen Foods,Value,2023-03-07,0,2023,12,1,0,0,2024-03
501769,0.0,15,1.0,1,1.0,2.3333333333333335,6.333333333333333,-3.9999999999999996,4.142857142857143,102.08,277.86333333333334,-0.6303565665379697,186.44428571428574,0.4763099718410145,43.74857142857143,1.0,0,0.5299999999999999,0.31357142857142856,1.0,-1.0,2.0,1.0,2.3333333333333335,1.1428571428571428,0.0,0.0,0.0,0.0,0,68.0,M,Denver,Platinum,1,Produce,Unknown,2022-01-13,0,2022,26,1,0,0,2024-03
501770,0.0,15,1.0,0,5.0,5.666666666666667,4.0,1.666666666666667,5.6,159.73666666666668,106.75999999999999,0.4916171739668401,157.1573333333333,0.3865775243947069,28.188823529411767,3.3333333333333335,0,0.3466666666666667,0.26799999999999996,2.6666666666666665,0.0,0.0,-0.3333333333333333,1.3333333333333333,0.7333333333333333,0.0,1.0,-1.0,0.0,0,74.0,F,Spokane,Gold,0,Beverages,Value,2022-12-02,0,2022,15,1,0,0,2024-03
501771,3.0,15,0.8,0,0.0,0.0,3.6666666666666665,-3.6666666666666665,3.3333333333333335,0.0,99.13,-0.9900129831219415,99.76266666666668,0.5979969872004403,,0.0,3,,0.25333333333333335,0.3333333333333333,-1.3333333333333335,0.0,-0.3333333333333333,0.0,0.5333333333333333,0.0,2.0,-2.0,0.0,0,56.0,F,Columbus,Silver,0,Dairy,Value,2021-09-19,0,2021,30,0,1,0,2024-03
501772,0.0,6,0.8,1,2.0,2.0,1.0,1.0,1.4,73.995,33.61333333333334,1.1666506163328196,49.766,0.6301522506720707,36.9975,1.5,0,0.44,0.3775,0.5,-0.5,0.0,-0.3333333333333333,0.5,0.4,1.0,1.0,1.0,0.0,0,47.0,F,Columbus,Silver,1,Produce,Upscale,2023-09-12,0,2023,6,1,0,0,2024-03
501773,0.0,7,1.0,0,5.0,3.6666666666666665,6.666666666666667,-3.0000000000000004,4.571428571428571,125.95666666666665,237.3133333333333,-0.46726998069768094,160.91571428571427,0.5740624616489511,34.351818181818174,2.3333333333333335,0,0.45,0.39571428571428574,0.6666666666666666,-1.3333333333333335,0.3333333333333333,-1.0,0.6666666666666666,0.8571428571428571,0.0,0.0,0.0,0.0,0,63.0,M,Boise,Silver,1,Bakery,Mainstream,2023-08-11,0,2023,7,1,0,0,2024-03
501774,0.0,15,1.0,0,10.0,10.333333333333334,10.0,0.3333333333333339,10.133333333333333,336.0933333333333,278.7133333333333,0.20513859427509118,313.22999999999996,0.32908339260535163,32.52516129032258,4.333333333333333,0,0.17666666666666667,0.312,2.6666666666666665,-0.3333333333333335,1.0,1.0,0.3333333333333333,0.4666666666666667,0.0,0.0,0.0,0.0,0,30.0,F,Columbus,Silver,0,Bakery,Value,2022-01-20,0,2022,26,1,0,0,2024-03
501775,0.0,15,1.0,0,6.0,2.6666666666666665,2.6666666666666665,0.0,2.933333333333333,90.57,84.37,0.07262504392643772,98.63000000000001,0.5813536290311948,33.96375,2.6666666666666665,0,0.5,0.3406666666666666,2.6666666666666665,0.33333333333333304,0.3333333333333333,0.0,0.6666666666666666,0.3333333333333333,0.0,0.0,0.0,0.0,0,69.0,F,Raleigh,Gold,0,Snacks,Mainstream,2022-02-05,0,2022,25,1,0,0,2024-03
501776,1.0,15,0.8666666666666667,0,0.0,0.3333333333333333,5.333333333333333,-5.0,4.666666666666667,6.483333333333333,118.89666666666666,-0.9375851427618227,104.60533333333333,0.6990145386283332,19.45,0.3333333333333333,2,0.56,0.32076923076923075,1.0,-0.33333333333333326,0.0,-1.0,0.0,0.8666666666666667,0.0,2.0,-2.0,0.0,0,48.0,F,Madison,Silver,0,Bakery,Mainstream,2022-09-22,0,2022,18,1,1,0,2024-03
501777,0.0,15,0.7857142857142857,1,1.0,1.3333333333333333,1.3333333333333333,0.0,1.5,62.879999999999995,61.49666666666667,0.02213451384073805,69.74857142857142,0.8742753270115896,47.16,0.3333333333333333,0,0.47666666666666674,0.41545454545454547,1.3333333333333333,0.6666666666666666,1.0,0.0,0.0,0.6428571428571429,0.0,1.0,-1.0,0.0,1,43.0,F,Madison,Platinum,1,Personal Care,Mainstream,2022-05-29,0,2022,22,1,0,0,2024-03
501778,0.0,15,0.7333333333333333,0,1.0,0.6666666666666666,1.3333333333333333,-0.6666666666666666,1.1333333333333333,27.2,58.79333333333333,-0.5283755156650686,51.298,0.9434440599647399,40.8,0.6666666666666666,1,0.235,0.3581818181818182,0.3333333333333333,0.3333333333333333,2.0,1.0,1.3333333333333333,0.9333333333333333,1.0,1.0,1.0,0.0,0,57.0,F,Raleigh,Platinum,1,Snacks,Mainstream,2021-07-21,0,2021,32,1,0,0,2024-03
501779,0.0,15,0.8666666666666667,0,2.0,2.0,2.6666666666666665,-0.6666666666666665,2.4,66.21,96.10666666666667,-0.30787450226554997,87.21399999999998,0.5029222675397776,33.105,0.0,1,0.28500000000000003,0.26384615384615384,1.3333333333333333,-0.6666666666666667,2.3333333333333335,-0.33333333333333304,1.3333333333333333,0.6666666666666666,0.0,0.0,0.0,0.0,0,51.0,M,Nashville,Gold,1,Dairy,Value,2021-07-09,0,2021,32,1,0,0,2024-03
501780,0.0,15,1.0,1,8.0,5.666666666666667,5.5,0.16666666666666696,5.285714285714286,280.64,221.55,0.26551336778252066,230.5264285714286,0.36047937304532324,49.52470588235294,2.0,0,0.36666666666666664,0.3221428571428571,3.0,0.5,3.0,2.5,0.3333333333333333,0.5714285714285714,0.0,1.0,-1.0,0.0,0,45.0,M,Columbus,Silver,1,Frozen Foods,Value,2021-06-18,0,2021,33,1,0,0,2024-03
501781,12.0,15,0.21428571428571427,1,0.0,0.0,0.0,0.0,0.9285714285714286,0.0,0.0,0.0,21.212857142857143,2.0999449577799454,,0.0,3,,0.27999999999999997,0.0,0.0,0.0,0.0,0.0,0.07142857142857142,0.0,0.0,0.0,0.0,0,69.0,F,Columbus,Silver,1,Dairy,Value,2021-02-26,0,2021,37,0,1,0,2024-03
501782,0.0,11,0.9090909090909091,0,3.0,2.0,3.6666666666666665,-1.6666666666666665,2.5454545454545454,75.62333333333332,136.22,-0.4416022931545451,93.02636363636363,0.5922651022975878,37.81166666666666,2.0,0,0.22999999999999998,0.288,2.0,1.0,1.6666666666666667,-0.33333333333333326,1.0,0.5454545454545454,0.0,2.0,-2.0,1.0,1,38.0,F,Denver,Silver,1,Household,Value,2023-04-28,0,2023,11,1,0,0,2024-03
501783,8.0,15,0.4666666666666667,0,0.0,0.0,0.0,0.0,2.1333333333333333,0.0,0.0,0.0,77.14333333333335,1.3059131648792377,,0.0,3,,0.26285714285714284,0.0,0.0,0.0,0.0,0.0,0.26666666666666666,0.0,0.0,0.0,0.0,1,66.0,F,Nashville,Gold,1,Household,Value,2021-10-13,0,2021,29,0,1,0,2024-03
501784,7.0,9,0.1111111111111111,0,0.0,0.0,0.0,0.0,0.1111111111111111,0.0,0.0,0.0,5.098888888888889,2.5081071233375845,,0.0,3,,0.22,0.0,0.0,0.0,0.0,0.0,0.0,0.0,0.0,0.0,0.0,0,32.0,F,Columbus,Gold,1,Snacks,Upscale,2023-06-09,0,2023,9,0,1,0,2024-03
501785,0.0,14,1.0,0,7.0,6.0,5.666666666666667,0.33333333333333304,5.142857142857143,187.36666666666667,159.3033333333333,0.175063941277994,152.66785714285717,0.38094633853488313,31.227777777777778,2.0,0,0.3066666666666667,0.275,2.6666666666666665,-0.3333333333333335,0.6666666666666666,-0.6666666666666666,1.0,1.0714285714285714,0.0,0.0,0.0,0.0,0,41.0,F,Tulsa,Gold,1,Dairy,Value,2021-07-22,0,2021,32,1,0,0,2024-03
501786,0.0,15,1.0,2,11.0,6.666666666666667,3.5,3.166666666666667,4.6923076923076925,229.01999999999998,114.08500000000001,0.9986966155450316,166.79384615384612,0.568002909013305,34.352999999999994,2.6666666666666665,0,0.25,0.29538461538461536,1.6666666666666667,-0.33333333333333326,0.3333333333333333,-0.16666666666666669,0.6666666666666666,0.38461538461538464,0.0,0.0,0.0,0.0,0,34.0,F,Tulsa,Silver,0,Snacks,Mainstream,2021-04-30,0,2021,35,1,0,0,2024-03
501787,0.0,15,1.0,0,3.0,5.0,2.3333333333333335,2.6666666666666665,4.2,177.40333333333334,68.18333333333334,1.578703926764635,139.85733333333334,0.3930115696081577,35.48066666666667,2.6666666666666665,0,0.08333333333333333,0.26066666666666666,2.6666666666666665,0.6666666666666665,0.3333333333333333,-0.3333333333333333,0.6666666666666666,0.4666666666666667,0.0,1.0,-1.0,0.0,1,28.0,F,Portland,Gold,0,Produce,Mainstream,2022-12-05,0,2022,15,1,0,0,2024-03
501788,0.0,15,1.0,2,3.0,4.333333333333333,4.0,0.33333333333333304,4.0,104.84333333333332,92.64,0.13032179980065484,92.52769230769232,0.40213885352485607,24.194615384615382,2.6666666666666665,0,0.3466666666666667,0.2823076923076923,1.0,0.0,1.0,0.5,0.3333333333333333,0.38461538461538464,0.0,0.0,0.0,0.0,0,20.0,F,Boise,Silver,0,Produce,Upscale,2022-09-21,0,2022,18,1,1,0,2024-03
501789,0.0,3,1.0,0,3.0,3.0,,,3.0,99.94333333333333,,,99.94333333333333,0.45015944146585746,33.31444444444444,1.6666666666666667,0,0.3333333333333333,0.3333333333333333,2.6666666666666665,,1.3333333333333333,,1.0,1.0,2.0,2.0,,1.0,1,50.0,M,Spokane,Gold,1,Snacks,Upscale,2023-12-17,0,2023,3,1,0,0,2024-03
501790,0.0,2,1.0,0,2.0,1.5,,,1.5,56.459999999999994,,,56.459999999999994,0.5203006388542852,37.63999999999999,2.0,0,0.185,0.185,1.0,,1.0,,0.0,0.0,1.0,1.0,,0.0,0,32.0,F,Portland,Silver,1,Bakery,Value,2024-01-11,0,2024,2,1,1,0,2024-03
501791,1.0,6,0.8333333333333334,0,0.0,1.3333333333333333,5.333333333333333,-4.0,3.3333333333333335,43.64000000000001,154.0666666666667,-0.7121238177128116,98.85333333333335,0.7053038306313141,32.730000000000004,1.6666666666666667,1,0.36,0.27599999999999997,0.0,-3.0,0.0,-0.6666666666666666,0.3333333333333333,0.16666666666666666,1.0,4.0,-2.0,2.0,1,74.0,M,Raleigh,Gold,1,Frozen Foods,Mainstream,2023-09-14,0,2023,6,1,1,0,2024-03
501793,0.0,14,1.0,0,7.0,4.0,1.6666666666666667,2.333333333333333,2.642857142857143,79.61,28.34,1.747443762781186,49.46071428571429,0.684058628376058,19.9025,3.3333333333333335,0,0.48666666666666664,0.30928571428571433,1.0,0.0,0.0,-0.3333333333333333,2.0,1.0714285714285714,0.0,0.0,0.0,0.0,0,36.0,F,Austin,Silver,0,Household,Value,2023-01-21,0,2023,14,1,0,0,2024-03
501794,13.0,15,0.13333333333333333,0,0.0,0.0,0.0,0.0,0.13333333333333333,0.0,0.0,0.0,2.7113333333333336,1.9288819334033165,,0.0,3,,0.22999999999999998,0.0,0.0,0.0,0.0,0.0,0.06666666666666667,0.0,0.0,0.0,0.0,1,18.0,M,Raleigh,Silver,1,Snacks,Mainstream,2021-03-01,0,2021,36,0,1,0,2024-03
501796,0.0,15,1.0,0,10.0,5.666666666666667,4.0,1.666666666666667,4.733333333333333,109.25,77.11666666666666,0.41135054405803295,91.54733333333333,0.5303479991888655,19.279411764705884,3.0,0,0.25,0.302,2.0,1.0,2.3333333333333335,1.0000000000000002,0.6666666666666666,0.5333333333333333,1.0,1.0,1.0,0.0,0,59.0,F,Raleigh,Silver,1,Dairy,Upscale,2022-06-25,0,2022,21,1,0,0,2024-03
501797,0.0,15,1.0,1,5.0,6.0,5.333333333333333,0.666666666666667,5.142857142857143,216.51666666666665,188.03666666666666,0.1506586023875438,184.4221428571429,0.4512614689374722,36.08611111111111,3.3333333333333335,0,0.3333333333333333,0.31999999999999995,1.0,-1.3333333333333335,0.3333333333333333,0.3333333333333333,0.0,0.42857142857142855,0.0,1.0,-1.0,0.0,1,38.0,M,Columbus,Platinum,0,Beverages,Mainstream,2021-12-31,0,2021,27,1,0,0,2024-03
501798,0.0,1,1.0,0,6.0,6.0,,,6.0,274.22,,,274.22,,45.70333333333334,4.0,0,0.27,0.27,2.0,,0.0,,0.0,0.0,0.0,0.0,,0.0,0,,F,Portland,Platinum,0,Frozen Foods,Value,2024-02-29,1,2024,1,1,0,0,2024-03
501799,0.0,15,1.0,2,3.0,5.333333333333333,5.333333333333333,0.0,4.769230769230769,195.7966666666667,206.7266666666667,-0.05261722134856692,180.73230769230773,0.3651669489517554,36.711875000000006,2.0,0,0.19666666666666666,0.2223076923076923,4.333333333333333,-0.3333333333333339,0.0,0.0,0.6666666666666666,0.5384615384615384,0.0,1.0,-1.0,0.0,1,24.0,F,Austin,Gold,0,Snacks,Value,2022-03-27,0,2022,24,1,0,0,2024-03
501800,0.0,14,0.9230769230769231,1,3.0,3.3333333333333335,4.333333333333333,-0.9999999999999996,4.230769230769231,75.74,109.06333333333332,-0.30276507465398705,102.87692307692306,0.5556096754597089,22.722,1.0,1,0.22000000000000003,0.2591666666666667,3.6666666666666665,1.6666666666666665,0.6666666666666666,0.3333333333333333,1.0,1.3076923076923077,0.0,0.0,0.0,0.0,1,41.0,F,Nashville,Silver,0,Bakery,Mainstream,2022-09-12,0,2022,18,1,0,0,2024-03
501801,0.0,3,1.0,0,5.0,3.6666666666666665,,,3.6666666666666665,177.20333333333335,,,177.20333333333335,0.3224303559652625,48.32818181818182,2.3333333333333335,0,0.11333333333333334,0.11333333333333334,2.0,,0.6666666666666666,,0.3333333333333333,0.3333333333333333,1.0,1.0,,1.0,1,29.0,F,Boise,Platinum,1,Dairy,Value,2023-12-21,0,2023,3,1,0,0,2024-03
501802,14.0,15,0.06666666666666667,0,0.0,0.0,0.0,0.0,0.06666666666666667,0.0,0.0,0.0,3.868666666666667,3.077491764759912,,0.0,3,,0.45,0.0,0.0,0.0,0.0,0.0,0.0,0.0,0.0,0.0,0.0,0,51.0,M,Portland,Platinum,0,Personal Care,Mainstream,2022-09-21,0,2022,18,0,1,0,2024-03
501803,0.0,15,1.0,1,6.0,5.666666666666667,6.5,-0.833333333333333,5.5,131.73666666666668,164.435,-0.1976506382164193,132.9157142857143,0.4395834061923827,23.24764705882353,1.6666666666666667,0,0.21666666666666667,0.28500000000000003,4.0,0.5,1.0,0.0,0.6666666666666666,0.5714285714285714,0.0,0.0,0.0,0.0,0,21.0,F,Austin,Silver,1,Frozen Foods,Upscale,2022-03-17,0,2022,24,1,0,0,2024-03
501804,2.0,15,0.8666666666666667,0,0.0,1.3333333333333333,1.0,0.33333333333333326,2.3333333333333335,46.446666666666665,39.86666666666667,0.1610114192495921,84.22066666666667,0.9491830583559321,34.835,2.0,2,0.35,0.23615384615384613,0.0,-1.0,0.0,-1.0,0.0,0.4666666666666667,1.0,2.0,0.0,1.0,1,30.0,Unknown,Madison,Gold,0,Snacks,Mainstream,2022-12-10,0,2022,15,1,1,0,2024-03
501805,0.0,15,1.0,0,6.0,5.0,7.0,-2.0,5.4,167.14333333333335,255.32666666666663,-0.3440271528518296,184.18466666666666,0.3916181796814142,33.428666666666665,5.666666666666667,0,0.3366666666666666,0.30466666666666664,6.333333333333333,2.6666666666666665,1.6666666666666667,1.0,1.3333333333333333,0.5333333333333333,0.0,0.0,0.0,0.0,0,27.0,M,Austin,Gold,1,Produce,Mainstream,2021-05-20,0,2021,34,1,0,0,2024-03
501806,14.0,15,0.06666666666666667,0,0.0,0.0,0.0,0.0,0.06666666666666667,0.0,0.0,0.0,3.0373333333333337,2.913690905766346,,0.0,3,,0.46,0.0,0.0,0.0,0.0,0.0,0.0,0.0,0.0,0.0,0.0,0,56.0,F,Nashville,Gold,1,Dairy,Value,2021-04-16,0,2021,35,0,1,0,2024-03
501807,3.0,12,0.75,0,0.0,0.0,3.0,-3.0,4.333333333333333,0.0,69.14666666666666,-0.9857441551035925,102.05583333333333,0.8345777199917488,,0.0,3,,0.3255555555555556,0.0,-1.3333333333333333,0.0,-0.3333333333333333,0.0,0.3333333333333333,0.0,2.0,-2.0,1.0,1,41.0,F,Columbus,Gold,1,Personal Care,Mainstream,2023-03-07,0,2023,12,0,1,0,2024-03
501808,14.0,15,0.06666666666666667,0,0.0,0.0,0.0,0.0,0.06666666666666667,0.0,0.0,0.0,1.8913333333333333,2.5334687002975427,,0.0,3,,0.43,0.0,0.0,0.0,0.0,0.0,0.0,0.0,0.0,0.0,0.0,0,58.0,M,Columbus,Silver,1,Dairy,Mainstream,2021-04-18,0,2021,35,0,1,0,2024-03
501809,0.0,8,1.0,1,2.0,5.0,5.0,0.0,5.285714285714286,176.805,177.63333333333335,-0.004637059152827098,182.15714285714287,0.5014582500583207,35.361000000000004,3.0,0,0.185,0.2542857142857143,2.5,0.16666666666666652,0.0,-0.6666666666666666,1.0,0.5714285714285714,0.0,0.0,0.0,0.0,0,25.0,M,Madison,Silver,0,Bakery,Upscale,2023-07-23,0,2023,8,1,0,0,2024-03
501810,0.0,3,1.0,0,4.0,6.0,,,6.0,148.46666666666667,,,148.46666666666667,0.4366217009328901,24.744444444444444,4.0,0,0.24333333333333337,0.24333333333333337,1.3333333333333333,,2.6666666666666665,,1.0,1.0,0.0,0.0,,0.0,0,59.0,M,Nashville,Silver,1,Dairy,Value,2023-12-08,0,2023,3,1,0,0,2024-03
501811,13.0,15,0.13333333333333333,0,0.0,0.0,0.0,0.0,0.2,0.0,0.0,0.0,5.054666666666666,2.3689960273550352,,0.0,3,,0.325,0.0,0.0,0.0,0.0,0.0,0.06666666666666667,0.0,0.0,0.0,0.0,0,50.0,F,Madison,Gold,0,Dairy,Mainstream,2022-04-04,0,2022,23,0,1,0,2024-03
501812,0.0,4,1.0,1,1.0,1.0,2.0,-1.0,1.3333333333333333,20.43,35.56,-0.4138402625820569,25.473333333333333,0.3438442983978402,20.43,1.0,0,0.22000000000000003,0.24000000000000002,0.0,-3.0,0.5,-0.5,0.0,0.3333333333333333,0.0,0.0,0.0,0.0,0,46.0,M,Spokane,Silver,1,Dairy,Mainstream,2023-11-07,0,2023,4,1,1,0,2024-03
501813,9.0,11,0.18181818181818182,0,0.0,0.0,0.0,0.0,0.5454545454545454,0.0,0.0,0.0,15.989090909090908,2.0990654852144504,,0.0,3,,0.2,0.0,0.0,0.0,0.0,0.0,0.0,0.0,0.0,0.0,0.0,0,39.0,F,Tulsa,Silver,1,Household,Mainstream,2023-04-24,0,2023,11,0,1,0,2024-03
501814,0.0,14,0.9285714285714286,0,2.0,3.0,3.3333333333333335,-0.3333333333333335,3.5,79.48666666666666,91.72333333333334,-0.1319696588417156,96.91499999999999,0.58966501622015,26.495555555555555,0.3333333333333333,0,0.11666666666666668,0.25692307692307687,1.0,0.0,1.3333333333333333,-1.0000000000000002,1.6666666666666667,0.6428571428571429,1.0,2.0,0.0,0.0,0,73.0,M,Tulsa,Silver,1,Dairy,Mainstream,2023-01-12,0,2023,14,1,0,0,2024-03
501815,0.0,15,1.0,0,7.0,6.333333333333333,8.666666666666666,-2.333333333333333,5.466666666666667,221.25,287.67333333333335,-0.2300986120412924,186.86199999999997,0.46491414322631863,34.93421052631579,1.3333333333333333,0,0.17333333333333334,0.31733333333333336,2.0,-2.0,1.0,-0.33333333333333326,0.6666666666666666,1.1333333333333333,0.0,0.0,0.0,0.0,0,54.0,F,Boise,Silver,1,Produce,Upscale,2022-02-18,0,2022,25,1,0,0,2024-03
501816,0.0,15,1.0,1,4.0,6.333333333333333,7.0,-0.666666666666667,6.857142857142857,187.81000000000003,246.865,-0.23825469509612077,226.69571428571427,0.27530728371776403,29.654210526315794,5.0,0,0.21,0.2735714285714285,5.333333333333333,1.333333333333333,2.6666666666666665,1.6666666666666665,0.3333333333333333,0.5,0.0,0.0,0.0,0.0,0,67.0,F,Austin,Silver,1,Snacks,Mainstream,2021-08-31,0,2021,31,1,0,0,2024-03
501817,3.0,15,0.8,0,0.0,0.0,5.0,-5.0,4.0,0.0,119.38666666666666,-0.9916934322737845,95.11933333333333,0.6102195241716399,,0.0,3,,0.17166666666666666,0.0,-0.6666666666666666,0.0,-0.3333333333333333,0.0,0.13333333333333333,0.0,2.0,-2.0,1.0,1,32.0,M,Tulsa,Silver,0,Frozen Foods,Value,2021-06-23,0,2021,33,0,1,0,2024-03
501818,0.0,15,0.9333333333333333,0,2.0,5.666666666666667,3.6666666666666665,2.0000000000000004,4.733333333333333,93.80333333333333,59.66,0.5628640509946148,78.302,0.5585821841163544,16.553529411764703,2.0,0,0.35333333333333333,0.3092857142857143,4.333333333333333,0.9999999999999996,1.3333333333333333,1.0,1.0,1.0666666666666667,0.0,1.0,-1.0,1.0,1,50.0,M,Nashville,Silver,0,Snacks,Value,2022-05-04,0,2022,22,1,0,0,2024-03
501819,0.0,15,1.0,0,1.0,1.3333333333333333,3.0,-1.6666666666666667,2.8,35.406666666666666,78.43333333333332,-0.541670163659253,71.92,0.5309354464238343,26.555,1.6666666666666667,0,0.32666666666666666,0.3,1.3333333333333333,-0.6666666666666667,1.3333333333333333,1.0,1.0,0.8666666666666667,0.0,0.0,0.0,0.0,0,57.0,M,Raleigh,Silver,0,Personal Care,Mainstream,2021-04-01,0,2021,35,1,0,0,2024-03
501820,0.0,15,1.0,0,3.0,4.666666666666667,2.6666666666666665,2.0000000000000004,4.0,179.70000000000002,89.43666666666667,0.9980833732630572,143.04866666666666,0.5133478809097916,38.50714285714286,3.3333333333333335,0,0.41333333333333333,0.31133333333333335,1.3333333333333333,-2.0,1.3333333333333333,1.0,0.6666666666666666,0.4,0.0,0.0,0.0,0.0,0,56.0,F,Nashville,Gold,1,Produce,Mainstream,2021-12-31,0,2021,27,1,0,0,2024-03
501822,0.0,15,0.9166666666666666,3,3.0,2.0,3.0,-1.0,3.1666666666666665,46.095,81.9,-0.43190591073582635,75.85666666666667,0.6579396088402643,23.0475,2.0,0,0.275,0.25272727272727274,1.0,1.0,0.5,0.0,0.5,0.4166666666666667,1.0,1.0,1.0,0.0,0,33.0,F,Denver,Gold,0,Snacks,Mainstream,2022-06-29,0,2022,21,1,0,0,2024-03
501823,0.0,3,1.0,0,8.0,10.0,,,10.0,327.5866666666667,,,327.5866666666667,0.1499778312165192,32.75866666666667,3.0,0,0.23666666666666666,0.23666666666666666,3.6666666666666665,,1.6666666666666667,,0.6666666666666666,0.6666666666666666,0.0,0.0,,0.0,0,36.0,F,Boise,Gold,1,Beverages,Upscale,2023-12-17,0,2023,3,1,0,0,2024-03
501824,6.0,7,0.14285714285714285,0,0.0,0.0,0.0,0.0,0.2857142857142857,0.0,0.0,0.0,5.511428571428572,2.2394270640823146,,0.0,3,,0.26,0.0,0.0,0.0,0.0,0.0,0.0,0.0,0.0,0.0,0.0,0,71.0,F,Spokane,Silver,0,Personal Care,Upscale,2023-08-31,0,2023,7,0,1,0,2024-03
501825,0.0,14,1.0,0,4.0,8.0,4.0,4.0,6.428571428571429,210.82000000000002,86.59333333333332,1.4182205647309543,150.94000000000003,0.544150489609378,26.352500000000003,3.6666666666666665,0,0.19333333333333336,0.2578571428571429,3.0,-1.666666666666667,2.6666666666666665,0.9999999999999998,0.3333333333333333,0.5,0.0,0.0,0.0,0.0,0,,F,Madison,Silver,1,Personal Care,Value,2023-01-05,1,2023,14,1,0,0,2024-03
501826,0.0,15,1.0,2,2.0,4.0,3.5,0.5,3.0,148.845,120.57499999999999,0.23253135924326557,102.05846153846156,0.5970865240900611,37.21125,1.0,0,0.16999999999999998,0.22307692307692312,1.0,-1.0,1.5,0.5,0.5,0.6153846153846154,0.0,0.0,0.0,0.0,0,54.0,F,Spokane,Silver,1,Personal Care,Mainstream,2021-09-19,0,2021,30,1,0,0,2024-03
501827,0.0,14,1.0,1,4.0,2.5,6.666666666666667,-4.166666666666667,4.461538461538462,54.855000000000004,139.33,-0.6019739186203948,93.99384615384614,0.6127283850234231,21.942,1.5,0,0.495,0.3069230769230769,2.0,-1.3333333333333335,1.0,0.6666666666666667,0.0,0.23076923076923078,0.0,1.0,-1.0,0.0,0,57.0,F,Austin,Silver,0,Bakery,Mainstream,2023-01-04,0,2023,14,1,0,0,2024-03
501829,14.0,15,0.06666666666666667,0,0.0,0.0,0.0,0.0,0.06666666666666667,0.0,0.0,0.0,2.5193333333333334,2.772495560772462,,0.0,3,,0.61,0.0,0.0,0.0,0.0,0.0,0.0,0.0,0.0,0.0,0.0,1,41.0,F,Columbus,Silver,1,Frozen Foods,Mainstream,2022-12-13,0,2022,15,0,1,0,2024-03
501830,0.0,15,0.7142857142857143,1,2.0,1.0,2.3333333333333335,-1.3333333333333335,1.5714285714285714,36.125,92.68666666666667,-0.6037322991532057,64.98642857142856,0.7897728764608363,36.125,0.5,1,0.5,0.39,0.5,-0.8333333333333333,1.0,1.0,0.0,0.7142857142857143,1.0,2.0,0.0,0.0,1,34.0,M,Raleigh,Silver,0,Bakery,Mainstream,2022-02-05,0,2022,25,1,0,0,2024-03
501831,3.0,15,0.8,0,0.0,0.0,3.3333333333333335,-3.3333333333333335,3.2666666666666666,0.0,85.56,-0.9884473197781886,84.24466666666666,0.6709950877723647,,0.0,3,,0.3758333333333334,0.0,-0.3333333333333333,0.0,-0.3333333333333333,0.0,0.4,1.0,3.0,-1.0,1.0,1,22.0,F,Denver,Gold,0,Household,Value,2021-03-01,0,2021,36,0,1,0,2024-03
501832,0.0,6,1.0,0,2.0,4.666666666666667,5.0,-0.33333333333333304,4.833333333333333,158.8033333333333,159.99666666666667,-0.007412161742479284,159.4,0.32316376662164525,34.02928571428571,1.0,0,0.3666666666666667,0.3283333333333333,4.0,1.3333333333333335,2.0,1.0,0.0,0.16666666666666666,0.0,1.0,-1.0,0.0,0,73.0,F,Portland,Silver,1,Household,Mainstream,2023-09-18,0,2023,6,1,0,0,2024-03
501834,1.0,15,0.8666666666666667,0,0.0,1.6666666666666667,1.3333333333333333,0.3333333333333335,2.0,59.583333333333336,46.27333333333333,0.2815540826399662,74.858,0.5604748171573761,35.75,0.3333333333333333,1,0.245,0.24076923076923076,2.0,-1.0,1.3333333333333333,0.6666666666666666,1.0,0.6,2.0,2.0,2.0,1.0,1,24.0,F,Columbus,Silver,0,Household,Value,2022-10-29,0,2022,17,1,0,0,2024-03
501835,0.0,15,1.0,0,10.0,10.333333333333334,10.0,0.3333333333333339,11.0,242.9266666666667,238.92666666666665,0.016671760815805067,252.7353333333334,0.34492454796647526,23.50903225806452,2.3333333333333335,0,0.3466666666666667,0.32333333333333336,3.3333333333333335,-2.3333333333333335,0.6666666666666666,0.6666666666666666,0.6666666666666666,0.6666666666666666,0.0,1.0,-1.0,0.0,0,21.0,F,Raleigh,Silver,0,Produce,Upscale,2022-10-09,0,2022,17,1,0,0,2024-03
501837,5.0,14,0.5,0,0.0,0.0,0.6666666666666666,-0.6666666666666666,1.7142857142857142,0.0,16.116666666666667,-0.9415774099318404,37.16642857142858,1.2216528304874836,,0.0,3,,0.37285714285714283,0.0,0.0,0.0,0.0,0.0,0.5,0.0,2.0,-2.0,1.0,1,44.0,F,Raleigh,Silver,1,Snacks,Mainstream,2023-01-22,0,2023,14,0,1,0,2024-03
501838,10.0,15,0.3333333333333333,0,0.0,0.0,0.0,0.0,1.6,0.0,0.0,0.0,61.12199999999999,1.6107584472260454,,0.0,3,,0.242,0.0,0.0,0.0,0.0,0.0,0.06666666666666667,0.0,0.0,0.0,0.0,0,24.0,F,Denver,Platinum,1,Dairy,Mainstream,2022-08-11,0,2022,19,0,1,0,2024-03
501839,2.0,8,0.5714285714285714,1,0.0,0.6666666666666666,1.0,-0.33333333333333337,1.1428571428571428,36.913333333333334,48.72,-0.23746312684365778,61.48142857142857,1.3059206132688808,55.37,0.6666666666666666,2,0.22,0.2475,0.0,0.0,0.0,-1.0,0.0,0.0,0.0,1.0,-1.0,0.0,1,68.0,M,Boise,Platinum,1,Bakery,Value,2023-07-13,0,2023,8,1,1,0,2024-03
501840,0.0,1,1.0,0,2.0,2.0,,,2.0,77.3,,,77.3,,38.65,1.0,0,0.16,0.16,2.0,,0.0,,0.0,0.0,0.0,0.0,,0.0,0,28.0,M,Tulsa,Gold,0,Beverages,Mainstream,2024-02-26,0,2024,1,1,0,0,2024-03
501841,1.0,14,0.9230769230769231,1,0.0,3.0,4.5,-1.5,4.384615384615385,84.47333333333334,146.12,-0.4190230197571143,130.3376923076923,0.4972002280058596,28.15777777777778,2.6666666666666665,1,0.185,0.3,0.6666666666666666,-1.3333333333333335,0.3333333333333333,-2.1666666666666665,1.0,1.0,0.0,2.0,-2.0,0.0,0,39.0,F,Tulsa,Gold,1,Bakery,Value,2023-01-29,0,2023,14,1,0,0,2024-03
501842,3.0,15,0.7333333333333333,0,0.0,0.0,1.3333333333333333,-1.3333333333333333,2.7333333333333334,0.0,30.823333333333334,-0.9685765161830941,64.22933333333334,0.8870666738272167,,0.0,3,,0.24909090909090906,0.0,-0.3333333333333333,0.0,0.0,0.0,0.4,0.0,4.0,-4.0,0.0,0,61.0,M,Portland,Silver,0,Household,Upscale,2022-12-18,0,2022,15,0,1,0,2024-03
501843,0.0,5,1.0,0,4.0,4.0,4.0,0.0,4.0,98.35666666666667,111.015,-0.11300569864155097,103.42,0.4730330103040543,24.589166666666667,2.6666666666666665,0,0.34,0.3,2.3333333333333335,1.8333333333333335,0.3333333333333333,0.3333333333333333,1.3333333333333333,0.8,1.0,1.0,1.0,0.0,0,43.0,F,Madison,Silver,0,Dairy,Mainstream,2023-10-13,0,2023,5,1,0,0,2024-03
501844,11.0,15,0.2,0,0.0,0.0,0.0,0.0,0.4,0.0,0.0,0.0,8.722666666666667,1.972141906367415,,0.0,3,,0.34,0.0,0.0,0.0,0.0,0.0,0.06666666666666667,0.0,0.0,0.0,0.0,0,21.0,M,Tulsa,Silver,1,Beverages,Unknown,2022-03-22,0,2022,24,0,1,0,2024-03
501845,0.0,11,0.8,1,2.0,3.3333333333333335,0.5,2.8333333333333335,1.8,77.30333333333334,12.29,4.89189867067971,41.104,0.8435298354184011,23.191000000000003,1.3333333333333333,0,0.23666666666666666,0.34624999999999995,0.6666666666666666,-0.33333333333333337,1.0,-1.0,0.0,0.4,0.0,0.0,0.0,0.0,0,56.0,F,Portland,Silver,1,Dairy,Value,2023-04-12,0,2023,11,1,0,0,2024-03
501846,0.0,1,1.0,0,12.0,12.0,,,12.0,264.53,,,264.53,,22.044166666666666,7.0,0,0.22,0.22,2.0,,0.0,,0.0,0.0,0.0,0.0,,0.0,0,39.0,F,Madison,Silver,0,Household,Value,2024-02-26,0,2024,1,1,0,0,2024-03
501847,10.0,15,0.21428571428571427,1,0.0,0.0,0.0,0.0,0.42857142857142855,0.0,0.0,0.0,20.27285714285714,2.1269697853622724,,0.0,3,,0.3,0.0,0.0,0.0,0.0,0.0,0.21428571428571427,0.0,0.0,0.0,0.0,0,59.0,M,Spokane,Gold,0,Bakery,Value,2022-08-15,0,2022,19,0,1,0,2024-03
501848,0.0,8,0.875,0,7.0,4.666666666666667,3.0,1.666666666666667,4.0,132.96666666666667,77.33666666666666,0.7101399940428069,107.38375,0.5573389807681153,28.492857142857144,2.6666666666666665,0,0.4766666666666666,0.4485714285714285,2.0,0.33333333333333326,0.0,0.0,1.0,0.75,0.0,0.0,0.0,0.0,0,,F,Raleigh,Gold,0,Frozen Foods,Mainstream,2023-07-12,1,2023,8,1,0,0,2024-03
501849,0.0,14,1.0,1,7.0,5.333333333333333,8.666666666666666,-3.333333333333333,6.153846153846154,188.02666666666667,300.36333333333334,-0.37276156134898075,215.3215384615385,0.43725104866163295,35.255,4.666666666666667,0,0.19000000000000003,0.29538461538461536,3.6666666666666665,1.0,2.3333333333333335,1.3333333333333335,2.3333333333333335,1.1538461538461537,0.0,0.0,0.0,0.0,1,52.0,M,Nashville,Gold,1,Snacks,Mainstream,2022-01-02,0,2022,26,1,0,0,2024-03
501851,0.0,15,1.0,1,4.0,3.6666666666666665,4.333333333333333,-0.6666666666666665,4.214285714285714,107.72333333333334,123.53666666666668,-0.12697732930060757,127.89214285714284,0.5290255687525008,29.37909090909091,2.6666666666666665,0,0.18333333333333335,0.22714285714285715,1.3333333333333333,0.0,0.6666666666666666,0.3333333333333333,0.6666666666666666,0.7142857142857143,0.0,0.0,0.0,0.0,1,31.0,F,Portland,Gold,0,Dairy,Value,2021-11-15,0,2021,28,1,0,0,2024-03
501852,6.0,15,0.6,0,0.0,0.0,0.0,0.0,1.4666666666666666,0.0,0.0,0.0,52.16333333333333,1.1258309668615585,,0.0,3,,0.2833333333333333,0.0,0.0,0.0,0.0,0.0,0.3333333333333333,0.0,1.0,-1.0,0.0,0,22.0,M,Austin,Gold,1,Bakery,Mainstream,2022-08-10,0,2022,19,0,1,0,2024-03
501853,11.0,15,0.26666666666666666,0,0.0,0.0,0.0,0.0,0.7333333333333333,0.0,0.0,0.0,18.36733333333333,1.9458116414320288,,0.0,3,,0.39249999999999996,0.0,0.0,0.0,0.0,0.0,0.26666666666666666,0.0,0.0,0.0,0.0,0,45.0,F,Denver,Silver,0,Bakery,Value,2021-12-30,0,2021,27,0,1,0,2024-03
501854,0.0,13,1.0,1,5.0,6.333333333333333,5.666666666666667,0.6666666666666661,5.5,169.63666666666666,128.59666666666666,0.31667481159494837,135.71666666666667,0.33620377482744207,26.78473684210526,2.3333333333333335,0,0.33666666666666667,0.29083333333333333,1.6666666666666667,-1.6666666666666667,2.6666666666666665,0.9999999999999998,0.6666666666666666,0.5,0.0,0.0,0.0,0.0,0,37.0,M,Tulsa,Silver,1,Personal Care,Value,2023-02-11,0,2023,13,1,0,0,2024-03
501855,0.0,15,1.0,0,1.0,1.6666666666666667,4.666666666666667,-3.0,3.6666666666666665,45.39333333333334,134.23666666666665,-0.6569470804269057,106.864,0.6240658334885328,27.236,1.6666666666666667,0,0.3166666666666667,0.204,1.3333333333333333,-0.6666666666666667,0.0,-0.3333333333333333,0.6666666666666666,0.7333333333333333,0.0,1.0,-1.0,0.0,0,,F,Tulsa,Silver,0,Personal Care,Value,2021-07-05,1,2021,32,1,0,0,2024-03
501856,0.0,14,1.0,0,6.0,4.333333333333333,3.3333333333333335,0.9999999999999996,3.357142857142857,177.23333333333335,126.85666666666667,0.394008916234325,132.74428571428572,0.5050451093837818,40.900000000000006,2.3333333333333335,0,0.21666666666666667,0.27285714285714285,2.3333333333333335,0.0,1.0,-0.33333333333333326,0.3333333333333333,0.5,0.0,0.0,0.0,0.0,0,66.0,F,Tulsa,Gold,1,Bakery,Mainstream,2022-09-21,0,2022,18,1,0,0,2024-03
501857,0.0,15,0.8,0,3.0,2.0,0.6666666666666666,1.3333333333333335,1.3333333333333333,62.20666666666667,18.923333333333332,2.1724945624895438,40.27066666666667,0.7963303565240237,31.103333333333335,1.6666666666666667,1,0.425,0.3066666666666667,1.0,-1.3333333333333335,1.0,-1.3333333333333335,1.0,0.8,2.0,2.0,2.0,1.0,1,70.0,F,Madison,Silver,1,Household,Value,2021-02-20,0,2021,37,1,0,0,2024-03
501858,0.0,10,1.0,1,5.0,4.666666666666667,6.333333333333333,-1.666666666666666,5.666666666666667,139.00333333333333,228.84,-0.3908661097575125,197.27444444444444,0.32538618642282324,29.78642857142857,2.3333333333333335,0,0.24666666666666667,0.22666666666666668,1.3333333333333333,-2.666666666666667,0.0,0.0,0.6666666666666666,0.6666666666666666,0.0,0.0,0.0,0.0,0,57.0,F,Boise,Silver,0,Produce,Value,2023-05-22,0,2023,10,1,0,0,2024-03
501859,14.0,15,0.06666666666666667,0,0.0,0.0,0.0,0.0,0.06666666666666667,0.0,0.0,0.0,1.9093333333333333,2.541756256539423,,0.0,3,,0.27,0.0,0.0,0.0,0.0,0.0,0.0,0.0,0.0,0.0,0.0,0,71.0,F,Columbus,Silver,1,Bakery,Value,2021-08-04,0,2021,31,0,1,0,2024-03
501860,3.0,15,0.7857142857142857,1,0.0,0.0,1.5,-1.5,2.5714285714285716,0.0,52.864999999999995,-0.9814350691543674,85.47500000000001,0.8656504082576634,,0.0,3,,0.2890909090909091,0.0,-0.5,0.0,0.0,0.0,0.14285714285714285,0.0,2.0,-2.0,0.0,0,58.0,Other,Austin,Silver,0,Personal Care,Unknown,2022-03-26,0,2022,24,0,1,0,2024-03
501861,0.0,15,1.0,0,2.0,2.6666666666666665,2.6666666666666665,0.0,2.7333333333333334,108.14,105.52333333333335,0.02456425822198559,108.054,0.41869839618935895,40.5525,2.0,0,0.2966666666666667,0.2706666666666667,1.3333333333333333,-0.6666666666666667,0.0,-0.6666666666666666,0.0,0.4,0.0,0.0,0.0,0.0,0,71.0,M,Nashville,Gold,0,Household,Mainstream,2021-05-16,0,2021,34,1,0,0,2024-03
501862,2.0,5,0.4,0,0.0,0.3333333333333333,0.5,-0.16666666666666669,0.4,13.113333333333335,16.135,-0.17634471354926562,14.322000000000003,1.290292646833782,39.34,1.0,2,0.24,0.275,1.0,0.5,0.0,0.0,0.0,0.2,0.0,0.0,0.0,0.0,0,74.0,M,Denver,Silver,0,Frozen Foods,Value,2023-10-13,0,2023,5,1,1,0,2024-03
501863,0.0,15,0.9285714285714286,1,6.0,6.333333333333333,5.333333333333333,1.0,4.928571428571429,209.39333333333335,177.35666666666665,0.17962135795316514,163.38785714285717,0.5245925462797631,33.062105263157896,2.6666666666666665,0,0.2833333333333334,0.2846153846153846,2.6666666666666665,0.6666666666666665,1.3333333333333333,-0.3333333333333335,0.3333333333333333,0.35714285714285715,0.0,0.0,0.0,0.0,0,28.0,M,Tulsa,Gold,1,Household,Mainstream,2022-09-10,0,2022,18,1,0,0,2024-03
501864,0.0,15,1.0,1,5.0,5.0,4.0,1.0,4.142857142857143,202.00333333333333,171.38666666666668,0.17760460979194045,170.3814285714286,0.456544036975628,40.400666666666666,2.6666666666666665,0,0.27666666666666667,0.26285714285714284,2.3333333333333335,-0.33333333333333304,3.0,2.3333333333333335,0.3333333333333333,0.5,0.0,1.0,-1.0,0.0,1,19.0,F,Madison,Platinum,1,Produce,Mainstream,2021-06-07,0,2021,33,1,0,0,2024-03
501865,0.0,8,1.0,1,2.0,3.0,3.6666666666666665,-0.6666666666666665,3.142857142857143,96.12333333333333,128.51,-0.25007077960517843,103.67571428571429,0.5441332012348878,32.041111111111114,0.3333333333333333,0,0.4033333333333333,0.34285714285714286,4.333333333333333,3.0,2.6666666666666665,0.6666666666666665,0.3333333333333333,0.2857142857142857,0.0,0.0,0.0,0.0,0,18.0,M,Boise,Gold,1,Bakery,Mainstream,2023-07-21,0,2023,8,1,0,0,2024-03
501866,14.0,15,0.06666666666666667,0,0.0,0.0,0.0,0.0,0.13333333333333333,0.0,0.0,0.0,6.466666666666667,3.3542802194832086,,0.0,3,,0.4,0.0,0.0,0.0,0.0,0.0,0.0,0.0,0.0,0.0,0.0,0,55.0,M,Tulsa,Platinum,1,Personal Care,Value,2021-04-05,0,2021,35,0,1,0,2024-03
501867,0.0,15,1.0,1,4.0,5.666666666666667,5.666666666666667,0.0,5.928571428571429,184.92999999999998,214.57000000000002,-0.13749594099364496,219.66785714285714,0.46120403432035684,32.63470588235294,2.6666666666666665,0,0.16666666666666666,0.2407142857142857,1.3333333333333333,-0.6666666666666667,1.0,-0.33333333333333326,0.6666666666666666,0.2857142857142857,1.0,2.0,0.0,0.0,0,38.0,F,Madison,Silver,1,Household,Upscale,2021-03-28,0,2021,36,1,0,0,2024-03
501868,11.0,15,0.26666666666666666,0,0.0,0.0,0.0,0.0,0.8666666666666667,0.0,0.0,0.0,30.324,2.2831367382107426,,0.0,3,,0.3125,0.0,0.0,0.0,0.0,0.0,0.06666666666666667,0.0,0.0,0.0,0.0,0,60.0,F,Denver,Silver,1,Produce,Value,2022-10-04,0,2022,17,0,1,0,2024-03
501869,0.0,15,0.8461538461538461,2,2.0,1.0,3.0,-2.0,3.0,19.315,60.50666666666667,-0.669710600476913,63.09076923076923,0.654922601839684,19.315,0.5,1,0.25,0.27909090909090906,0.0,-1.6666666666666667,0.5,0.16666666666666669,0.0,0.6153846153846154,1.0,1.0,1.0,0.0,0,67.0,F,Nashville,Silver,0,Frozen Foods,Mainstream,2022-01-01,0,2022,26,1,1,0,2024-03
501870,0.0,15,1.0,2,9.0,8.666666666666666,6.333333333333333,2.333333333333333,6.923076923076923,353.49333333333334,232.91666666666666,0.5154684716779481,265.38615384615383,0.25600269018981847,40.78769230769231,3.6666666666666665,0,0.2966666666666667,0.24230769230769228,4.333333333333333,0.0,1.0,-0.6666666666666667,1.0,0.7692307692307693,0.0,1.0,-1.0,0.0,0,60.0,F,Boise,Silver,1,Frozen Foods,Upscale,2022-11-05,0,2022,16,1,0,0,2024-03
501871,11.0,15,0.13333333333333333,0,0.0,0.0,0.0,0.0,0.13333333333333333,0.0,0.0,0.0,5.656666666666666,2.24768732714266,,0.0,3,,0.31,0.0,0.0,0.0,0.0,0.0,0.13333333333333333,0.0,0.0,0.0,0.0,0,41.0,F,Spokane,Platinum,1,Frozen Foods,Mainstream,2022-03-25,0,2022,24,0,1,0,2024-03
501872,10.0,14,0.2857142857142857,0,0.0,0.0,0.0,0.0,1.0,0.0,0.0,0.0,33.94285714285714,2.026676425384634,,0.0,3,,0.2325,0.0,0.0,0.0,0.0,0.0,0.14285714285714285,0.0,0.0,0.0,0.0,0,58.0,F,Denver,Silver,1,Snacks,Value,2021-08-01,0,2021,31,0,1,0,2024-03
501874,0.0,10,0.8888888888888888,1,2.0,2.5,1.6666666666666667,0.8333333333333333,2.2222222222222223,69.08500000000001,45.35666666666666,0.5118645286546347,61.882222222222225,0.4427798950511054,27.634000000000004,0.5,0,0.295,0.36999999999999994,1.0,0.33333333333333337,2.0,-0.6666666666666665,2.0,0.7777777777777778,0.0,0.0,0.0,0.0,0,22.0,F,Tulsa,Silver,1,Snacks,Mainstream,2023-05-29,0,2023,10,1,0,0,2024-03
501875,11.0,15,0.26666666666666666,0,0.0,0.0,0.0,0.0,0.3333333333333333,0.0,0.0,0.0,7.744000000000001,1.629515270254545,,0.0,3,,0.3425,0.0,0.0,0.0,0.0,0.0,0.13333333333333333,0.0,0.0,0.0,0.0,0,20.0,Unknown,Tulsa,Silver,1,Snacks,Mainstream,2022-06-24,0,2022,21,0,1,0,2024-03
501876,0.0,15,1.0,1,11.0,8.0,5.0,3.0,6.285714285714286,178.36666666666667,127.09666666666665,0.4002446069374694,146.225,0.4222599372104628,22.295833333333334,3.0,0,0.34,0.22428571428571428,1.0,-2.0,1.0,0.0,0.3333333333333333,0.5,1.0,1.0,1.0,0.0,0,22.0,F,Raleigh,Silver,0,Frozen Foods,Value,2021-10-06,0,2021,29,1,0,0,2024-03
501877,11.0,15,0.26666666666666666,0,0.0,0.0,0.0,0.0,0.8,0.0,0.0,0.0,28.474666666666668,1.7803862305249365,,0.0,3,,0.37,0.0,0.0,0.0,0.0,0.0,0.06666666666666667,0.0,0.0,0.0,0.0,1,48.0,M,Denver,Gold,0,Household,Value,2022-06-22,0,2022,21,0,1,0,2024-03
501878,2.0,10,0.8,0,0.0,0.6666666666666666,4.333333333333333,-3.6666666666666665,3.1,25.656666666666666,157.56333333333333,-0.8318863125144527,108.26700000000001,0.6729597014682596,38.485,0.0,2,0.48,0.23625000000000002,0.0,0.0,0.3333333333333333,0.0,0.0,0.1,0.0,1.0,-1.0,1.0,1,62.0,M,Boise,Silver,0,Dairy,Mainstream,2023-06-01,0,2023,9,1,1,0,2024-03
501879,1.0,15,0.8571428571428571,1,0.0,1.3333333333333333,2.3333333333333335,-1.0000000000000002,1.9285714285714286,36.01,59.52,-0.38846662260409787,53.055,0.6812748154573843,27.0075,1.3333333333333333,1,0.535,0.30333333333333334,0.0,-2.0,0.0,-1.0,0.6666666666666666,0.6428571428571429,2.0,2.0,2.0,1.0,1,65.0,F,Raleigh,Silver,1,Personal Care,Mainstream,2021-12-05,0,2021,27,1,1,0,2024-03
501880,0.0,15,0.8666666666666667,0,2.0,1.3333333333333333,0.6666666666666666,0.6666666666666666,1.5333333333333334,51.1,25.093333333333334,0.9966785896780788,55.926666666666684,0.7275043151185401,38.325,0.3333333333333333,0,0.2333333333333333,0.22769230769230772,0.6666666666666666,-0.6666666666666666,1.3333333333333333,0.0,0.6666666666666666,0.7333333333333333,0.0,0.0,0.0,0.0,0,52.0,Other,Denver,Silver,1,Beverages,Mainstream,2022-01-11,0,2022,26,1,0,0,2024-03
501881,12.0,15,0.2,0,0.0,0.0,0.0,0.0,0.8,0.0,0.0,0.0,24.287333333333333,2.035491800979063,,0.0,3,,0.32,0.0,0.0,0.0,0.0,0.0,0.06666666666666667,0.0,0.0,0.0,0.0,0,72.0,F,Denver,Silver,1,Bakery,Mainstream,2022-04-21,0,2022,23,0,1,0,2024-03
501882,0.0,11,1.0,1,1.0,2.6666666666666665,3.0,-0.3333333333333335,2.7,74.97666666666667,72.49666666666666,0.033743026894644,73.95500000000001,0.6551805098604726,28.11625,2.6666666666666665,0,0.2866666666666667,0.227,0.3333333333333333,-1.0,1.3333333333333333,0.6666666666666666,0.3333333333333333,0.6,1.0,2.0,0.0,1.0,1,32.0,F,Spokane,Gold,1,Produce,Mainstream,2023-04-08,0,2023,11,1,0,0,2024-03
501883,0.0,15,0.9333333333333333,0,2.0,1.6666666666666667,1.6666666666666667,0.0,2.6,56.0,61.73333333333333,-0.0913921360255047,92.86866666666668,0.6735029217555006,33.6,0.6666666666666666,0,0.31,0.2957142857142857,2.0,1.0,0.6666666666666666,-0.33333333333333337,1.3333333333333333,0.8,0.0,0.0,0.0,0.0,0,31.0,M,Madison,Platinum,1,Snacks,Mainstream,2022-07-14,0,2022,20,1,0,0,2024-03
501885,5.0,7,0.14285714285714285,0,0.0,0.0,0.6666666666666666,-0.6666666666666666,0.2857142857142857,0.0,24.900000000000002,-0.9613899613899614,10.671428571428573,2.419065152221847,,0.0,3,,0.06,0.0,0.0,0.6666666666666666,0.0,1.0,0.5714285714285714,0.0,2.0,-2.0,0.0,0,25.0,M,Austin,Gold,1,Snacks,Upscale,2023-08-26,0,2023,7,0,1,0,2024-03
501886,0.0,15,1.0,1,2.0,2.6666666666666665,4.0,-1.3333333333333335,2.9285714285714284,91.45,128.58333333333334,-0.28655948553054666,96.3607142857143,0.49995855542634193,34.29375,1.6666666666666667,0,0.3,0.355,1.3333333333333333,-0.3333333333333335,1.3333333333333333,1.0,0.6666666666666666,0.5714285714285714,0.0,0.0,0.0,0.0,0,48.0,F,Spokane,Gold,1,Beverages,Value,2021-05-15,0,2021,34,1,0,0,2024-03
501887,3.0,15,0.8,0,0.0,0.0,5.333333333333333,-5.333333333333333,4.333333333333333,0.0,174.17333333333332,-0.9942913685492465,137.0593333333333,0.660375985910771,,0.0,3,,0.24666666666666667,0.0,-1.3333333333333333,0.0,-0.3333333333333333,0.0,0.3333333333333333,0.0,3.0,-3.0,0.0,0,62.0,Unknown,Raleigh,Silver,0,Dairy,Upscale,2022-06-07,0,2022,21,0,1,0,2024-03
501888,0.0,1,1.0,0,4.0,4.0,,,4.0,141.56,,,141.56,,35.39,3.0,0,0.18,0.18,3.0,,2.0,,0.0,0.0,1.0,1.0,,1.0,1,23.0,M,Boise,Silver,1,Personal Care,Value,2024-02-29,0,2024,1,1,0,0,2024-03
501889,0.0,9,1.0,0,1.0,5.333333333333333,5.666666666666667,-0.3333333333333339,5.666666666666667,226.08666666666667,254.64999999999998,-0.11172827433339842,253.40888888888887,0.34108978881260604,42.39125,2.0,0,0.26333333333333336,0.4,1.3333333333333333,-1.0000000000000002,2.0,0.0,0.3333333333333333,0.3333333333333333,0.0,1.0,-1.0,1.0,1,65.0,M,Tulsa,Gold,1,Snacks,Value,2023-06-21,0,2023,9,1,0,0,2024-03
501890,0.0,15,0.7333333333333333,0,2.0,1.3333333333333333,0.6666666666666666,0.6666666666666666,1.2,57.79999999999999,28.146666666666665,1.0173833485818846,47.969333333333324,0.7588728714287861,43.349999999999994,0.3333333333333333,1,0.20500000000000002,0.22727272727272732,1.0,0.33333333333333337,0.0,-0.6666666666666666,0.3333333333333333,1.1333333333333333,0.0,0.0,0.0,0.0,1,60.0,M,Portland,Silver,0,Dairy,Value,2021-10-01,0,2021,29,1,0,0,2024-03
501891,10.0,15,0.26666666666666666,0,0.0,0.0,0.0,0.0,0.4,0.0,0.0,0.0,14.546666666666669,1.7717062556931185,,0.0,3,,0.25749999999999995,0.0,0.0,0.0,0.0,0.0,0.13333333333333333,0.0,0.0,0.0,0.0,1,25.0,F,Portland,Platinum,1,Household,Mainstream,2022-02-11,0,2022,25,0,1,0,2024-03
501892,11.0,15,0.2,0,0.0,0.0,0.0,0.0,0.8666666666666667,0.0,0.0,0.0,11.940666666666667,2.0590524294018544,,0.0,3,,0.1366666666666667,0.0,0.0,0.0,0.0,0.0,0.26666666666666666,0.0,0.0,0.0,0.0,0,37.0,M,Spokane,Silver,1,Produce,Mainstream,2022-08-08,0,2022,19,0,1,0,2024-03
501893,1.0,15,0.8666666666666667,0,0.0,1.0,2.6666666666666665,-1.6666666666666665,2.2666666666666666,44.23666666666667,120.04,-0.6262667988543732,99.146,0.7537876526645877,44.23666666666667,0.3333333333333333,1,0.56,0.29384615384615387,0.0,0.0,0.0,0.0,0.0,0.4,0.0,0.0,0.0,0.0,0,54.0,F,Spokane,Platinum,1,Beverages,Mainstream,2022-10-02,0,2022,17,1,1,0,2024-03
501894,7.0,13,0.3333333333333333,1,0.0,0.0,0.0,0.0,0.75,0.0,0.0,0.0,24.510833333333334,1.5772705281919983,,0.0,3,,0.155,0.0,0.0,0.0,0.0,0.0,0.08333333333333333,0.0,0.0,0.0,0.0,0,64.0,M,Tulsa,Silver,0,Bakery,Mainstream,2023-02-14,0,2023,13,0,1,0,2024-03
501895,7.0,15,0.4,0,0.0,0.0,0.0,0.0,1.2,0.0,0.0,0.0,37.464000000000006,1.388529942524024,,0.0,3,,0.3633333333333333,0.0,0.0,0.0,0.0,0.0,0.3333333333333333,0.0,1.0,-1.0,0.0,0,64.0,F,Raleigh,Silver,0,Dairy,Mainstream,2021-04-26,0,2021,35,0,1,0,2024-03
501896,0.0,12,1.0,0,6.0,6.333333333333333,7.666666666666667,-1.333333333333334,5.916666666666667,190.08333333333334,269.67333333333335,-0.2940444816630132,192.6091666666667,0.3196869656894892,30.013157894736842,3.0,0,0.19666666666666666,0.21749999999999994,1.6666666666666667,-1.3333333333333333,0.3333333333333333,-0.6666666666666667,0.3333333333333333,0.25,1.0,2.0,0.0,0.0,0,23.0,M,Boise,Gold,0,Snacks,Value,2023-03-20,0,2023,12,1,0,0,2024-03
501897,1.0,15,0.8,0,0.0,1.6666666666666667,1.3333333333333333,0.3333333333333335,1.2666666666666666,58.48666666666666,43.56999999999999,0.33467953032682674,43.542,0.774674336949521,35.092,1.3333333333333333,1,0.29500000000000004,0.305,0.3333333333333333,-0.6666666666666667,1.3333333333333333,-0.6666666666666667,0.0,0.5333333333333333,0.0,0.0,0.0,0.0,1,21.0,M,Madison,Silver,1,Snacks,Mainstream,2021-09-03,0,2021,30,1,0,0,2024-03
501898,0.0,1,1.0,0,5.0,5.0,,,5.0,161.08,,,161.08,,32.216,1.0,0,0.38,0.38,0.0,,1.0,,1.0,1.0,0.0,0.0,,0.0,0,46.0,F,Tulsa,Silver,1,Produce,Value,2024-02-11,0,2024,1,1,0,0,2024-03
501899,0.0,15,1.0,0,6.0,8.0,5.333333333333333,2.666666666666667,6.933333333333334,257.3233333333333,167.58333333333334,0.5323183391003459,208.62066666666666,0.41065121131043375,32.165416666666665,3.3333333333333335,0,0.31666666666666665,0.3473333333333333,3.0,-0.6666666666666665,0.3333333333333333,-0.3333333333333333,0.6666666666666666,0.3333333333333333,0.0,1.0,-1.0,0.0,1,31.0,F,Columbus,Gold,0,Frozen Foods,Value,2022-08-17,0,2022,19,1,0,0,2024-03
501900,1.0,8,0.375,0,0.0,1.0,0.6666666666666666,0.33333333333333337,0.625,44.74,29.686666666666667,0.49054964153812736,27.91,1.4436765324697414,44.74,1.3333333333333333,1,0.09,0.18333333333333335,0.0,0.0,2.3333333333333335,1.666666666666667,0.3333333333333333,0.5,4.0,5.0,3.0,0.0,0,23.0,F,Columbus,Gold,1,Bakery,Upscale,2023-07-05,0,2023,8,1,1,0,2024-03
501901,1.0,14,0.9285714285714286,0,0.0,4.666666666666667,5.0,-0.33333333333333304,5.428571428571429,216.0533333333333,231.33,-0.06575417150891705,250.5178571428571,0.47412767365073816,46.29714285714285,3.0,1,0.47,0.34846153846153843,1.0,-0.6666666666666667,0.6666666666666666,-0.6666666666666666,0.6666666666666666,0.8571428571428571,0.0,0.0,0.0,0.0,0,43.0,M,Spokane,Platinum,1,Dairy,Upscale,2022-12-25,0,2022,15,1,0,0,2024-03
501902,9.0,15,0.2857142857142857,1,0.0,0.0,0.0,0.0,1.4285714285714286,0.0,0.0,0.0,48.29071428571428,2.132778373278554,,0.0,3,,0.4225,0.0,0.0,0.0,0.0,0.0,0.21428571428571427,0.0,0.0,0.0,0.0,0,62.0,F,Madison,Gold,0,Bakery,Unknown,2022-05-04,0,2022,22,0,1,0,2024-03
501903,0.0,1,1.0,0,4.0,4.0,,,4.0,153.04,,,153.04,,38.26,1.0,0,0.21,0.21,1.0,,0.0,,0.0,0.0,0.0,0.0,,0.0,0,48.0,Unknown,Austin,Gold,1,Snacks,Mainstream,2024-02-14,0,2024,1,1,0,0,2024-03
501905,10.0,15,0.3333333333333333,0,0.0,0.0,0.0,0.0,0.9333333333333333,0.0,0.0,0.0,32.692,1.5512582174263685,,0.0,3,,0.496,0.0,0.0,0.0,0.0,0.0,0.06666666666666667,0.0,0.0,0.0,0.0,0,52.0,F,Nashville,Platinum,0,Personal Care,Mainstream,2022-06-24,0,2022,21,0,1,0,2024-03
501906,8.0,15,0.4,0,0.0,0.0,0.0,0.0,1.4666666666666666,0.0,0.0,0.0,54.160000000000004,1.5532749114138495,,0.0,3,,0.315,0.0,0.0,0.0,0.0,0.0,0.4666666666666667,0.0,0.0,0.0,0.0,1,31.0,M,Columbus,Gold,1,Snacks,Mainstream,2022-03-11,0,2022,24,0,1,0,2024-03
501907,0.0,1,1.0,0,8.0,8.0,,,8.0,184.69,,,184.69,,23.08625,4.0,0,0.19,0.19,1.0,,1.0,,1.0,1.0,0.0,0.0,,0.0,0,55.0,F,Raleigh,Gold,1,Beverages,Mainstream,2024-02-20,0,2024,1,1,0,0,2024-03
501908,6.0,15,0.4666666666666667,0,0.0,0.0,0.0,0.0,0.8,0.0,0.0,0.0,24.155333333333335,1.3244456804552833,,0.0,3,,0.31428571428571433,0.0,0.0,0.0,0.0,0.0,0.6,0.0,1.0,-1.0,0.0,0,72.0,F,Portland,Gold,1,Bakery,Value,2021-04-03,0,2021,35,0,1,0,2024-03
501909,0.0,15,1.0,1,3.0,3.3333333333333335,5.0,-1.6666666666666665,5.571428571428571,105.7,140.60666666666668,-0.24650440186431907,170.75285714285715,0.46615708500282055,31.71,1.3333333333333333,0,0.21,0.23857142857142857,2.0,0.33333333333333326,0.6666666666666666,0.3333333333333333,1.0,0.42857142857142855,0.0,0.0,0.0,0.0,0,23.0,F,Madison,Gold,0,Household,Value,2022-12-07,0,2022,15,1,0,0,2024-03
501910,12.0,15,0.14285714285714285,1,0.0,0.0,0.0,0.0,0.2857142857142857,0.0,0.0,0.0,7.732142857142857,2.535693280033483,,0.0,3,,0.41,0.0,0.0,0.0,0.0,0.0,0.07142857142857142,0.0,0.0,0.0,0.0,0,56.0,M,Austin,Silver,1,Beverages,Value,2021-03-12,0,2021,36,0,1,0,2024-03
501911,1.0,4,0.75,0,0.0,2.0,4.0,-2.0,2.5,52.22666666666667,96.54,-0.4543093431754494,63.30500000000001,0.6759344744551661,26.113333333333333,1.0,1,0.41500000000000004,0.42333333333333334,1.0,-1.0,2.3333333333333335,0.3333333333333335,0.0,0.25,1.0,2.0,0.0,2.0,1,41.0,F,Boise,Silver,1,Dairy,Upscale,2023-11-25,0,2023,4,1,0,0,2024-03
501912,0.0,15,1.0,1,3.0,3.5,5.0,-1.5,3.857142857142857,128.835,156.25666666666666,-0.17437522521567705,135.82785714285714,0.5648859011954522,36.81,2.5,0,0.37,0.2507142857142857,1.0,-1.6666666666666665,1.0,-0.6666666666666667,1.0,0.9285714285714286,0.0,0.0,0.0,0.0,1,37.0,M,Nashville,Platinum,1,Beverages,Value,2021-06-27,0,2021,33,1,0,0,2024-03
501913,10.0,15,0.3333333333333333,0,0.0,0.0,0.0,0.0,1.5333333333333334,0.0,0.0,0.0,52.98266666666666,1.7436836035540995,,0.0,3,,0.31000000000000005,0.0,0.0,0.0,0.0,0.0,0.0,0.0,0.0,0.0,0.0,0,26.0,M,Spokane,Silver,0,Personal Care,Value,2022-04-09,0,2022,23,0,1,0,2024-03
501914,0.0,15,1.0,1,8.0,7.333333333333333,6.0,1.333333333333333,5.714285714285714,286.1433333333334,208.23666666666668,0.37233754440744943,211.10285714285712,0.5042696323520105,39.01954545454546,2.6666666666666665,0,0.19000000000000003,0.30142857142857143,5.333333333333333,4.0,2.6666666666666665,1.3333333333333333,0.3333333333333333,1.0,0.0,1.0,-1.0,0.0,0,66.0,M,Spokane,Silver,1,Beverages,Mainstream,2021-10-02,0,2021,29,1,0,0,2024-03
501915,0.0,15,1.0,2,8.0,7.666666666666667,7.666666666666667,0.0,6.769230769230769,224.4366666666667,228.15,-0.01620481489562867,202.66999999999996,0.4652457779605193,29.27434782608696,3.0,0,0.38666666666666666,0.30076923076923073,3.0,-2.666666666666667,2.0,0.0,0.3333333333333333,0.3076923076923077,0.0,0.0,0.0,0.0,0,42.0,F,Raleigh,Silver,1,Produce,Mainstream,2021-09-30,0,2021,30,1,0,0,2024-03
501916,1.0,5,0.8,0,0.0,3.0,4.0,-1.0,3.4,73.61333333333333,91.45,-0.19293311700018034,80.748,0.9470125600908503,24.537777777777777,2.0,1,0.195,0.17250000000000001,1.6666666666666667,1.1666666666666667,0.3333333333333333,0.3333333333333333,1.3333333333333333,1.0,0.0,0.0,0.0,0.0,0,39.0,M,Portland,Silver,0,Household,Mainstream,2023-10-07,0,2023,5,1,0,0,2024-03
501917,0.0,5,0.8,0,3.0,4.333333333333333,0.5,3.833333333333333,2.8,108.50333333333333,11.385,7.841609473825864,69.65599999999999,0.9954199064695249,25.03923076923077,3.3333333333333335,0,0.37666666666666665,0.345,0.0,-1.0,1.6666666666666667,0.6666666666666667,0.0,0.4,0.0,0.0,0.0,0.0,0,73.0,M,Boise,Silver,1,Frozen Foods,Mainstream,2023-10-19,0,2023,5,1,0,0,2024-03
501918,2.0,15,0.8461538461538461,2,0.0,1.3333333333333333,1.5,-0.16666666666666674,2.8461538461538463,65.7,59.455,0.10329997518815656,127.47692307692309,0.7335312409322311,49.275,0.3333333333333333,2,0.35,0.31363636363636355,0.0,-0.5,0.0,0.0,0.0,0.3076923076923077,0.0,0.0,0.0,0.0,0,71.0,F,Portland,Gold,0,Beverages,Mainstream,2021-03-24,0,2021,36,1,1,0,2024-03
501919,5.0,15,0.6428571428571429,1,0.0,0.0,0.3333333333333333,-0.3333333333333333,1.1428571428571428,0.0,11.79,-0.9218139171227522,42.53785714285715,1.1008485367192147,,0.0,3,,0.22555555555555554,0.0,-1.0,0.0,-0.3333333333333333,0.0,0.21428571428571427,0.0,0.0,0.0,0.0,0,23.0,Unknown,Nashville,Gold,0,Dairy,Value,2022-12-13,0,2022,15,0,1,0,2024-03
501921,0.0,15,1.0,0,7.0,7.666666666666667,8.333333333333334,-0.666666666666667,6.133333333333334,154.66666666666666,175.1,-0.1160325572591331,127.55599999999998,0.5552562268357442,20.17391304347826,5.0,0,0.27666666666666667,0.26200000000000007,2.3333333333333335,-0.33333333333333304,2.3333333333333335,0.6666666666666667,1.0,0.9333333333333333,1.0,1.0,1.0,0.0,1,34.0,M,Denver,Silver,1,Beverages,Mainstream,2022-04-25,0,2022,23,1,0,0,2024-03
501922,0.0,14,1.0,1,6.0,7.5,8.666666666666666,-1.166666666666666,8.384615384615385,241.985,284.40000000000003,-0.14861597757533293,258.8315384615385,0.41576095748833114,32.26466666666667,3.5,0,0.16,0.19153846153846152,3.0,1.0,0.5,0.16666666666666669,1.0,0.9230769230769231,0.0,0.0,0.0,0.0,0,74.0,F,Denver,Silver,0,Beverages,Mainstream,2021-07-21,0,2021,32,1,0,0,2024-03
501923,0.0,9,1.0,0,6.0,5.333333333333333,5.0,0.33333333333333304,5.111111111111111,215.12666666666667,203.70666666666668,0.055787142577997724,197.76555555555555,0.42809339308131317,40.33625,2.6666666666666665,0,0.4366666666666667,0.34,2.0,-2.333333333333333,0.0,0.0,0.3333333333333333,0.6666666666666666,3.0,4.0,2.0,1.0,1,19.0,F,Columbus,Silver,0,Beverages,Value,2023-06-17,0,2023,9,1,0,0,2024-03
501925,0.0,1,1.0,0,5.0,5.0,,,5.0,190.99,,,190.99,,38.198,3.0,0,0.61,0.61,5.0,,0.0,,1.0,1.0,0.0,0.0,,0.0,0,65.0,F,Denver,Silver,1,Frozen Foods,Mainstream,2024-02-17,0,2024,1,1,0,0,2024-03
501926,14.0,15,0.06666666666666667,0,0.0,0.0,0.0,0.0,0.13333333333333333,0.0,0.0,0.0,4.561333333333334,3.17657061313248,,0.0,3,,0.28,0.0,0.0,0.0,0.0,0.0,0.0,0.0,0.0,0.0,0.0,0,59.0,Other,Boise,Silver,1,Beverages,Value,2022-05-06,0,2022,22,0,1,0,2024-03
501927,0.0,13,1.0,1,4.0,4.666666666666667,3.5,1.166666666666667,4.75,163.93333333333334,122.64,0.33398037312628065,164.36000000000004,0.6314686045422754,35.128571428571426,4.0,0,0.3433333333333333,0.30083333333333334,2.6666666666666665,2.1666666666666665,0.0,-0.5,1.0,1.0833333333333333,1.0,1.0,1.0,0.0,0,41.0,M,Denver,Silver,0,Snacks,Value,2023-02-18,0,2023,13,1,0,0,2024-03
501928,0.0,15,0.9230769230769231,2,4.0,4.0,2.0,2.0,5.0,138.74,71.695,0.9222780108673226,180.53692307692307,0.522934141275051,34.685,2.3333333333333335,0,0.21,0.2283333333333333,3.0,1.0,2.0,2.0,0.3333333333333333,0.15384615384615385,1.0,2.0,0.0,1.0,1,34.0,F,Austin,Gold,1,Bakery,Value,2022-09-01,0,2022,18,1,0,0,2024-03
501930,0.0,6,1.0,0,1.0,2.6666666666666665,3.6666666666666665,-1.0,3.1666666666666665,111.93666666666667,147.15666666666667,-0.23772133102346615,129.54666666666665,0.47981615476738776,41.97625,1.6666666666666667,0,0.3666666666666667,0.37666666666666665,1.6666666666666667,0.3333333333333335,2.3333333333333335,1.0000000000000002,0.3333333333333333,0.3333333333333333,0.0,0.0,0.0,0.0,0,42.0,M,Tulsa,Platinum,1,Bakery,Value,2023-09-11,0,2023,6,1,1,0,2024-03
501933,0.0,15,1.0,1,7.0,5.333333333333333,5.333333333333333,0.0,5.428571428571429,81.85666666666667,85.62,-0.04344647117678752,88.26,0.45382764379733265,15.348125,2.6666666666666665,0,0.21999999999999997,0.2721428571428572,4.333333333333333,0.0,1.3333333333333333,0.0,0.3333333333333333,0.2857142857142857,0.0,0.0,0.0,0.0,0,37.0,M,Tulsa,Silver,1,Produce,Mainstream,2021-04-13,0,2021,35,1,0,0,2024-03
501934,0.0,10,1.0,0,6.0,9.0,6.666666666666667,2.333333333333333,7.8,246.30999999999997,179.97333333333333,0.36655492521918503,205.836,0.2935160039007461,27.367777777777775,4.0,0,0.25333333333333335,0.22799999999999998,3.3333333333333335,0.3333333333333335,0.3333333333333333,0.0,0.6666666666666666,0.4,1.0,1.0,1.0,0.0,0,20.0,M,Raleigh,Gold,0,Personal Care,Value,2023-05-28,0,2023,10,1,0,0,2024-03
501935,1.0,15,0.5,1,0.0,0.3333333333333333,0.6666666666666666,-0.3333333333333333,0.6428571428571429,7.803333333333334,13.683333333333332,-0.40045402951191816,14.640714285714285,1.0771770291940217,23.41,1.0,2,0.17,0.2057142857142857,0.3333333333333333,0.3333333333333333,2.6666666666666665,0.33333333333333304,0.6666666666666666,0.35714285714285715,0.0,0.0,0.0,0.0,0,32.0,F,Austin,Silver,1,Frozen Foods,Mainstream,2022-07-18,0,2022,20,1,0,0,2024-03
501936,0.0,3,1.0,0,1.0,1.3333333333333333,,,1.3333333333333333,36.53333333333333,,,36.53333333333333,0.5986678705611822,27.4,1.3333333333333333,0,0.45,0.45,1.3333333333333333,,2.0,,0.6666666666666666,0.6666666666666666,0.0,0.0,,0.0,0,30.0,F,Denver,Gold,1,Produce,Mainstream,2023-12-07,0,2023,3,1,0,0,2024-03
501937,0.0,12,1.0,1,1.0,3.3333333333333335,3.6666666666666665,-0.33333333333333304,4.0,90.55000000000001,122.67666666666666,-0.25976336145325163,121.2190909090909,0.4363787515969655,27.165000000000003,3.3333333333333335,0,0.12666666666666668,0.16545454545454544,0.6666666666666666,-0.33333333333333337,0.6666666666666666,0.6666666666666666,0.6666666666666666,0.6363636363636364,0.0,1.0,-1.0,0.0,0,73.0,M,Spokane,Gold,0,Frozen Foods,Value,2023-03-27,0,2023,12,1,0,0,2024-03
501938,0.0,3,1.0,1,6.0,6.0,,,6.0,227.355,,,227.355,0.11862784168184029,37.8925,3.0,0,0.265,0.265,3.0,,0.5,,0.0,0.0,0.0,0.0,,0.0,0,23.0,F,Columbus,Silver,1,Personal Care,Mainstream,2023-12-05,0,2023,3,1,0,0,2024-03
501939,0.0,3,1.0,0,1.0,2.6666666666666665,,,2.6666666666666665,74.58333333333333,,,74.58333333333333,0.610645222913178,27.96875,1.6666666666666667,0,0.3266666666666667,0.3266666666666667,1.3333333333333333,,0.6666666666666666,,0.6666666666666666,0.6666666666666666,0.0,0.0,,0.0,0,64.0,M,Nashville,Silver,1,Frozen Foods,Upscale,2023-12-23,0,2023,3,1,0,0,2024-03
501940,0.0,15,1.0,2,3.0,5.333333333333333,5.5,-0.16666666666666696,6.230769230769231,61.626666666666665,63.4,-0.02753623188405797,75.01307692307692,0.3549881008135556,11.555,2.6666666666666665,0,0.17666666666666667,0.33692307692307694,3.0,0.5,0.3333333333333333,0.3333333333333333,0.0,0.23076923076923078,0.0,0.0,0.0,0.0,0,60.0,M,Raleigh,Silver,0,Snacks,Value,2021-10-08,0,2021,29,1,0,0,2024-03
501941,12.0,15,0.2,0,0.0,0.0,0.0,0.0,0.26666666666666666,0.0,0.0,0.0,7.666,1.9738183047318278,,0.0,3,,0.2333333333333333,0.0,0.0,0.0,0.0,0.0,0.13333333333333333,0.0,0.0,0.0,0.0,0,44.0,M,Raleigh,Silver,0,Frozen Foods,Value,2021-06-10,0,2021,33,0,1,0,2024-03
501942,0.0,15,1.0,1,5.0,4.666666666666667,6.666666666666667,-2.0,5.571428571428571,130.22,215.95666666666668,-0.3951787607356308,164.3821428571428,0.3630255362915231,27.904285714285713,2.3333333333333335,0,0.23666666666666666,0.2535714285714286,2.3333333333333335,1.0000000000000002,1.0,-0.33333333333333326,0.0,0.42857142857142855,1.0,1.0,1.0,0.0,0,30.0,M,Spokane,Gold,1,Household,Value,2021-05-19,0,2021,34,1,0,0,2024-03
501943,0.0,15,1.0,2,4.0,4.333333333333333,3.5,0.833333333333333,3.769230769230769,123.23333333333335,108.27000000000001,0.13693908056496143,113.14538461538463,0.47879757434886827,28.438461538461542,4.0,0,0.17666666666666667,0.31846153846153846,3.6666666666666665,2.1666666666666665,1.0,-0.5,1.0,0.6153846153846154,0.0,0.0,0.0,0.0,0,23.0,M,Austin,Silver,1,Personal Care,Upscale,2021-12-31,0,2021,27,1,0,0,2024-03
501944,0.0,4,1.0,0,9.0,5.0,3.0,2.0,4.5,194.95333333333335,112.93,0.7199449954650516,174.4475,0.5778560002874263,38.99066666666667,2.3333333333333335,0,0.26,0.2925,2.0,0.0,0.6666666666666666,0.6666666666666666,1.0,0.75,0.0,0.0,0.0,0.0,0,46.0,M,Tulsa,Platinum,0,Personal Care,Mainstream,2023-11-19,0,2023,4,1,0,0,2024-03
501945,1.0,15,0.9333333333333333,0,0.0,2.0,3.3333333333333335,-1.3333333333333335,3.533333333333333,57.089999999999996,87.40666666666668,-0.3429228564964936,97.75533333333333,0.6186027255874247,28.544999999999998,1.6666666666666667,1,0.125,0.24071428571428574,1.3333333333333333,0.6666666666666666,2.0,1.0,0.3333333333333333,0.4,0.0,0.0,0.0,0.0,0,62.0,M,Tulsa,Silver,1,Snacks,Value,2021-05-16,0,2021,34,1,0,0,2024-03
501947,4.0,9,0.5,1,0.0,0.0,2.0,-2.0,2.875,0.0,49.336666666666666,-0.9801337659757632,72.3125,1.3355209365844438,,0.0,3,,0.28500000000000003,0.0,-2.6666666666666665,0.0,0.0,0.0,0.25,0.0,1.0,-1.0,1.0,1,62.0,F,Spokane,Silver,1,Snacks,Value,2023-06-22,0,2023,9,0,1,0,2024-03
501948,3.0,8,0.25,0,0.0,0.0,0.3333333333333333,-0.3333333333333333,0.25,0.0,12.409999999999998,-0.9254287844891872,8.1775,1.6707523265840574,,0.0,3,,0.24,0.0,0.0,0.0,-2.0,0.0,0.375,0.0,0.0,0.0,0.0,0,31.0,F,Raleigh,Platinum,1,Household,Value,2023-06-29,0,2023,9,0,1,0,2024-03
501949,1.0,15,0.8666666666666667,0,0.0,2.6666666666666665,3.6666666666666665,-1.0,3.7333333333333334,88.81,136.16666666666666,-0.3452490886998784,141.6533333333333,0.6477668004771637,33.30375,2.3333333333333335,1,0.14,0.24230769230769234,2.0,-0.6666666666666665,1.6666666666666667,0.3333333333333335,0.3333333333333333,0.4666666666666667,1.0,2.0,0.0,2.0,1,34.0,M,Madison,Silver,1,Beverages,Mainstream,2021-12-14,0,2021,27,1,0,0,2024-03
501950,0.0,4,1.0,0,2.0,3.3333333333333335,3.0,0.3333333333333335,3.25,159.1,140.54,0.13112900946728842,154.45999999999998,0.40886562670314575,47.73,1.6666666666666667,0,0.3066666666666667,0.3125,1.6666666666666667,0.6666666666666667,2.0,-2.0,1.6666666666666667,1.25,0.0,0.0,0.0,0.0,0,71.0,Unknown,Portland,Platinum,1,Household,Upscale,2023-11-27,0,2023,4,1,0,0,2024-03
501951,10.0,15,0.2,0,0.0,0.0,0.0,0.0,0.26666666666666666,0.0,0.0,0.0,5.862666666666667,1.9815303240662003,,0.0,3,,0.19999999999999998,0.0,0.0,0.0,0.0,0.0,0.06666666666666667,0.0,0.0,0.0,0.0,1,51.0,M,Columbus,Silver,1,Produce,Mainstream,2021-03-27,0,2021,36,0,1,0,2024-03
501952,0.0,6,1.0,0,4.0,3.6666666666666665,3.3333333333333335,0.33333333333333304,3.5,70.49333333333333,73.24666666666666,-0.037083595223130074,71.86999999999999,0.3259945231211184,19.225454545454543,0.6666666666666666,0,0.21666666666666667,0.165,2.3333333333333335,-0.33333333333333304,0.0,-0.6666666666666666,0.6666666666666666,0.6666666666666666,1.0,3.0,-1.0,2.0,1,46.0,F,Tulsa,Silver,0,Snacks,Upscale,2023-09-25,0,2023,6,1,0,0,2024-03
501953,12.0,15,0.2,0,0.0,0.0,0.0,0.0,0.6666666666666666,0.0,0.0,0.0,21.329333333333334,2.8615263681232097,,0.0,3,,0.35000000000000003,0.0,0.0,0.0,0.0,0.0,0.13333333333333333,0.0,0.0,0.0,0.0,0,49.0,M,Nashville,Silver,1,Personal Care,Mainstream,2021-07-29,0,2021,32,0,1,0,2024-03
501954,0.0,15,1.0,1,6.0,6.333333333333333,5.0,1.333333333333333,4.571428571428571,221.59,172.90333333333334,0.2799639646546932,153.62285714285713,0.47023207857374594,34.9878947368421,2.6666666666666665,0,0.25333333333333335,0.18357142857142855,3.0,-1.666666666666667,0.3333333333333333,-2.0,0.3333333333333333,0.42857142857142855,0.0,0.0,0.0,0.0,0,55.0,F,Denver,Silver,1,Dairy,Value,2022-06-20,0,2022,21,1,0,0,2024-03
501955,0.0,8,1.0,1,4.0,4.333333333333333,6.0,-1.666666666666667,5.714285714285714,109.88666666666666,164.67,-0.3306774511579244,157.13857142857142,0.4506927956589333,25.358461538461537,2.3333333333333335,0,0.32,0.3485714285714286,1.6666666666666667,0.3333333333333335,1.6666666666666667,0.6666666666666667,1.3333333333333333,0.7142857142857143,0.0,0.0,0.0,0.0,0,50.0,M,Nashville,Silver,1,Snacks,Value,2023-07-15,0,2023,8,1,0,0,2024-03
501956,0.0,15,1.0,1,7.0,6.0,4.333333333333333,1.666666666666667,6.214285714285714,283.75333333333333,204.3033333333333,0.3869883586887696,296.78785714285715,0.3050876238343436,47.29222222222222,2.0,0,0.3,0.2935714285714286,4.333333333333333,1.9999999999999996,1.6666666666666667,0.3333333333333335,1.3333333333333333,0.5714285714285714,1.0,1.0,1.0,0.0,0,58.0,M,Nashville,Platinum,1,Beverages,Value,2022-12-25,0,2022,15,1,0,0,2024-03
501957,0.0,3,1.0,0,1.0,1.6666666666666667,,,1.6666666666666667,68.03333333333335,,,68.03333333333335,0.5482851888725482,40.82000000000001,2.6666666666666665,0,0.38999999999999996,0.38999999999999996,2.0,,3.0,,0.6666666666666666,0.6666666666666666,0.0,0.0,,0.0,0,31.0,M,Boise,Platinum,1,Snacks,Upscale,2023-12-20,0,2023,3,1,0,0,2024-03
501958,0.0,15,1.0,1,4.0,5.666666666666667,3.0,2.666666666666667,4.785714285714286,176.54999999999998,90.32333333333334,0.9441909698142129,139.3757142857143,0.4903403554941812,31.155882352941177,3.0,0,0.16333333333333333,0.29285714285714287,1.0,-2.3333333333333335,0.3333333333333333,-0.6666666666666667,1.0,0.7857142857142857,1.0,1.0,1.0,0.0,0,64.0,F,Madison,Silver,0,Beverages,Mainstream,2022-12-17,0,2022,15,1,0,0,2024-03
501959,3.0,15,0.8,0,0.0,0.0,3.0,-3.0,3.7333333333333334,0.0,97.10000000000001,-0.9898063200815495,103.73133333333335,0.8997221909126565,,0.0,3,,0.30916666666666665,0.0,-1.3333333333333333,0.0,-0.3333333333333333,0.0,0.5333333333333333,1.0,2.0,0.0,0.0,1,18.0,F,Tulsa,Silver,1,Produce,Mainstream,2022-02-12,0,2022,25,0,1,0,2024-03
501960,0.0,6,1.0,0,1.0,3.0,4.333333333333333,-1.333333333333333,3.6666666666666665,87.09333333333332,138.15666666666667,-0.3669485232471795,112.625,0.396802030570125,29.03111111111111,2.3333333333333335,0,0.3833333333333333,0.31,2.0,0.33333333333333326,0.3333333333333333,-0.3333333333333333,0.6666666666666666,0.5,0.0,1.0,-1.0,0.0,0,33.0,M,Columbus,Silver,0,Snacks,Mainstream,2023-09-05,0,2023,6,1,0,0,2024-03
501961,10.0,15,0.3333333333333333,0,0.0,0.0,0.0,0.0,1.5333333333333334,0.0,0.0,0.0,44.598,1.7224959033839289,,0.0,3,,0.46799999999999997,0.0,0.0,0.0,0.0,0.0,0.06666666666666667,0.0,0.0,0.0,0.0,1,35.0,F,Raleigh,Silver,0,Snacks,Value,2021-04-03,0,2021,35,0,1,0,2024-03
501962,9.0,15,0.3333333333333333,0,0.0,0.0,0.0,0.0,1.4,0.0,0.0,0.0,41.678666666666665,1.900955929575038,,0.0,3,,0.248,0.0,0.0,0.0,0.0,0.0,0.13333333333333333,0.0,0.0,0.0,0.0,0,22.0,F,Tulsa,Gold,0,Beverages,Value,2022-03-17,0,2022,24,0,1,0,2024-03
501963,0.0,13,1.0,0,4.0,3.3333333333333335,3.3333333333333335,0.0,3.6923076923076925,114.07000000000001,114.41333333333334,-0.002974815157116454,123.0476923076923,0.4325362681641939,34.221000000000004,2.3333333333333335,0,0.11,0.19923076923076927,3.6666666666666665,0.6666666666666665,0.0,-0.3333333333333333,0.3333333333333333,0.46153846153846156,0.0,0.0,0.0,0.0,0,64.0,Other,Denver,Silver,0,Dairy,Upscale,2023-02-27,0,2023,13,1,0,0,2024-03
501964,0.0,10,1.0,0,8.0,5.0,5.333333333333333,-0.33333333333333304,4.1,157.64333333333335,178.46,-0.11599613655782158,137.099,0.544965120388534,31.528666666666666,1.6666666666666667,0,0.37000000000000005,0.30000000000000004,1.0,-2.0,0.6666666666666666,-1.0,0.0,0.4,0.0,0.0,0.0,0.0,0,44.0,M,Boise,Platinum,1,Household,Upscale,2023-05-30,0,2023,10,1,0,0,2024-03
501965,9.0,15,0.4,0,0.0,0.0,0.0,0.0,1.0,0.0,0.0,0.0,45.04266666666667,1.5159002161914694,,0.0,3,,0.1416666666666667,0.0,0.0,0.0,0.0,0.0,0.26666666666666666,0.0,0.0,0.0,0.0,1,58.0,F,Nashville,Platinum,0,Personal Care,Value,2021-11-06,0,2021,28,0,1,0,2024-03
501966,0.0,14,0.9285714285714286,0,3.0,1.6666666666666667,3.6666666666666665,-1.9999999999999998,3.7857142857142856,60.53,129.26666666666668,-0.5276612077789151,135.43714285714285,0.5685817474790805,36.318,2.0,0,0.13333333333333333,0.25846153846153846,2.0,0.0,0.3333333333333333,-0.6666666666666667,1.3333333333333333,0.7142857142857143,0.0,0.0,0.0,0.0,0,27.0,Unknown,Austin,Silver,1,Personal Care,Upscale,2023-01-21,0,2023,14,1,0,0,2024-03
501967,0.0,14,1.0,1,2.0,2.5,1.6666666666666667,0.8333333333333333,2.923076923076923,64.455,43.656666666666666,0.4657385981936254,80.7953846153846,0.775495328611633,25.782,2.0,0,0.145,0.31307692307692303,1.0,-0.6666666666666667,2.0,0.33333333333333326,0.5,0.6153846153846154,0.0,0.0,0.0,0.0,0,74.0,M,Portland,Gold,1,Beverages,Value,2021-04-26,0,2021,35,1,0,0,2024-03
501968,7.0,15,0.13333333333333333,0,0.0,0.0,0.0,0.0,0.13333333333333333,0.0,0.0,0.0,6.651333333333333,2.2940908252058683,,0.0,3,,0.535,0.0,0.0,0.0,0.0,0.0,0.26666666666666666,0.0,0.0,0.0,0.0,1,19.0,F,Madison,Gold,0,Frozen Foods,Value,2022-11-07,0,2022,16,0,1,0,2024-03
501969,0.0,15,1.0,1,5.0,3.5,6.0,-2.5,5.0,184.13,292.70666666666665,-0.3696772289812965,240.80857142857144,0.4203959765495536,52.60857142857143,5.0,0,0.225,0.25214285714285717,1.5,-2.1666666666666665,0.0,-1.6666666666666667,0.5,0.9285714285714286,1.0,1.0,1.0,0.0,0,54.0,M,Columbus,Gold,1,Snacks,Value,2022-02-03,0,2022,25,1,0,0,2024-03
501971,6.0,15,0.6,0,0.0,0.0,0.0,0.0,1.6,0.0,0.0,0.0,54.03066666666667,1.3146724632079714,,0.0,3,,0.41333333333333333,0.0,0.0,0.0,0.0,0.0,0.3333333333333333,0.0,0.0,0.0,0.0,0,67.0,M,Madison,Silver,0,Produce,Upscale,2021-04-17,0,2021,35,0,1,0,2024-03
501972,6.0,8,0.25,0,0.0,0.0,0.0,0.0,0.875,0.0,0.0,0.0,18.1175,1.7564437710235723,,0.0,3,,0.29000000000000004,0.0,0.0,0.0,0.0,0.0,0.125,0.0,0.0,0.0,0.0,1,53.0,F,Spokane,Silver,0,Produce,Mainstream,2023-07-19,0,2023,8,0,1,0,2024-03
501973,12.0,15,0.2,0,0.0,0.0,0.0,0.0,0.7333333333333333,0.0,0.0,0.0,22.848000000000003,2.405782277779871,,0.0,3,,0.4000000000000001,0.0,0.0,0.0,0.0,0.0,0.06666666666666667,0.0,0.0,0.0,0.0,0,73.0,M,Portland,Silver,1,Frozen Foods,Value,2022-12-13,0,2022,15,0,1,0,2024-03
501974,8.0,15,0.35714285714285715,1,0.0,0.0,0.0,0.0,0.6428571428571429,0.0,0.0,0.0,15.49357142857143,1.4678345224624123,,0.0,3,,0.138,0.0,0.0,0.0,0.0,0.0,0.14285714285714285,0.0,0.0,0.0,0.0,0,41.0,Other,Portland,Silver,0,Frozen Foods,Mainstream,2022-01-13,0,2022,26,0,1,0,2024-03
501975,0.0,14,0.6428571428571429,0,2.0,1.6666666666666667,0.3333333333333333,1.3333333333333335,1.0714285714285714,35.97333333333333,7.093333333333334,3.568369028006589,23.276428571428568,0.9216826046988815,21.583999999999996,2.3333333333333335,0,0.4466666666666667,0.2644444444444445,2.3333333333333335,1.666666666666667,2.0,-0.3333333333333335,0.6666666666666666,0.6428571428571429,1.0,1.0,1.0,0.0,0,38.0,F,Columbus,Gold,1,Personal Care,Unknown,2023-01-08,0,2023,14,1,0,0,2024-03
501976,1.0,10,0.8888888888888888,1,0.0,1.0,3.3333333333333335,-2.3333333333333335,2.888888888888889,33.585,113.16666666666667,-0.697065693430657,92.8,0.8734613877141005,33.585,0.5,1,0.41,0.33125,1.0,-1.6666666666666665,1.5,0.16666666666666674,0.5,0.5555555555555556,0.0,1.0,-1.0,0.0,0,25.0,M,Tulsa,Silver,1,Frozen Foods,Mainstream,2023-05-07,0,2023,10,1,0,0,2024-03
501977,0.0,15,1.0,0,6.0,4.666666666666667,3.6666666666666665,1.0000000000000004,6.133333333333334,140.33,111.57333333333332,0.2554483003671683,184.3046666666667,0.45130031298803025,30.070714285714285,2.6666666666666665,0,0.3433333333333333,0.26666666666666666,2.6666666666666665,-1.0,0.3333333333333333,-0.3333333333333333,1.0,0.4,0.0,0.0,0.0,0.0,0,57.0,F,Denver,Silver,0,Dairy,Mainstream,2022-05-08,0,2022,22,1,0,0,2024-03
501978,5.0,15,0.6428571428571429,1,0.0,0.0,1.6666666666666667,-1.6666666666666667,5.071428571428571,0.0,66.07666666666667,-0.9850916861302986,215.18071428571426,0.8767978025925348,,0.0,3,,0.3277777777777778,0.0,-0.3333333333333333,0.0,0.0,0.0,0.07142857142857142,0.0,2.0,-2.0,1.0,1,61.0,M,Spokane,Silver,0,Frozen Foods,Mainstream,2021-06-21,0,2021,33,0,1,0,2024-03
501979,0.0,15,1.0,0,6.0,4.666666666666667,6.0,-1.333333333333333,5.533333333333333,159.52666666666667,171.2733333333333,-0.0681862157037265,169.22666666666666,0.4052207809583935,34.184285714285714,1.3333333333333333,0,0.2833333333333333,0.3333333333333333,2.0,-4.333333333333333,2.0,0.33333333333333326,0.3333333333333333,0.3333333333333333,0.0,0.0,0.0,0.0,1,21.0,M,Austin,Gold,1,Household,Upscale,2022-11-05,0,2022,16,1,0,0,2024-03
501981,9.0,15,0.3333333333333333,0,0.0,0.0,0.0,0.0,1.2,0.0,0.0,0.0,39.644000000000005,1.6187077928732247,,0.0,3,,0.312,0.0,0.0,0.0,0.0,0.0,0.13333333333333333,0.0,0.0,0.0,0.0,0,53.0,M,Madison,Silver,0,Dairy,Mainstream,2021-11-23,0,2021,28,0,1,0,2024-03
501982,0.0,15,1.0,1,3.0,6.0,8.333333333333334,-2.333333333333334,7.214285714285714,168.73666666666668,230.19333333333336,-0.2658236973384469,192.64285714285717,0.3754358129164425,28.12277777777778,3.6666666666666665,0,0.3499999999999999,0.3392857142857144,2.0,-0.6666666666666665,1.6666666666666667,0.0,0.6666666666666666,1.0,1.0,2.0,0.0,1.0,1,27.0,F,Nashville,Gold,1,Frozen Foods,Mainstream,2022-09-19,0,2022,18,1,0,0,2024-03
501983,7.0,10,0.3,0,0.0,0.0,0.0,0.0,0.7,0.0,0.0,0.0,16.136000000000003,1.6066948943920727,,0.0,3,,0.36000000000000004,0.0,0.0,0.0,0.0,0.0,0.0,0.0,0.0,0.0,0.0,0,46.0,F,Raleigh,Silver,1,Household,Value,2023-05-06,0,2023,10,0,1,0,2024-03
501984,14.0,15,0.06666666666666667,0,0.0,0.0,0.0,0.0,0.06666666666666667,0.0,0.0,0.0,1.8426666666666667,2.510536109033138,,0.0,3,,0.59,0.0,0.0,0.0,0.0,0.0,0.13333333333333333,0.0,0.0,0.0,0.0,0,73.0,M,Austin,Gold,1,Frozen Foods,Mainstream,2021-07-11,0,2021,32,0,1,0,2024-03
501985,13.0,15,0.14285714285714285,1,0.0,0.0,0.0,0.0,0.35714285714285715,0.0,0.0,0.0,10.949285714285713,2.3504242046092383,,0.0,3,,0.31,0.0,0.0,0.0,0.0,0.0,0.14285714285714285,0.0,0.0,0.0,0.0,0,63.0,F,Raleigh,Silver,0,Frozen Foods,Value,2022-05-21,0,2022,22,0,1,0,2024-03
501986,0.0,15,1.0,1,1.0,3.6666666666666665,6.333333333333333,-2.6666666666666665,6.857142857142857,95.51333333333334,166.13000000000002,-0.42252537944514257,173.1885714285714,0.5363274916556958,26.04909090909091,3.6666666666666665,0,0.43,0.31428571428571433,1.6666666666666667,-0.9999999999999998,0.3333333333333333,0.3333333333333333,0.0,0.9285714285714286,2.0,2.0,2.0,1.0,1,72.0,F,Tulsa,Silver,0,Bakery,Unknown,2022-03-07,0,2022,24,1,1,0,2024-03
501987,0.0,14,1.0,0,1.0,4.0,7.333333333333333,-3.333333333333333,5.285714285714286,97.62,160.58333333333334,-0.3896647756575555,121.48499999999999,0.5571535871134796,24.405,1.0,0,0.3566666666666667,0.2835714285714286,0.3333333333333333,-1.3333333333333335,1.0,-0.6666666666666667,0.3333333333333333,0.2857142857142857,2.0,2.0,2.0,0.0,0,48.0,F,Tulsa,Silver,1,Personal Care,Value,2021-09-24,0,2021,30,1,0,0,2024-03
501988,0.0,2,1.0,0,1.0,1.5,,,1.5,58.86,,,58.86,0.40895484070628596,39.24,2.0,0,0.405,0.405,3.5,,1.0,,0.5,0.5,0.0,0.0,,0.0,0,,M,Raleigh,Silver,1,Produce,Value,2024-01-13,1,2024,2,1,0,0,2024-03
501989,13.0,15,0.13333333333333333,0,0.0,0.0,0.0,0.0,0.2,0.0,0.0,0.0,7.1433333333333335,2.5872773438086005,,0.0,3,,0.305,0.0,0.0,0.0,0.0,0.0,0.0,0.0,0.0,0.0,0.0,0,72.0,F,Tulsa,Silver,0,Personal Care,Mainstream,2021-08-11,0,2021,31,0,1,0,2024-03
501990,0.0,4,1.0,0,1.0,1.6666666666666667,3.0,-1.3333333333333333,2.0,25.886666666666667,52.45,-0.49697536638603057,32.5275,0.5939431789501428,15.532,3.0,0,0.26,0.27999999999999997,2.0,1.0,0.6666666666666666,-1.3333333333333335,1.3333333333333333,1.0,0.0,1.0,-1.0,0.0,0,65.0,M,Denver,Silver,1,Beverages,Value,2023-11-24,0,2023,4,1,1,0,2024-03
501992,0.0,15,0.9230769230769231,2,6.0,5.0,4.5,0.5,3.6923076923076925,212.45499999999998,194.595,0.0913111275850609,149.86384615384617,0.6230711319906626,42.491,4.0,0,0.49,0.3075,1.0,-1.5,2.0,1.5,1.5,0.7692307692307693,1.0,2.0,0.0,0.0,0,48.0,M,Portland,Gold,1,Frozen Foods,Mainstream,2021-02-28,0,2021,37,1,0,0,2024-03
501993,3.0,9,0.6666666666666666,0,0.0,0.0,1.3333333333333333,-1.3333333333333333,1.7777777777777777,0.0,47.70666666666667,-0.9794689296468656,60.653333333333336,1.0096642516396312,,0.0,3,,0.3833333333333333,0.0,0.0,0.0,-0.6666666666666666,0.0,0.5555555555555556,0.0,1.0,-1.0,1.0,1,44.0,M,Austin,Gold,1,Bakery,Mainstream,2023-06-12,0,2023,9,0,1,0,2024-03
501995,4.0,15,0.7142857142857143,1,0.0,0.0,3.0,-3.0,3.142857142857143,0.0,87.93,-0.9887552007196672,103.03642857142859,1.028199626836496,,0.0,3,,0.202,0.6666666666666666,-0.33333333333333337,0.0,0.0,0.0,0.35714285714285715,1.0,3.0,-1.0,2.0,1,50.0,F,Tulsa,Gold,1,Dairy,Value,2022-02-01,0,2022,25,0,1,0,2024-03
501996,0.0,10,1.0,0,7.0,5.333333333333333,5.0,0.33333333333333304,5.1,171.87666666666667,152.83,0.12381633404840832,160.69400000000002,0.49425090433022695,32.226875,3.0,0,0.11333333333333333,0.21000000000000002,3.0,-0.6666666666666665,2.0,1.3333333333333335,1.3333333333333333,0.9,0.0,1.0,-1.0,1.0,1,55.0,F,Raleigh,Gold,1,Beverages,Value,2023-05-16,0,2023,10,1,0,0,2024-03
501997,0.0,15,1.0,1,3.0,2.0,5.333333333333333,-3.333333333333333,3.2857142857142856,86.09666666666665,231.1966666666667,-0.6249013049282935,145.26214285714286,0.6603427264911796,43.048333333333325,1.6666666666666667,0,0.24666666666666667,0.3014285714285715,0.6666666666666666,-0.33333333333333337,1.3333333333333333,1.3333333333333333,0.0,0.2857142857142857,0.0,0.0,0.0,0.0,0,65.0,M,Tulsa,Platinum,0,Household,Mainstream,2022-12-31,0,2022,15,1,0,0,2024-03
501998,0.0,14,0.7142857142857143,0,1.0,1.0,0.6666666666666666,0.33333333333333337,1.7857142857142858,27.036666666666665,19.986666666666668,0.3359275730622616,45.949285714285715,0.8471836519355628,27.036666666666665,0.6666666666666666,1,0.14,0.223,3.3333333333333335,1.3333333333333335,0.6666666666666666,-1.0,0.6666666666666666,0.5,1.0,2.0,0.0,1.0,1,26.0,M,Austin,Silver,1,Personal Care,Unknown,2021-04-07,0,2021,35,1,0,0,2024-03
501999,13.0,15,0.13333333333333333,0,0.0,0.0,0.0,0.0,0.26666666666666666,0.0,0.0,0.0,7.677333333333333,2.5818665133349277,,0.0,3,,0.23,0.0,0.0,0.0,0.0,0.0,0.0,0.0,0.0,0.0,0.0,0,47.0,M,Boise,Gold,1,Snacks,Value,2022-07-05,0,2022,20,0,1,0,2024-03
502001,12.0,15,0.2,0,0.0,0.0,0.0,0.0,0.26666666666666666,0.0,0.0,0.0,5.723333333333333,1.892251134641321,,0.0,3,,0.33,0.0,0.0,0.0,0.0,0.0,0.06666666666666667,0.0,0.0,0.0,0.0,1,52.0,F,Madison,Silver,1,Frozen Foods,Mainstream,2022-03-01,0,2022,24,0,1,0,2024-03
502002,0.0,5,1.0,0,7.0,4.0,6.5,-2.5,5.0,127.92999999999999,264.735,-0.5148173932677291,182.652,0.6206078660982042,31.982499999999998,2.6666666666666665,0,0.3,0.26799999999999996,4.333333333333333,0.33333333333333304,1.0,0.5,1.3333333333333333,0.8,0.0,0.0,0.0,0.0,0,21.0,F,Nashville,Gold,0,Personal Care,Value,2023-10-27,0,2023,5,1,0,0,2024-03
502003,1.0,11,0.45454545454545453,0,0.0,0.6666666666666666,0.3333333333333333,0.3333333333333333,0.7272727272727273,18.086666666666666,9.446666666666667,0.8270580727504785,20.62090909090909,1.1866698401957976,27.13,0.0,2,0.12,0.322,0.0,-1.3333333333333333,2.0,0.6666666666666667,0.0,0.36363636363636365,1.0,1.0,1.0,0.0,0,59.0,M,Tulsa,Silver,1,Bakery,Value,2023-04-22,0,2023,11,1,1,0,2024-03
502004,0.0,7,1.0,0,3.0,2.0,4.333333333333333,-2.333333333333333,3.4285714285714284,119.19666666666667,234.48666666666668,-0.4895818588455114,195.66,0.6292302708207546,59.598333333333336,1.0,0,0.6733333333333333,0.5314285714285714,3.3333333333333335,-0.6666666666666665,0.6666666666666666,0.6666666666666666,0.6666666666666666,0.5714285714285714,0.0,1.0,-1.0,1.0,1,18.0,M,Spokane,Platinum,0,Beverages,Mainstream,2023-08-27,0,2023,7,1,0,0,2024-03
502005,0.0,15,1.0,0,2.0,2.3333333333333335,3.6666666666666665,-1.333333333333333,2.8,126.96666666666665,232.31000000000003,-0.4515165802294516,164.89733333333334,0.4297456288728707,54.41428571428571,3.0,0,0.4166666666666667,0.29533333333333334,1.3333333333333333,-0.3333333333333335,2.0,-0.6666666666666665,1.0,0.6,2.0,2.0,2.0,1.0,1,54.0,F,Portland,Platinum,1,Beverages,Mainstream,2021-05-29,0,2021,34,1,0,0,2024-03
502007,3.0,15,0.46153846153846156,2,0.0,0.0,1.0,-1.0,0.6153846153846154,0.0,36.49333333333333,-0.9733285917496444,21.199230769230766,1.2130932690112883,,0.0,2,,0.4716666666666667,0.0,0.0,0.0,-0.3333333333333333,0.0,0.7692307692307693,2.0,2.0,2.0,0.0,0,35.0,F,Tulsa,Gold,0,Produce,Value,2022-08-09,0,2022,19,0,1,0,2024-03
502008,0.0,15,1.0,2,2.0,3.6666666666666665,6.5,-2.8333333333333335,5.538461538461538,114.83333333333333,189.60500000000002,-0.39228596661507664,171.30615384615385,0.4214126218474708,31.318181818181817,3.0,0,0.5066666666666667,0.3184615384615385,1.6666666666666667,-2.333333333333333,0.6666666666666666,-0.8333333333333334,0.0,0.46153846153846156,2.0,2.0,2.0,0.0,1,37.0,F,Denver,Platinum,0,Snacks,Mainstream,2022-10-28,0,2022,17,1,0,1,2024-03
502009,9.0,15,0.4,0,0.0,0.0,0.0,0.0,2.3333333333333335,0.0,0.0,0.0,59.232666666666674,1.406061989040908,,0.0,3,,0.21000000000000005,0.0,0.0,0.0,0.0,0.0,0.13333333333333333,0.0,0.0,0.0,0.0,1,33.0,F,Raleigh,Silver,1,Bakery,Mainstream,2022-07-27,0,2022,20,0,1,0,2024-03
502010,11.0,15,0.21428571428571427,1,0.0,0.0,0.0,0.0,0.2857142857142857,0.0,0.0,0.0,8.282857142857143,1.957580723881448,,0.0,3,,0.29333333333333333,0.0,0.0,0.0,0.0,0.0,0.07142857142857142,0.0,0.0,0.0,0.0,1,57.0,F,Austin,Silver,0,Personal Care,Value,2022-06-09,0,2022,21,0,1,0,2024-03
502011,0.0,2,1.0,0,4.0,4.5,,,4.5,148.215,,,148.215,0.15036355706228707,32.93666666666667,0.5,0,0.25,0.25,5.5,,0.5,,0.5,0.5,0.0,0.0,,0.0,0,30.0,F,Tulsa,Gold,0,Produce,Mainstream,2024-01-03,0,2024,2,1,0,0,2024-03
502012,0.0,11,1.0,0,2.0,2.6666666666666665,4.0,-1.3333333333333335,3.3636363636363638,45.343333333333334,74.81333333333333,-0.3887179036229335,62.12727272727273,0.3024338388702903,17.00375,1.3333333333333333,0,0.26666666666666666,0.35545454545454547,1.0,-0.33333333333333326,0.0,0.0,0.6666666666666666,0.8181818181818182,2.0,2.0,2.0,0.0,1,62.0,F,Austin,Silver,0,Produce,Mainstream,2023-04-26,0,2023,11,1,1,0,2024-03
502013,7.0,15,0.3333333333333333,0,0.0,0.0,0.0,0.0,0.6666666666666666,0.0,0.0,0.0,22.789333333333335,1.5743478450642259,,0.0,3,,0.2,0.0,0.0,0.0,0.0,0.0,0.4,0.0,0.0,0.0,0.0,1,34.0,F,Denver,Gold,0,Frozen Foods,Value,2022-07-09,0,2022,20,0,1,0,2024-03
502015,0.0,15,1.0,1,6.0,5.0,9.333333333333334,-4.333333333333334,6.285714285714286,281.57,566.1066666666667,-0.5017339477582113,365.2885714285714,0.4610826122743763,56.314,3.0,0,0.2,0.2835714285714286,6.0,2.6666666666666665,0.0,-0.3333333333333333,0.0,0.7857142857142857,0.0,1.0,-1.0,1.0,1,72.0,F,Columbus,Platinum,0,Frozen Foods,Unknown,2021-09-28,0,2021,30,1,0,0,2024-03
502016,0.0,15,0.8666666666666667,0,4.0,2.6666666666666665,3.3333333333333335,-0.666666666666667,3.466666666666667,77.49,103.06,-0.24572362098789166,103.88133333333332,0.5325614713768001,29.05875,0.6666666666666666,1,0.18,0.2892307692307692,1.6666666666666667,-0.33333333333333326,2.3333333333333335,0.6666666666666667,1.0,0.9333333333333333,0.0,0.0,0.0,0.0,1,53.0,Unknown,Portland,Silver,1,Produce,Mainstream,2021-09-27,0,2021,30,1,0,0,2024-03
502017,0.0,15,1.0,0,4.0,4.333333333333333,3.6666666666666665,0.6666666666666665,4.533333333333333,104.64666666666666,109.33999999999999,-0.042535194248081644,121.73866666666665,0.5293757444607715,24.14923076923077,1.6666666666666667,0,0.20333333333333334,0.3006666666666667,0.6666666666666666,-0.33333333333333337,1.3333333333333333,-1.3333333333333333,1.6666666666666667,0.8666666666666667,0.0,1.0,-1.0,0.0,1,19.0,M,Raleigh,Silver,1,Personal Care,Unknown,2022-08-23,0,2022,19,1,0,0,2024-03
502018,7.0,15,0.4666666666666667,0,0.0,0.0,0.0,0.0,1.3333333333333333,0.0,0.0,0.0,38.04533333333333,1.6668060849130781,,0.0,3,,0.3442857142857143,0.0,0.0,0.0,0.0,0.0,0.2,0.0,0.0,0.0,0.0,0,66.0,M,Portland,Silver,1,Household,Mainstream,2021-10-04,0,2021,29,0,1,0,2024-03
502019,0.0,15,1.0,1,2.0,4.0,5.0,-1.0,4.142857142857143,144.10666666666665,160.075,-0.09913601324434788,146.5735714285714,0.3559972208684534,36.026666666666664,2.0,0,0.37666666666666665,0.2642857142857143,1.3333333333333333,0.8333333333333333,2.3333333333333335,0.8333333333333335,0.3333333333333333,0.5714285714285714,0.0,0.0,0.0,0.0,0,61.0,F,Raleigh,Silver,1,Frozen Foods,Mainstream,2022-12-18,0,2022,15,1,0,0,2024-03
502020,0.0,15,1.0,0,3.0,4.666666666666667,4.666666666666667,0.0,4.666666666666667,151.5,156.03,-0.028847990829777757,142.76066666666665,0.4276635847963714,32.464285714285715,1.6666666666666667,0,0.16666666666666666,0.20466666666666666,1.0,-0.33333333333333326,1.3333333333333333,0.33333333333333326,0.3333333333333333,0.4,0.0,1.0,-1.0,0.0,0,55.0,F,Spokane,Silver,1,Snacks,Mainstream,2022-07-15,0,2022,20,1,0,0,2024-03
502021,0.0,15,1.0,0,4.0,4.666666666666667,6.0,-1.333333333333333,6.4,208.66666666666666,271.86333333333334,-0.2316055656677947,293.8073333333333,0.4964355528918718,44.714285714285715,3.0,0,0.34,0.22066666666666665,1.6666666666666667,0.0,0.3333333333333333,0.3333333333333333,0.3333333333333333,0.6666666666666666,0.0,0.0,0.0,0.0,0,69.0,F,Denver,Platinum,0,Personal Care,Unknown,2022-11-04,0,2022,16,1,0,0,2024-03
502022,0.0,4,0.75,0,4.0,2.6666666666666665,0.0,2.6666666666666665,2.0,54.84,0.0,54.84,41.13,0.9270311522094525,20.565,2.6666666666666665,0,0.2933333333333334,0.2933333333333334,0.6666666666666666,0.6666666666666666,1.0,-1.0,0.3333333333333333,0.5,1.0,2.0,0.0,0.0,0,70.0,M,Columbus,Silver,1,Frozen Foods,Value,2023-11-23,0,2023,4,1,0,0,2024-03
502023,0.0,5,1.0,0,1.0,1.6666666666666667,3.0,-1.3333333333333333,2.2,60.050000000000004,102.29,-0.40894568690095845,76.946,0.7358428964754407,36.03,1.3333333333333333,0,0.19999999999999998,0.188,1.0,-1.5,1.3333333333333333,0.8333333333333333,0.6666666666666666,1.6,0.0,0.0,0.0,0.0,0,43.0,F,Portland,Gold,1,Snacks,Upscale,2023-10-10,0,2023,5,1,0,0,2024-03
502024,0.0,15,0.9285714285714286,1,1.0,3.3333333333333335,1.0,2.3333333333333335,3.0714285714285716,109.83333333333333,35.55,2.0323757409940724,105.94357142857143,0.648477476947444,32.95,2.6666666666666665,0,0.3433333333333333,0.3961538461538462,1.6666666666666667,-0.8333333333333333,1.0,0.0,0.6666666666666666,0.35714285714285715,0.0,0.0,0.0,0.0,0,69.0,M,Tulsa,Silver,1,Dairy,Mainstream,2022-08-07,0,2022,19,1,0,1,2024-03
502025,0.0,2,1.0,0,9.0,9.0,,,9.0,379.15,,,379.15,0.13693858011562182,42.12777777777777,4.0,0,0.345,0.345,2.5,,3.0,,1.0,1.0,0.0,0.0,,0.0,0,47.0,M,Raleigh,Platinum,1,Household,Unknown,2024-02-01,0,2024,1,1,0,0,2024-03
502026,13.0,15,0.13333333333333333,0,0.0,0.0,0.0,0.0,0.26666666666666666,0.0,0.0,0.0,7.530666666666667,2.772339138442928,,0.0,3,,0.19,0.0,0.0,0.0,0.0,0.0,0.0,0.0,0.0,0.0,0.0,0,20.0,M,Spokane,Silver,1,Frozen Foods,Mainstream,2022-04-27,0,2022,23,0,1,0,2024-03
502027,7.0,11,0.2727272727272727,0,0.0,0.0,0.0,0.0,0.36363636363636365,0.0,0.0,0.0,8.116363636363637,1.5856314648938508,,0.0,3,,0.31333333333333335,0.0,0.0,0.0,-0.6666666666666666,0.0,0.2727272727272727,0.0,0.0,0.0,0.0,1,47.0,M,Austin,Silver,1,Personal Care,Mainstream,2023-04-22,0,2023,11,0,1,0,2024-03
502028,0.0,15,1.0,1,6.0,5.666666666666667,5.0,0.666666666666667,5.071428571428571,138.90333333333334,126.58,0.0965929874065946,123.77,0.2654613247789155,24.512352941176474,2.3333333333333335,0,0.52,0.30142857142857143,2.0,-1.3333333333333335,1.6666666666666667,0.0,0.6666666666666666,0.5,0.0,0.0,0.0,0.0,0,33.0,F,Spokane,Silver,1,Dairy,Upscale,2022-12-18,0,2022,15,1,0,0,2024-03
502029,1.0,14,0.9285714285714286,0,0.0,2.0,2.3333333333333335,-0.3333333333333335,1.8571428571428572,52.873333333333335,56.01,-0.0550195872069227,49.02285714285715,0.662440222510154,26.436666666666667,1.0,1,0.335,0.28461538461538466,2.6666666666666665,1.6666666666666665,2.0,1.6666666666666667,0.6666666666666666,0.6428571428571429,0.0,0.0,0.0,0.0,0,59.0,F,Denver,Silver,1,Bakery,Mainstream,2021-06-18,0,2021,33,1,0,0,2024-03
502030,7.0,15,0.38461538461538464,2,0.0,0.0,0.0,0.0,0.38461538461538464,0.0,0.0,0.0,10.938461538461537,1.2164764873944258,,0.0,3,,0.34800000000000003,1.0,0.5,1.6666666666666667,-0.8333333333333333,1.0,0.38461538461538464,1.0,1.0,1.0,0.0,0,40.0,F,Austin,Silver,1,Frozen Foods,Mainstream,2021-07-27,0,2021,32,0,0,0,2024-03
502031,0.0,15,1.0,0,4.0,6.333333333333333,5.666666666666667,0.6666666666666661,7.0,150.38666666666668,154.72,-0.027827724976453343,183.37533333333334,0.4494430479646822,23.745263157894737,1.3333333333333333,0,0.38999999999999996,0.24400000000000005,3.3333333333333335,0.0,0.0,-2.0,1.0,0.6,0.0,0.0,0.0,0.0,0,59.0,M,Nashville,Silver,1,Frozen Foods,Value,2022-10-31,0,2022,17,1,0,0,2024-03
502032,9.0,14,0.35714285714285715,0,0.0,0.0,0.0,0.0,0.9285714285714286,0.0,0.0,0.0,19.55857142857143,1.6936625136099062,,0.0,3,,0.27599999999999997,0.0,0.0,0.0,0.0,0.0,0.21428571428571427,0.0,0.0,0.0,0.0,1,32.0,M,Nashville,Silver,0,Frozen Foods,Mainstream,2023-02-01,0,2023,13,0,1,0,2024-03
502033,1.0,15,0.9285714285714286,1,0.0,1.6666666666666667,3.3333333333333335,-1.6666666666666667,2.2857142857142856,47.63333333333333,120.42,-0.5994619228023939,75.12214285714288,0.6231574839641073,28.580000000000002,2.0,1,0.115,0.2876923076923077,0.0,-0.6666666666666666,0.3333333333333333,0.0,0.6666666666666666,0.5,1.0,1.0,1.0,0.0,0,66.0,F,Spokane,Silver,0,Frozen Foods,Unknown,2021-09-24,0,2021,30,1,1,0,2024-03
502034,0.0,15,0.8666666666666667,0,2.0,2.6666666666666665,3.0,-0.3333333333333335,2.3333333333333335,116.39333333333332,120.65333333333332,-0.03501753616834726,98.17866666666666,0.5567185514463653,43.647499999999994,3.3333333333333335,0,0.4466666666666667,0.3423076923076923,0.3333333333333333,-1.0,1.6666666666666667,0.6666666666666667,0.6666666666666666,0.3333333333333333,0.0,0.0,0.0,0.0,1,28.0,F,Columbus,Gold,1,Dairy,Mainstream,2022-09-13,0,2022,18,1,0,0,2024-03
502035,0.0,15,0.8666666666666667,0,1.0,1.3333333333333333,1.3333333333333333,0.0,2.3333333333333335,35.96333333333333,35.20333333333333,0.02099254212319302,62.852666666666664,0.7372054199671868,26.972499999999997,1.6666666666666667,0,0.45999999999999996,0.35076923076923083,2.6666666666666665,0.9999999999999998,1.6666666666666667,0.6666666666666667,0.6666666666666666,0.3333333333333333,2.0,3.0,1.0,1.0,1,29.0,F,Nashville,Silver,1,Snacks,Upscale,2021-12-22,0,2021,27,1,0,0,2024-03
502036,0.0,3,1.0,0,3.0,3.3333333333333335,,,3.3333333333333335,86.20666666666666,,,86.20666666666666,0.48712382813158484,25.862000000000002,1.6666666666666667,0,0.1366666666666667,0.1366666666666667,1.6666666666666667,,0.3333333333333333,,0.0,0.0,0.0,0.0,,0.0,0,67.0,F,Tulsa,Silver,0,Beverages,Mainstream,2023-12-21,0,2023,3,1,0,0,2024-03
502037,14.0,15,0.06666666666666667,0,0.0,0.0,0.0,0.0,0.06666666666666667,0.0,0.0,0.0,2.4986666666666664,2.7659949660033156,,0.0,3,,0.24,0.0,0.0,0.0,0.0,0.0,0.0,0.0,0.0,0.0,0.0,0,59.0,F,Tulsa,Gold,1,Dairy,Mainstream,2022-01-21,0,2022,26,0,1,0,2024-03
502038,0.0,14,1.0,1,6.0,5.333333333333333,7.5,-2.166666666666667,6.384615384615385,132.20666666666668,190.93,-0.3059622431789367,169.87923076923076,0.318710358531205,24.78875,3.3333333333333335,0,0.32,0.30230769230769233,2.6666666666666665,0.16666666666666652,1.6666666666666667,-1.8333333333333333,0.6666666666666666,0.6153846153846154,0.0,0.0,0.0,0.0,0,19.0,F,Columbus,Silver,1,Produce,Upscale,2022-07-13,0,2022,20,1,0,0,2024-03
502039,6.0,7,0.14285714285714285,0,0.0,0.0,0.0,0.0,0.14285714285714285,0.0,0.0,0.0,4.53,2.1673152692807585,,0.0,3,,0.35,0.0,0.0,0.0,0.0,0.0,0.0,0.0,0.0,0.0,0.0,0,43.0,M,Austin,Gold,0,Snacks,Value,2023-08-29,0,2023,7,0,1,0,2024-03
502040,0.0,15,1.0,1,12.0,8.666666666666666,6.666666666666667,1.9999999999999991,6.571428571428571,218.25666666666666,175.46333333333334,0.24250552522714816,174.02857142857144,0.33559938093779174,25.183461538461536,3.6666666666666665,0,0.26666666666666666,0.32,4.0,2.0,1.3333333333333333,-1.0000000000000002,1.0,0.8571428571428571,0.0,0.0,0.0,0.0,0,28.0,F,Austin,Silver,1,Beverages,Value,2021-11-18,0,2021,28,1,0,0,2024-03
502041,5.0,15,0.6666666666666666,0,0.0,0.0,0.3333333333333333,-0.3333333333333333,2.6,0.0,6.829999999999999,-0.8722860791826309,52.776666666666664,1.0448362792739325,,0.0,3,,0.17600000000000002,0.0,0.0,0.0,0.0,0.0,0.4,0.0,0.0,0.0,0.0,0,68.0,M,Nashville,Silver,1,Bakery,Value,2022-08-14,0,2022,19,0,1,0,2024-03
502042,0.0,15,1.0,0,6.0,4.333333333333333,5.0,-0.666666666666667,4.466666666666667,158.6966666666667,176.21,-0.09882813234768535,156.7686666666667,0.5203765909349588,36.62230769230769,2.3333333333333335,0,0.2833333333333334,0.3053333333333334,1.3333333333333333,1.0,0.6666666666666666,-0.33333333333333337,1.0,0.4,0.0,0.0,0.0,0.0,0,61.0,F,Columbus,Gold,1,Household,Value,2021-12-29,0,2021,27,1,0,0,2024-03
502043,0.0,15,0.9333333333333333,0,4.0,4.0,8.333333333333334,-4.333333333333334,5.533333333333333,141.07666666666668,248.29666666666665,-0.43008998649534014,176.4053333333334,0.491628755578511,35.26916666666667,1.6666666666666667,0,0.18333333333333332,0.2914285714285714,0.6666666666666666,-2.666666666666667,0.0,-0.3333333333333333,0.3333333333333333,0.4,0.0,0.0,0.0,0.0,1,61.0,F,Raleigh,Silver,0,Snacks,Mainstream,2021-09-06,0,2021,30,1,0,0,2024-03
502044,0.0,8,0.625,0,3.0,1.3333333333333333,1.0,0.33333333333333326,1.375,55.81,37.20666666666667,0.4869132786599196,54.46,1.087500809580834,41.8575,1.0,1,0.11,0.21200000000000002,0.3333333333333333,-1.3333333333333335,1.6666666666666667,1.0,0.0,0.5,0.0,0.0,0.0,0.0,0,30.0,F,Austin,Gold,1,Snacks,Mainstream,2023-07-07,0,2023,8,1,0,0,2024-03
502045,0.0,15,1.0,1,4.0,6.0,5.333333333333333,0.666666666666667,5.142857142857143,93.92666666666668,93.75999999999999,0.0017588293232026766,85.375,0.3844695106658187,15.654444444444445,2.6666666666666665,0,0.15,0.2314285714285714,2.3333333333333335,0.3333333333333335,0.0,0.0,0.0,0.5714285714285714,0.0,0.0,0.0,0.0,0,59.0,F,Denver,Silver,0,Frozen Foods,Value,2021-09-28,0,2021,30,1,0,0,2024-03
502046,0.0,15,1.0,0,4.0,4.0,4.333333333333333,-0.33333333333333304,5.4,120.68,134.42,-0.10146211785556035,157.99066666666664,0.37470973782372,30.17,1.6666666666666667,0,0.2333333333333333,0.18400000000000002,6.333333333333333,2.6666666666666665,1.6666666666666667,0.3333333333333335,2.0,0.7333333333333333,1.0,1.0,1.0,0.0,1,32.0,M,Boise,Silver,1,Snacks,Value,2021-02-27,0,2021,37,1,0,0,2024-03
502047,0.0,15,0.8,0,2.0,1.3333333333333333,0.6666666666666666,0.6666666666666666,2.4,31.236666666666668,15.926666666666668,0.9044899566758565,60.925333333333334,0.8141360376780737,23.427500000000002,1.6666666666666667,1,0.07500000000000001,0.25916666666666666,2.0,0.0,1.3333333333333333,1.0,0.3333333333333333,0.26666666666666666,0.0,0.0,0.0,0.0,1,,F,Tulsa,Silver,0,Bakery,Value,2022-09-05,1,2022,18,1,0,0,2024-03
502048,0.0,15,1.0,1,4.0,3.0,5.666666666666667,-2.666666666666667,4.785714285714286,114.58999999999999,254.28666666666666,-0.5472148956728383,196.9464285714286,0.4679508061814122,38.196666666666665,2.0,0,0.3233333333333333,0.3707142857142857,2.6666666666666665,0.33333333333333304,0.6666666666666666,-0.33333333333333337,1.0,0.8571428571428571,0.0,0.0,0.0,0.0,0,73.0,F,Columbus,Silver,1,Snacks,Upscale,2022-01-11,0,2022,26,1,0,0,2024-03
502049,0.0,15,0.8666666666666667,0,2.0,2.6666666666666665,1.0,1.6666666666666665,1.8,55.51,24.55666666666667,1.211164731968175,40.58666666666668,0.6116483727463718,20.81625,1.3333333333333333,0,0.5033333333333333,0.4453846153846154,1.0,0.0,0.6666666666666666,0.6666666666666666,0.3333333333333333,0.6666666666666666,0.0,1.0,-1.0,0.0,0,63.0,Other,Nashville,Silver,0,Bakery,Mainstream,2021-11-12,0,2021,28,1,0,0,2024-03
502050,0.0,15,0.8666666666666667,0,1.0,1.0,2.6666666666666665,-1.6666666666666665,1.7333333333333334,19.856666666666666,53.776666666666664,-0.6192417696099313,33.29533333333334,0.6915049508526186,19.856666666666666,1.3333333333333333,1,0.37,0.25153846153846154,1.0,-2.0,0.0,0.0,0.3333333333333333,0.8666666666666667,1.0,1.0,1.0,0.0,0,61.0,M,Nashville,Silver,0,Personal Care,Value,2022-12-24,0,2022,15,1,1,0,2024-03
502051,0.0,15,1.0,1,2.0,4.0,6.333333333333333,-2.333333333333333,4.785714285714286,105.35000000000001,160.26999999999998,-0.3405469089105226,123.48071428571428,0.3340400221230608,26.337500000000002,3.6666666666666665,0,0.4066666666666667,0.2835714285714286,3.0,0.3333333333333335,0.6666666666666666,-1.3333333333333335,1.0,0.8571428571428571,0.0,1.0,-1.0,0.0,0,26.0,F,Denver,Silver,1,Snacks,Value,2021-10-03,0,2021,29,1,0,0,2024-03
502053,0.0,15,0.7857142857142857,1,1.0,1.0,2.0,-1.0,1.7142857142857142,23.363333333333333,42.37,-0.438244562293444,37.69714285714285,0.6746650693643089,23.363333333333333,1.0,1,0.21999999999999997,0.2418181818181818,0.3333333333333333,-2.333333333333333,0.6666666666666666,-1.666666666666667,0.0,0.42857142857142855,3.0,4.0,2.0,1.0,1,50.0,M,Columbus,Silver,1,Dairy,Mainstream,2021-07-02,0,2021,32,1,1,0,2024-03
502054,14.0,15,0.06666666666666667,0,0.0,0.0,0.0,0.0,0.06666666666666667,0.0,0.0,0.0,3.2706666666666666,2.9661030746945967,,0.0,3,,0.29,0.0,0.0,0.0,0.0,0.0,0.2,0.0,0.0,0.0,0.0,0,25.0,F,Portland,Platinum,1,Personal Care,Value,2021-11-03,0,2021,28,0,1,0,2024-03
502055,10.0,15,0.3333333333333333,0,0.0,0.0,0.0,0.0,0.8,0.0,0.0,0.0,18.664,1.6297543477334202,,0.0,3,,0.33799999999999997,0.0,0.0,0.0,0.0,0.0,0.0,0.0,0.0,0.0,0.0,1,53.0,F,Tulsa,Silver,1,Beverages,Value,2022-08-11,0,2022,19,0,1,0,2024-03
502056,0.0,5,1.0,0,1.0,2.0,2.0,0.0,2.0,67.16666666666667,66.97,0.002893433377470539,67.088,0.5075408211521262,33.583333333333336,1.6666666666666667,0,0.3733333333333333,0.39,0.6666666666666666,0.16666666666666663,1.6666666666666667,-1.3333333333333333,0.6666666666666666,0.4,0.0,0.0,0.0,0.0,0,33.0,F,Portland,Silver,1,Household,Upscale,2023-10-10,0,2023,5,1,0,0,2024-03
502057,0.0,15,1.0,0,1.0,4.0,6.333333333333333,-2.333333333333333,4.933333333333334,221.46333333333334,360.6033333333333,-0.38478627593772174,278.82466666666664,0.6331459383366308,55.365833333333335,2.3333333333333335,0,0.54,0.3346666666666667,3.3333333333333335,1.6666666666666667,0.3333333333333333,0.3333333333333333,0.6666666666666666,0.6,0.0,0.0,0.0,0.0,0,74.0,M,Raleigh,Platinum,0,Beverages,Unknown,2021-09-07,0,2021,30,1,0,0,2024-03
502058,5.0,15,0.5714285714285714,1,0.0,0.0,0.3333333333333333,-0.3333333333333333,1.7857142857142858,0.0,10.776666666666666,-0.9150863288989527,53.10142857142858,1.0466803938935074,,0.0,3,,0.2975,0.0,-0.6666666666666666,0.0,0.0,0.0,0.14285714285714285,0.0,0.0,0.0,0.0,0,73.0,F,Portland,Gold,1,Snacks,Mainstream,2022-04-15,0,2022,23,0,1,0,2024-03
502059,6.0,15,0.5333333333333333,0,0.0,0.0,0.0,0.0,1.5333333333333334,0.0,0.0,0.0,91.37066666666666,1.2947577996960202,,0.0,3,,0.24875,0.0,-0.3333333333333333,0.0,-0.3333333333333333,0.0,0.5333333333333333,1.0,2.0,0.0,1.0,1,47.0,Other,Raleigh,Platinum,1,Bakery,Mainstream,2022-07-04,0,2022,20,0,1,0,2024-03
502060,14.0,15,0.06666666666666667,0,0.0,0.0,0.0,0.0,0.06666666666666667,0.0,0.0,0.0,2.492,2.7638815861251103,,0.0,3,,0.16,0.0,0.0,0.0,0.0,0.0,0.0,0.0,0.0,0.0,0.0,0,63.0,F,Boise,Silver,1,Frozen Foods,Mainstream,2022-01-12,0,2022,26,0,1,0,2024-03
502061,0.0,15,1.0,1,3.0,3.5,3.0,0.5,3.2142857142857144,126.75999999999999,107.53333333333335,0.17714987714987693,117.08071428571428,0.446960111286155,36.21714285714285,1.0,0,0.275,0.25285714285714284,3.0,1.6666666666666667,2.5,0.8333333333333333,1.0,0.8571428571428571,0.0,1.0,-1.0,0.0,0,72.0,F,Raleigh,Silver,1,Produce,Mainstream,2021-02-24,0,2021,37,1,0,0,2024-03
502062,5.0,15,0.6666666666666666,0,0.0,0.0,0.3333333333333333,-0.3333333333333333,1.0,0.0,13.936666666666667,-0.9330506583351931,41.385999999999996,0.964317072890804,,0.0,3,,0.28300000000000003,0.0,0.0,0.0,0.0,0.0,0.6,0.0,1.0,-1.0,0.0,0,21.0,F,Austin,Gold,1,Beverages,Mainstream,2022-09-06,0,2022,18,0,1,0,2024-03
502063,6.0,13,0.46153846153846156,0,0.0,0.0,0.0,0.0,1.0,0.0,0.0,0.0,29.71,1.4387279602572287,,0.0,3,,0.325,0.0,-1.0,0.0,0.0,0.0,0.15384615384615385,0.0,0.0,0.0,0.0,1,29.0,M,Spokane,Gold,0,Bakery,Mainstream,2023-02-06,0,2023,13,0,1,0,2024-03
502064,0.0,15,1.0,0,10.0,6.333333333333333,7.0,-0.666666666666667,6.266666666666667,270.7633333333333,286.8533333333333,-0.05589652137662691,252.94333333333333,0.3942152042624668,42.752105263157894,2.3333333333333335,0,0.3833333333333333,0.3373333333333333,3.6666666666666665,-0.3333333333333335,1.0,-0.33333333333333326,0.6666666666666666,0.8666666666666667,0.0,1.0,-1.0,1.0,1,58.0,M,Tulsa,Silver,1,Beverages,Mainstream,2021-07-16,0,2021,32,1,0,0,2024-03
502065,0.0,15,0.9333333333333333,0,3.0,4.333333333333333,2.3333333333333335,1.9999999999999996,3.2666666666666666,102.04,59.303333333333335,0.7086949311812504,84.19399999999999,0.5820909494704315,23.54769230769231,2.3333333333333335,0,0.35333333333333333,0.3271428571428571,3.6666666666666665,1.333333333333333,2.0,0.6666666666666667,0.6666666666666666,0.9333333333333333,0.0,0.0,0.0,0.0,0,28.0,F,Tulsa,Silver,1,Frozen Foods,Mainstream,2022-04-04,0,2022,23,1,0,0,2024-03
502066,5.0,15,0.5333333333333333,0,0.0,0.0,0.6666666666666666,-0.6666666666666666,0.8,0.0,35.88,-0.972885032537961,40.641333333333336,1.0583042204207793,,0.0,3,,0.40874999999999995,0.0,0.0,0.0,0.0,0.0,0.4,0.0,0.0,0.0,0.0,1,39.0,M,Portland,Platinum,0,Beverages,Mainstream,2022-11-01,0,2022,16,0,1,0,2024-03
502067,0.0,5,1.0,0,2.0,2.0,1.5,0.5,1.8,73.70666666666666,54.63,0.34292048654802554,66.076,0.28019695095283176,36.85333333333333,2.6666666666666665,0,0.4566666666666667,0.394,1.6666666666666667,0.6666666666666667,1.3333333333333333,0.8333333333333333,0.0,0.0,0.0,0.0,0.0,0.0,0,68.0,F,Portland,Gold,0,Personal Care,Value,2023-10-03,0,2023,5,1,0,0,2024-03
502068,14.0,15,0.06666666666666667,0,0.0,0.0,0.0,0.0,0.13333333333333333,0.0,0.0,0.0,4.470666666666667,3.165028798399578,,0.0,3,,0.3,0.0,0.0,0.0,0.0,0.0,0.06666666666666667,0.0,0.0,0.0,0.0,0,59.0,M,Denver,Gold,0,Dairy,Mainstream,2022-11-06,0,2022,16,0,1,0,2024-03
502069,0.0,15,1.0,1,3.0,4.5,7.333333333333333,-2.833333333333333,5.928571428571429,79.045,141.01000000000002,-0.4363425110907683,113.99428571428572,0.40995971042795876,17.565555555555555,2.5,0,0.405,0.2892857142857143,0.5,-0.8333333333333333,1.0,-0.6666666666666667,1.0,0.6428571428571429,0.0,0.0,0.0,0.0,0,43.0,F,Nashville,Silver,1,Bakery,Upscale,2021-05-03,0,2021,34,1,0,0,2024-03
502070,3.0,9,0.6666666666666666,0,0.0,0.0,3.0,-3.0,2.6666666666666665,0.0,146.44333333333336,-0.9932177333664911,128.54,0.9019088980201904,,0.0,3,,0.31166666666666665,0.0,-2.0,0.0,-1.3333333333333333,0.0,0.4444444444444444,1.0,2.0,0.0,0.0,0,34.0,M,Austin,Platinum,1,Beverages,Value,2023-06-04,0,2023,9,0,1,0,2024-03
502071,0.0,15,1.0,1,11.0,6.666666666666667,6.0,0.666666666666667,7.214285714285714,252.23333333333335,198.265,0.2708369926145252,248.18714285714285,0.5498217464998645,37.835,3.3333333333333335,0,0.43,0.2842857142857143,2.6666666666666665,0.6666666666666665,1.3333333333333333,-0.16666666666666674,0.3333333333333333,0.35714285714285715,0.0,1.0,-1.0,0.0,0,41.0,F,Nashville,Silver,1,Snacks,Upscale,2021-04-06,0,2021,35,1,0,0,2024-03
502072,0.0,15,1.0,1,6.0,5.0,4.333333333333333,0.666666666666667,3.7142857142857144,110.93,103.83999999999999,0.06762685997710816,88.32642857142858,0.37995491217507676,22.186,3.3333333333333335,0,0.3466666666666667,0.2992857142857143,1.3333333333333333,-1.6666666666666667,1.6666666666666667,0.6666666666666667,0.3333333333333333,0.42857142857142855,1.0,1.0,1.0,1.0,1,25.0,M,Spokane,Silver,1,Produce,Mainstream,2021-05-23,0,2021,34,1,0,0,2024-03
502073,10.0,15,0.26666666666666666,0,0.0,0.0,0.0,0.0,0.5333333333333333,0.0,0.0,0.0,20.287333333333333,1.9131554155775696,,0.0,3,,0.22999999999999998,0.0,0.0,0.0,0.0,0.0,0.2,0.0,0.0,0.0,0.0,0,66.0,F,Spokane,Silver,1,Dairy,Value,2021-08-17,0,2021,31,0,1,0,2024-03
502074,0.0,10,1.0,0,4.0,5.0,4.333333333333333,0.666666666666667,5.1,183.30999999999997,152.89000000000001,0.197673663006043,179.453,0.33534763306290505,36.662,5.333333333333333,0,0.17333333333333334,0.258,3.0,-0.3333333333333335,2.0,-0.6666666666666665,0.3333333333333333,0.3,1.0,1.0,1.0,1.0,1,19.0,M,Denver,Silver,1,Beverages,Mainstream,2023-04-28,0,2023,11,1,0,0,2024-03
502075,0.0,15,1.0,0,10.0,9.333333333333334,6.333333333333333,3.000000000000001,6.866666666666666,292.49,182.74333333333334,0.5972824410862979,203.49200000000002,0.45265539150065104,31.338214285714287,6.666666666666667,0,0.24666666666666667,0.31266666666666665,3.0,0.0,0.3333333333333333,0.0,0.0,0.5333333333333333,0.0,1.0,-1.0,0.0,0,25.0,F,Raleigh,Silver,0,Beverages,Value,2021-10-16,0,2021,29,1,0,0,2024-03
502076,2.0,15,0.8666666666666667,0,0.0,0.3333333333333333,3.0,-2.6666666666666665,3.6666666666666665,9.586666666666668,76.45333333333333,-0.8633155448442071,105.64733333333332,0.712308195774314,28.76,0.0,2,0.2,0.30769230769230776,0.0,-0.3333333333333333,0.0,-1.3333333333333333,0.0,0.5333333333333333,0.0,1.0,-1.0,0.0,0,34.0,M,Columbus,Gold,1,Dairy,Upscale,2022-02-09,0,2022,25,1,1,0,2024-03
502077,0.0,15,0.9230769230769231,2,8.0,3.6666666666666665,4.666666666666667,-1.0000000000000004,4.538461538461538,138.91333333333333,165.32666666666668,-0.15880396007856037,162.23769230769233,0.5526727893942297,37.88545454545454,2.0,1,0.31,0.3125,3.3333333333333335,1.0,2.3333333333333335,0.3333333333333335,0.0,0.5384615384615384,1.0,1.0,1.0,0.0,0,40.0,M,Austin,Gold,1,Bakery,Mainstream,2021-06-17,0,2021,33,1,0,0,2024-03
502078,0.0,14,0.9230769230769231,1,1.0,1.0,1.3333333333333333,-0.33333333333333326,2.230769230769231,18.04,27.333333333333332,-0.328,44.392307692307696,0.6364353153235395,18.04,2.0,0,0.275,0.2591666666666666,0.5,-0.5,0.0,-1.0,0.5,0.46153846153846156,0.0,1.0,-1.0,0.0,0,67.0,M,Madison,Silver,1,Household,Mainstream,2023-01-10,0,2023,14,1,1,0,2024-03
502080,0.0,15,0.9333333333333333,0,6.0,5.0,3.3333333333333335,1.6666666666666665,4.2,167.33333333333334,130.43666666666667,0.28071821663158436,148.07866666666663,0.5518478033054375,33.46666666666667,4.333333333333333,0,0.3466666666666667,0.28857142857142853,1.6666666666666667,-0.33333333333333326,0.0,0.0,0.3333333333333333,0.3333333333333333,0.0,0.0,0.0,0.0,0,68.0,F,Denver,Gold,0,Beverages,Value,2021-05-04,0,2021,34,1,0,0,2024-03
502081,0.0,15,1.0,0,8.0,6.666666666666667,5.666666666666667,1.0,7.266666666666667,166.32333333333335,142.46666666666667,0.1662871747211897,190.54800000000003,0.26222068706755647,24.948500000000003,3.3333333333333335,0,0.24333333333333332,0.2686666666666666,2.3333333333333335,-0.33333333333333304,0.3333333333333333,-1.3333333333333335,0.3333333333333333,0.4666666666666667,2.0,2.0,2.0,0.0,1,57.0,Other,Denver,Silver,1,Bakery,Mainstream,2021-05-30,0,2021,34,1,0,0,2024-03
502082,0.0,15,1.0,0,11.0,8.0,4.666666666666667,3.333333333333333,7.2,208.39000000000001,116.29333333333334,0.7851824485620098,176.95933333333332,0.5281465166423895,26.048750000000002,5.0,0,0.22333333333333336,0.272,3.3333333333333335,1.0,2.3333333333333335,0.3333333333333335,1.3333333333333333,0.5333333333333333,0.0,0.0,0.0,0.0,0,56.0,F,Columbus,Silver,1,Frozen Foods,Mainstream,2021-04-19,0,2021,35,1,0,0,2024-03
502083,0.0,2,1.0,0,3.0,3.0,,,3.0,89.22999999999999,,,89.22999999999999,0.05281945810924668,29.74333333333333,0.0,0,0.395,0.395,2.0,,1.5,,1.0,1.0,0.0,0.0,,0.0,0,30.0,F,Columbus,Silver,1,Personal Care,Mainstream,2024-01-05,0,2024,2,1,0,0,2024-03
502085,0.0,2,1.0,0,2.0,2.0,,,2.0,101.86500000000001,,,101.86500000000001,0.028527615242542805,50.932500000000005,3.0,0,0.185,0.185,2.5,,1.5,,1.0,1.0,1.0,1.0,,1.0,1,,Unknown,Columbus,Silver,1,Personal Care,Upscale,2024-01-13,1,2024,2,1,0,0,2024-03
502086,2.0,13,0.8461538461538461,0,0.0,1.3333333333333333,5.0,-3.666666666666667,3.6153846153846154,35.39333333333334,117.69666666666667,-0.6933921199696707,86.02384615384615,0.6645341753056517,26.545,0.6666666666666666,2,0.11,0.27181818181818185,1.6666666666666667,-0.9999999999999998,0.0,-1.0,0.0,0.38461538461538464,1.0,1.0,1.0,0.0,0,29.0,Other,Madison,Gold,0,Produce,Value,2021-02-24,0,2021,37,1,1,0,2024-03
502088,14.0,15,0.06666666666666667,0,0.0,0.0,0.0,0.0,0.13333333333333333,0.0,0.0,0.0,1.6,2.3833743668968714,,0.0,3,,0.15,0.0,0.0,0.0,0.0,0.0,0.06666666666666667,0.0,0.0,0.0,0.0,0,38.0,F,Austin,Silver,0,Produce,Mainstream,2022-05-26,0,2022,22,0,1,0,2024-03
502089,0.0,15,1.0,2,7.0,7.666666666666667,6.666666666666667,1.0,6.0,388.6666666666667,302.05,0.2858164219325744,289.4769230769231,0.5248233303535008,50.69565217391305,2.6666666666666665,0,0.24666666666666667,0.28692307692307695,3.0,0.3333333333333335,2.0,0.0,0.6666666666666666,0.9230769230769231,0.0,1.0,-1.0,1.0,1,73.0,F,Austin,Platinum,1,Snacks,Value,2023-01-01,0,2023,14,1,0,0,2024-03
502090,0.0,1,1.0,0,3.0,3.0,,,3.0,78.24,,,78.24,,26.08,3.0,0,0.16,0.16,3.0,,1.0,,0.0,0.0,0.0,0.0,,0.0,0,69.0,F,Spokane,Silver,1,Snacks,Mainstream,2024-02-06,0,2024,1,1,0,0,2024-03
502091,8.0,15,0.4,0,0.0,0.0,0.0,0.0,1.1333333333333333,0.0,0.0,0.0,35.522,1.6001779825416156,,0.0,3,,0.24500000000000002,0.0,0.0,0.0,0.0,0.0,0.26666666666666666,0.0,0.0,0.0,0.0,1,64.0,F,Boise,Silver,0,Household,Mainstream,2021-06-01,0,2021,33,0,1,0,2024-03
502092,2.0,15,0.8666666666666667,0,0.0,0.6666666666666666,5.333333333333333,-4.666666666666666,6.066666666666666,27.37,216.38666666666668,-0.8694952158979391,237.02066666666667,0.6171876283494749,41.055,1.3333333333333333,2,0.38,0.3215384615384615,0.0,-2.6666666666666665,0.0,0.0,0.0,0.8666666666666667,0.0,0.0,0.0,0.0,0,74.0,F,Austin,Gold,0,Beverages,Value,2022-09-29,0,2022,18,1,1,0,2024-03
502093,8.0,10,0.2,0,0.0,0.0,0.0,0.0,0.6,0.0,0.0,0.0,19.316,2.0969515776290457,,0.0,3,,0.395,0.0,0.0,0.0,0.0,0.0,0.0,0.0,0.0,0.0,0.0,1,34.0,F,Austin,Silver,1,Dairy,Mainstream,2023-05-12,0,2023,10,0,1,0,2024-03
502096,0.0,15,1.0,0,7.0,3.6666666666666665,2.0,1.6666666666666665,3.3333333333333335,86.68333333333332,46.050000000000004,0.8636202621324828,81.11666666666666,0.6696555236270274,23.640909090909087,3.3333333333333335,0,0.3233333333333333,0.274,3.0,1.3333333333333333,1.6666666666666667,-0.33333333333333326,1.0,0.7333333333333333,0.0,0.0,0.0,0.0,0,62.0,M,Boise,Silver,1,Household,Mainstream,2022-07-30,0,2022,20,1,0,0,2024-03
502097,6.0,15,0.5714285714285714,1,0.0,0.0,0.0,0.0,2.2857142857142856,0.0,0.0,0.0,57.45857142857143,1.0388558913974344,,0.0,3,,0.355,0.0,0.0,0.0,0.0,0.0,0.2857142857142857,0.0,0.0,0.0,0.0,1,40.0,F,Spokane,Silver,1,Household,Mainstream,2021-11-16,0,2021,28,0,1,0,2024-03
502098,0.0,6,1.0,0,4.0,3.6666666666666665,4.666666666666667,-1.0000000000000004,4.166666666666667,153.08666666666667,195.69666666666663,-0.21662797200427036,174.39166666666665,0.3150223661743869,41.7509090909091,2.3333333333333335,0,0.16,0.215,2.0,0.0,3.0,2.0,0.6666666666666666,0.8333333333333334,0.0,0.0,0.0,0.0,0,,F,Raleigh,Gold,1,Frozen Foods,Mainstream,2023-09-29,1,2023,6,1,0,0,2024-03
502099,0.0,15,0.9230769230769231,2,4.0,4.0,5.333333333333333,-1.333333333333333,5.153846153846154,77.515,109.47999999999998,-0.2893283852280954,111.66307692307693,0.49044984633711836,19.37875,1.5,0,0.17,0.26249999999999996,3.0,-0.6666666666666665,3.0,1.0,1.0,0.6923076923076923,0.0,0.0,0.0,0.0,0,26.0,M,Madison,Silver,1,Beverages,Mainstream,2022-08-21,0,2022,19,1,0,0,2024-03
502100,4.0,13,0.6153846153846154,0,0.0,0.0,0.6666666666666666,-0.6666666666666666,1.2307692307692308,0.0,15.896666666666667,-0.9408167291378969,33.36538461538461,1.269242412144591,,0.0,3,,0.21875000000000003,0.0,-1.6666666666666667,0.0,-0.6666666666666666,0.0,0.23076923076923078,2.0,4.0,0.0,1.0,1,74.0,F,Raleigh,Gold,0,Produce,Upscale,2023-02-27,0,2023,13,0,1,0,2024-03
502101,0.0,15,0.9333333333333333,0,1.0,2.0,3.6666666666666665,-1.6666666666666665,2.6666666666666665,78.69666666666667,138.11333333333334,-0.42710979057842524,103.85666666666665,0.5199022203866045,39.348333333333336,1.6666666666666667,0,0.41333333333333333,0.29214285714285715,1.0,0.6666666666666667,0.0,-0.6666666666666666,0.6666666666666666,0.6,0.0,1.0,-1.0,0.0,0,28.0,F,Madison,Silver,0,Frozen Foods,Value,2022-03-30,0,2022,24,1,0,0,2024-03
502102,1.0,10,0.625,2,0.0,0.3333333333333333,1.0,-0.6666666666666667,1.125,11.656666666666666,33.94,-0.6377599694714748,43.03375,1.058309541912505,34.97,0.0,2,0.17,0.16799999999999998,3.0,1.5,2.3333333333333335,1.3333333333333335,0.3333333333333333,0.25,0.0,0.0,0.0,0.0,0,34.0,M,Nashville,Platinum,1,Household,Value,2023-05-12,0,2023,10,1,0,0,2024-03
502103,12.0,15,0.2,0,0.0,0.0,0.0,0.0,0.2,0.0,0.0,0.0,6.514,1.8034685061932605,,0.0,3,,0.3433333333333333,0.0,0.0,0.0,0.0,0.0,0.0,0.0,0.0,0.0,0.0,0,72.0,F,Columbus,Silver,1,Personal Care,Value,2021-07-03,0,2021,32,0,1,0,2024-03
502104,7.0,15,0.5333333333333333,0,0.0,0.0,0.0,0.0,3.0,0.0,0.0,0.0,118.0,1.214178840260391,,0.0,3,,0.305,0.0,0.0,0.0,0.0,0.0,0.26666666666666666,0.0,0.0,0.0,0.0,1,55.0,F,Columbus,Gold,1,Dairy,Value,2022-05-29,0,2022,22,0,1,0,2024-03
502106,0.0,15,1.0,0,7.0,9.0,8.0,1.0,8.466666666666667,232.58,216.5333333333333,0.07376647257125366,228.294,0.3236871131109968,25.842222222222222,6.666666666666667,0,0.09333333333333334,0.20866666666666667,3.6666666666666665,-0.3333333333333335,0.3333333333333333,0.0,0.0,0.4,0.0,1.0,-1.0,0.0,0,,F,Spokane,Gold,0,Snacks,Upscale,2021-09-13,1,2021,30,1,0,0,2024-03
502107,10.0,15,0.26666666666666666,0,0.0,0.0,0.0,0.0,0.7333333333333333,0.0,0.0,0.0,19.95,1.8102086538792637,,0.0,3,,0.245,0.0,0.0,0.0,0.0,0.0,0.13333333333333333,0.0,0.0,0.0,0.0,0,34.0,M,Denver,Silver,0,Personal Care,Upscale,2022-04-09,0,2022,23,0,1,0,2024-03
502108,7.0,15,0.5333333333333333,0,0.0,0.0,0.0,0.0,2.8,0.0,0.0,0.0,115.462,1.2516113016182442,,0.0,3,,0.25625,0.0,0.0,0.0,0.0,0.0,0.0,0.0,0.0,0.0,0.0,1,44.0,F,Nashville,Platinum,0,Frozen Foods,Mainstream,2021-05-03,0,2021,34,0,1,0,2024-03
502109,0.0,15,1.0,1,2.0,5.333333333333333,7.0,-1.666666666666667,6.428571428571429,187.26,209.01,-0.10356649683348412,207.88642857142855,0.39562915851055624,35.11125,4.333333333333333,0,0.25333333333333335,0.2921428571428572,3.6666666666666665,1.1666666666666665,2.6666666666666665,1.6666666666666665,1.3333333333333333,0.5714285714285714,1.0,1.0,1.0,1.0,1,30.0,M,Portland,Gold,1,Frozen Foods,Value,2021-05-19,0,2021,34,1,0,0,2024-03
502110,10.0,11,0.09090909090909091,0,0.0,0.0,0.0,0.0,0.2727272727272727,0.0,0.0,0.0,8.526363636363637,2.968472555467439,,0.0,3,,0.37,0.0,0.0,0.0,0.0,0.0,0.0,0.0,0.0,0.0,0.0,0,44.0,F,Tulsa,Silver,1,Produce,Mainstream,2023-04-14,0,2023,11,0,1,0,2024-03
502111,9.0,15,0.4,0,0.0,0.0,0.0,0.0,1.3333333333333333,0.0,0.0,0.0,60.882,1.3907166560442623,,0.0,3,,0.36333333333333334,0.0,0.0,0.0,0.0,0.0,0.2,0.0,0.0,0.0,0.0,0,50.0,Unknown,Boise,Platinum,1,Produce,Mainstream,2022-02-12,0,2022,25,0,1,0,2024-03
502112,0.0,15,1.0,0,8.0,7.333333333333333,8.0,-0.666666666666667,7.2,276.18666666666667,282.80333333333334,-0.023314266921929533,255.27333333333334,0.3625699448605976,37.661818181818184,6.666666666666667,0,0.21,0.36466666666666664,2.0,0.0,0.3333333333333333,-1.0,0.6666666666666666,0.6666666666666666,1.0,1.0,1.0,0.0,0,33.0,M,Raleigh,Silver,1,Bakery,Upscale,2022-07-06,0,2022,20,1,0,0,2024-03
502113,8.0,15,0.4666666666666667,0,0.0,0.0,0.0,0.0,2.2,0.0,0.0,0.0,69.18533333333333,1.2247509086725905,,0.0,3,,0.31857142857142856,0.0,0.0,0.0,0.0,0.0,0.2,0.0,0.0,0.0,0.0,1,38.0,M,Denver,Silver,0,Household,Upscale,2022-12-12,0,2022,15,0,1,0,2024-03
502115,0.0,15,1.0,1,12.0,11.0,6.666666666666667,4.333333333333333,8.928571428571429,279.8233333333333,189.48999999999998,0.47421561936759593,242.38714285714283,0.444542045384411,25.438484848484848,4.666666666666667,0,0.13333333333333333,0.2807142857142857,6.0,2.3333333333333335,0.0,0.0,1.0,0.6428571428571429,0.0,0.0,0.0,0.0,0,68.0,M,Madison,Gold,0,Beverages,Mainstream,2021-09-23,0,2021,30,1,0,0,2024-03
502116,0.0,13,1.0,1,1.0,1.6666666666666667,2.0,-0.33333333333333326,3.8333333333333335,50.27,46.265,0.08473500476039358,99.84083333333332,0.7106260718180843,30.162,0.3333333333333333,0,0.2133333333333333,0.2733333333333334,2.6666666666666665,0.6666666666666665,0.3333333333333333,-0.16666666666666669,0.6666666666666666,0.6666666666666666,0.0,0.0,0.0,0.0,1,61.0,F,Columbus,Silver,0,Household,Mainstream,2023-02-22,0,2023,13,1,0,0,2024-03
502118,0.0,15,1.0,0,4.0,6.333333333333333,4.0,2.333333333333333,6.733333333333333,163.41666666666666,87.19,0.8643459197943832,160.87733333333335,0.38746308531405044,25.80263157894737,4.0,0,0.15333333333333335,0.30733333333333335,1.6666666666666667,0.0,2.3333333333333335,2.0,0.3333333333333333,0.5333333333333333,0.0,0.0,0.0,0.0,1,57.0,F,Austin,Silver,1,Frozen Foods,Upscale,2021-04-04,0,2021,35,1,0,0,2024-03
502119,0.0,14,1.0,2,5.0,3.5,3.5,0.0,3.5,108.995,99.065,0.09923549692699753,109.40000000000002,0.6127265315962014,31.141428571428573,2.5,0,0.26,0.2308333333333333,2.0,0.0,1.5,0.0,0.5,0.4166666666666667,0.0,0.0,0.0,0.0,0,74.0,M,Raleigh,Gold,1,Household,Mainstream,2023-01-20,0,2023,14,1,0,0,2024-03
502120,0.0,3,1.0,0,3.0,5.666666666666667,,,5.666666666666667,147.09666666666666,,,147.09666666666666,0.4486528152874732,25.958235294117646,2.6666666666666665,0,0.43,0.43,2.0,,1.6666666666666667,,0.6666666666666666,0.6666666666666666,1.0,1.0,,1.0,1,65.0,M,Madison,Silver,1,Frozen Foods,Mainstream,2023-12-15,0,2023,3,1,0,0,2024-03
502121,0.0,15,1.0,2,6.0,6.5,5.5,1.0,7.0,219.535,181.27,0.20993580951335922,229.62153846153845,0.23933059639199547,33.77461538461539,2.0,0,0.33,0.36615384615384616,2.5,-1.5,0.5,-2.5,1.0,0.5384615384615384,0.0,0.0,0.0,0.0,0,28.0,M,Madison,Gold,1,Bakery,Value,2022-12-09,0,2022,15,1,0,0,2024-03
502122,0.0,14,1.0,0,8.0,6.0,8.333333333333334,-2.333333333333334,7.714285714285714,208.24333333333334,304.6233333333333,-0.3153555029611612,278.1914285714286,0.23492136413706147,34.70722222222222,2.6666666666666665,0,0.33666666666666667,0.2857142857142857,3.3333333333333335,-1.3333333333333335,2.6666666666666665,0.9999999999999998,1.0,0.42857142857142855,0.0,1.0,-1.0,1.0,1,26.0,M,Raleigh,Silver,1,Frozen Foods,Mainstream,2021-07-20,0,2021,32,1,0,0,2024-03
502123,0.0,15,1.0,1,5.0,8.0,3.3333333333333335,4.666666666666666,6.0,160.22666666666666,78.36,1.0315860215053763,122.72142857142858,0.53373658215391,20.028333333333332,2.3333333333333335,0,0.4000000000000001,0.2542857142857143,3.3333333333333335,0.666666666666667,2.0,1.6666666666666667,0.0,0.5714285714285714,0.0,1.0,-1.0,1.0,1,55.0,F,Nashville,Silver,1,Beverages,Mainstream,2021-12-08,0,2021,27,1,0,0,2024-03
502124,0.0,15,1.0,0,5.0,9.666666666666666,10.333333333333334,-0.6666666666666679,10.333333333333334,293.42,310.55,-0.054983148772267676,305.316,0.24775858728218894,30.353793103448275,3.6666666666666665,0,0.4266666666666667,0.37200000000000005,3.0,-0.3333333333333335,3.0,1.6666666666666667,0.6666666666666666,0.5333333333333333,0.0,1.0,-1.0,0.0,0,31.0,F,Tulsa,Silver,1,Personal Care,Mainstream,2022-03-31,0,2022,24,1,0,0,2024-03
502125,3.0,10,0.7,0,0.0,0.0,2.3333333333333335,-2.3333333333333335,2.9,0.0,47.92666666666667,-0.9795612481264477,60.161,1.026050216735823,,0.0,3,,0.35000000000000003,0.0,-2.0,0.0,0.0,0.0,0.3,0.0,5.0,-5.0,1.0,1,60.0,F,Raleigh,Silver,1,Dairy,Value,2023-05-21,0,2023,10,0,1,0,2024-03
502126,0.0,10,0.9,0,1.0,0.6666666666666666,3.3333333333333335,-2.666666666666667,1.6,18.096666666666668,84.31666666666666,-0.7761672201601876,40.407000000000004,0.7577240736355602,27.145000000000003,0.0,1,0.42,0.2611111111111111,2.0,0.0,1.6666666666666667,-0.9999999999999998,1.0,0.8,0.0,1.0,-1.0,0.0,0,51.0,F,Tulsa,Silver,1,Snacks,Value,2023-05-25,0,2023,10,1,0,0,2024-03
502127,0.0,9,1.0,1,3.0,4.0,5.5,-1.5,5.0,83.55666666666667,126.59,-0.33727826109674214,106.66625,0.44264084039584695,20.889166666666668,3.6666666666666665,0,0.4033333333333333,0.27749999999999997,2.3333333333333335,0.8333333333333335,1.3333333333333333,1.3333333333333333,1.6666666666666667,0.875,0.0,0.0,0.0,0.0,0,73.0,M,Spokane,Silver,1,Household,Value,2023-06-30,0,2023,9,1,0,0,2024-03
502128,6.0,14,0.42857142857142855,0,0.0,0.0,0.0,0.0,1.8571428571428572,0.0,0.0,0.0,48.917142857142856,1.5204280758362168,,0.0,3,,0.25166666666666665,0.0,0.0,0.0,0.0,0.0,0.14285714285714285,0.0,0.0,0.0,0.0,1,71.0,F,Boise,Silver,1,Dairy,Mainstream,2021-11-04,0,2021,28,0,1,0,2024-03
502129,0.0,15,1.0,0,4.0,3.6666666666666665,6.0,-2.3333333333333335,4.066666666666666,150.7266666666667,234.88000000000002,-0.3567633259849641,156.52133333333333,0.6065102132523642,41.107272727272736,2.3333333333333335,0,0.25,0.23999999999999994,4.0,2.333333333333333,3.0,1.6666666666666667,0.3333333333333333,0.6,2.0,2.0,2.0,0.0,0,65.0,M,Boise,Gold,1,Personal Care,Mainstream,2021-10-04,0,2021,29,1,0,0,2024-03
502130,0.0,10,1.0,0,4.0,3.3333333333333335,3.0,0.3333333333333335,2.8,113.60666666666664,125.73666666666668,-0.0957102653796589,108.98799999999999,0.45785828722102034,34.081999999999994,1.0,0,0.3066666666666667,0.244,2.3333333333333335,-1.0,0.0,-0.3333333333333333,1.3333333333333333,0.6,0.0,0.0,0.0,0.0,1,44.0,M,Madison,Silver,0,Personal Care,Unknown,2023-05-30,0,2023,10,1,0,0,2024-03
502131,4.0,10,0.6,0,0.0,0.0,1.6666666666666667,-1.6666666666666667,2.1,0.0,68.89999999999999,-0.9856938483547926,90.981,1.0862109435048042,,0.0,3,,0.36166666666666664,0.0,0.0,0.0,0.0,0.0,0.1,0.0,1.0,-1.0,0.0,0,57.0,M,Denver,Platinum,0,Produce,Upscale,2023-05-16,0,2023,10,0,1,0,2024-03
502132,2.0,15,0.8571428571428571,1,0.0,1.3333333333333333,2.6666666666666665,-1.3333333333333333,2.4285714285714284,15.426666666666668,32.23666666666667,-0.5057667234981447,29.91857142857143,0.7271578802298481,11.57,0.3333333333333333,2,0.31,0.30083333333333334,1.0,0.33333333333333337,2.6666666666666665,2.6666666666666665,0.6666666666666666,0.5,1.0,1.0,1.0,0.0,1,29.0,M,Boise,Silver,1,Household,Value,2021-06-21,0,2021,33,1,0,0,2024-03
502133,4.0,15,0.7333333333333333,0,0.0,0.0,3.3333333333333335,-3.3333333333333335,3.066666666666667,0.0,108.95,-0.9909049567985448,94.27733333333332,0.9782135478736684,,0.0,3,,0.33636363636363636,0.0,-0.6666666666666666,0.0,-1.0,0.0,0.5333333333333333,1.0,1.0,1.0,0.0,0,70.0,M,Columbus,Silver,1,Beverages,Upscale,2021-03-19,0,2021,36,0,1,0,2024-03
502134,0.0,2,1.0,0,3.0,5.5,,,5.5,156.51,,,156.51,0.5649312256016452,28.456363636363633,2.5,0,0.305,0.305,0.5,,0.0,,1.0,1.0,2.0,2.0,,1.0,1,51.0,F,Denver,Gold,0,Household,Mainstream,2024-01-27,0,2024,2,1,0,0,2024-03
502135,0.0,8,1.0,0,4.0,4.0,4.666666666666667,-0.666666666666667,4.75,127.18,141.26,-0.09897371010825239,150.44875000000002,0.5151090441745884,31.795,2.6666666666666665,0,0.18333333333333335,0.27249999999999996,2.6666666666666665,0.33333333333333304,1.6666666666666667,0.0,1.0,0.625,0.0,0.0,0.0,0.0,0,52.0,M,Denver,Silver,1,Frozen Foods,Unknown,2023-07-08,0,2023,8,1,0,0,2024-03
502136,0.0,3,1.0,0,5.0,3.3333333333333335,,,3.3333333333333335,104.63333333333333,,,104.63333333333333,0.4209987719468897,31.389999999999997,1.6666666666666667,0,0.2866666666666667,0.2866666666666667,2.6666666666666665,,0.3333333333333333,,0.3333333333333333,0.3333333333333333,0.0,0.0,,0.0,0,72.0,F,Madison,Silver,1,Personal Care,Value,2023-12-15,0,2023,3,1,0,0,2024-03
502137,0.0,12,1.0,0,15.0,9.0,11.666666666666666,-2.666666666666666,11.0,203.04999999999998,233.53333333333333,-0.12997441728254697,228.62,0.3839138529770758,22.56111111111111,4.666666666666667,0,0.3933333333333333,0.31750000000000006,3.0,-1.666666666666667,0.0,0.0,0.3333333333333333,0.4166666666666667,3.0,3.0,3.0,0.0,0,44.0,M,Tulsa,Silver,0,Bakery,Value,2023-03-10,0,2023,12,1,0,0,2024-03
502138,0.0,15,1.0,1,7.0,6.0,4.0,2.0,4.571428571428571,166.07333333333332,109.8,0.5078820697954272,125.19142857142856,0.5168122667990527,27.67888888888889,2.3333333333333335,0,0.22,0.2764285714285714,3.3333333333333335,1.3333333333333335,0.3333333333333333,-0.6666666666666667,1.3333333333333333,0.42857142857142855,0.0,0.0,0.0,0.0,0,67.0,F,Denver,Gold,0,Frozen Foods,Mainstream,2021-12-07,0,2021,27,1,0,0,2024-03
502139,1.0,15,0.9333333333333333,0,0.0,2.6666666666666665,3.6666666666666665,-1.0,2.6666666666666665,75.20333333333333,103.35333333333334,-0.2697565961796461,77.966,0.5010464691920797,28.20125,2.0,1,0.44,0.3278571428571429,1.0,0.6666666666666667,1.3333333333333333,-1.3333333333333333,0.6666666666666666,0.6,0.0,0.0,0.0,0.0,1,,M,Raleigh,Gold,1,Snacks,Upscale,2022-06-16,1,2022,21,1,0,0,2024-03
502140,0.0,15,0.9333333333333333,0,2.0,4.333333333333333,4.333333333333333,0.0,4.466666666666667,64.49333333333333,59.54333333333333,0.08175962120795016,67.15666666666667,0.807797324685316,14.883076923076922,2.6666666666666665,0,0.3466666666666667,0.2942857142857143,1.6666666666666667,-0.33333333333333326,1.0,-1.0,0.6666666666666666,0.5333333333333333,0.0,0.0,0.0,0.0,0,69.0,F,Madison,Silver,1,Beverages,Mainstream,2022-11-24,0,2022,16,1,0,0,2024-03
502141,0.0,6,1.0,0,6.0,6.333333333333333,3.6666666666666665,2.6666666666666665,5.0,215.20666666666668,144.48333333333332,0.4861267040898158,179.84500000000003,0.2520756489512959,33.98,1.6666666666666667,0,0.3133333333333333,0.3,1.0,-1.3333333333333335,0.6666666666666666,0.0,0.3333333333333333,0.16666666666666666,0.0,1.0,-1.0,0.0,0,25.0,M,Spokane,Gold,0,Produce,Upscale,2023-09-03,0,2023,6,1,0,0,2024-03
502142,0.0,4,1.0,0,5.0,4.666666666666667,6.0,-1.333333333333333,5.0,153.69,170.97,-0.10048264232133512,158.01,0.272769830195544,32.933571428571426,4.0,0,0.12666666666666668,0.11499999999999999,1.0,1.0,1.6666666666666667,0.6666666666666667,0.3333333333333333,0.25,0.0,0.0,0.0,0.0,0,41.0,M,Denver,Silver,1,Dairy,Mainstream,2023-11-12,0,2023,4,1,0,0,2024-03
502143,0.0,15,1.0,0,3.0,4.0,6.0,-2.0,5.266666666666667,104.0,171.99,-0.3930284987571536,143.1786666666667,0.41512759368670515,26.0,3.0,0,0.5333333333333333,0.318,3.0,1.6666666666666667,1.3333333333333333,-0.6666666666666667,0.6666666666666666,0.7333333333333333,0.0,0.0,0.0,0.0,0,52.0,F,Columbus,Gold,1,Snacks,Mainstream,2021-11-25,0,2021,28,1,0,0,2024-03
502144,5.0,15,0.6666666666666666,0,0.0,0.0,1.6666666666666667,-1.6666666666666667,2.533333333333333,0.0,57.24,-0.9828296703296703,86.99066666666667,0.9686740269096281,,0.0,3,,0.31399999999999995,0.0,-0.6666666666666666,0.0,-0.3333333333333333,0.0,0.3333333333333333,0.0,0.0,0.0,0.0,0,32.0,M,Boise,Gold,1,Produce,Value,2022-09-10,0,2022,18,0,1,0,2024-03
502146,0.0,10,1.0,0,6.0,6.333333333333333,2.3333333333333335,3.9999999999999996,5.0,187.51666666666665,72.87333333333333,1.5518906235899284,148.91199999999998,0.5758711359468321,29.607894736842102,2.6666666666666665,0,0.20000000000000004,0.34500000000000003,2.3333333333333335,-0.33333333333333304,0.0,-1.3333333333333333,1.6666666666666667,0.9,0.0,0.0,0.0,0.0,0,67.0,M,Tulsa,Silver,0,Bakery,Mainstream,2023-05-21,0,2023,10,1,0,0,2024-03
502147,6.0,15,0.2857142857142857,1,0.0,0.0,0.0,0.0,0.42857142857142855,0.0,0.0,0.0,10.641428571428573,1.68488981135957,,0.0,3,,0.4125,0.0,0.0,0.0,0.0,0.0,0.2857142857142857,0.0,0.0,0.0,0.0,0,68.0,F,Tulsa,Silver,1,Personal Care,Value,2022-02-28,0,2022,25,0,1,0,2024-03
502148,0.0,15,1.0,0,4.0,3.0,4.666666666666667,-1.666666666666667,3.466666666666667,53.71666666666667,91.96,-0.4113955823293172,62.73466666666668,0.49707289973618973,17.905555555555555,2.0,0,0.09666666666666668,0.3026666666666667,0.6666666666666666,-0.6666666666666666,2.0,1.0,0.6666666666666666,0.4666666666666667,1.0,1.0,1.0,0.0,1,62.0,F,Denver,Gold,1,Household,Value,2022-07-30,0,2022,20,1,0,0,2024-03
502149,0.0,15,0.8666666666666667,0,2.0,2.3333333333333335,2.0,0.3333333333333335,2.0,49.906666666666666,43.416666666666664,0.14611632270168862,44.844,0.727586147627338,21.388571428571428,1.6666666666666667,0,0.26,0.2769230769230769,0.3333333333333333,-1.3333333333333335,0.0,-0.3333333333333333,0.3333333333333333,0.5333333333333333,0.0,0.0,0.0,0.0,0,31.0,F,Austin,Silver,0,Household,Mainstream,2022-01-01,0,2022,26,1,0,0,2024-03
502150,5.0,15,0.4666666666666667,0,0.0,0.0,0.3333333333333333,-0.3333333333333333,0.6666666666666666,0.0,6.996666666666666,-0.8749478949562317,14.034666666666665,1.2351943024619851,,0.0,3,,0.3757142857142857,0.0,0.0,0.0,-0.6666666666666666,0.0,0.5333333333333333,0.0,0.0,0.0,0.0,0,66.0,F,Boise,Gold,1,Dairy,Value,2021-12-14,0,2021,27,0,1,0,2024-03
502151,0.0,3,1.0,0,1.0,3.6666666666666665,,,3.6666666666666665,131.9933333333333,,,131.9933333333333,0.6988641126511752,35.99818181818181,1.6666666666666667,0,0.33666666666666667,0.33666666666666667,1.6666666666666667,,0.3333333333333333,,0.6666666666666666,0.6666666666666666,0.0,0.0,,0.0,0,22.0,M,Madison,Gold,0,Household,Mainstream,2023-12-24,0,2023,3,1,0,0,2024-03
502152,0.0,15,1.0,0,3.0,1.6666666666666667,1.3333333333333333,0.3333333333333335,1.9333333333333333,45.446666666666665,36.46666666666667,0.23967971530249102,57.41133333333333,0.6282522405949145,27.268,0.3333333333333333,0,0.35333333333333333,0.26333333333333336,2.3333333333333335,0.3333333333333335,0.6666666666666666,-0.6666666666666666,0.3333333333333333,0.4,1.0,1.0,1.0,1.0,1,40.0,M,Raleigh,Gold,1,Bakery,Mainstream,2021-08-04,0,2021,31,1,0,0,2024-03
502153,0.0,15,1.0,1,2.0,2.0,3.6666666666666665,-1.6666666666666665,2.857142857142857,63.75999999999999,103.87333333333333,-0.3824931663594178,86.4342857142857,0.4143286447526005,31.879999999999995,1.3333333333333333,0,0.27666666666666667,0.23285714285714287,1.6666666666666667,0.6666666666666667,0.6666666666666666,-1.3333333333333335,0.3333333333333333,0.21428571428571427,1.0,3.0,-1.0,0.0,0,23.0,M,Madison,Silver,1,Household,Mainstream,2022-06-03,0,2022,21,1,0,0,2024-03
502154,0.0,1,1.0,0,1.0,1.0,,,1.0,40.47,,,40.47,,40.47,1.0,0,0.58,0.58,5.0,,0.0,,2.0,2.0,2.0,2.0,,0.0,0,34.0,F,Austin,Gold,0,Bakery,Value,2024-02-23,0,2024,1,1,0,0,2024-03
502155,0.0,14,1.0,1,17.0,8.666666666666666,5.333333333333333,3.333333333333333,9.0,209.49,131.46,0.589083496904726,218.98846153846156,0.5703554683564375,24.17192307692308,4.0,0,0.32666666666666666,0.2938461538461538,2.6666666666666665,0.0,2.3333333333333335,1.0000000000000002,0.6666666666666666,0.38461538461538464,1.0,1.0,1.0,1.0,1,62.0,F,Columbus,Silver,1,Bakery,Mainstream,2021-04-09,0,2021,35,1,0,0,2024-03
502156,7.0,15,0.5333333333333333,0,0.0,0.0,0.0,0.0,1.8666666666666667,0.0,0.0,0.0,44.05466666666667,1.0740971010132774,,0.0,3,,0.29125,0.0,0.0,0.0,0.0,0.0,0.26666666666666666,0.0,0.0,0.0,0.0,0,31.0,M,Madison,Silver,0,Produce,Upscale,2022-06-09,0,2022,21,0,1,0,2024-03
502157,0.0,8,1.0,1,4.0,3.0,3.3333333333333335,-0.3333333333333335,2.857142857142857,80.61333333333333,83.73333333333333,-0.03682140047206929,74.12142857142858,0.4289755667531293,26.871111111111112,1.0,0,0.27,0.25285714285714284,0.6666666666666666,-0.33333333333333337,0.6666666666666666,0.3333333333333333,1.6666666666666667,1.2857142857142858,0.0,0.0,0.0,0.0,0,45.0,Other,Denver,Silver,0,Household,Upscale,2023-07-29,0,2023,8,1,0,0,2024-03
502158,0.0,15,1.0,2,4.0,2.5,4.5,-2.0,4.076923076923077,75.89,136.085,-0.4391071233176497,129.3,0.4347615625071151,30.356,1.5,0,0.19,0.3184615384615385,2.5,2.0,0.5,-1.5,0.5,0.46153846153846156,0.0,0.0,0.0,0.0,1,67.0,F,Raleigh,Gold,1,Beverages,Value,2021-03-09,0,2021,36,1,0,0,2024-03
502160,0.0,15,1.0,0,7.0,4.666666666666667,9.666666666666666,-4.999999999999999,5.933333333333334,123.55,284.95,-0.5644343416681238,176.02266666666662,0.4941011582140871,26.474999999999998,3.0,0,0.29,0.2926666666666667,4.0,0.6666666666666665,0.6666666666666666,0.3333333333333333,1.0,0.6,0.0,1.0,-1.0,0.0,1,70.0,F,Nashville,Silver,1,Household,Value,2022-11-12,0,2022,16,1,0,0,2024-03
502162,0.0,15,1.0,1,9.0,7.5,6.0,1.5,5.428571428571429,319.145,229.71,0.38765116379870823,212.83142857142857,0.5513583548295974,42.55266666666667,3.0,0,0.235,0.275,3.0,0.3333333333333335,1.5,0.16666666666666674,0.5,0.6428571428571429,1.0,1.0,1.0,0.0,1,38.0,F,Spokane,Gold,1,Frozen Foods,Upscale,2021-11-14,0,2021,28,1,0,0,2024-03
502163,13.0,15,0.13333333333333333,0,0.0,0.0,0.0,0.0,0.3333333333333333,0.0,0.0,0.0,12.861333333333334,2.558311508532381,,0.0,3,,0.315,0.0,0.0,0.0,0.0,0.0,0.06666666666666667,0.0,0.0,0.0,0.0,1,,M,Madison,Silver,0,Produce,Upscale,2021-11-08,1,2021,28,0,1,0,2024-03
502164,0.0,2,1.0,0,13.0,10.0,,,10.0,192.765,,,192.765,0.49444377355541674,19.2765,2.5,0,0.32,0.32,3.5,,1.0,,0.0,0.0,0.0,0.0,,0.0,0,67.0,M,Columbus,Silver,1,Personal Care,Mainstream,2024-01-10,0,2024,2,1,0,0,2024-03
502165,0.0,10,1.0,0,10.0,11.666666666666666,9.0,2.666666666666666,9.7,257.3633333333333,183.96333333333334,0.3968354088197658,206.26500000000001,0.30518261493569426,22.059714285714282,4.333333333333333,0,0.22333333333333336,0.28700000000000003,3.3333333333333335,-2.3333333333333335,1.3333333333333333,-1.6666666666666667,0.3333333333333333,0.5,3.0,3.0,3.0,0.0,0,36.0,F,Tulsa,Gold,1,Personal Care,Value,2023-05-27,0,2023,10,1,0,0,2024-03
502166,11.0,15,0.26666666666666666,0,0.0,0.0,0.0,0.0,0.6,0.0,0.0,0.0,21.017999999999997,1.7782347896626396,,0.0,3,,0.3175,0.0,0.0,0.0,0.0,0.0,0.06666666666666667,0.0,0.0,0.0,0.0,0,39.0,M,Austin,Gold,0,Bakery,Mainstream,2021-07-15,0,2021,32,0,1,0,2024-03
502167,8.0,9,0.1111111111111111,0,0.0,0.0,0.0,0.0,0.2222222222222222,0.0,0.0,0.0,8.131111111111112,2.6714529082501826,,0.0,3,,0.25,0.0,0.0,0.0,0.0,0.0,0.0,0.0,0.0,0.0,0.0,1,22.0,F,Austin,Gold,1,Beverages,Mainstream,2023-07-01,0,2023,8,0,1,0,2024-03
502168,10.0,15,0.3333333333333333,0,0.0,0.0,0.0,0.0,1.3333333333333333,0.0,0.0,0.0,63.98466666666666,1.7031456086293195,,0.0,3,,0.316,0.0,0.0,0.0,0.0,0.0,0.26666666666666666,0.0,0.0,0.0,0.0,0,43.0,M,Madison,Platinum,1,Bakery,Value,2022-06-21,0,2022,21,0,1,0,2024-03
502169,0.0,15,1.0,0,8.0,7.333333333333333,5.333333333333333,2.0,6.333333333333333,238.30000000000004,179.12666666666667,0.32850956734150066,202.81399999999996,0.4534065643861935,32.49545454545455,3.3333333333333335,0,0.30666666666666664,0.3186666666666667,4.333333333333333,-0.3333333333333339,2.0,0.0,1.3333333333333333,0.6666666666666666,0.0,0.0,0.0,0.0,0,36.0,F,Tulsa,Silver,1,Frozen Foods,Mainstream,2022-08-05,0,2022,19,1,0,0,2024-03
502170,1.0,15,0.6923076923076923,2,0.0,0.6666666666666666,1.0,-0.33333333333333337,1.2307692307692308,17.92,27.14,-0.3276474769012082,33.51,1.1014533324603568,26.880000000000003,0.6666666666666666,1,0.41000000000000003,0.3277777777777778,0.6666666666666666,0.16666666666666663,0.0,-1.0,0.3333333333333333,0.6153846153846154,1.0,1.0,1.0,1.0,1,50.0,M,Austin,Silver,0,Frozen Foods,Value,2021-06-28,0,2021,33,1,1,0,2024-03
502171,1.0,15,0.9333333333333333,0,0.0,1.0,5.666666666666667,-4.666666666666667,4.2,20.94,116.28333333333335,-0.8129316470086685,87.744,0.6023556286801214,20.94,0.3333333333333333,1,0.305,0.2278571428571429,2.0,0.0,0.3333333333333333,0.3333333333333333,0.6666666666666666,0.6666666666666666,1.0,1.0,1.0,1.0,1,53.0,F,Columbus,Silver,0,Household,Value,2021-12-13,0,2021,27,1,0,0,2024-03
502172,1.0,15,0.9333333333333333,0,0.0,3.3333333333333335,4.666666666666667,-1.3333333333333335,6.066666666666666,76.01666666666667,109.99333333333334,-0.3061144813502313,137.65666666666667,0.46469380613817984,22.805,1.6666666666666667,1,0.53,0.2885714285714286,1.0,-1.3333333333333335,0.3333333333333333,-0.3333333333333333,0.0,0.3333333333333333,1.0,2.0,0.0,1.0,1,30.0,M,Madison,Silver,1,Dairy,Mainstream,2021-10-25,0,2021,29,1,0,0,2024-03
502173,0.0,2,1.0,0,2.0,3.5,,,3.5,105.485,,,105.485,0.7330376820696153,30.138571428571428,1.0,0,0.21,0.21,1.0,,1.5,,0.5,0.5,0.0,0.0,,0.0,0,37.0,M,Madison,Silver,1,Beverages,Upscale,2024-01-18,0,2024,2,1,0,0,2024-03
502174,11.0,15,0.13333333333333333,0,0.0,0.0,0.0,0.0,0.13333333333333333,0.0,0.0,0.0,4.168666666666667,2.1297374407315344,,0.0,3,,0.29,0.0,0.0,0.0,0.0,0.0,0.0,0.0,0.0,0.0,0.0,1,33.0,F,Columbus,Gold,0,Beverages,Unknown,2021-07-20,0,2021,32,0,1,0,2024-03
502176,0.0,1,1.0,0,5.0,5.0,,,5.0,113.4,,,113.4,,22.68,4.0,0,0.29,0.29,2.0,,3.0,,1.0,1.0,0.0,0.0,,0.0,0,33.0,F,Madison,Silver,1,Personal Care,Upscale,2024-02-25,0,2024,1,1,0,0,2024-03
502177,0.0,2,1.0,0,12.0,7.0,,,7.0,190.57,,,190.57,0.9202686364536726,27.224285714285713,3.0,0,0.375,0.375,4.5,,0.0,,0.5,0.5,0.0,0.0,,0.0,0,56.0,M,Spokane,Silver,0,Snacks,Mainstream,2024-01-12,0,2024,2,1,0,0,2024-03
502178,0.0,15,0.9333333333333333,0,1.0,2.3333333333333335,3.0,-0.6666666666666665,2.066666666666667,89.44333333333334,125.12333333333333,-0.2828976927346248,83.00466666666668,0.6729730201962022,38.33285714285715,1.3333333333333333,0,0.5133333333333333,0.32928571428571435,2.3333333333333335,1.3333333333333335,1.0,0.33333333333333337,0.3333333333333333,0.4,0.0,1.0,-1.0,0.0,0,32.0,Other,Nashville,Platinum,0,Household,Mainstream,2022-01-16,0,2022,26,1,0,0,2024-03
502179,1.0,15,0.9285714285714286,1,0.0,2.0,2.0,0.0,2.142857142857143,35.27,34.38333333333333,0.02505887894488941,35.10071428571428,0.6817110798397197,17.635,0.6666666666666666,1,0.35,0.26153846153846155,0.0,-0.6666666666666666,0.0,-0.3333333333333333,0.3333333333333333,0.35714285714285715,1.0,1.0,1.0,1.0,1,41.0,M,Spokane,Silver,0,Bakery,Value,2021-06-28,0,2021,33,1,0,0,2024-03
502180,0.0,6,1.0,0,4.0,5.666666666666667,2.3333333333333335,3.3333333333333335,4.0,210.46,83.66,1.4977557287975434,147.06000000000003,0.6160545389259533,37.14,4.333333333333333,0,0.36000000000000004,0.3783333333333334,3.0,0.3333333333333335,1.3333333333333333,0.33333333333333326,0.3333333333333333,0.16666666666666666,0.0,0.0,0.0,0.0,0,47.0,M,Tulsa,Gold,1,Produce,Mainstream,2023-09-15,0,2023,6,1,0,0,2024-03
502181,0.0,10,1.0,0,4.0,4.666666666666667,7.666666666666667,-3.0,5.4,105.65333333333335,173.13,-0.3875074178295908,120.99499999999998,0.5911163547038031,22.640000000000004,3.0,0,0.16,0.298,1.6666666666666667,-0.9999999999999998,4.0,3.3333333333333335,0.6666666666666666,1.3,0.0,0.0,0.0,0.0,0,18.0,M,Spokane,Silver,1,Beverages,Upscale,2023-05-25,0,2023,10,1,0,0,2024-03
502182,0.0,9,1.0,0,9.0,6.333333333333333,4.666666666666667,1.666666666666666,5.222222222222222,285.73333333333335,219.8166666666667,0.29851309532794923,240.4888888888889,0.26934213888638986,45.11578947368421,2.3333333333333335,0,0.18666666666666668,0.24777777777777776,3.3333333333333335,-0.6666666666666665,1.0,0.6666666666666667,1.0,0.4444444444444444,0.0,1.0,-1.0,1.0,1,23.0,M,Tulsa,Gold,0,Snacks,Mainstream,2023-06-27,0,2023,9,1,0,0,2024-03
502183,2.0,15,0.8571428571428571,1,0.0,1.0,2.0,-1.0,3.4285714285714284,17.666666666666668,43.75666666666667,-0.5829299173307515,72.45,0.6679866074544657,17.666666666666668,1.3333333333333333,2,0.29,0.24583333333333332,0.0,-0.6666666666666666,0.0,-1.3333333333333333,0.0,0.42857142857142855,0.0,0.0,0.0,0.0,0,20.0,F,Raleigh,Silver,1,Frozen Foods,Mainstream,2021-06-25,0,2021,33,1,1,0,2024-03
502184,2.0,11,0.8181818181818182,0,0.0,1.0,5.0,-4.0,3.909090909090909,34.013333333333335,173.05000000000004,-0.7988317533275878,136.95636363636365,0.6421926834205912,34.013333333333335,0.3333333333333333,2,0.27,0.3011111111111111,0.6666666666666666,-5.0,0.0,-0.6666666666666666,0.0,0.36363636363636365,0.0,2.0,-2.0,0.0,0,62.0,M,Portland,Silver,1,Beverages,Upscale,2023-04-19,0,2023,11,1,1,0,2024-03
502185,8.0,15,0.42857142857142855,1,0.0,0.0,0.0,0.0,1.2142857142857142,0.0,0.0,0.0,42.633571428571436,1.5584205754892488,,0.0,3,,0.32666666666666666,0.0,0.0,0.0,0.0,0.0,0.21428571428571427,0.0,0.0,0.0,0.0,0,34.0,M,Spokane,Silver,1,Personal Care,Mainstream,2022-04-03,0,2022,23,0,1,0,2024-03
502186,12.0,15,0.21428571428571427,1,0.0,0.0,0.0,0.0,0.21428571428571427,0.0,0.0,0.0,8.200714285714286,1.7785202288468298,,0.0,3,,0.16,0.0,0.0,0.0,0.0,0.0,0.07142857142857142,0.0,0.0,0.0,0.0,1,27.0,M,Raleigh,Silver,0,Beverages,Upscale,2022-06-11,0,2022,21,0,1,0,2024-03
502187,5.0,14,0.6428571428571429,0,0.0,0.0,1.6666666666666667,-1.6666666666666667,3.5,0.0,56.11000000000001,-0.9824899317107336,132.3907142857143,0.9955325895538534,,0.0,3,,0.2522222222222223,0.0,-1.3333333333333333,0.0,0.0,0.0,0.2857142857142857,0.0,1.0,-1.0,0.0,0,27.0,F,Austin,Silver,0,Dairy,Value,2023-01-09,0,2023,14,0,1,0,2024-03
502188,0.0,15,1.0,1,8.0,10.0,6.666666666666667,3.333333333333333,6.357142857142857,405.045,243.78666666666663,0.6587709025546057,238.25999999999996,0.49120443256860047,40.5045,6.0,0,0.15,0.25857142857142856,5.5,1.8333333333333335,3.5,1.8333333333333333,0.5,1.0,0.0,0.0,0.0,0.0,0,43.0,M,Tulsa,Silver,1,Produce,Value,2022-04-29,0,2022,23,1,0,0,2024-03
502189,0.0,6,1.0,0,6.0,4.666666666666667,3.6666666666666665,1.0000000000000004,4.166666666666667,135.96333333333334,103.19666666666666,0.31446943280335277,119.57999999999998,0.31980525526985126,29.134999999999998,1.0,0,0.17333333333333334,0.24,0.3333333333333333,-1.3333333333333335,2.3333333333333335,0.6666666666666667,0.6666666666666666,0.8333333333333334,0.0,1.0,-1.0,0.0,0,23.0,F,Columbus,Silver,1,Household,Value,2023-09-04,0,2023,6,1,0,0,2024-03
502190,7.0,15,0.4666666666666667,0,0.0,0.0,0.0,0.0,2.3333333333333335,0.0,0.0,0.0,77.48666666666666,1.215253724412989,,0.0,3,,0.24571428571428572,0.0,0.0,0.0,0.0,0.0,0.13333333333333333,0.0,0.0,0.0,0.0,1,54.0,F,Austin,Gold,1,Frozen Foods,Mainstream,2021-05-09,0,2021,34,0,1,0,2024-03
502191,11.0,15,0.26666666666666666,0,0.0,0.0,0.0,0.0,0.5333333333333333,0.0,0.0,0.0,15.913333333333332,2.1057577322318464,,0.0,3,,0.2675,0.0,0.0,0.0,0.0,0.0,0.13333333333333333,0.0,0.0,0.0,0.0,0,58.0,F,Denver,Silver,1,Beverages,Value,2021-05-27,0,2021,34,0,1,0,2024-03
502193,12.0,15,0.13333333333333333,0,0.0,0.0,0.0,0.0,0.13333333333333333,0.0,0.0,0.0,3.6153333333333335,2.0750768637695782,,0.0,3,,0.275,0.0,0.0,0.0,0.0,0.0,0.06666666666666667,0.0,0.0,0.0,0.0,0,74.0,F,Austin,Silver,1,Produce,Mainstream,2022-10-16,0,2022,17,0,1,0,2024-03
502194,0.0,6,0.8,1,2.0,2.0,1.0,1.0,1.6,34.70666666666667,13.94,1.3900044622936194,26.4,0.9860425732750784,17.353333333333335,2.6666666666666665,1,0.355,0.4675,2.0,-1.5,1.6666666666666667,1.1666666666666667,1.3333333333333333,1.0,0.0,0.0,0.0,0.0,0,41.0,M,Madison,Silver,1,Household,Value,2023-09-19,0,2023,6,1,0,0,2024-03
502195,0.0,15,0.9285714285714286,1,2.0,1.3333333333333333,3.0,-1.6666666666666667,2.7857142857142856,25.16333333333333,52.605000000000004,-0.511923638964027,51.76285714285715,0.6199491562455848,18.8725,2.0,0,0.3233333333333333,0.22,0.3333333333333333,-1.1666666666666667,1.0,0.0,0.0,0.5,1.0,1.0,1.0,0.0,0,65.0,F,Madison,Silver,1,Household,Value,2022-11-25,0,2022,16,1,0,0,2024-03
502196,0.0,12,1.0,0,1.0,2.0,3.3333333333333335,-1.3333333333333335,3.25,69.55666666666667,115.37666666666665,-0.39372153639045615,109.58333333333333,0.4385173381785243,34.778333333333336,2.0,0,0.33,0.37083333333333335,0.6666666666666666,-2.0,0.3333333333333333,0.3333333333333333,0.6666666666666666,0.5,0.0,1.0,-1.0,0.0,1,50.0,F,Columbus,Silver,0,Personal Care,Value,2023-03-06,0,2023,12,1,0,0,2024-03
502197,3.0,15,0.7857142857142857,1,0.0,0.0,4.0,-4.0,3.4285714285714284,0.0,194.95666666666668,-0.9948968309320088,167.66214285714287,0.6547891511198227,,0.0,3,,0.31181818181818177,0.0,-0.3333333333333333,0.0,0.0,0.0,0.35714285714285715,2.0,3.0,1.0,1.0,1,67.0,M,Raleigh,Platinum,0,Personal Care,Unknown,2021-07-14,0,2021,32,0,1,0,2024-03
502198,0.0,15,1.0,0,6.0,4.0,5.666666666666667,-1.666666666666667,4.933333333333334,73.59,104.97666666666665,-0.2961658226653664,86.25733333333334,0.40897943752821087,18.3975,2.0,0,0.26,0.25533333333333336,2.0,1.6666666666666667,1.0,-1.0,0.3333333333333333,0.4666666666666667,0.0,1.0,-1.0,0.0,0,49.0,F,Columbus,Silver,1,Dairy,Mainstream,2021-09-18,0,2021,30,1,0,0,2024-03
502199,6.0,10,0.4,0,0.0,0.0,0.0,0.0,0.4,0.0,0.0,0.0,12.947,1.2011901081301082,,0.0,3,,0.35500000000000004,0.0,0.0,0.0,0.0,0.0,0.1,0.0,0.0,0.0,0.0,0,36.0,F,Tulsa,Silver,0,Snacks,Upscale,2023-06-01,0,2023,9,0,1,0,2024-03
502200,10.0,15,0.3333333333333333,0,0.0,0.0,0.0,0.0,0.4,0.0,0.0,0.0,8.931333333333333,1.4261276443663626,,0.0,3,,0.27,0.0,0.0,0.0,0.0,0.0,0.2,0.0,0.0,0.0,0.0,1,68.0,M,Portland,Silver,1,Produce,Mainstream,2022-07-29,0,2022,20,0,1,0,2024-03
502201,0.0,14,0.9230769230769231,1,1.0,2.6666666666666665,3.5,-0.8333333333333335,2.3076923076923075,112.27333333333335,138.505,-0.18803388170077517,91.07846153846154,0.5757307357898992,42.102500000000006,1.6666666666666667,0,0.18000000000000002,0.26333333333333336,1.6666666666666667,0.6666666666666667,3.0,2.5,0.3333333333333333,0.3076923076923077,1.0,1.0,1.0,0.0,0,69.0,F,Madison,Silver,1,Frozen Foods,Mainstream,2023-01-30,0,2023,14,1,0,0,2024-03
502202,12.0,15,0.2,0,0.0,0.0,0.0,0.0,0.4666666666666667,0.0,0.0,0.0,13.388,2.556182345739365,,0.0,3,,0.31333333333333335,0.0,0.0,0.0,0.0,0.0,0.0,0.0,0.0,0.0,0.0,0,62.0,Other,Boise,Silver,1,Beverages,Upscale,2022-09-11,0,2022,18,0,1,0,2024-03
502203,0.0,15,1.0,0,5.0,7.0,6.0,1.0,5.733333333333333,216.3066666666667,203.92333333333332,0.060429103567187975,179.8013333333333,0.6072210828102856,30.900952380952383,5.0,0,0.21333333333333335,0.1993333333333333,2.0,0.33333333333333326,1.0,0.6666666666666667,1.6666666666666667,0.8,0.0,0.0,0.0,0.0,0,56.0,F,Raleigh,Gold,0,Personal Care,Mainstream,2021-06-10,0,2021,33,1,0,0,2024-03
502204,0.0,15,0.9333333333333333,0,1.0,1.6666666666666667,1.3333333333333333,0.3333333333333335,1.8666666666666667,55.74,44.05666666666667,0.25930309980025146,64.372,0.5977257975175185,33.444,1.0,0,0.2833333333333333,0.26785714285714285,0.6666666666666666,0.3333333333333333,1.0,0.6666666666666667,0.6666666666666666,0.8,0.0,0.0,0.0,0.0,1,24.0,M,Raleigh,Gold,0,Frozen Foods,Mainstream,2021-11-25,0,2021,28,1,0,0,2024-03
502206,0.0,15,0.5,1,1.0,1.0,0.6666666666666666,0.33333333333333337,0.6428571428571429,26.545,20.38,0.28835360149672606,19.684285714285714,1.143038414576653,26.545,0.0,0,0.44,0.44857142857142857,1.5,1.5,2.5,-0.5,0.5,0.6428571428571429,0.0,0.0,0.0,0.0,0,65.0,M,Portland,Silver,1,Frozen Foods,Mainstream,2022-03-28,0,2022,24,1,0,0,2024-03
502207,5.0,15,0.6428571428571429,1,0.0,0.0,1.3333333333333333,-1.3333333333333333,2.5,0.0,35.86666666666667,-0.972875226039783,59.3107142857143,0.8977549222571579,,0.0,3,,0.2977777777777778,0.0,0.0,0.0,-0.3333333333333333,0.0,0.42857142857142855,0.0,0.0,0.0,0.0,0,54.0,F,Tulsa,Silver,1,Produce,Value,2021-11-12,0,2021,28,0,1,0,2024-03
502208,2.0,10,0.8,0,0.0,0.3333333333333333,4.333333333333333,-3.9999999999999996,3.9,11.42,150.03666666666666,-0.9177683123303393,127.646,0.8446431048653744,34.26,0.3333333333333333,2,0.26,0.27749999999999997,0.3333333333333333,-2.0,0.0,-3.0,0.0,0.5,0.0,0.0,0.0,0.0,0,49.0,M,Boise,Silver,1,Frozen Foods,Mainstream,2023-05-29,0,2023,10,1,1,0,2024-03
502209,0.0,15,1.0,1,12.0,7.5,6.666666666666667,0.833333333333333,7.214285714285714,260.93,218.01,0.19597278663074755,232.85214285714287,0.40393863760715243,34.79066666666667,4.0,0,0.19,0.29714285714285715,3.5,1.1666666666666665,0.5,0.5,0.0,0.5714285714285714,0.0,0.0,0.0,0.0,0,55.0,F,Portland,Silver,0,Beverages,Upscale,2021-12-18,0,2021,27,1,0,0,2024-03
502210,0.0,2,1.0,0,1.0,1.0,,,1.0,43.66,,,43.66,0.01013319166948916,43.66,1.0,0,0.325,0.325,3.0,,0.5,,0.0,0.0,0.0,0.0,,0.0,0,56.0,F,Austin,Gold,0,Bakery,Value,2024-01-22,0,2024,2,1,0,0,2024-03
502211,0.0,2,1.0,0,1.0,1.5,,,1.5,67.145,,,67.145,0.4714045207910317,44.76333333333333,1.5,0,0.42000000000000004,0.42000000000000004,2.0,,1.0,,0.5,0.5,0.0,0.0,,0.0,0,24.0,M,Portland,Gold,1,Beverages,Mainstream,2024-01-14,0,2024,2,1,0,0,2024-03
502212,0.0,15,1.0,0,1.0,1.6666666666666667,1.0,0.6666666666666667,2.2666666666666666,59.50666666666666,33.126666666666665,0.7730025395585074,75.18066666666665,0.48317720081087595,35.70399999999999,2.6666666666666665,0,0.21,0.21066666666666667,0.3333333333333333,0.3333333333333333,0.6666666666666666,-1.666666666666667,0.3333333333333333,0.5333333333333333,0.0,0.0,0.0,0.0,0,27.0,M,Boise,Silver,1,Frozen Foods,Value,2022-11-09,0,2022,16,1,0,0,2024-03
502213,4.0,14,0.6428571428571429,0,0.0,0.0,1.3333333333333333,-1.3333333333333333,4.071428571428571,0.0,44.35333333333333,-0.9779509040129355,133.51214285714286,0.9874341746383781,,0.0,3,,0.37333333333333335,0.0,-1.0,0.0,-0.3333333333333333,0.0,0.42857142857142855,0.0,1.0,-1.0,1.0,1,33.0,M,Nashville,Silver,1,Bakery,Mainstream,2023-01-05,0,2023,14,0,1,0,2024-03
502214,0.0,15,0.9285714285714286,1,1.0,4.333333333333333,5.5,-1.166666666666667,3.7857142857142856,119.46,148.345,-0.1934112290334461,96.12071428571429,0.7455512475474382,27.567692307692308,2.3333333333333335,0,0.18333333333333335,0.20923076923076925,1.3333333333333333,-1.1666666666666667,2.0,0.0,1.0,0.8571428571428571,0.0,1.0,-1.0,0.0,0,44.0,M,Boise,Silver,1,Produce,Mainstream,2021-07-08,0,2021,32,1,0,0,2024-03
502215,7.0,15,0.5333333333333333,0,0.0,0.0,0.0,0.0,1.6,0.0,0.0,0.0,44.97733333333334,1.1337837186501447,,0.0,3,,0.31625000000000003,0.0,0.0,0.0,0.0,0.0,0.13333333333333333,0.0,0.0,0.0,0.0,0,40.0,F,Austin,Gold,1,Personal Care,Mainstream,2021-09-10,0,2021,30,0,1,0,2024-03
502216,0.0,15,1.0,0,2.0,3.0,5.666666666666667,-2.666666666666667,4.066666666666666,66.64666666666666,111.98,-0.4012509588717768,87.592,0.43776896097291845,22.215555555555554,1.6666666666666667,0,0.42,0.3026666666666667,2.3333333333333335,1.3333333333333335,0.6666666666666666,0.3333333333333333,1.3333333333333333,0.6,0.0,1.0,-1.0,1.0,1,57.0,F,Austin,Silver,0,Dairy,Value,2022-06-03,0,2022,21,1,0,0,2024-03
502217,0.0,15,1.0,2,6.0,6.333333333333333,3.5,2.833333333333333,5.615384615384615,190.23333333333335,96.14500000000001,0.9685350078062003,151.8553846153846,0.29278687992748126,30.036842105263162,3.3333333333333335,0,0.37333333333333335,0.3215384615384615,2.3333333333333335,-1.1666666666666665,0.0,0.0,0.6666666666666666,0.6153846153846154,0.0,0.0,0.0,0.0,0,52.0,M,Tulsa,Silver,0,Produce,Value,2022-08-06,0,2022,19,1,0,0,2024-03
502219,0.0,6,1.0,0,4.0,6.333333333333333,6.0,0.33333333333333304,6.166666666666667,219.72333333333333,165.49,0.32574529000740776,192.60666666666665,0.5736350238919962,34.69315789473684,3.0,0,0.4333333333333333,0.41,2.3333333333333335,0.6666666666666667,1.3333333333333333,0.0,0.3333333333333333,0.3333333333333333,0.0,0.0,0.0,0.0,0,30.0,M,Raleigh,Silver,1,Dairy,Value,2023-09-24,0,2023,6,1,0,0,2024-03
502220,11.0,15,0.13333333333333333,0,0.0,0.0,0.0,0.0,0.3333333333333333,0.0,0.0,0.0,8.081333333333333,2.871908252341801,,0.0,3,,0.55,0.0,0.0,0.0,0.0,0.0,0.06666666666666667,0.0,0.0,0.0,0.0,1,63.0,F,Raleigh,Silver,1,Produce,Upscale,2022-12-05,0,2022,15,0,1,0,2024-03
502221,14.0,15,0.06666666666666667,0,0.0,0.0,0.0,0.0,0.06666666666666667,0.0,0.0,0.0,2.5126666666666666,2.7704069523355006,,0.0,3,,0.45,0.0,0.0,0.0,0.0,0.0,0.0,0.0,0.0,0.0,0.0,0,30.0,M,Tulsa,Gold,1,Personal Care,Mainstream,2022-12-22,0,2022,15,0,1,0,2024-03
502222,11.0,13,0.07692307692307693,0,0.0,0.0,0.0,0.0,0.07692307692307693,0.0,0.0,0.0,2.833846153846154,2.6650984949456937,,0.0,3,,0.57,0.0,0.0,0.0,0.0,0.0,0.0,0.0,0.0,0.0,0.0,0,30.0,F,Spokane,Silver,0,Personal Care,Upscale,2023-02-08,0,2023,13,0,1,0,2024-03
502223,0.0,15,1.0,2,6.0,5.666666666666667,2.6666666666666665,3.0000000000000004,4.461538461538462,220.2833333333333,104.37,1.100060105659422,178.58692307692306,0.48978688641730267,38.8735294117647,3.6666666666666665,0,0.26666666666666666,0.3107692307692308,3.3333333333333335,2.3333333333333335,1.0,0.33333333333333337,1.0,0.6923076923076923,2.0,2.0,2.0,0.0,0,70.0,M,Portland,Platinum,1,Frozen Foods,Mainstream,2022-09-25,0,2022,18,1,0,0,2024-03
502224,12.0,15,0.13333333333333333,0,0.0,0.0,0.0,0.0,0.13333333333333333,0.0,0.0,0.0,5.332,2.2247610205172745,,0.0,3,,0.315,0.0,0.0,0.0,0.0,0.0,0.06666666666666667,0.0,0.0,0.0,0.0,1,65.0,F,Columbus,Platinum,1,Personal Care,Value,2022-06-21,0,2022,21,0,1,0,2024-03
502225,0.0,14,1.0,0,6.0,6.0,6.0,0.0,5.357142857142857,227.57666666666668,207.37333333333333,0.09695738418223708,187.5471428571429,0.44463107502788424,37.92944444444444,2.3333333333333335,0,0.37666666666666665,0.27071428571428574,3.0,-0.6666666666666665,2.0,0.6666666666666667,0.6666666666666666,0.35714285714285715,1.0,2.0,0.0,0.0,0,23.0,M,Columbus,Gold,1,Household,Mainstream,2023-02-01,0,2023,13,1,0,0,2024-03
502226,0.0,15,1.0,1,8.0,4.666666666666667,5.333333333333333,-0.6666666666666661,4.571428571428571,125.82,137.09666666666666,-0.08165777595404189,118.54071428571429,0.5497421924622452,26.96142857142857,4.0,0,0.17,0.2821428571428572,3.0,1.0,0.3333333333333333,0.0,0.3333333333333333,0.35714285714285715,0.0,0.0,0.0,0.0,0,50.0,M,Nashville,Silver,0,Frozen Foods,Value,2022-06-16,0,2022,21,1,0,0,2024-03
502227,0.0,3,1.0,0,6.0,5.333333333333333,,,5.333333333333333,207.11666666666667,,,207.11666666666667,0.08222874032490209,38.834375,3.0,0,0.20666666666666667,0.20666666666666667,1.0,,1.6666666666666667,,0.3333333333333333,0.3333333333333333,0.0,0.0,,0.0,0,72.0,F,Nashville,Platinum,1,Produce,Upscale,2023-12-29,0,2023,3,1,0,0,2024-03
502228,1.0,15,0.42857142857142855,1,0.0,0.3333333333333333,0.3333333333333333,0.0,0.6428571428571429,6.853333333333333,5.133333333333334,0.2804347826086954,11.372142857142858,1.2079139561094336,20.56,0.3333333333333333,2,0.45,0.26,0.3333333333333333,0.0,0.0,-1.0,0.0,0.42857142857142855,0.0,0.0,0.0,0.0,0,56.0,M,Spokane,Silver,0,Personal Care,Value,2021-04-15,0,2021,35,1,1,0,2024-03
502229,8.0,15,0.4666666666666667,0,0.0,0.0,0.0,0.0,1.6,0.0,0.0,0.0,53.87866666666667,1.3408764078965782,,0.0,3,,0.30428571428571427,0.0,0.0,0.0,0.0,0.0,0.26666666666666666,0.0,0.0,0.0,0.0,0,49.0,F,Austin,Gold,1,Household,Mainstream,2022-09-04,0,2022,18,0,1,0,2024-03
502230,5.0,11,0.5,1,0.0,0.0,0.3333333333333333,-0.3333333333333333,1.2,0.0,6.3933333333333335,-0.8647430117222723,26.732,1.2786601004098763,,0.0,3,,0.286,0.0,0.0,0.0,0.0,0.0,0.1,0.0,0.0,0.0,0.0,0,66.0,F,Austin,Silver,1,Household,Unknown,2023-04-03,0,2023,11,0,1,0,2024-03
502231,0.0,15,1.0,0,10.0,6.0,7.0,-1.0,5.933333333333334,161.51333333333335,200.92,-0.19515979926043303,153.312,0.4802877270863918,26.91888888888889,4.666666666666667,0,0.14,0.2506666666666667,3.0,1.3333333333333333,1.6666666666666667,-0.9999999999999998,1.3333333333333333,0.5333333333333333,0.0,1.0,-1.0,0.0,0,51.0,F,Madison,Gold,1,Personal Care,Mainstream,2022-11-30,0,2022,16,1,0,0,2024-03
502232,9.0,14,0.3076923076923077,1,0.0,0.0,0.0,0.0,0.8461538461538461,0.0,0.0,0.0,17.97230769230769,1.7709586489902058,,0.0,3,,0.2975,0.0,0.0,0.0,0.0,0.0,0.0,0.0,0.0,0.0,0.0,1,41.0,M,Madison,Silver,0,Bakery,Value,2023-01-11,0,2023,14,0,1,0,2024-03
502233,0.0,9,0.875,1,7.0,3.3333333333333335,1.5,1.8333333333333335,2.5,94.32000000000001,42.620000000000005,1.1852361302154975,74.7125,0.9190845372709401,28.296000000000003,3.6666666666666665,1,0.505,0.37,2.3333333333333335,1.8333333333333335,0.6666666666666666,-0.8333333333333334,0.6666666666666666,0.625,0.0,0.0,0.0,0.0,0,70.0,F,Denver,Silver,0,Personal Care,Mainstream,2023-06-03,0,2023,9,1,0,0,2024-03
502234,0.0,15,1.0,0,8.0,6.0,6.666666666666667,-0.666666666666667,6.066666666666666,157.76333333333335,188.39999999999998,-0.1617564237944384,169.53866666666667,0.42478024232648165,26.29388888888889,3.0,0,0.2866666666666667,0.328,2.3333333333333335,0.3333333333333335,0.6666666666666666,-0.33333333333333337,0.3333333333333333,0.6,1.0,1.0,1.0,0.0,0,70.0,M,Portland,Silver,1,Produce,Upscale,2022-05-16,0,2022,22,1,0,0,2024-03
502235,11.0,15,0.26666666666666666,0,0.0,0.0,0.0,0.0,0.3333333333333333,0.0,0.0,0.0,9.498,1.6607039992788277,,0.0,3,,0.25,0.0,0.0,0.0,0.0,0.0,0.0,0.0,0.0,0.0,0.0,0,70.0,F,Raleigh,Silver,0,Snacks,Value,2021-06-29,0,2021,33,0,1,0,2024-03
502236,0.0,15,1.0,0,7.0,10.0,7.666666666666667,2.333333333333333,8.266666666666667,128.54666666666665,103.46999999999998,0.2400370122204142,107.74800000000002,0.33129422255779317,12.854666666666667,3.3333333333333335,0,0.37666666666666665,0.2806666666666667,4.666666666666667,0.666666666666667,1.0,0.6666666666666667,1.0,0.6,0.0,0.0,0.0,0.0,1,68.0,F,Portland,Silver,1,Produce,Unknown,2021-06-30,0,2021,33,1,0,0,2024-03
502237,0.0,5,1.0,1,1.0,1.5,1.0,0.5,1.25,54.17,34.495000000000005,0.5543034230173263,44.332499999999996,0.3742538040813203,36.11333333333334,0.0,0,0.24,0.2975,1.0,0.0,1.5,-0.5,2.0,1.75,0.0,0.0,0.0,0.0,0,32.0,F,Austin,Silver,1,Snacks,Upscale,2023-10-20,0,2023,5,1,0,0,2024-03
502238,0.0,15,1.0,0,7.0,4.666666666666667,2.0,2.666666666666667,2.6,132.62,57.38666666666668,1.2885361954784194,71.40533333333333,0.6659367705362821,28.41857142857143,3.3333333333333335,0,0.2866666666666667,0.30466666666666664,1.0,-0.33333333333333326,0.6666666666666666,0.3333333333333333,0.0,0.8,0.0,0.0,0.0,0.0,0,64.0,F,Spokane,Gold,0,Dairy,Mainstream,2022-01-27,0,2022,26,1,0,0,2024-03
502239,0.0,15,1.0,1,1.0,3.3333333333333335,5.333333333333333,-1.9999999999999996,3.642857142857143,97.53666666666668,180.73333333333335,-0.4577953044754219,115.63785714285713,0.6755262446070268,29.261000000000003,0.6666666666666666,0,0.41,0.29714285714285715,2.6666666666666665,-1.6666666666666665,0.3333333333333333,-1.6666666666666667,0.0,0.2857142857142857,1.0,1.0,1.0,0.0,1,36.0,F,Austin,Silver,1,Beverages,Mainstream,2021-12-02,0,2021,27,1,0,0,2024-03
502240,0.0,15,1.0,1,8.0,5.666666666666667,8.0,-2.333333333333333,6.857142857142857,192.61333333333332,252.77999999999997,-0.2370819870228807,215.38357142857143,0.46931937744205876,33.99058823529411,2.0,0,0.25000000000000006,0.26500000000000007,3.3333333333333335,0.8333333333333335,0.3333333333333333,0.3333333333333333,1.3333333333333333,0.5714285714285714,0.0,0.0,0.0,0.0,1,39.0,F,Portland,Silver,0,Dairy,Value,2022-10-30,0,2022,17,1,0,0,2024-03
502241,0.0,15,1.0,0,4.0,3.6666666666666665,7.333333333333333,-3.6666666666666665,7.4,124.43666666666667,227.01999999999998,-0.4498874367745519,230.78999999999996,0.3601540948703388,33.93727272727273,3.3333333333333335,0,0.3333333333333333,0.36666666666666664,4.0,0.0,0.6666666666666666,-1.3333333333333335,0.3333333333333333,0.7333333333333333,1.0,1.0,1.0,1.0,1,51.0,F,Tulsa,Silver,1,Bakery,Upscale,2022-02-17,0,2022,25,1,0,0,2024-03
502242,0.0,15,1.0,2,6.0,5.666666666666667,8.0,-2.333333333333333,6.846153846153846,238.48999999999998,325.28999999999996,-0.2660210242422385,289.8953846153846,0.34015144777695666,42.08647058823529,1.3333333333333333,0,0.08,0.18923076923076923,3.3333333333333335,1.8333333333333335,0.3333333333333333,-0.6666666666666667,0.6666666666666666,0.6923076923076923,0.0,0.0,0.0,0.0,0,48.0,F,Columbus,Silver,0,Frozen Foods,Mainstream,2021-09-22,0,2021,30,1,0,0,2024-03
502243,0.0,3,1.0,0,3.0,3.0,,,3.0,58.63999999999999,,,58.63999999999999,0.6210688581862659,19.546666666666667,1.0,0,0.43333333333333335,0.43333333333333335,1.3333333333333333,,1.0,,0.3333333333333333,0.3333333333333333,0.0,0.0,,0.0,0,68.0,M,Boise,Silver,1,Snacks,Upscale,2024-01-01,0,2024,2,1,0,0,2024-03
502244,0.0,15,1.0,1,3.0,4.666666666666667,3.0,1.666666666666667,3.857142857142857,164.17666666666668,92.99666666666667,0.7572608957764461,128.81714285714287,0.6354882152528551,35.18071428571429,3.3333333333333335,0,0.23333333333333336,0.2621428571428571,0.3333333333333333,-2.6666666666666665,0.3333333333333333,0.3333333333333333,0.6666666666666666,0.7142857142857143,0.0,0.0,0.0,0.0,0,27.0,F,Columbus,Gold,0,Personal Care,Mainstream,2022-10-13,0,2022,17,1,0,0,2024-03
502246,8.0,15,0.4,0,0.0,0.0,0.0,0.0,1.3333333333333333,0.0,0.0,0.0,60.48866666666666,1.38872764317128,,0.0,3,,0.25,0.0,0.0,0.0,0.0,0.0,0.13333333333333333,0.0,0.0,0.0,0.0,1,61.0,F,Tulsa,Platinum,0,Produce,Value,2021-04-01,0,2021,35,0,1,0,2024-03
502247,10.0,15,0.26666666666666666,0,0.0,0.0,0.0,0.0,1.0,0.0,0.0,0.0,46.9,1.7868268190871324,,0.0,3,,0.44499999999999995,0.0,0.0,0.0,0.0,0.0,0.13333333333333333,0.0,0.0,0.0,0.0,1,43.0,F,Spokane,Platinum,0,Produce,Mainstream,2022-08-23,0,2022,19,0,1,0,2024-03
502248,0.0,9,1.0,0,6.0,6.0,9.333333333333334,-3.333333333333334,7.555555555555555,222.96,351.87000000000006,-0.3653186725989742,269.43222222222226,0.3333868684657732,37.16,4.666666666666667,0,0.21999999999999997,0.2888888888888889,2.6666666666666665,-1.3333333333333335,0.0,-0.6666666666666666,0.3333333333333333,0.4444444444444444,0.0,0.0,0.0,0.0,0,68.0,F,Tulsa,Silver,0,Snacks,Upscale,2023-06-07,0,2023,9,1,0,0,2024-03
502249,0.0,1,1.0,0,4.0,4.0,,,4.0,94.83,,,94.83,,23.7075,2.0,0,0.15,0.15,3.0,,2.0,,1.0,1.0,0.0,0.0,,0.0,0,60.0,F,Columbus,Gold,1,Beverages,Upscale,2024-02-18,0,2024,1,1,0,0,2024-03
502250,1.0,3,0.6666666666666666,0,0.0,2.6666666666666665,,,2.6666666666666665,85.48666666666666,,,85.48666666666666,1.122053857906404,32.0575,1.3333333333333333,1,0.395,0.395,0.6666666666666666,,1.0,,0.3333333333333333,0.3333333333333333,0.0,0.0,,0.0,0,27.0,M,Columbus,Gold,1,Personal Care,Upscale,2023-12-05,0,2023,3,1,0,0,2024-03
502251,1.0,9,0.4444444444444444,0,0.0,1.0,0.3333333333333333,0.6666666666666667,0.5555555555555556,33.51,10.386666666666667,2.0307377049180326,18.533333333333335,1.2763072521631726,33.51,0.6666666666666666,1,0.395,0.39,1.0,0.0,1.0,0.6666666666666667,1.0,0.3333333333333333,0.0,1.0,-1.0,1.0,1,26.0,F,Raleigh,Silver,0,Household,Upscale,2023-06-08,0,2023,9,1,0,0,2024-03
502252,12.0,15,0.2,0,0.0,0.0,0.0,0.0,0.4666666666666667,0.0,0.0,0.0,14.728000000000002,2.1325534306174343,,0.0,3,,0.33,0.0,0.0,0.0,0.0,0.0,0.13333333333333333,0.0,0.0,0.0,0.0,0,60.0,F,Nashville,Gold,0,Snacks,Mainstream,2021-09-04,0,2021,30,0,1,0,2024-03
502254,2.0,10,0.7777777777777778,1,0.0,2.0,1.6666666666666667,0.33333333333333326,2.0,71.72,62.413333333333334,0.1467619848612279,80.34777777777778,0.797784834418887,35.86,1.5,1,0.37,0.3385714285714286,2.5,1.1666666666666667,2.0,-0.6666666666666665,0.5,0.4444444444444444,0.0,1.0,-1.0,0.0,0,57.0,M,Columbus,Silver,1,Beverages,Upscale,2023-05-21,0,2023,10,1,0,0,2024-03
502255,11.0,12,0.08333333333333333,0,0.0,0.0,0.0,0.0,0.08333333333333333,0.0,0.0,0.0,3.0925,2.6176503958004904,,0.0,3,,0.38,0.0,0.0,0.0,0.0,0.0,0.0,0.0,0.0,0.0,0.0,0,,M,Columbus,Gold,1,Produce,Mainstream,2023-04-01,1,2023,11,0,1,0,2024-03
502256,4.0,15,0.7142857142857143,1,0.0,0.0,1.0,-1.0,3.857142857142857,0.0,40.31,-0.9757927862503026,141.46785714285713,0.8675108010130981,,0.0,3,,0.31199999999999994,0.0,-1.3333333333333333,0.0,-0.6666666666666666,0.0,0.14285714285714285,0.0,1.0,-1.0,0.0,0,20.0,M,Madison,Silver,1,Frozen Foods,Mainstream,2021-08-15,0,2021,31,0,1,0,2024-03
502257,1.0,2,0.5,0,0.0,0.5,,,0.5,15.1,,,15.1,1.3263742106729026,30.2,1.0,1,0.45,0.45,1.0,,0.5,,1.5,1.5,0.0,0.0,,0.0,0,58.0,M,Boise,Silver,0,Household,Mainstream,2024-01-06,0,2024,2,1,0,0,2024-03
502258,4.0,15,0.42857142857142855,1,0.0,0.0,0.3333333333333333,-0.3333333333333333,0.6428571428571429,0.0,15.063333333333333,-0.9377464204191741,25.937142857142856,1.2637456432385583,,0.0,3,,0.18833333333333332,0.0,-0.3333333333333333,0.0,-0.3333333333333333,0.0,0.42857142857142855,0.0,1.0,-1.0,1.0,1,70.0,F,Portland,Gold,1,Frozen Foods,Mainstream,2022-05-20,0,2022,22,0,1,0,2024-03
502259,10.0,15,0.3333333333333333,0,0.0,0.0,0.0,0.0,1.4666666666666666,0.0,0.0,0.0,33.73,1.7736195177501017,,0.0,3,,0.26799999999999996,0.0,0.0,0.0,0.0,0.0,0.26666666666666666,0.0,0.0,0.0,0.0,0,65.0,M,Raleigh,Silver,0,Beverages,Value,2022-06-01,0,2022,21,0,1,0,2024-03
502260,0.0,15,1.0,0,6.0,7.0,5.666666666666667,1.333333333333333,5.6,251.83,204.04333333333332,0.2330564270967114,195.78199999999998,0.36297719620862806,35.97571428571429,3.6666666666666665,0,0.3733333333333333,0.3606666666666667,5.666666666666667,3.3333333333333335,1.3333333333333333,-0.6666666666666667,0.3333333333333333,0.7333333333333333,1.0,1.0,1.0,0.0,0,45.0,F,Tulsa,Gold,1,Bakery,Upscale,2022-09-15,0,2022,18,1,0,0,2024-03
502261,0.0,15,1.0,0,1.0,1.6666666666666667,2.6666666666666665,-0.9999999999999998,2.8666666666666667,44.669999999999995,79.89333333333333,-0.43542937201252685,79.49466666666666,0.4721924833066507,26.802,2.0,0,0.22999999999999998,0.3466666666666667,0.3333333333333333,0.0,1.3333333333333333,-0.6666666666666667,0.3333333333333333,0.6666666666666666,0.0,2.0,-2.0,1.0,1,45.0,M,Madison,Silver,1,Produce,Mainstream,2021-08-29,0,2021,31,1,0,0,2024-03
502262,0.0,2,1.0,0,3.0,3.0,,,3.0,148.485,,,148.485,0.1937052058038541,49.495000000000005,3.5,0,0.625,0.625,5.0,,0.0,,0.0,0.0,1.0,1.0,,0.0,0,33.0,F,Spokane,Platinum,1,Personal Care,Mainstream,2024-01-22,0,2024,2,1,0,0,2024-03
502263,0.0,9,1.0,0,3.0,4.0,9.666666666666666,-5.666666666666666,6.444444444444445,162.28333333333333,435.83,-0.62620851742478,286.50333333333333,0.5214596111155655,40.57083333333333,1.6666666666666667,0,0.32666666666666666,0.3566666666666667,3.0,0.0,0.6666666666666666,0.6666666666666666,1.0,0.6666666666666666,0.0,0.0,0.0,0.0,0,46.0,M,Nashville,Platinum,0,Snacks,Value,2023-06-04,0,2023,9,1,0,0,2024-03
502264,3.0,15,0.7333333333333333,0,0.0,0.0,2.0,-2.0,2.0,0.0,76.54666666666667,-0.9871045392022009,70.62400000000001,0.8329916229244714,,0.0,3,,0.35818181818181816,0.0,-0.3333333333333333,0.3333333333333333,-0.6666666666666667,0.0,0.3333333333333333,0.0,3.0,-3.0,0.0,1,19.0,Unknown,Columbus,Gold,1,Snacks,Mainstream,2021-10-26,0,2021,29,0,1,0,2024-03
502266,0.0,1,1.0,0,3.0,3.0,,,3.0,106.2,,,106.2,,35.4,2.0,0,0.25,0.25,2.0,,1.0,,1.0,1.0,0.0,0.0,,0.0,0,62.0,M,Spokane,Gold,1,Produce,Mainstream,2024-02-15,0,2024,1,1,0,0,2024-03
502267,7.0,15,0.5333333333333333,0,0.0,0.0,0.0,0.0,2.4,0.0,0.0,0.0,110.29466666666667,1.1103818786863506,,0.0,3,,0.32375,0.0,0.0,0.0,0.0,0.0,0.2,0.0,0.0,0.0,0.0,0,35.0,M,Boise,Gold,0,Personal Care,Mainstream,2022-11-14,0,2022,16,0,1,0,2024-03
502268,12.0,15,0.13333333333333333,0,0.0,0.0,0.0,0.0,0.13333333333333333,0.0,0.0,0.0,5.035333333333333,2.2119778201658633,,0.0,3,,0.42,0.0,0.0,0.0,0.0,0.0,0.0,0.0,0.0,0.0,0.0,0,37.0,F,Nashville,Gold,1,Dairy,Mainstream,2021-03-30,0,2021,36,0,1,0,2024-03
502269,0.0,15,1.0,0,3.0,5.0,6.333333333333333,-1.333333333333333,6.0,213.03999999999996,282.1333333333334,-0.2440310807628917,277.8566666666666,0.5052553358357719,42.60799999999999,3.0,0,0.14,0.24466666666666667,3.3333333333333335,-0.9999999999999996,1.6666666666666667,-0.6666666666666667,0.3333333333333333,0.5333333333333333,0.0,1.0,-1.0,1.0,1,57.0,F,Madison,Platinum,1,Dairy,Unknown,2021-10-21,0,2021,29,1,0,0,2024-03
502270,0.0,15,1.0,0,5.0,6.666666666666667,5.333333333333333,1.333333333333334,6.6,208.82333333333335,131.62,0.5821394460362943,189.94333333333336,0.44916754490994243,31.323500000000003,2.0,0,0.39999999999999997,0.3333333333333333,3.3333333333333335,0.666666666666667,0.0,-0.6666666666666666,0.0,0.4666666666666667,0.0,0.0,0.0,0.0,1,47.0,F,Tulsa,Silver,0,Frozen Foods,Upscale,2021-07-11,0,2021,32,1,0,0,2024-03
502271,0.0,9,1.0,0,3.0,4.333333333333333,6.0,-1.666666666666667,5.666666666666667,155.23,222.13,-0.29982521400080675,198.42666666666665,0.38509912984508465,35.82230769230769,0.6666666666666666,0,0.4066666666666667,0.3611111111111111,2.0,-0.3333333333333335,4.333333333333333,3.0,0.6666666666666666,0.4444444444444444,0.0,0.0,0.0,0.0,1,43.0,M,Raleigh,Gold,1,Frozen Foods,Mainstream,2023-06-04,0,2023,9,1,0,0,2024-03
502272,0.0,10,1.0,0,2.0,3.0,3.3333333333333335,-0.3333333333333335,3.9,73.39,82.11,-0.10492118878594632,92.896,0.3948435705656893,24.463333333333335,2.0,0,0.41,0.34800000000000003,1.3333333333333333,-1.0000000000000002,1.0,0.33333333333333337,1.3333333333333333,0.4,1.0,2.0,0.0,0.0,0,29.0,M,Columbus,Silver,0,Bakery,Mainstream,2023-05-14,0,2023,10,1,0,0,2024-03
502273,0.0,4,1.0,0,2.0,5.333333333333333,7.0,-1.666666666666667,5.75,216.58666666666667,263.37,-0.17696158162171702,228.2825,0.7547271809873156,40.61,2.0,0,0.44,0.4475,0.6666666666666666,-1.3333333333333335,1.0,1.0,0.6666666666666666,1.0,1.0,1.0,1.0,0.0,0,37.0,F,Austin,Silver,1,Bakery,Mainstream,2023-11-04,0,2023,4,1,0,0,2024-03
502274,0.0,3,1.0,0,6.0,2.6666666666666665,,,2.6666666666666665,94.35000000000001,,,94.35000000000001,1.017817693204229,35.38125,1.6666666666666667,0,0.30333333333333334,0.30333333333333334,4.0,,0.3333333333333333,,0.6666666666666666,0.6666666666666666,0.0,0.0,,0.0,0,52.0,F,Tulsa,Silver,0,Bakery,Mainstream,2023-12-05,0,2023,3,1,0,0,2024-03
502275,0.0,9,1.0,1,5.0,6.333333333333333,6.0,0.33333333333333304,6.0,237.29333333333338,249.79500000000002,-0.04984814955109407,242.70875,0.29870583675251305,37.46736842105264,3.6666666666666665,0,0.24,0.30000000000000004,1.6666666666666667,-1.3333333333333333,2.0,1.0,0.6666666666666666,0.875,0.0,0.0,0.0,0.0,0,53.0,F,Austin,Gold,1,Household,Mainstream,2023-06-12,0,2023,9,1,0,0,2024-03
502276,0.0,14,1.0,0,6.0,6.0,7.0,-1.0,5.285714285714286,220.19333333333336,257.7033333333333,-0.14499233356096417,192.76142857142855,0.4534834991551321,36.69888888888889,3.6666666666666665,0,0.2233333333333333,0.2814285714285714,3.6666666666666665,0.33333333333333304,2.0,0.33333333333333326,0.6666666666666666,0.5,0.0,1.0,-1.0,0.0,0,40.0,M,Boise,Gold,1,Frozen Foods,Value,2021-07-01,0,2021,32,1,0,0,2024-03
502277,0.0,15,1.0,3,6.0,8.333333333333334,7.5,0.8333333333333339,8.75,329.08,331.91999999999996,-0.00853057791661653,377.3591666666667,0.4123208541072156,39.4896,3.3333333333333335,0,0.2866666666666667,0.2725,4.0,0.0,1.6666666666666667,0.16666666666666674,0.6666666666666666,1.0833333333333333,1.0,1.0,1.0,1.0,1,56.0,F,Portland,Platinum,1,Household,Value,2022-03-04,0,2022,24,1,0,0,2024-03
502278,0.0,15,1.0,0,4.0,2.6666666666666665,4.0,-1.3333333333333335,2.8666666666666667,94.25999999999999,137.1866666666667,-0.3106426090312623,96.78466666666665,0.4186739271519892,35.3475,2.3333333333333335,0,0.32,0.286,1.0,0.0,0.3333333333333333,0.3333333333333333,1.3333333333333333,1.0666666666666667,0.0,2.0,-2.0,1.0,1,63.0,Unknown,Raleigh,Gold,0,Snacks,Mainstream,2022-10-19,0,2022,17,1,0,0,2024-03
502279,0.0,14,1.0,0,9.0,5.666666666666667,6.333333333333333,-0.6666666666666661,5.857142857142857,169.95333333333335,179.19666666666663,-0.051295806433711046,175.1421428571429,0.408751291109422,29.991764705882353,2.3333333333333335,0,0.33,0.2885714285714286,2.0,0.33333333333333326,2.0,0.6666666666666667,0.3333333333333333,0.6428571428571429,0.0,0.0,0.0,0.0,0,23.0,M,Denver,Silver,1,Dairy,Mainstream,2022-10-29,0,2022,17,1,0,0,2024-03
502280,1.0,3,0.6666666666666666,0,0.0,1.3333333333333333,,,1.3333333333333333,25.090000000000003,,,25.090000000000003,1.1375198330926672,18.817500000000003,2.0,1,0.485,0.485,1.0,,1.0,,0.6666666666666666,0.6666666666666666,1.0,1.0,,0.0,0,55.0,Other,Madison,Silver,1,Frozen Foods,Upscale,2023-12-08,0,2023,3,1,1,0,2024-03
502281,0.0,15,1.0,1,1.0,3.6666666666666665,4.5,-0.8333333333333335,5.285714285714286,104.95666666666666,130.165,-0.1921879566449383,158.26142857142852,0.4403325757010656,28.624545454545455,1.6666666666666667,0,0.13999999999999999,0.2885714285714286,1.6666666666666667,0.16666666666666674,1.3333333333333333,-0.6666666666666667,0.0,0.5714285714285714,1.0,2.0,0.0,0.0,1,58.0,M,Tulsa,Silver,1,Personal Care,Value,2022-10-07,0,2022,17,1,0,0,2024-03
502282,0.0,15,0.7333333333333333,0,1.0,0.6666666666666666,1.6666666666666667,-1.0,1.4666666666666666,20.96,53.68000000000001,-0.598390636430139,44.202,0.7617172177433901,31.44,0.3333333333333333,1,0.365,0.2527272727272727,0.3333333333333333,0.3333333333333333,0.6666666666666666,-0.33333333333333337,0.3333333333333333,0.6666666666666666,0.0,0.0,0.0,0.0,1,59.0,F,Nashville,Gold,1,Dairy,Mainstream,2022-09-27,0,2022,18,1,0,0,2024-03
502283,12.0,15,0.13333333333333333,0,0.0,0.0,0.0,0.0,0.4,0.0,0.0,0.0,14.474666666666668,2.5404733576582887,,0.0,3,,0.54,0.0,0.0,0.0,0.0,0.0,0.06666666666666667,0.0,0.0,0.0,0.0,0,,F,Raleigh,Silver,0,Beverages,Value,2021-11-19,1,2021,28,0,1,0,2024-03
502284,3.0,8,0.625,0,0.0,0.0,1.0,-1.0,0.875,0.0,42.25333333333333,-0.9768803945745993,37.97875,1.1023330828671476,,0.0,3,,0.33999999999999997,0.0,-0.3333333333333333,0.0,-1.3333333333333333,0.0,0.125,0.0,0.0,0.0,0.0,0,32.0,M,Denver,Platinum,1,Produce,Mainstream,2023-07-19,0,2023,8,0,1,0,2024-03
502285,0.0,15,1.0,0,4.0,4.666666666666667,3.0,1.666666666666667,4.8,136.82000000000002,84.41000000000001,0.6136283807516685,135.48266666666666,0.4080586657028556,29.31857142857143,2.3333333333333335,0,0.34,0.31466666666666665,1.0,-1.3333333333333335,0.6666666666666666,0.0,1.0,0.4666666666666667,0.0,0.0,0.0,0.0,0,42.0,M,Madison,Silver,0,Bakery,Value,2021-07-27,0,2021,32,1,0,0,2024-03
502286,0.0,14,1.0,1,3.0,4.0,5.0,-1.0,4.153846153846154,150.52666666666667,199.35333333333332,-0.24370279173460216,167.29538461538462,0.5824781081214307,37.63166666666667,2.0,0,0.42333333333333334,0.2653846153846154,2.6666666666666665,1.6666666666666665,2.0,0.6666666666666667,1.3333333333333333,1.0769230769230769,0.0,2.0,-2.0,1.0,1,21.0,M,Spokane,Platinum,1,Frozen Foods,Mainstream,2023-01-11,0,2023,14,1,0,0,2024-03
502287,0.0,1,1.0,0,1.0,1.0,,,1.0,45.09,,,45.09,,45.09,1.0,0,0.33,0.33,4.0,,2.0,,1.0,1.0,0.0,0.0,,0.0,0,35.0,F,Spokane,Gold,1,Beverages,Value,2024-02-23,0,2024,1,1,0,0,2024-03
502288,1.0,15,0.9333333333333333,0,0.0,1.6666666666666667,5.666666666666667,-4.0,5.266666666666667,71.14666666666666,245.48000000000002,-0.7072920047603592,207.91066666666669,0.742429589746447,42.688,0.6666666666666666,1,0.495,0.31785714285714295,1.6666666666666667,-0.33333333333333326,0.0,-2.3333333333333335,0.0,0.4666666666666667,1.0,1.0,1.0,1.0,1,68.0,F,Raleigh,Gold,1,Dairy,Upscale,2022-04-14,0,2022,23,1,1,0,2024-03
502289,0.0,15,1.0,0,5.0,5.333333333333333,6.333333333333333,-1.0,6.666666666666667,212.77666666666667,252.16,-0.15556696687207033,268.8993333333334,0.3382496083474917,39.895625,3.6666666666666665,0,0.19333333333333336,0.30333333333333334,5.0,1.3333333333333335,0.6666666666666666,-1.3333333333333335,1.0,0.8666666666666667,1.0,2.0,0.0,0.0,1,65.0,M,Madison,Gold,1,Bakery,Value,2022-05-25,0,2022,22,1,0,0,2024-03
502290,0.0,15,0.9333333333333333,0,4.0,2.6666666666666665,3.6666666666666665,-1.0,2.8666666666666667,126.42,173.14,-0.26828988170437573,133.67733333333334,0.5445194852638036,47.4075,3.6666666666666665,0,0.32,0.26,0.6666666666666666,-1.0,1.0,-1.3333333333333335,0.6666666666666666,0.6666666666666666,0.0,1.0,-1.0,0.0,0,71.0,M,Tulsa,Gold,1,Frozen Foods,Value,2021-05-28,0,2021,34,1,0,0,2024-03
502291,9.0,15,0.35714285714285715,1,0.0,0.0,0.0,0.0,1.4285714285714286,0.0,0.0,0.0,38.46357142857143,1.555941763419715,,0.0,3,,0.332,0.0,0.0,0.0,0.0,0.0,0.0,0.0,0.0,0.0,0.0,0,19.0,M,Spokane,Silver,0,Bakery,Value,2022-07-26,0,2022,20,0,1,0,2024-03
502292,0.0,15,1.0,0,4.0,4.333333333333333,6.0,-1.666666666666667,5.466666666666667,112.87666666666667,157.07000000000002,-0.27958077644925255,147.78533333333334,0.4193457449407828,26.048461538461538,4.0,0,0.35333333333333333,0.332,2.6666666666666665,-0.3333333333333335,0.0,-0.6666666666666666,0.3333333333333333,0.8666666666666667,2.0,2.0,2.0,0.0,0,54.0,Other,Raleigh,Gold,0,Household,Upscale,2021-10-08,0,2021,29,1,0,0,2024-03
502293,1.0,8,0.75,0,0.0,0.6666666666666666,3.3333333333333335,-2.666666666666667,2.75,18.516666666666666,89.80666666666666,-0.7850745172894795,75.6975,0.8159749077755145,27.775,1.0,2,0.43,0.18833333333333335,0.0,-1.6666666666666667,1.3333333333333333,-1.6666666666666667,0.6666666666666666,0.5,0.0,0.0,0.0,0.0,0,,Other,Portland,Gold,1,Beverages,Mainstream,2023-07-27,1,2023,8,1,0,0,2024-03
502294,0.0,5,1.0,1,1.0,2.6666666666666665,4.0,-1.3333333333333335,3.0,77.58666666666666,136.75,-0.4294978826376286,92.3775,0.6328677954518039,29.095,1.0,0,0.47000000000000003,0.49750000000000005,3.0,2.0,1.0,-2.0,0.0,0.25,0.0,0.0,0.0,0.0,0,70.0,M,Denver,Gold,1,Personal Care,Upscale,2023-10-27,0,2023,5,1,0,0,2024-03
502295,1.0,15,0.8571428571428571,1,0.0,1.6666666666666667,1.3333333333333333,0.3333333333333335,1.7857142857142858,76.22000000000001,56.60333333333333,0.3405474220241887,77.05857142857144,0.7060914180616259,45.732000000000006,2.0,1,0.33499999999999996,0.31083333333333335,1.0,0.33333333333333337,0.6666666666666666,-1.3333333333333335,1.3333333333333333,0.7142857142857143,1.0,1.0,1.0,0.0,0,47.0,M,Austin,Gold,1,Household,Value,2022-04-11,0,2022,23,1,0,0,2024-03
502296,0.0,15,1.0,1,7.0,5.5,6.0,-0.5,6.071428571428571,169.125,168.6,0.003095518867924562,168.6542857142857,0.28790224225116057,30.75,1.0,0,0.2,0.2785714285714286,1.5,-0.5,1.5,-0.5,0.0,0.2857142857142857,0.0,0.0,0.0,0.0,1,58.0,F,Columbus,Silver,1,Dairy,Value,2022-10-22,0,2022,17,1,0,0,2024-03
502297,1.0,15,0.9333333333333333,0,0.0,3.3333333333333335,2.3333333333333335,1.0,3.2,107.62333333333333,77.87666666666667,0.3771288509487386,106.79666666666667,0.6628845792093963,32.287,1.0,1,0.165,0.30285714285714294,0.6666666666666666,0.0,0.6666666666666666,-0.6666666666666666,0.3333333333333333,0.7333333333333333,1.0,2.0,0.0,1.0,1,31.0,F,Boise,Silver,0,Snacks,Value,2021-10-19,0,2021,29,1,0,0,2024-03
502298,0.0,15,1.0,0,5.0,4.333333333333333,4.0,0.33333333333333304,4.733333333333333,134.41666666666666,118.18666666666665,0.13617294999440657,147.14733333333334,0.4335606078557693,31.01923076923077,3.6666666666666665,0,0.19333333333333336,0.23333333333333334,2.3333333333333335,-1.333333333333333,2.3333333333333335,0.6666666666666667,1.0,0.9333333333333333,1.0,2.0,0.0,0.0,0,52.0,F,Denver,Gold,1,Household,Value,2022-10-05,0,2022,17,1,0,0,2024-03
502299,0.0,15,1.0,0,10.0,7.333333333333333,8.0,-0.666666666666667,8.733333333333333,129.63,133.25333333333333,-0.026988777435693726,146.59400000000002,0.3573681153415567,17.67681818181818,5.666666666666667,0,0.3133333333333333,0.3513333333333334,3.0,-1.666666666666667,0.3333333333333333,0.3333333333333333,0.3333333333333333,0.6666666666666666,0.0,1.0,-1.0,0.0,0,66.0,M,Austin,Silver,0,Beverages,Value,2021-10-14,0,2021,29,1,0,0,2024-03
502300,0.0,15,0.9333333333333333,0,6.0,5.333333333333333,5.0,0.33333333333333304,4.333333333333333,199.17,175.26999999999998,0.13558745106938225,145.9966666666667,0.5048319077784811,37.344375,3.0,0,0.2333333333333333,0.33785714285714274,2.3333333333333335,1.666666666666667,2.0,1.0,1.0,0.5333333333333333,0.0,0.0,0.0,0.0,0,41.0,M,Tulsa,Silver,1,Personal Care,Unknown,2021-03-02,0,2021,36,1,0,0,2024-03
502302,0.0,2,1.0,0,3.0,3.0,,,3.0,112.42,,,112.42,0.04089772954138382,37.473333333333336,3.0,0,0.27999999999999997,0.27999999999999997,1.0,,1.0,,1.0,1.0,0.0,0.0,,0.0,0,38.0,M,Madison,Gold,1,Household,Mainstream,2024-01-22,0,2024,2,1,0,0,2024-03
502303,13.0,15,0.13333333333333333,0,0.0,0.0,0.0,0.0,0.3333333333333333,0.0,0.0,0.0,9.538,2.923417072453,,0.0,3,,0.365,0.0,0.0,0.0,0.0,0.0,0.0,0.0,0.0,0.0,0.0,0,30.0,F,Tulsa,Silver,1,Household,Mainstream,2021-03-25,0,2021,36,0,1,0,2024-03
502304,4.0,15,0.6428571428571429,1,0.0,0.0,1.0,-1.0,2.0,0.0,28.02333333333333,-0.965544963822212,58.08142857142856,1.016753377464327,,0.0,3,,0.4011111111111111,0.0,-1.3333333333333333,0.0,-0.6666666666666666,0.0,0.5,0.0,0.0,0.0,0.0,0,45.0,Unknown,Tulsa,Silver,0,Frozen Foods,Upscale,2022-09-13,0,2022,18,0,1,0,2024-03
502305,0.0,13,1.0,1,3.0,3.6666666666666665,3.6666666666666665,0.0,3.5833333333333335,96.33666666666666,97.20333333333332,-0.008825226570720547,92.81416666666665,0.5239649419601515,26.273636363636363,2.0,0,0.5066666666666667,0.285,2.6666666666666665,0.9999999999999998,0.3333333333333333,-0.3333333333333333,0.3333333333333333,0.4166666666666667,0.0,0.0,0.0,0.0,0,56.0,F,Portland,Gold,0,Beverages,Mainstream,2023-02-20,0,2023,13,1,0,0,2024-03
502306,0.0,15,1.0,0,4.0,6.0,6.333333333333333,-0.33333333333333304,5.733333333333333,366.1333333333334,361.3666666666666,0.013154263637200164,337.77399999999994,0.41124572297879064,61.022222222222226,2.6666666666666665,0,0.33666666666666667,0.25733333333333336,2.0,-1.0,1.0,0.0,1.0,0.7333333333333333,0.0,0.0,0.0,0.0,0,30.0,M,Madison,Platinum,1,Frozen Foods,Upscale,2021-05-29,0,2021,34,1,0,0,2024-03
502307,0.0,5,1.0,0,7.0,8.666666666666666,8.5,0.16666666666666607,8.6,263.88666666666666,229.06,0.15138079921179975,249.956,0.2858772631979032,30.448461538461537,5.333333333333333,0,0.25666666666666665,0.304,7.333333333333333,0.833333333333333,1.0,0.0,0.0,0.2,1.0,2.0,0.0,1.0,1,47.0,M,Tulsa,Silver,0,Personal Care,Value,2023-10-18,0,2023,5,1,0,0,2024-03
502308,4.0,14,0.6923076923076923,1,0.0,0.0,0.6666666666666666,-0.6666666666666666,1.7692307692307692,0.0,28.066666666666666,-0.9655963302752294,65.99692307692308,0.8616632437258799,,0.0,3,,0.26999999999999996,0.0,-0.3333333333333333,0.0,0.0,0.0,0.23076923076923078,0.0,1.0,-1.0,0.0,1,42.0,M,Portland,Gold,0,Beverages,Mainstream,2023-01-22,0,2023,14,0,1,0,2024-03
502309,0.0,15,1.0,0,6.0,4.0,3.0,1.0,3.533333333333333,151.34333333333333,102.62666666666667,0.47011708697889865,127.568,0.4620400963285927,37.83583333333333,3.6666666666666665,0,0.17,0.28933333333333333,1.6666666666666667,-0.6666666666666667,1.6666666666666667,-0.33333333333333326,0.3333333333333333,0.6666666666666666,1.0,1.0,1.0,0.0,0,66.0,F,Austin,Gold,1,Personal Care,Value,2021-09-01,0,2021,30,1,0,0,2024-03
502310,0.0,9,1.0,2,7.0,4.333333333333333,4.0,0.33333333333333304,4.428571428571429,153.65333333333334,130.895,0.1725488709453226,147.81571428571428,0.4272049424211036,35.458461538461535,1.3333333333333333,0,0.26666666666666666,0.22285714285714286,3.3333333333333335,1.3333333333333335,1.3333333333333333,0.8333333333333333,0.6666666666666666,0.2857142857142857,0.0,0.0,0.0,0.0,0,,F,Denver,Silver,0,Frozen Foods,Value,2023-07-01,1,2023,8,1,0,0,2024-03
502311,2.0,15,0.2857142857142857,1,0.0,0.3333333333333333,0.3333333333333333,0.0,0.2857142857142857,7.576666666666667,8.453333333333333,-0.0927362482369534,6.960714285714286,1.445516155741858,22.73,0.3333333333333333,2,0.21,0.3275,0.3333333333333333,0.0,2.3333333333333335,1.3333333333333335,0.6666666666666666,1.0,0.0,0.0,0.0,0.0,1,18.0,M,Spokane,Gold,1,Household,Upscale,2021-05-05,0,2021,34,1,0,0,2024-03
502312,14.0,15,0.06666666666666667,0,0.0,0.0,0.0,0.0,0.06666666666666667,0.0,0.0,0.0,2.134,2.637187766690053,,0.0,3,,0.28,0.0,0.0,0.0,0.0,0.0,0.0,0.0,0.0,0.0,0.0,0,19.0,M,Nashville,Platinum,1,Household,Mainstream,2022-07-22,0,2022,20,0,1,0,2024-03
502313,0.0,15,0.8666666666666667,0,3.0,1.3333333333333333,3.0,-1.6666666666666667,2.2666666666666666,40.48,86.23666666666666,-0.5245118642772535,65.166,0.6268849655249115,30.36,0.6666666666666666,1,0.13,0.2,2.0,-0.3333333333333335,0.0,0.0,2.0,0.7333333333333333,0.0,0.0,0.0,0.0,1,46.0,M,Spokane,Gold,0,Personal Care,Upscale,2022-09-11,0,2022,18,1,0,0,2024-03
502316,0.0,15,1.0,1,3.0,3.0,5.0,-2.0,3.7142857142857144,104.19333333333334,153.51666666666668,-0.31921044116060837,124.24500000000002,0.38948292841850846,34.73111111111112,3.0,0,0.47,0.3478571428571428,1.3333333333333333,-1.0000000000000002,2.0,-0.6666666666666665,0.0,0.5,0.0,0.0,0.0,0.0,0,34.0,M,Portland,Gold,1,Bakery,Value,2021-05-14,0,2021,34,1,0,0,2024-03
502318,0.0,2,1.0,0,4.0,5.0,,,5.0,117.70000000000002,,,117.70000000000002,0.2699753944681916,23.540000000000003,2.0,0,0.265,0.265,5.0,,1.5,,0.5,0.5,0.0,0.0,,0.0,0,,F,Columbus,Gold,1,Dairy,Value,2024-01-24,1,2024,2,1,0,0,2024-03
502319,0.0,1,1.0,0,8.0,8.0,,,8.0,298.63,,,298.63,,37.32875,4.0,0,0.38,0.38,2.0,,0.0,,0.0,0.0,0.0,0.0,,0.0,0,29.0,F,Denver,Gold,0,Household,Value,2024-02-05,0,2024,1,1,0,0,2024-03
502320,0.0,6,1.0,0,4.0,4.333333333333333,3.3333333333333335,0.9999999999999996,3.8333333333333335,113.36666666666667,85.82333333333334,0.317234230429608,99.59499999999998,0.4185500799501409,26.161538461538463,3.3333333333333335,0,0.20666666666666667,0.28833333333333333,0.3333333333333333,-1.0,0.3333333333333333,0.0,0.0,0.3333333333333333,0.0,1.0,-1.0,0.0,0,64.0,F,Austin,Silver,0,Bakery,Upscale,2023-09-04,0,2023,6,1,0,0,2024-03
502321,0.0,15,1.0,2,6.0,4.333333333333333,7.0,-2.666666666666667,6.384615384615385,144.97,247.07,-0.4115773773531664,232.38384615384615,0.2935706087848378,33.45461538461538,3.6666666666666665,0,0.39666666666666667,0.2561538461538462,2.6666666666666665,0.16666666666666652,1.6666666666666667,-1.3333333333333333,0.3333333333333333,0.9230769230769231,2.0,4.0,0.0,2.0,1,57.0,F,Austin,Silver,1,Frozen Foods,Mainstream,2021-12-25,0,2021,27,1,0,0,2024-03
502322,0.0,2,1.0,0,4.0,5.5,,,5.5,154.415,,,154.415,0.5546658153617864,28.075454545454544,2.0,0,0.115,0.115,2.5,,0.5,,0.5,0.5,0.0,0.0,,0.0,0,53.0,F,Tulsa,Silver,0,Produce,Mainstream,2024-01-25,0,2024,2,1,0,0,2024-03
502323,0.0,4,1.0,0,10.0,6.333333333333333,9.0,-2.666666666666667,7.0,320.40333333333336,464.88,-0.31011562347957977,356.52250000000004,0.47178911122657585,50.59,1.0,0,0.22333333333333336,0.22749999999999998,3.6666666666666665,-0.3333333333333335,1.3333333333333333,0.33333333333333326,1.0,1.0,0.0,1.0,-1.0,1.0,1,,M,Madison,Platinum,1,Household,Upscale,2023-11-11,1,2023,4,1,0,0,2024-03
502324,1.0,15,0.6666666666666666,0,0.0,0.3333333333333333,2.3333333333333335,-2.0,1.4,11.336666666666666,74.50333333333334,-0.8366076552911571,46.96933333333334,0.8646363072687644,34.01,0.3333333333333333,2,0.31,0.24800000000000005,0.0,-0.3333333333333333,1.0,-1.6666666666666665,0.6666666666666666,0.6,0.0,0.0,0.0,0.0,1,55.0,M,Raleigh,Silver,1,Household,Mainstream,2022-01-21,0,2022,26,1,0,0,2024-03
502326,0.0,10,1.0,0,6.0,7.0,6.333333333333333,0.666666666666667,6.6,152.48666666666665,153.22333333333333,-0.004776622646810981,153.57500000000002,0.2857838591226054,21.783809523809524,3.0,0,0.35333333333333333,0.24,3.0,0.0,2.0,0.6666666666666667,0.0,0.1,0.0,0.0,0.0,0.0,0,52.0,F,Madison,Silver,1,Frozen Foods,Mainstream,2023-05-26,0,2023,10,1,0,0,2024-03
502327,0.0,15,0.9333333333333333,0,8.0,5.666666666666667,6.333333333333333,-0.6666666666666661,5.8,206.11666666666667,217.45000000000002,-0.05188067444876787,199.596,0.657996905368794,36.37352941176471,3.3333333333333335,0,0.21666666666666667,0.3042857142857143,2.0,-0.6666666666666665,2.6666666666666665,2.0,0.3333333333333333,0.5333333333333333,0.0,0.0,0.0,0.0,0,29.0,F,Madison,Silver,1,Household,Unknown,2021-09-06,0,2021,30,1,0,0,2024-03
502328,0.0,15,1.0,1,9.0,6.666666666666667,4.333333333333333,2.333333333333334,5.357142857142857,214.37,121.14333333333332,0.7632562836012338,161.4042857142857,0.5051171744055232,32.1555,3.6666666666666665,0,0.3466666666666667,0.2307142857142857,1.0,-2.3333333333333335,0.3333333333333333,-0.3333333333333333,1.0,0.7142857142857143,0.0,0.0,0.0,0.0,0,32.0,M,Spokane,Silver,0,Household,Value,2021-06-14,0,2021,33,1,0,0,2024-03
502329,1.0,15,0.9285714285714286,1,0.0,2.6666666666666665,4.333333333333333,-1.6666666666666665,4.071428571428571,71.93666666666667,134.31333333333333,-0.4609794550918855,121.535,0.4094064230202176,26.97625,2.0,1,0.19999999999999998,0.2569230769230769,1.3333333333333333,-0.6666666666666667,1.6666666666666667,1.0,0.0,0.5714285714285714,0.0,1.0,-1.0,0.0,0,63.0,F,Spokane,Silver,1,Personal Care,Mainstream,2022-10-01,0,2022,17,1,0,0,2024-03
502330,9.0,15,0.35714285714285715,1,0.0,0.0,0.0,0.0,1.1428571428571428,0.0,0.0,0.0,17.887857142857143,1.7351306191525164,,0.0,3,,0.27199999999999996,0.0,0.0,0.0,0.0,0.0,0.35714285714285715,0.0,0.0,0.0,0.0,0,39.0,F,Columbus,Silver,0,Frozen Foods,Mainstream,2021-06-22,0,2021,33,0,1,0,2024-03
502331,4.0,15,0.5333333333333333,0,0.0,0.0,1.3333333333333333,-1.3333333333333333,1.0,0.0,42.123333333333335,-0.9768106979979903,33.454,1.155102547605599,,0.0,3,,0.17125,0.0,-1.0,0.6666666666666666,-0.33333333333333337,0.0,0.4,2.0,3.0,1.0,0.0,0,62.0,M,Nashville,Silver,1,Bakery,Value,2021-06-28,0,2021,33,0,1,0,2024-03
502332,0.0,15,1.0,1,3.0,6.0,10.5,-4.5,8.642857142857142,102.73000000000002,196.91,-0.47587287150725066,158.5157142857143,0.34541229901032533,17.12166666666667,3.3333333333333335,0,0.24333333333333332,0.3,4.333333333333333,0.33333333333333304,1.6666666666666667,1.1666666666666667,0.6666666666666666,0.42857142857142855,0.0,0.0,0.0,0.0,0,66.0,Other,Spokane,Silver,1,Personal Care,Value,2021-05-03,0,2021,34,1,0,0,2024-03
502333,6.0,8,0.25,0,0.0,0.0,0.0,0.0,0.5,0.0,0.0,0.0,7.643750000000001,1.8634551615263817,,0.0,3,,0.45999999999999996,0.0,0.0,0.0,0.0,0.0,0.0,0.0,0.0,0.0,0.0,0,32.0,F,Spokane,Silver,1,Bakery,Upscale,2023-07-18,0,2023,8,0,1,0,2024-03
502334,0.0,8,0.875,0,5.0,6.0,3.0,3.0,4.875,123.95333333333333,57.97333333333333,1.1188107619262946,97.6525,0.5305273969568092,20.65888888888889,5.0,0,0.4466666666666667,0.40714285714285714,3.3333333333333335,1.0,2.0,0.33333333333333326,0.3333333333333333,0.75,2.0,2.0,2.0,1.0,1,71.0,Other,Boise,Silver,1,Beverages,Upscale,2023-07-08,0,2023,8,1,0,0,2024-03
502335,0.0,15,1.0,2,4.0,4.333333333333333,3.3333333333333335,0.9999999999999996,3.5384615384615383,171.48666666666668,115.58,0.4795562417796078,130.58615384615385,0.4559324115649762,39.573846153846155,2.0,0,0.19000000000000003,0.26999999999999996,2.6666666666666665,0.33333333333333304,0.3333333333333333,-0.3333333333333333,0.3333333333333333,0.38461538461538464,1.0,1.0,1.0,0.0,1,43.0,F,Boise,Silver,0,Household,Mainstream,2022-03-23,0,2022,24,1,0,0,2024-03
502337,1.0,9,0.7777777777777778,0,0.0,1.0,3.0,-2.0,2.6666666666666665,33.61333333333334,83.09333333333333,-0.5883938481052798,81.77333333333334,0.8590778405292324,33.61333333333334,1.0,1,0.45,0.33428571428571424,0.6666666666666666,-1.3333333333333335,0.0,-1.0,0.0,0.3333333333333333,0.0,1.0,-1.0,0.0,1,34.0,Other,Spokane,Silver,1,Snacks,Value,2023-06-27,0,2023,9,1,1,0,2024-03
502338,0.0,13,1.0,0,2.0,2.0,3.3333333333333335,-1.3333333333333335,2.8461538461538463,48.14333333333334,80.08666666666666,-0.39394063964482434,68.58384615384615,0.43282071260208926,24.07166666666667,1.6666666666666667,0,0.40666666666666673,0.3469230769230769,2.3333333333333335,-0.33333333333333304,0.6666666666666666,-0.33333333333333337,0.0,0.38461538461538464,0.0,0.0,0.0,0.0,0,18.0,Other,Spokane,Silver,0,Bakery,Value,2023-02-04,0,2023,13,1,0,0,2024-03
502339,1.0,15,0.9333333333333333,0,0.0,4.333333333333333,4.0,0.33333333333333304,4.733333333333333,179.07333333333335,191.75,-0.06576740164288793,217.85866666666666,0.5482794252125396,41.324615384615385,3.0,1,0.3,0.3071428571428571,5.0,2.3333333333333335,0.3333333333333333,-1.6666666666666667,0.0,0.13333333333333333,0.0,2.0,-2.0,1.0,1,27.0,F,Boise,Gold,1,Household,Value,2021-06-27,0,2021,33,1,0,0,2024-03
502340,0.0,15,0.9333333333333333,0,1.0,2.3333333333333335,3.0,-0.6666666666666665,2.8,68.90333333333334,91.39999999999999,-0.24347041847041836,89.72866666666665,0.46279864136191673,29.53,1.3333333333333333,0,0.24333333333333332,0.2914285714285714,0.6666666666666666,0.0,0.0,0.0,0.0,0.4,0.0,1.0,-1.0,0.0,0,72.0,M,Raleigh,Platinum,0,Frozen Foods,Unknown,2021-04-02,0,2021,35,1,0,0,2024-03
502341,6.0,12,0.5,0,0.0,0.0,0.0,0.0,2.0,0.0,0.0,0.0,72.5775,1.1455118065811205,,0.0,3,,0.23666666666666666,0.0,0.0,0.0,-0.3333333333333333,0.0,0.4166666666666667,0.0,0.0,0.0,0.0,1,26.0,M,Denver,Gold,0,Frozen Foods,Upscale,2023-03-29,0,2023,12,0,1,0,2024-03
502342,0.0,15,1.0,4,2.0,3.5,7.0,-3.5,5.181818181818182,145.675,257.3066666666667,-0.4321671914520208,190.75,0.5058519354195595,41.621428571428574,3.5,0,0.395,0.3054545454545455,3.0,0.3333333333333335,0.5,0.16666666666666669,0.5,0.45454545454545453,0.0,0.0,0.0,0.0,0,66.0,F,Denver,Silver,0,Frozen Foods,Mainstream,2021-11-21,0,2021,28,1,0,0,2024-03
502343,0.0,15,0.8666666666666667,0,1.0,2.0,2.0,0.0,2.2,52.54333333333333,55.806666666666665,-0.057446309118648085,60.507999999999996,0.7718747398068523,26.271666666666665,1.0,0,0.2833333333333334,0.20615384615384613,3.0,0.0,0.3333333333333333,0.0,0.3333333333333333,0.5333333333333333,0.0,0.0,0.0,0.0,0,55.0,M,Denver,Gold,0,Beverages,Mainstream,2022-08-04,0,2022,19,1,0,0,2024-03
502344,0.0,1,1.0,0,2.0,2.0,,,2.0,60.8,,,60.8,,30.4,4.0,0,0.53,0.53,1.0,,0.0,,2.0,2.0,0.0,0.0,,0.0,0,52.0,M,Austin,Gold,0,Frozen Foods,Mainstream,2024-02-23,0,2024,1,1,0,0,2024-03
502345,8.0,14,0.42857142857142855,0,0.0,0.0,0.0,0.0,1.8571428571428572,0.0,0.0,0.0,60.184999999999995,1.3416242693094855,,0.0,3,,0.24500000000000002,0.0,0.0,0.0,0.0,0.0,0.2857142857142857,0.0,0.0,0.0,0.0,1,68.0,F,Columbus,Gold,0,Personal Care,Value,2023-01-23,0,2023,14,0,1,0,2024-03
502346,0.0,15,1.0,0,8.0,6.333333333333333,5.333333333333333,1.0,6.333333333333333,229.48666666666668,167.07666666666668,0.37131864426948014,211.24066666666667,0.4228879434721711,36.234736842105264,2.3333333333333335,0,0.2966666666666667,0.26066666666666666,1.6666666666666667,-0.9999999999999998,0.0,0.0,1.0,0.6,0.0,0.0,0.0,0.0,0,64.0,F,Portland,Gold,0,Dairy,Mainstream,2022-01-31,0,2022,26,1,0,0,2024-03
502348,0.0,15,1.0,0,10.0,7.333333333333333,7.666666666666667,-0.3333333333333339,8.2,128.46666666666667,138.43,-0.07145760118578023,146.2113333333333,0.43353217536744293,17.518181818181816,3.6666666666666665,0,0.26666666666666666,0.2693333333333333,4.666666666666667,2.3333333333333335,0.0,-0.6666666666666666,1.3333333333333333,0.8,0.0,0.0,0.0,0.0,0,51.0,M,Tulsa,Silver,0,Household,Mainstream,2021-05-26,0,2021,34,1,0,0,2024-03
502349,0.0,15,1.0,1,3.0,8.0,6.666666666666667,1.333333333333333,8.714285714285714,273.44,214.99,0.270614380295384,275.99142857142857,0.47518501678881786,34.18,4.0,0,0.27,0.30428571428571427,4.0,-2.0,0.5,0.16666666666666669,0.5,0.2857142857142857,1.0,1.0,1.0,0.0,0,74.0,M,Columbus,Silver,0,Dairy,Mainstream,2022-04-29,0,2022,23,1,0,0,2024-03
502350,2.0,14,0.6153846153846154,1,0.0,0.3333333333333333,0.0,0.3333333333333333,1.3076923076923077,8.126666666666667,0.0,8.126666666666667,30.67,0.9636538822102926,24.38,0.6666666666666666,2,0.18,0.28875,0.0,-0.5,0.3333333333333333,0.3333333333333333,0.0,0.5384615384615384,1.0,1.0,1.0,0.0,0,69.0,M,Raleigh,Silver,1,Beverages,Mainstream,2021-03-27,0,2021,36,1,1,0,2024-03
502351,0.0,15,1.0,0,4.0,7.333333333333333,9.666666666666666,-2.333333333333333,7.0,263.5333333333333,348.9633333333333,-0.24411128784920327,250.61933333333334,0.5040958220389277,35.93636363636363,3.0,0,0.26333333333333336,0.26200000000000007,3.0,-0.6666666666666665,1.3333333333333333,-0.6666666666666667,0.3333333333333333,0.3333333333333333,0.0,0.0,0.0,0.0,0,37.0,F,Boise,Silver,1,Household,Value,2022-11-20,0,2022,16,1,0,0,2024-03
502352,0.0,15,0.9285714285714286,1,3.0,2.0,3.0,-1.0,2.7857142857142856,32.83,44.10333333333333,-0.2499445717241889,45.40857142857142,0.6161092641067858,16.415,1.3333333333333333,1,0.21,0.2392307692307693,1.3333333333333333,0.33333333333333326,1.0,-1.0,1.3333333333333333,0.7857142857142857,0.0,0.0,0.0,0.0,0,31.0,F,Tulsa,Silver,1,Personal Care,Upscale,2022-01-16,0,2022,26,1,0,0,2024-03
502354,0.0,15,1.0,1,8.0,5.666666666666667,8.666666666666666,-2.999999999999999,6.071428571428571,155.13666666666668,254.53666666666663,-0.38898527282451295,182.89928571428572,0.3920775256326369,27.377058823529417,3.0,0,0.25666666666666665,0.27785714285714286,3.6666666666666665,-0.6666666666666665,0.0,-0.6666666666666666,1.3333333333333333,0.5,0.0,0.0,0.0,0.0,0,43.0,M,Denver,Gold,0,Beverages,Unknown,2021-07-28,0,2021,32,1,0,0,2024-03
502355,0.0,15,0.9333333333333333,0,2.0,4.333333333333333,3.6666666666666665,0.6666666666666665,4.066666666666666,198.99,154.20666666666668,0.2885400111679051,187.0366666666667,0.4839236127309875,45.92076923076923,1.6666666666666667,0,0.18000000000000002,0.22285714285714286,5.0,2.0,2.0,0.0,1.0,0.7333333333333333,0.0,0.0,0.0,0.0,1,53.0,F,Raleigh,Gold,1,Personal Care,Unknown,2021-05-11,0,2021,34,1,0,0,2024-03
502356,0.0,15,0.9333333333333333,0,4.0,6.666666666666667,8.333333333333334,-1.666666666666667,6.333333333333333,208.31333333333336,315.40333333333336,-0.3384604039148344,221.16,0.5021048387434732,31.247000000000003,2.6666666666666665,0,0.13,0.26,3.3333333333333335,0.3333333333333335,0.6666666666666666,0.0,0.6666666666666666,0.8666666666666667,0.0,2.0,-2.0,0.0,0,56.0,M,Columbus,Silver,0,Produce,Mainstream,2021-08-22,0,2021,31,1,0,0,2024-03
502357,0.0,15,1.0,0,2.0,3.6666666666666665,4.333333333333333,-0.6666666666666665,4.066666666666666,78.73,104.68666666666667,-0.24560020185453854,95.41399999999999,0.40289648908047704,21.471818181818183,2.3333333333333335,0,0.24666666666666667,0.23600000000000002,3.6666666666666665,0.33333333333333304,1.0,-1.3333333333333335,0.3333333333333333,0.5333333333333333,0.0,0.0,0.0,0.0,0,74.0,Other,Denver,Gold,1,Frozen Foods,Value,2021-04-10,0,2021,35,1,0,0,2024-03
502358,0.0,12,1.0,1,6.0,4.0,5.666666666666667,-1.666666666666667,5.2727272727272725,155.065,234.0233333333333,-0.3359595501155913,215.43454545454549,0.4766535961589055,38.76625,2.5,0,0.405,0.31363636363636366,2.5,-2.166666666666667,0.5,-0.8333333333333333,0.0,0.8181818181818182,1.0,2.0,0.0,1.0,1,30.0,F,Raleigh,Gold,1,Dairy,Value,2023-03-10,0,2023,12,1,0,0,2024-03
502359,0.0,15,1.0,0,4.0,6.333333333333333,6.333333333333333,0.0,6.333333333333333,341.7633333333333,320.2833333333333,0.06685687606992796,313.6326666666667,0.4913710894576203,53.96263157894737,2.3333333333333335,0,0.10666666666666667,0.24533333333333335,1.6666666666666667,0.3333333333333335,0.3333333333333333,0.3333333333333333,0.3333333333333333,0.7333333333333333,1.0,2.0,0.0,0.0,0,46.0,F,Austin,Silver,0,Produce,Value,2021-02-26,0,2021,37,1,0,0,2024-03
502360,0.0,2,1.0,0,10.0,10.0,,,10.0,353.235,,,353.235,0.03642976768714128,35.3235,5.0,0,0.42500000000000004,0.42500000000000004,1.5,,1.5,,0.5,0.5,0.0,0.0,,0.0,0,58.0,F,Tulsa,Silver,0,Dairy,Value,2024-01-08,0,2024,2,1,0,0,2024-03
502361,0.0,13,1.0,1,8.0,7.0,5.666666666666667,1.333333333333333,6.5,165.66,127.15999999999998,0.30040574282147336,150.4825,0.26020241196610255,23.665714285714284,4.0,0,0.505,0.35833333333333334,4.0,-0.33333333333333304,0.5,-1.5,0.5,0.4166666666666667,0.0,1.0,-1.0,0.0,0,23.0,Unknown,Raleigh,Silver,1,Snacks,Mainstream,2023-02-28,0,2023,13,1,0,0,2024-03
502362,0.0,15,1.0,2,10.0,6.666666666666667,4.5,2.166666666666667,6.615384615384615,215.76333333333332,172.89,0.24655433511606958,231.34999999999997,0.3400370782840612,32.3645,4.0,0,0.18333333333333335,0.24615384615384614,2.0,-1.5,1.3333333333333333,-0.16666666666666674,1.3333333333333333,1.0,0.0,1.0,-1.0,0.0,0,32.0,M,Nashville,Silver,1,Dairy,Mainstream,2022-01-02,0,2022,26,1,0,0,2024-03
502363,0.0,15,1.0,2,8.0,6.0,4.0,2.0,6.153846153846154,148.81,92.11500000000001,0.6088707512216076,150.69384615384618,0.46947173785338164,24.801666666666666,3.0,0,0.5,0.2630769230769231,1.5,0.0,4.0,1.5,0.0,0.46153846153846156,0.0,0.0,0.0,0.0,0,59.0,M,Nashville,Silver,1,Bakery,Unknown,2022-05-09,0,2022,22,1,0,0,2024-03
502364,1.0,4,0.75,0,0.0,1.6666666666666667,4.0,-2.333333333333333,2.25,34.28,95.83,-0.6356501084374677,49.667500000000004,0.7957914351065072,20.568,1.3333333333333333,1,0.245,0.26,1.0,1.0,1.6666666666666667,0.6666666666666667,0.6666666666666666,0.5,3.0,3.0,3.0,0.0,0,58.0,F,Columbus,Silver,1,Dairy,Value,2023-11-24,0,2023,4,1,1,0,2024-03
502365,11.0,15,0.14285714285714285,1,0.0,0.0,0.0,0.0,0.14285714285714285,0.0,0.0,0.0,5.245,2.1356082549948314,,0.0,3,,0.28,0.0,0.0,0.0,0.0,0.0,0.07142857142857142,0.0,0.0,0.0,0.0,1,29.0,M,Austin,Gold,0,Snacks,Value,2022-02-26,0,2022,25,0,1,0,2024-03
502366,0.0,13,1.0,1,11.0,7.0,7.0,0.0,6.166666666666667,282.74,271.32,0.04193595769682732,238.8766666666667,0.44713129293467196,40.39142857142857,3.6666666666666665,0,0.2933333333333334,0.2183333333333333,4.666666666666667,1.666666666666667,0.0,-0.6666666666666666,0.3333333333333333,0.5833333333333334,0.0,0.0,0.0,0.0,0,63.0,F,Portland,Gold,0,Produce,Value,2023-02-08,0,2023,13,1,0,0,2024-03
502367,0.0,15,1.0,0,5.0,5.666666666666667,5.333333333333333,0.3333333333333339,5.066666666666666,174.83666666666667,176.11,-0.007189505580336178,157.61666666666667,0.48171985169949294,30.853529411764704,2.0,0,0.24333333333333332,0.30533333333333335,2.6666666666666665,0.0,1.3333333333333333,0.6666666666666666,0.3333333333333333,0.4,0.0,0.0,0.0,0.0,0,67.0,M,Columbus,Silver,1,Dairy,Upscale,2021-10-15,0,2021,29,1,0,0,2024-03
502368,11.0,15,0.26666666666666666,0,0.0,0.0,0.0,0.0,0.4666666666666667,0.0,0.0,0.0,14.421999999999999,1.6835089082621688,,0.0,3,,0.18,0.0,0.0,0.0,0.0,0.0,0.06666666666666667,0.0,0.0,0.0,0.0,1,42.0,F,Boise,Gold,0,Beverages,Value,2021-02-22,0,2021,37,0,1,0,2024-03
502369,0.0,6,1.0,0,5.0,6.333333333333333,4.0,2.333333333333333,5.166666666666667,185.17,117.25,0.5743763213530655,151.21,0.5231718665205543,29.237368421052633,3.3333333333333335,0,0.21666666666666667,0.2316666666666667,2.0,-1.6666666666666665,2.0,0.6666666666666667,0.0,0.3333333333333333,0.0,1.0,-1.0,1.0,1,36.0,M,Madison,Silver,1,Dairy,Unknown,2023-09-09,0,2023,6,1,0,0,2024-03
502370,0.0,15,0.9333333333333333,0,1.0,1.6666666666666667,3.6666666666666665,-1.9999999999999998,2.4,54.64000000000001,121.33,-0.5451647183846972,80.38266666666667,0.670422772528693,32.784000000000006,0.6666666666666666,0,0.3333333333333333,0.2864285714285714,1.3333333333333333,-1.6666666666666667,0.0,0.0,0.6666666666666666,0.6666666666666666,0.0,0.0,0.0,0.0,0,74.0,F,Boise,Gold,0,Frozen Foods,Upscale,2022-07-18,0,2022,20,1,0,0,2024-03
502372,0.0,15,1.0,0,6.0,3.6666666666666665,7.333333333333333,-3.6666666666666665,5.866666666666666,140.23666666666665,304.33,-0.5374294479197371,237.75466666666662,0.4016976344318328,38.24636363636363,1.6666666666666667,0,0.29333333333333333,0.24933333333333335,3.0,-1.666666666666667,2.0,0.6666666666666667,2.3333333333333335,1.1333333333333333,1.0,2.0,0.0,0.0,0,53.0,M,Columbus,Silver,1,Beverages,Value,2022-08-31,0,2022,19,1,0,0,2024-03
502373,2.0,15,0.8666666666666667,0,0.0,1.0,7.333333333333333,-6.333333333333333,4.666666666666667,29.936666666666667,185.43000000000004,-0.8340574657154607,124.25199999999998,0.763587193121919,29.936666666666667,0.6666666666666666,2,0.44,0.3038461538461539,1.0,-2.0,0.0,-1.0,0.0,0.4666666666666667,4.0,4.0,4.0,0.0,0,38.0,M,Spokane,Silver,0,Frozen Foods,Mainstream,2021-08-21,0,2021,31,1,1,0,2024-03
502374,0.0,15,0.9333333333333333,0,4.0,4.666666666666667,2.3333333333333335,2.3333333333333335,3.4,158.66666666666666,79.62,0.9804845778549571,117.27199999999999,0.5196383680150465,34.0,3.6666666666666665,0,0.21,0.27285714285714285,1.0,-0.6666666666666667,0.3333333333333333,-0.6666666666666667,1.0,0.7333333333333333,0.0,0.0,0.0,0.0,0,61.0,M,Spokane,Silver,0,Bakery,Mainstream,2021-04-19,0,2021,35,1,0,0,2024-03
502375,10.0,15,0.3333333333333333,0,0.0,0.0,0.0,0.0,0.6666666666666666,0.0,0.0,0.0,18.625333333333334,1.5385116017909757,,0.0,3,,0.296,0.0,0.0,0.0,-0.3333333333333333,0.0,0.3333333333333333,0.0,1.0,-1.0,0.0,1,53.0,F,Madison,Silver,1,Frozen Foods,Value,2021-10-19,0,2021,29,0,1,0,2024-03
502376,6.0,9,0.3333333333333333,0,0.0,0.0,0.0,0.0,0.6666666666666666,0.0,0.0,0.0,26.53333333333333,1.7141109653361464,,0.0,3,,0.22333333333333336,0.0,-0.3333333333333333,0.0,0.0,0.0,0.2222222222222222,0.0,2.0,-2.0,0.0,1,19.0,M,Denver,Platinum,1,Frozen Foods,Value,2023-06-05,0,2023,9,0,1,0,2024-03
502377,0.0,13,1.0,0,8.0,6.333333333333333,6.333333333333333,0.0,5.923076923076923,196.66333333333333,208.02333333333334,-0.054347999425901475,205.71615384615382,0.3655854124743586,31.052105263157895,3.6666666666666665,0,0.48666666666666664,0.3107692307692308,2.3333333333333335,-1.6666666666666665,1.3333333333333333,0.0,1.0,0.8461538461538461,0.0,0.0,0.0,0.0,0,21.0,M,Raleigh,Silver,1,Produce,Mainstream,2023-02-18,0,2023,13,1,0,0,2024-03
502378,1.0,15,0.8571428571428571,1,0.0,0.6666666666666666,3.0,-2.3333333333333335,2.2142857142857144,27.496666666666666,137.61333333333334,-0.7944161215852251,100.14857142857143,0.7731633938954297,41.245,0.3333333333333333,2,0.11,0.2575,1.0,-0.33333333333333326,1.0,-1.3333333333333335,0.3333333333333333,0.6428571428571429,0.0,1.0,-1.0,1.0,1,24.0,Unknown,Columbus,Platinum,1,Frozen Foods,Value,2021-02-18,0,2021,37,1,0,0,2024-03
502379,0.0,15,1.0,0,4.0,5.0,4.666666666666667,0.33333333333333304,4.866666666666666,118.14333333333332,100.54333333333334,0.1733250172340214,110.39466666666665,0.22531164992063726,23.628666666666664,1.3333333333333333,0,0.42333333333333334,0.23200000000000004,1.6666666666666667,-2.333333333333333,0.6666666666666666,-1.0,0.6666666666666666,0.4,0.0,1.0,-1.0,0.0,0,74.0,F,Austin,Silver,1,Household,Value,2021-10-20,0,2021,29,1,0,0,2024-03
502381,0.0,8,1.0,0,11.0,7.666666666666667,4.0,3.666666666666667,6.375,191.57333333333335,101.21333333333332,0.8840333942081924,160.8025,0.47678089138019264,24.987826086956524,3.0,0,0.3333333333333333,0.36375,1.6666666666666667,-0.33333333333333326,0.0,0.0,0.6666666666666666,0.75,1.0,2.0,0.0,2.0,1,36.0,M,Spokane,Silver,0,Frozen Foods,Upscale,2023-07-19,0,2023,8,1,0,0,2024-03
502382,0.0,12,0.7,2,2.0,2.0,0.5,1.5,1.1,85.16333333333333,22.07,2.7348649039156188,47.149,0.8707552096090939,42.58166666666666,0.3333333333333333,0,0.3466666666666667,0.37714285714285717,0.3333333333333333,-0.16666666666666669,1.3333333333333333,-0.16666666666666674,1.0,0.6,0.0,0.0,0.0,0.0,1,71.0,M,Madison,Platinum,1,Produce,Value,2023-03-04,0,2023,12,1,0,0,2024-03
502384,4.0,11,0.6,1,0.0,0.0,2.5,-2.5,3.6,0.0,68.065,-0.9855208861217694,89.929,0.9340564506403257,,0.0,3,,0.40166666666666667,0.3333333333333333,-2.1666666666666665,0.0,-0.5,0.0,0.0,0.0,0.0,0.0,0.0,0,53.0,F,Raleigh,Silver,0,Household,Mainstream,2023-04-16,0,2023,11,0,1,0,2024-03
502385,0.0,15,1.0,0,3.0,5.666666666666667,3.0,2.666666666666667,4.333333333333333,199.77666666666667,102.21,0.9453218357394311,146.17999999999998,0.5361357907828561,35.254705882352944,1.6666666666666667,0,0.23333333333333336,0.2806666666666667,2.3333333333333335,0.0,2.0,0.33333333333333326,1.6666666666666667,0.9333333333333333,1.0,2.0,0.0,0.0,0,45.0,M,Spokane,Silver,1,Snacks,Value,2021-12-02,0,2021,27,1,0,0,2024-03
502386,2.0,3,0.3333333333333333,0,0.0,0.3333333333333333,,,0.3333333333333333,10.103333333333333,,,10.103333333333333,1.576057039249855,30.31,0.3333333333333333,2,0.22,0.22,0.0,,0.0,,0.0,0.0,1.0,1.0,,1.0,1,70.0,M,Tulsa,Silver,0,Dairy,Mainstream,2023-12-06,0,2023,3,1,1,0,2024-03
502387,0.0,1,1.0,0,8.0,8.0,,,8.0,238.8,,,238.8,,29.85,2.0,0,0.42,0.42,0.0,,1.0,,0.0,0.0,0.0,0.0,,0.0,0,45.0,M,Portland,Silver,1,Beverages,Upscale,2024-02-19,0,2024,1,1,0,0,2024-03
502388,12.0,15,0.2,0,0.0,0.0,0.0,0.0,0.2,0.0,0.0,0.0,7.3580000000000005,1.8236212019732685,,0.0,3,,0.31666666666666665,0.0,0.0,0.0,0.0,0.0,0.13333333333333333,0.0,0.0,0.0,0.0,0,21.0,M,Spokane,Gold,1,Personal Care,Upscale,2021-05-27,0,2021,34,0,1,0,2024-03
502389,0.0,10,1.0,0,9.0,10.0,6.666666666666667,3.333333333333333,7.6,253.5566666666667,158.57333333333335,0.595233121657754,189.026,0.31168808503663037,25.355666666666668,7.0,0,0.4000000000000001,0.24000000000000005,2.6666666666666665,-0.666666666666667,0.3333333333333333,-1.0,0.6666666666666666,0.9,0.0,0.0,0.0,0.0,0,40.0,M,Nashville,Silver,1,Personal Care,Value,2023-05-14,0,2023,10,1,0,0,2024-03
502390,0.0,5,1.0,0,3.0,3.3333333333333335,3.5,-0.16666666666666652,3.4,153.45333333333335,150.08499999999998,0.022294293499244586,152.106,0.31296158950800546,46.036,1.3333333333333333,0,0.4566666666666667,0.32599999999999996,1.3333333333333333,-1.6666666666666667,2.3333333333333335,1.3333333333333335,0.6666666666666666,0.4,0.0,0.0,0.0,0.0,0,68.0,F,Portland,Gold,1,Dairy,Value,2023-09-28,0,2023,6,1,0,0,2024-03
502391,5.0,8,0.375,0,0.0,0.0,0.3333333333333333,-0.3333333333333333,1.0,0.0,8.66,-0.8964803312629399,22.775,1.5132802968662746,,0.0,3,,0.4333333333333333,0.0,-0.3333333333333333,0.0,0.0,0.0,0.25,0.0,1.0,-1.0,0.0,1,40.0,F,Tulsa,Silver,0,Household,Value,2023-07-09,0,2023,8,0,1,0,2024-03
502393,0.0,15,1.0,1,3.0,2.5,7.0,-4.5,5.571428571428571,62.485,177.42666666666665,-0.644195561201614,137.21714285714285,0.36196333369706335,24.994,0.5,0,0.23500000000000001,0.33142857142857135,5.5,2.8333333333333335,2.0,0.6666666666666667,0.0,0.35714285714285715,1.0,1.0,1.0,1.0,1,,M,Denver,Silver,1,Snacks,Unknown,2021-11-25,1,2021,28,1,0,0,2024-03
502394,5.0,15,0.6666666666666666,0,0.0,0.0,0.6666666666666666,-0.6666666666666666,1.9333333333333333,0.0,17.893333333333334,-0.9470712773465068,43.34066666666667,0.9580871263315016,,0.0,3,,0.32299999999999995,0.0,0.0,0.0,-0.3333333333333333,0.0,0.3333333333333333,0.0,4.0,-4.0,0.0,0,53.0,M,Nashville,Silver,1,Frozen Foods,Mainstream,2021-06-26,0,2021,33,0,1,0,2024-03
502396,10.0,15,0.3333333333333333,0,0.0,0.0,0.0,0.0,1.4,0.0,0.0,0.0,50.29533333333334,1.7008688088647819,,0.0,3,,0.316,0.0,0.0,0.0,0.0,0.0,0.26666666666666666,0.0,0.0,0.0,0.0,0,42.0,M,Raleigh,Silver,1,Personal Care,Upscale,2022-06-03,0,2022,21,0,1,0,2024-03
502397,0.0,12,0.9166666666666666,0,8.0,6.0,3.6666666666666665,2.3333333333333335,4.583333333333333,214.94000000000003,126.19,0.6977749823099303,155.74250000000004,0.5837164496856702,35.82333333333334,2.3333333333333335,0,0.3433333333333333,0.35999999999999993,3.3333333333333335,0.666666666666667,2.6666666666666665,0.33333333333333304,0.6666666666666666,0.75,0.0,1.0,-1.0,0.0,0,48.0,M,Boise,Silver,1,Dairy,Value,2023-03-03,0,2023,12,1,0,0,2024-03
502398,0.0,15,1.0,0,1.0,3.3333333333333335,4.333333333333333,-0.9999999999999996,3.3333333333333335,111.63666666666666,126.31333333333335,-0.11527988689322947,100.55533333333332,0.7079195219421058,33.491,2.0,0,0.29,0.23866666666666667,0.3333333333333333,0.0,0.3333333333333333,0.0,0.0,0.4,0.0,2.0,-2.0,0.0,0,58.0,F,Austin,Gold,0,Household,Upscale,2022-03-08,0,2022,24,1,0,0,2024-03
502399,1.0,15,0.8571428571428571,1,0.0,3.5,6.333333333333333,-2.833333333333333,4.5,107.54,216.91,-0.5019044559680602,151.50428571428571,0.7015087403489856,30.725714285714286,1.0,1,0.16,0.31666666666666665,3.0,0.0,0.5,-1.1666666666666667,1.0,0.9285714285714286,1.0,1.0,1.0,0.0,0,59.0,F,Austin,Silver,1,Bakery,Unknown,2022-02-03,0,2022,25,1,0,0,2024-03
502400,0.0,15,0.8666666666666667,0,2.0,2.3333333333333335,2.0,0.3333333333333335,1.7333333333333334,56.70666666666667,45.330000000000005,0.24555723433340523,40.724666666666664,0.6397199336024164,24.302857142857142,2.0,0,0.2933333333333333,0.25923076923076926,0.6666666666666666,-0.33333333333333337,2.3333333333333335,1.666666666666667,0.3333333333333333,0.4666666666666667,1.0,2.0,0.0,0.0,0,31.0,M,Denver,Silver,1,Snacks,Mainstream,2021-12-27,0,2021,27,1,0,0,2024-03
502403,2.0,15,0.8,0,0.0,0.3333333333333333,2.3333333333333335,-2.0,1.7333333333333334,7.48,65.10000000000001,-0.8717095310136157,45.76266666666667,0.7965742645934576,22.44,0.3333333333333333,2,0.14,0.2975,0.0,-1.3333333333333333,0.6666666666666666,0.3333333333333333,0.3333333333333333,0.8,2.0,2.0,2.0,0.0,0,18.0,M,Raleigh,Silver,1,Personal Care,Unknown,2021-04-23,0,2021,35,1,1,0,2024-03
502404,0.0,2,0.5,0,1.0,0.5,,,0.5,17.12,,,17.12,1.3361664562818647,34.24,0.5,1,0.3,0.3,2.0,,0.5,,1.5,1.5,0.0,0.0,,0.0,0,57.0,F,Spokane,Silver,1,Household,Value,2024-01-16,0,2024,2,1,0,0,2024-03
502405,0.0,15,1.0,0,5.0,3.6666666666666665,1.3333333333333333,2.333333333333333,3.2,95.27666666666669,32.96,1.8350019630938363,83.074,0.6182578235608038,25.984545454545458,2.6666666666666665,0,0.2966666666666667,0.29133333333333333,1.0,-1.0,0.3333333333333333,0.3333333333333333,0.0,0.4666666666666667,0.0,1.0,-1.0,0.0,0,71.0,F,Austin,Gold,0,Beverages,Value,2022-09-17,0,2022,18,1,0,0,2024-03
502406,0.0,15,1.0,0,3.0,3.0,5.333333333333333,-2.333333333333333,3.933333333333333,102.82,151.21333333333334,-0.3179309740714787,120.66466666666669,0.5266255121321045,34.27333333333333,2.0,0,0.21666666666666667,0.2773333333333333,2.3333333333333335,-0.33333333333333304,1.3333333333333333,1.0,1.3333333333333333,0.6666666666666666,0.0,0.0,0.0,0.0,1,48.0,Other,Spokane,Silver,1,Snacks,Value,2022-09-26,0,2022,18,1,0,0,2024-03
502407,9.0,13,0.3076923076923077,0,0.0,0.0,0.0,0.0,1.0769230769230769,0.0,0.0,0.0,25.00153846153846,2.343778674950688,,0.0,3,,0.4075,0.0,0.0,0.0,0.0,0.0,0.07692307692307693,0.0,0.0,0.0,0.0,0,,F,Boise,Silver,1,Household,Mainstream,2023-02-14,1,2023,13,0,1,0,2024-03
502409,0.0,5,1.0,0,6.0,7.333333333333333,5.0,2.333333333333333,6.4,411.45666666666665,246.27,0.668041681832275,345.38199999999995,0.4197214585695885,56.10772727272727,3.0,0,0.09000000000000001,0.21200000000000002,2.6666666666666665,-0.8333333333333335,1.6666666666666667,-0.33333333333333326,1.0,0.6,1.0,1.0,1.0,1.0,1,61.0,F,Tulsa,Platinum,1,Personal Care,Upscale,2023-10-20,0,2023,5,1,0,0,2024-03
502410,4.0,15,0.7333333333333333,0,0.0,0.0,1.0,-1.0,2.533333333333333,0.0,31.353333333333335,-0.9690912837420151,85.88333333333334,0.9664132877499623,,0.0,3,,0.27999999999999997,0.0,-0.3333333333333333,0.0,0.0,0.0,0.2,0.0,1.0,-1.0,0.0,0,,Other,Nashville,Silver,1,Dairy,Mainstream,2022-09-20,1,2022,18,0,1,0,2024-03
502411,0.0,3,1.0,0,5.0,3.6666666666666665,,,3.6666666666666665,141.9766666666667,,,141.9766666666667,0.6397450708831239,38.720909090909096,1.3333333333333333,0,0.33666666666666667,0.33666666666666667,5.0,,1.3333333333333333,,0.3333333333333333,0.3333333333333333,0.0,0.0,,0.0,0,27.0,M,Denver,Gold,1,Snacks,Mainstream,2023-12-26,0,2023,3,1,0,0,2024-03
502412,10.0,15,0.26666666666666666,0,0.0,0.0,0.0,0.0,1.0,0.0,0.0,0.0,21.247333333333334,1.8522224023892362,,0.0,3,,0.3125,0.0,0.0,0.0,0.0,0.0,0.4,0.0,0.0,0.0,0.0,0,29.0,F,Madison,Silver,1,Household,Value,2021-12-23,0,2021,27,0,1,0,2024-03
502413,0.0,15,1.0,0,5.0,5.333333333333333,4.333333333333333,1.0,5.466666666666667,203.60000000000002,137.01666666666665,0.4824296582538344,190.92066666666668,0.4296703492959101,38.175000000000004,3.6666666666666665,0,0.3733333333333333,0.23399999999999999,3.0,-0.6666666666666665,0.0,-1.3333333333333333,0.6666666666666666,0.5333333333333333,1.0,1.0,1.0,1.0,1,31.0,M,Denver,Silver,1,Personal Care,Mainstream,2021-07-31,0,2021,32,1,0,0,2024-03
502414,0.0,15,1.0,0,4.0,4.0,5.0,-1.0,4.133333333333334,179.69000000000003,220.58,-0.18453831573246676,181.22666666666666,0.4610996304117706,44.92250000000001,1.6666666666666667,0,0.26333333333333336,0.26799999999999996,4.0,1.3333333333333335,0.0,-0.6666666666666666,0.0,0.4,2.0,2.0,2.0,0.0,0,65.0,M,Spokane,Gold,0,Dairy,Value,2022-03-25,0,2022,24,1,0,0,2024-03
502415,2.0,15,0.8666666666666667,0,0.0,1.0,2.3333333333333335,-1.3333333333333335,2.6666666666666665,33.43666666666667,71.98333333333333,-0.5281571134962321,78.51466666666667,0.7690394986205235,33.43666666666667,0.3333333333333333,2,0.54,0.346923076923077,0.0,-1.6666666666666667,0.3333333333333333,0.0,0.3333333333333333,0.5333333333333333,1.0,3.0,-1.0,1.0,1,24.0,Unknown,Madison,Gold,0,Frozen Foods,Value,2021-09-05,0,2021,30,1,1,0,2024-03
502416,0.0,15,0.9333333333333333,0,1.0,3.0,3.3333333333333335,-0.3333333333333335,3.533333333333333,88.94,111.60666666666667,-0.2012906281451661,119.65599999999998,0.5785501384281063,29.646666666666665,2.3333333333333335,0,0.25666666666666665,0.1942857142857143,1.0,-1.3333333333333335,0.0,0.0,1.3333333333333333,0.6,0.0,0.0,0.0,0.0,0,30.0,M,Portland,Silver,0,Snacks,Value,2022-05-12,0,2022,22,1,0,0,2024-03
502417,0.0,15,1.0,0,5.0,3.6666666666666665,5.0,-1.3333333333333335,4.533333333333333,62.74333333333333,88.92333333333333,-0.2911368943915187,78.86666666666666,0.41929813324119125,17.11181818181818,2.0,0,0.23,0.3346666666666666,4.0,2.333333333333333,3.0,0.6666666666666665,1.0,0.8666666666666667,0.0,1.0,-1.0,0.0,1,68.0,F,Spokane,Gold,1,Snacks,Value,2022-02-12,0,2022,25,1,0,0,2024-03
502419,0.0,15,1.0,0,5.0,5.333333333333333,8.333333333333334,-3.000000000000001,7.0,170.84666666666666,233.76666666666668,-0.2680107908561693,202.86599999999999,0.41773098940350495,32.03375,4.0,0,0.26666666666666666,0.34266666666666656,3.0,0.0,0.0,0.0,0.0,0.3333333333333333,0.0,0.0,0.0,0.0,0,34.0,F,Austin,Gold,0,Snacks,Value,2022-08-03,0,2022,19,1,0,0,2024-03
502420,1.0,8,0.875,0,0.0,1.3333333333333333,3.0,-1.6666666666666667,2.5,54.550000000000004,136.57333333333335,-0.5962153518123667,111.0925,0.7985308874082845,40.9125,0.6666666666666666,1,0.29500000000000004,0.24571428571428575,0.0,-3.3333333333333335,0.0,-2.0,0.0,0.75,0.0,1.0,-1.0,1.0,1,32.0,F,Tulsa,Silver,1,Frozen Foods,Upscale,2023-07-31,0,2023,8,1,1,0,2024-03
502421,0.0,6,0.8333333333333334,0,1.0,1.0,1.3333333333333333,-0.33333333333333326,1.1666666666666667,40.193333333333335,57.69,-0.2981200658828874,48.94166666666666,0.5862255993196076,40.193333333333335,1.0,1,0.22499999999999998,0.256,0.6666666666666666,0.6666666666666666,2.3333333333333335,1.3333333333333335,0.0,0.3333333333333333,0.0,0.0,0.0,0.0,0,63.0,Other,Columbus,Platinum,1,Dairy,Mainstream,2023-09-29,0,2023,6,1,0,0,2024-03
502422,0.0,15,0.7333333333333333,0,2.0,1.3333333333333333,1.3333333333333333,0.0,1.3333333333333333,45.14333333333334,43.55666666666667,0.035610084536545204,45.75666666666667,0.9771083365153992,33.8575,1.6666666666666667,1,0.51,0.32272727272727275,1.0,-2.0,1.0,-0.33333333333333326,0.3333333333333333,0.6,0.0,0.0,0.0,0.0,1,47.0,F,Austin,Gold,1,Beverages,Mainstream,2021-06-17,0,2021,33,1,0,0,2024-03
502423,14.0,15,0.06666666666666667,0,0.0,0.0,0.0,0.0,0.06666666666666667,0.0,0.0,0.0,1.7913333333333334,2.485480356164158,,0.0,3,,0.38,0.0,0.0,0.0,0.0,0.0,0.13333333333333333,0.0,0.0,0.0,0.0,0,26.0,F,Columbus,Silver,0,Frozen Foods,Mainstream,2021-09-08,0,2021,30,0,1,0,2024-03
502424,1.0,3,0.6666666666666666,0,0.0,3.0,,,3.0,94.52,,,94.52,0.9810590821049051,31.506666666666668,1.0,1,0.125,0.125,2.3333333333333335,,0.3333333333333333,,0.6666666666666666,0.6666666666666666,0.0,0.0,,0.0,0,51.0,F,Nashville,Gold,0,Bakery,Value,2023-12-10,0,2023,3,1,0,0,2024-03
502425,6.0,15,0.4666666666666667,0,0.0,0.0,0.0,0.0,1.3333333333333333,0.0,0.0,0.0,47.983333333333334,1.3422946292145288,,0.0,3,,0.22714285714285712,0.0,0.0,0.0,0.0,0.0,0.3333333333333333,0.0,0.0,0.0,0.0,0,69.0,M,Raleigh,Gold,0,Bakery,Mainstream,2021-03-05,0,2021,36,0,1,0,2024-03
502426,6.0,15,0.6,0,0.0,0.0,0.0,0.0,2.2,0.0,0.0,0.0,73.182,1.008164780839482,,0.0,3,,0.36333333333333334,0.0,-0.3333333333333333,0.0,0.0,0.0,0.13333333333333333,0.0,0.0,0.0,0.0,1,67.0,Other,Denver,Silver,0,Produce,Value,2022-08-18,0,2022,19,0,1,0,2024-03
502427,0.0,15,1.0,0,5.0,6.666666666666667,7.666666666666667,-1.0,7.133333333333334,201.73,251.0566666666667,-0.19569673486120862,230.73533333333333,0.2839061646441927,30.259499999999996,2.6666666666666665,0,0.17333333333333334,0.23866666666666667,3.6666666666666665,-1.0000000000000004,0.3333333333333333,-0.3333333333333333,0.3333333333333333,0.3333333333333333,2.0,3.0,1.0,1.0,1,70.0,M,Tulsa,Gold,0,Bakery,Unknown,2022-05-07,0,2022,22,1,0,0,2024-03
502429,14.0,15,0.06666666666666667,0,0.0,0.0,0.0,0.0,0.06666666666666667,0.0,0.0,0.0,2.3153333333333332,2.7047800445160584,,0.0,3,,0.4,0.0,0.0,0.0,0.0,0.0,0.0,0.0,0.0,0.0,0.0,0,67.0,F,Boise,Gold,1,Snacks,Mainstream,2021-07-04,0,2021,32,0,1,0,2024-03
502430,14.0,15,0.06666666666666667,0,0.0,0.0,0.0,0.0,0.06666666666666667,0.0,0.0,0.0,2.7826666666666666,2.8491068888032713,,0.0,3,,0.35,0.0,0.0,0.0,0.0,0.0,0.06666666666666667,0.0,0.0,0.0,0.0,0,73.0,M,Raleigh,Platinum,1,Frozen Foods,Value,2021-04-30,0,2021,35,0,1,0,2024-03
502431,0.0,15,1.0,0,7.0,8.0,5.0,3.0,6.4,259.84666666666664,170.97666666666666,0.5167561490899927,210.07666666666665,0.31820977432969577,32.48083333333333,4.333333333333333,0,0.19666666666666668,0.2386666666666667,2.3333333333333335,0.3333333333333335,0.3333333333333333,0.0,0.6666666666666666,0.26666666666666666,2.0,2.0,2.0,0.0,0,52.0,F,Raleigh,Gold,0,Snacks,Mainstream,2021-11-17,0,2021,28,1,0,0,2024-03
502432,0.0,5,1.0,0,4.0,4.666666666666667,5.0,-0.33333333333333304,4.8,144.4,168.685,-0.1431181306538586,154.11399999999998,0.11934636023991371,30.942857142857143,3.0,0,0.2233333333333333,0.26799999999999996,5.666666666666667,3.166666666666667,1.0,0.0,0.6666666666666666,0.4,0.0,1.0,-1.0,0.0,0,68.0,M,Boise,Gold,0,Bakery,Mainstream,2023-10-15,0,2023,5,1,0,0,2024-03
502433,10.0,15,0.3333333333333333,0,0.0,0.0,0.0,0.0,0.8666666666666667,0.0,0.0,0.0,33.68933333333333,1.7095414381215108,,0.0,3,,0.33599999999999997,0.0,0.0,0.0,0.0,0.0,0.26666666666666666,0.0,0.0,0.0,0.0,0,36.0,M,Denver,Silver,1,Snacks,Value,2022-08-26,0,2022,19,0,1,0,2024-03
502434,8.0,14,0.42857142857142855,0,0.0,0.0,0.0,0.0,2.5714285714285716,0.0,0.0,0.0,58.52857142857143,1.3219499699658037,,0.0,3,,0.24499999999999997,0.0,0.0,0.0,0.0,0.0,0.42857142857142855,0.0,0.0,0.0,0.0,1,43.0,F,Portland,Silver,0,Beverages,Mainstream,2023-01-09,0,2023,14,0,1,0,2024-03
502435,0.0,14,1.0,0,3.0,3.0,5.0,-2.0,5.214285714285714,83.22,142.40666666666667,-0.4127190739621589,141.42000000000002,0.6177335880362075,27.74,1.6666666666666667,0,0.24666666666666667,0.3307142857142858,2.3333333333333335,-0.33333333333333304,0.6666666666666666,-0.6666666666666666,0.3333333333333333,0.2857142857142857,0.0,1.0,-1.0,0.0,0,36.0,M,Tulsa,Silver,1,Frozen Foods,Mainstream,2023-01-30,0,2023,14,1,0,0,2024-03
502436,0.0,15,1.0,1,10.0,5.666666666666667,5.0,0.666666666666667,6.0,97.43,80.89666666666666,0.201880418413448,102.13499999999999,0.4496588691027178,17.193529411764708,4.666666666666667,0,0.2233333333333333,0.255,2.6666666666666665,0.33333333333333304,1.6666666666666667,1.0,0.0,0.6428571428571429,1.0,1.0,1.0,1.0,1,26.0,M,Tulsa,Silver,1,Snacks,Mainstream,2022-08-02,0,2022,19,1,0,0,2024-03
502437,0.0,15,1.0,2,7.0,5.0,4.333333333333333,0.666666666666667,5.153846153846154,134.555,106.91333333333334,0.2561469080126027,127.19846153846154,0.43674908278253893,26.911,1.5,0,0.21000000000000002,0.3284615384615384,2.0,1.0,1.5,-0.16666666666666674,0.0,0.38461538461538464,0.0,1.0,-1.0,0.0,0,21.0,F,Columbus,Silver,1,Beverages,Unknown,2022-01-17,0,2022,26,1,0,0,2024-03
502438,13.0,15,0.13333333333333333,0,0.0,0.0,0.0,0.0,0.3333333333333333,0.0,0.0,0.0,5.898666666666666,2.303790784158746,,0.0,3,,0.39,0.0,0.0,0.0,0.0,0.0,0.0,0.0,0.0,0.0,0.0,0,72.0,F,Tulsa,Silver,1,Snacks,Mainstream,2022-01-13,0,2022,26,0,1,0,2024-03
502439,0.0,8,1.0,0,3.0,3.3333333333333335,6.0,-2.6666666666666665,3.875,70.08333333333333,124.83333333333333,-0.43509933774834436,81.27000000000001,0.5401815815071005,21.025,1.6666666666666667,0,0.17666666666666667,0.2525,1.3333333333333333,0.0,0.3333333333333333,-0.6666666666666667,0.0,1.0,0.0,0.0,0.0,0.0,0,56.0,M,Portland,Silver,0,Beverages,Unknown,2023-07-25,0,2023,8,1,0,0,2024-03
502440,0.0,15,0.8571428571428571,1,2.0,2.3333333333333335,3.6666666666666665,-1.333333333333333,2.2857142857142856,108.01666666666665,153.02333333333334,-0.2922068084922199,94.60285714285715,0.6424401233605443,46.29285714285714,2.0,0,0.31,0.2775,2.3333333333333335,-0.33333333333333304,1.6666666666666667,0.0,1.3333333333333333,0.7857142857142857,0.0,1.0,-1.0,1.0,1,31.0,F,Raleigh,Gold,1,Household,Unknown,2021-05-02,0,2021,34,1,0,0,2024-03
502441,0.0,15,1.0,0,1.0,2.3333333333333335,2.3333333333333335,0.0,3.3333333333333335,57.906666666666666,59.43333333333333,-0.025261996690568073,87.66333333333333,0.49212893231438487,24.81714285714286,2.0,0,0.19333333333333336,0.302,1.0,-0.6666666666666667,0.6666666666666666,-1.0,1.6666666666666667,1.1333333333333333,0.0,0.0,0.0,0.0,0,37.0,M,Madison,Gold,1,Personal Care,Value,2022-12-08,0,2022,15,1,0,0,2024-03
502442,0.0,15,1.0,1,6.0,7.0,8.333333333333334,-1.333333333333334,7.0,188.96,207.75333333333333,-0.0900265065627694,174.85357142857146,0.28872549292051264,26.994285714285713,4.0,0,0.16,0.24142857142857146,2.3333333333333335,-0.33333333333333304,0.0,-0.3333333333333333,0.6666666666666666,0.5,0.0,0.0,0.0,0.0,0,,F,Tulsa,Gold,0,Personal Care,Upscale,2021-12-23,1,2021,27,1,0,0,2024-03
502443,11.0,15,0.26666666666666666,0,0.0,0.0,0.0,0.0,0.6666666666666666,0.0,0.0,0.0,23.745333333333335,1.7662666393631208,,0.0,3,,0.3925,0.0,0.0,0.0,0.0,0.0,0.13333333333333333,0.0,0.0,0.0,0.0,0,25.0,M,Tulsa,Gold,1,Produce,Mainstream,2021-07-23,0,2021,32,0,1,0,2024-03
502444,0.0,12,1.0,0,3.0,4.666666666666667,6.666666666666667,-2.0,5.75,172.09333333333333,257.51666666666665,-0.3304364644445877,230.85416666666666,0.45386461300038394,36.87714285714286,2.3333333333333335,0,0.21666666666666667,0.28416666666666673,2.3333333333333335,0.6666666666666667,2.3333333333333335,1.3333333333333335,1.0,0.6666666666666666,2.0,3.0,1.0,2.0,1,33.0,F,Nashville,Gold,1,Personal Care,Mainstream,2023-03-23,0,2023,12,1,0,0,2024-03
502445,0.0,15,1.0,0,4.0,4.0,5.333333333333333,-1.333333333333333,6.533333333333333,130.41333333333333,180.0233333333333,-0.27405306866518125,201.718,0.4167109400727848,32.60333333333333,2.3333333333333335,0,0.37333333333333335,0.3066666666666667,3.6666666666666665,2.333333333333333,1.6666666666666667,-0.6666666666666667,0.6666666666666666,0.6,0.0,1.0,-1.0,0.0,0,23.0,M,Tulsa,Gold,1,Frozen Foods,Value,2021-08-03,0,2021,31,1,0,0,2024-03
502446,0.0,1,1.0,0,3.0,3.0,,,3.0,137.75,,,137.75,,45.916666666666664,2.0,0,0.23,0.23,2.0,,3.0,,1.0,1.0,0.0,0.0,,0.0,0,64.0,M,Tulsa,Silver,1,Bakery,Value,2024-02-04,0,2024,1,1,0,0,2024-03
502447,8.0,10,0.2,0,0.0,0.0,0.0,0.0,0.6,0.0,0.0,0.0,20.756999999999998,2.0807977769699186,,0.0,3,,0.33,0.0,0.0,0.0,0.0,0.0,0.1,0.0,0.0,0.0,0.0,0,39.0,M,Austin,Silver,0,Frozen Foods,Mainstream,2023-05-19,0,2023,10,0,1,0,2024-03
502448,3.0,15,0.7857142857142857,1,0.0,0.0,1.6666666666666667,-1.6666666666666667,2.4285714285714284,0.0,48.75333333333334,-0.979900844164545,71.03785714285715,0.8727140539629865,,0.0,3,,0.32181818181818184,0.0,-3.0,0.0,-0.3333333333333333,0.0,0.35714285714285715,0.0,1.0,-1.0,0.0,0,29.0,M,Nashville,Silver,0,Beverages,Mainstream,2022-01-26,0,2022,26,0,1,0,2024-03
502449,0.0,15,1.0,0,4.0,6.0,7.666666666666667,-1.666666666666667,6.266666666666667,185.83666666666667,248.24333333333334,-0.2503844970778222,194.14533333333335,0.4119855332590564,30.97277777777778,4.0,0,0.4033333333333333,0.322,1.6666666666666667,-2.333333333333333,1.0,-0.33333333333333326,0.3333333333333333,0.4666666666666667,0.0,0.0,0.0,0.0,0,28.0,F,Columbus,Silver,1,Snacks,Mainstream,2021-12-02,0,2021,27,1,0,0,2024-03
502450,0.0,15,0.9333333333333333,0,3.0,2.0,2.0,0.0,2.3333333333333335,86.07,70.85333333333334,0.21177398404156597,86.41333333333334,0.6551380050862663,43.035,1.3333333333333333,0,0.32666666666666666,0.31428571428571433,2.3333333333333335,0.3333333333333335,0.0,-0.6666666666666666,0.6666666666666666,0.6666666666666666,1.0,1.0,1.0,0.0,0,41.0,M,Spokane,Gold,0,Bakery,Value,2021-03-22,0,2021,36,1,0,0,2024-03
502451,13.0,15,0.13333333333333333,0,0.0,0.0,0.0,0.0,0.13333333333333333,0.0,0.0,0.0,2.0753333333333335,1.7818337137206572,,0.0,3,,0.475,0.0,0.0,0.0,0.0,0.0,0.06666666666666667,0.0,0.0,0.0,0.0,0,57.0,F,Columbus,Silver,1,Snacks,Value,2022-12-26,0,2022,15,0,1,0,2024-03
502453,12.0,15,0.2,0,0.0,0.0,0.0,0.0,0.3333333333333333,0.0,0.0,0.0,11.216666666666667,2.0081183920841017,,0.0,3,,0.37000000000000005,0.0,0.0,0.0,0.0,0.0,0.06666666666666667,0.0,0.0,0.0,0.0,0,29.0,F,Spokane,Silver,1,Produce,Upscale,2022-11-30,0,2022,16,0,1,0,2024-03
502454,0.0,15,1.0,0,2.0,5.666666666666667,5.666666666666667,0.0,5.133333333333334,101.55000000000001,105.05666666666667,-0.03306408523745162,94.21999999999998,0.5013857645517719,17.92058823529412,2.6666666666666665,0,0.2233333333333333,0.19799999999999998,2.0,1.3333333333333335,0.3333333333333333,-1.3333333333333335,0.6666666666666666,0.6,2.0,3.0,1.0,1.0,1,67.0,F,Madison,Silver,1,Dairy,Mainstream,2021-11-08,0,2021,28,1,0,0,2024-03
502455,0.0,2,1.0,0,4.0,3.5,,,3.5,110.61500000000001,,,110.61500000000001,0.12081285057767743,31.604285714285716,2.5,0,0.355,0.355,1.0,,1.0,,1.5,1.5,0.0,0.0,,0.0,0,18.0,M,Madison,Gold,1,Household,Mainstream,2023-12-19,0,2023,3,1,0,0,2024-03
502456,0.0,5,1.0,0,9.0,6.333333333333333,5.5,0.833333333333333,6.0,165.82000000000002,176.005,-0.05754074743651295,169.894,0.5360743131553524,26.182105263157897,4.0,0,0.33666666666666667,0.388,1.3333333333333333,-1.1666666666666667,2.6666666666666665,1.1666666666666665,1.0,1.0,0.0,0.0,0.0,0.0,0,53.0,M,Boise,Gold,1,Beverages,Mainstream,2023-10-09,0,2023,5,1,0,0,2024-03
502458,13.0,15,0.13333333333333333,0,0.0,0.0,0.0,0.0,0.13333333333333333,0.0,0.0,0.0,4.076,2.121340907897124,,0.0,3,,0.43000000000000005,0.0,0.0,0.0,0.0,0.0,0.0,0.0,0.0,0.0,0.0,1,53.0,M,Denver,Silver,1,Snacks,Value,2022-11-11,0,2022,16,0,1,0,2024-03
502459,0.0,15,1.0,2,8.0,7.333333333333333,6.666666666666667,0.6666666666666661,6.615384615384615,258.6066666666666,223.70666666666668,0.15531359401886882,224.40076923076919,0.31173517744843954,35.26454545454545,4.0,0,0.3566666666666667,0.34230769230769237,5.666666666666667,2.0000000000000004,1.3333333333333333,-0.3333333333333335,0.3333333333333333,0.9230769230769231,0.0,1.0,-1.0,0.0,0,33.0,M,Portland,Platinum,1,Personal Care,Upscale,2022-12-08,0,2022,15,1,0,0,2024-03
502460,1.0,15,0.7333333333333333,0,0.0,2.6666666666666665,1.0,1.6666666666666665,1.9333333333333333,91.37,32.443333333333335,1.761985448021529,67.98733333333334,0.9392383441906105,34.26375,1.6666666666666667,1,0.34500000000000003,0.25727272727272726,3.3333333333333335,-0.33333333333333304,1.0,0.33333333333333337,1.0,0.8,0.0,1.0,-1.0,0.0,0,,M,Boise,Silver,0,Produce,Mainstream,2022-08-30,1,2022,19,1,0,0,2024-03
502461,0.0,15,1.0,0,5.0,4.666666666666667,3.6666666666666665,1.0000000000000004,3.6666666666666665,142.9333333333333,111.61333333333334,0.27811982003315144,115.57866666666668,0.4747189459053678,30.628571428571426,2.0,0,0.22,0.25799999999999995,2.3333333333333335,-0.6666666666666665,0.6666666666666666,-1.3333333333333335,0.6666666666666666,0.3333333333333333,1.0,1.0,1.0,0.0,0,46.0,M,Portland,Silver,1,Dairy,Mainstream,2022-05-16,0,2022,22,1,0,0,2024-03
502462,0.0,15,1.0,0,8.0,7.0,4.0,3.0,5.133333333333334,265.9766666666667,140.94,0.8809121224930724,186.29999999999998,0.3532248280421979,37.99666666666667,1.0,0,0.29,0.27799999999999997,2.6666666666666665,0.6666666666666665,0.3333333333333333,0.3333333333333333,0.0,0.4666666666666667,0.0,0.0,0.0,0.0,0,28.0,M,Portland,Silver,0,Snacks,Mainstream,2022-05-15,0,2022,22,1,0,0,2024-03
502463,12.0,14,0.14285714285714285,0,0.0,0.0,0.0,0.0,0.21428571428571427,0.0,0.0,0.0,8.473571428571429,2.442965032981076,,0.0,3,,0.29,0.0,0.0,0.0,0.0,0.0,0.07142857142857142,0.0,0.0,0.0,0.0,0,59.0,F,Spokane,Gold,0,Household,Value,2023-01-07,0,2023,14,0,1,0,2024-03
502464,0.0,15,1.0,0,2.0,2.6666666666666665,2.0,0.6666666666666665,2.533333333333333,96.64666666666666,67.07000000000001,0.434503697174477,94.64733333333334,0.5326819417354235,36.2425,2.3333333333333335,0,0.2233333333333333,0.2853333333333333,2.3333333333333335,1.0000000000000002,0.3333333333333333,-1.6666666666666667,0.3333333333333333,0.7333333333333333,0.0,0.0,0.0,0.0,0,66.0,Other,Raleigh,Gold,1,Bakery,Mainstream,2021-03-02,0,2021,36,1,0,0,2024-03
502465,0.0,15,1.0,0,3.0,6.0,7.333333333333333,-1.333333333333333,5.733333333333333,150.72,216.26333333333332,-0.30167692048052286,158.06933333333333,0.5021555859214462,25.119999999999997,1.6666666666666667,0,0.16,0.24533333333333335,3.0,0.3333333333333335,2.6666666666666665,0.6666666666666665,0.6666666666666666,0.3333333333333333,1.0,2.0,0.0,1.0,1,42.0,F,Columbus,Gold,1,Snacks,Mainstream,2022-10-08,0,2022,17,1,0,0,2024-03
502466,0.0,15,1.0,1,3.0,5.0,4.0,1.0,4.142857142857143,254.17,182.65,0.3894364279880206,208.6728571428571,0.552859635979457,50.833999999999996,2.0,0,0.32666666666666666,0.3,2.0,0.0,0.3333333333333333,-0.6666666666666667,1.0,0.8571428571428571,0.0,3.0,-3.0,1.0,1,61.0,F,Raleigh,Platinum,0,Bakery,Mainstream,2022-02-18,0,2022,25,1,0,0,2024-03
502467,0.0,15,0.9285714285714286,1,9.0,5.0,1.6666666666666667,3.333333333333333,3.357142857142857,165.95999999999998,56.52,1.9026425591098741,107.53928571428571,0.707783748936769,33.19199999999999,2.6666666666666665,0,0.3666666666666667,0.37307692307692314,1.3333333333333333,0.0,2.0,1.6666666666666667,0.6666666666666666,0.35714285714285715,0.0,0.0,0.0,0.0,0,61.0,M,Madison,Silver,1,Snacks,Value,2022-03-15,0,2022,24,1,0,0,2024-03
502468,0.0,14,1.0,0,7.0,7.333333333333333,9.0,-1.666666666666667,7.5,194.16333333333333,243.36999999999998,-0.2013613236758467,204.5171428571429,0.5111553469243879,26.47681818181818,4.0,0,0.26333333333333336,0.2935714285714286,4.0,0.0,0.0,0.0,0.0,0.42857142857142855,0.0,0.0,0.0,0.0,1,59.0,Unknown,Boise,Silver,0,Personal Care,Mainstream,2023-01-29,0,2023,14,1,0,0,2024-03
502469,12.0,15,0.2,0,0.0,0.0,0.0,0.0,0.26666666666666666,0.0,0.0,0.0,8.479333333333333,1.9923210640320543,,0.0,3,,0.2733333333333334,0.0,0.0,0.0,0.0,0.0,0.13333333333333333,0.0,0.0,0.0,0.0,0,61.0,F,Raleigh,Silver,1,Personal Care,Upscale,2022-04-14,0,2022,23,0,1,0,2024-03
502470,0.0,15,1.0,0,2.0,4.333333333333333,3.3333333333333335,0.9999999999999996,4.6,205.7266666666667,149.38,0.37469521656248633,216.69466666666665,0.38227819405193875,47.47538461538462,2.6666666666666665,0,0.31,0.2846666666666667,2.3333333333333335,-1.0,1.6666666666666667,-0.33333333333333326,0.0,0.4666666666666667,1.0,1.0,1.0,1.0,1,74.0,F,Nashville,Platinum,1,Household,Value,2022-01-17,0,2022,26,1,0,0,2024-03
502471,0.0,15,1.0,0,4.0,6.666666666666667,2.6666666666666665,4.0,4.066666666666666,167.21666666666667,57.629999999999995,1.869122747171528,95.02933333333333,0.6608095333320819,25.0825,3.0,0,0.36000000000000004,0.31666666666666665,2.3333333333333335,-0.33333333333333304,0.6666666666666666,-1.666666666666667,0.6666666666666666,0.6,0.0,0.0,0.0,0.0,0,31.0,F,Boise,Silver,1,Dairy,Mainstream,2022-10-17,0,2022,17,1,0,0,2024-03
502472,0.0,15,1.0,1,10.0,8.666666666666666,3.3333333333333335,5.333333333333332,5.5,315.21999999999997,128.38333333333333,1.4440551333247456,198.63928571428568,0.4962055714022225,36.371538461538464,4.0,0,0.3066666666666667,0.3178571428571429,2.3333333333333335,-0.33333333333333304,0.0,-0.3333333333333333,1.0,0.9285714285714286,0.0,1.0,-1.0,0.0,0,49.0,F,Tulsa,Silver,0,Bakery,Mainstream,2022-11-03,0,2022,16,1,0,0,2024-03
502474,0.0,14,0.75,2,2.0,2.0,4.0,-2.0,2.1666666666666665,87.945,170.075,-0.480081835452287,91.92,0.8570157866384248,43.9725,2.0,0,0.535,0.35777777777777775,1.0,0.0,0.5,0.5,0.5,0.5833333333333334,0.0,0.0,0.0,0.0,0,28.0,F,Columbus,Gold,0,Personal Care,Value,2023-01-05,0,2023,14,1,0,0,2024-03
502475,0.0,15,1.0,2,5.0,4.0,4.0,0.0,3.5384615384615383,135.41333333333333,131.35500000000002,0.030662485990958468,112.25538461538461,0.43518826637244107,33.85333333333333,1.6666666666666667,0,0.3833333333333333,0.28230769230769226,2.6666666666666665,1.6666666666666665,2.0,0.5,0.6666666666666666,0.15384615384615385,0.0,0.0,0.0,0.0,1,37.0,M,Raleigh,Gold,1,Frozen Foods,Mainstream,2021-11-28,0,2021,28,1,0,0,2024-03
502476,0.0,12,0.9166666666666666,0,1.0,1.6666666666666667,3.6666666666666665,-1.9999999999999998,3.9166666666666665,73.64333333333333,164.71666666666667,-0.5495725636125918,169.54,0.7764796465686691,44.186,3.0,0,0.2866666666666667,0.3018181818181818,1.6666666666666667,0.0,1.6666666666666667,0.3333333333333335,0.0,0.0,0.0,0.0,0.0,0.0,0,52.0,F,Denver,Platinum,1,Frozen Foods,Value,2023-03-02,0,2023,12,1,0,0,2024-03
502477,0.0,2,1.0,0,5.0,5.5,,,5.5,173.01999999999998,,,173.01999999999998,0.28451681886382063,31.458181818181814,2.0,0,0.23500000000000001,0.23500000000000001,1.5,,1.0,,0.5,0.5,0.0,0.0,,0.0,0,22.0,F,Tulsa,Gold,1,Frozen Foods,Value,2024-01-13,0,2024,2,1,0,0,2024-03
502478,0.0,15,1.0,1,1.0,1.6666666666666667,3.6666666666666665,-1.9999999999999998,2.5714285714285716,69.14333333333333,158.73333333333335,-0.5608722871452422,112.83285714285716,0.6752960834525544,41.486000000000004,2.3333333333333335,0,0.19666666666666668,0.23928571428571432,1.0,-0.6666666666666667,0.3333333333333333,-0.6666666666666667,0.3333333333333333,0.7142857142857143,0.0,0.0,0.0,0.0,0,34.0,M,Tulsa,Gold,1,Personal Care,Value,2022-10-03,0,2022,17,1,0,0,2024-03
502479,10.0,15,0.26666666666666666,0,0.0,0.0,0.0,0.0,0.26666666666666666,0.0,0.0,0.0,10.584666666666667,1.5793171270542146,,0.0,3,,0.27,0.0,0.0,0.0,0.0,0.0,0.13333333333333333,0.0,0.0,0.0,0.0,0,35.0,F,Austin,Gold,1,Household,Upscale,2021-06-12,0,2021,33,0,1,0,2024-03
502480,0.0,9,1.0,0,9.0,9.0,5.666666666666667,3.333333333333333,8.11111111111111,310.9066666666667,208.04666666666665,0.49204324393277443,287.3988888888889,0.3585088844250884,34.54518518518518,4.666666666666667,0,0.4266666666666667,0.38222222222222224,1.6666666666666667,-1.9999999999999998,2.0,0.33333333333333326,0.6666666666666666,0.6666666666666666,0.0,0.0,0.0,0.0,0,47.0,F,Spokane,Gold,1,Bakery,Mainstream,2023-06-09,0,2023,9,1,0,0,2024-03
502481,0.0,10,1.0,0,2.0,5.0,5.333333333333333,-0.33333333333333304,5.0,158.4,191.87333333333333,-0.17355086239673703,171.41699999999997,0.39566040422077425,31.680000000000003,5.0,0,0.24,0.271,4.333333333333333,3.333333333333333,1.6666666666666667,-0.6666666666666667,0.3333333333333333,0.7,0.0,0.0,0.0,0.0,0,49.0,M,Boise,Gold,1,Produce,Mainstream,2023-05-05,0,2023,10,1,0,0,2024-03
502482,5.0,8,0.2857142857142857,1,0.0,0.0,0.3333333333333333,-0.3333333333333333,0.42857142857142855,0.0,14.193333333333333,-0.9341816586222027,17.625714285714285,1.7212726648821517,,0.0,3,,0.22999999999999998,0.0,0.0,0.0,0.0,0.0,0.2857142857142857,0.0,1.0,-1.0,0.0,0,44.0,F,Denver,Platinum,1,Household,Mainstream,2023-07-24,0,2023,8,0,1,0,2024-03
502483,13.0,14,0.07142857142857142,0,0.0,0.0,0.0,0.0,0.14285714285714285,0.0,0.0,0.0,5.445,3.1611054260642524,,0.0,3,,0.2,0.0,0.0,0.0,0.0,0.0,0.07142857142857142,0.0,0.0,0.0,0.0,0,64.0,F,Spokane,Gold,1,Frozen Foods,Mainstream,2021-05-12,0,2021,34,0,1,0,2024-03
502484,0.0,4,1.0,0,5.0,3.6666666666666665,4.0,-0.3333333333333335,3.75,105.75999999999999,121.09,-0.12556310918175126,109.5925,0.491914730627152,28.84363636363636,2.6666666666666665,0,0.33,0.2825,2.0,0.0,0.6666666666666666,-1.3333333333333335,1.0,0.75,0.0,0.0,0.0,0.0,0,50.0,F,Spokane,Silver,1,Snacks,Mainstream,2023-11-11,0,2023,4,1,0,0,2024-03
502485,6.0,15,0.6,0,0.0,0.0,0.0,0.0,2.8,0.0,0.0,0.0,53.87199999999999,1.1939067771389833,,0.0,3,,0.32888888888888895,0.0,0.0,0.0,0.0,0.0,0.2,0.0,0.0,0.0,0.0,1,60.0,F,Denver,Silver,1,Produce,Mainstream,2022-12-01,0,2022,15,0,1,0,2024-03
502486,0.0,15,1.0,1,1.0,4.0,6.333333333333333,-2.333333333333333,4.857142857142857,164.805,280.77,-0.41155907300280364,215.35714285714286,0.5210089157217754,41.20125,1.5,0,0.16499999999999998,0.23500000000000001,1.5,-2.1666666666666665,1.0,-0.6666666666666667,0.5,0.42857142857142855,0.0,0.0,0.0,0.0,0,70.0,F,Portland,Platinum,1,Snacks,Mainstream,2022-12-04,0,2022,15,1,0,0,2024-03
502487,0.0,14,1.0,0,6.0,4.666666666666667,4.0,0.666666666666667,4.571428571428571,170.88333333333333,138.18666666666667,0.23491234792604648,169.00428571428571,0.4770007040004074,36.61785714285714,4.666666666666667,0,0.36333333333333334,0.3664285714285715,2.0,-0.3333333333333335,0.6666666666666666,0.3333333333333333,1.6666666666666667,0.7857142857142857,0.0,2.0,-2.0,1.0,1,50.0,F,Tulsa,Gold,0,Personal Care,Mainstream,2022-07-13,0,2022,20,1,0,0,2024-03
502488,0.0,10,1.0,0,3.0,2.3333333333333335,3.0,-0.6666666666666665,3.0,50.346666666666664,62.31666666666666,-0.1890497499341932,60.303,0.35246702174404737,21.577142857142857,3.6666666666666665,0,0.13,0.31,1.0,-0.33333333333333326,2.6666666666666665,0.6666666666666665,0.6666666666666666,0.3,0.0,1.0,-1.0,0.0,0,64.0,F,Tulsa,Silver,1,Bakery,Value,2023-05-25,0,2023,10,1,0,0,2024-03
502489,0.0,15,1.0,1,8.0,6.333333333333333,3.5,2.833333333333333,5.214285714285714,285.0566666666667,174.88,0.6264308998559625,250.08999999999997,0.40575350508740626,45.008947368421055,4.0,0,0.37999999999999995,0.36214285714285704,2.0,1.0,1.3333333333333333,0.33333333333333326,1.0,0.7857142857142857,0.0,0.0,0.0,0.0,0,44.0,F,Raleigh,Platinum,1,Frozen Foods,Mainstream,2021-11-22,0,2021,28,1,0,0,2024-03
502490,6.0,15,0.5714285714285714,1,0.0,0.0,0.0,0.0,1.3571428571428572,0.0,0.0,0.0,48.30142857142857,1.0046226584139437,,0.0,3,,0.28375,0.0,0.0,0.0,0.0,0.0,0.21428571428571427,0.0,0.0,0.0,0.0,0,41.0,M,Columbus,Silver,1,Bakery,Upscale,2021-08-27,0,2021,31,0,1,0,2024-03
502491,0.0,15,1.0,0,5.0,5.0,3.3333333333333335,1.6666666666666665,3.3333333333333335,142.86333333333334,88.27666666666666,0.6114326251726845,92.436,0.5131463685115687,28.57266666666667,3.0,0,0.20333333333333337,0.27399999999999997,0.0,-0.3333333333333333,1.3333333333333333,0.33333333333333326,0.6666666666666666,0.5333333333333333,0.0,2.0,-2.0,1.0,1,20.0,F,Spokane,Silver,1,Produce,Mainstream,2022-12-10,0,2022,15,1,0,0,2024-03
502492,5.0,15,0.4,0,0.0,0.0,1.0,-1.0,0.6,0.0,37.583333333333336,-0.9740820734341252,21.247333333333334,1.4924581433103628,,0.0,3,,0.2733333333333334,0.0,-0.6666666666666666,0.0,-2.6666666666666665,0.3333333333333333,0.4666666666666667,0.0,3.0,-3.0,0.0,1,64.0,F,Tulsa,Silver,1,Frozen Foods,Mainstream,2021-08-14,0,2021,31,0,1,0,2024-03
502493,1.0,3,0.6666666666666666,0,0.0,2.0,,,2.0,51.76333333333334,,,51.76333333333334,1.3618127926751875,25.88166666666667,1.0,1,0.43,0.43,1.0,,0.0,,0.6666666666666666,0.6666666666666666,0.0,0.0,,0.0,0,22.0,F,Columbus,Silver,0,Snacks,Value,2023-12-13,0,2023,3,1,0,0,2024-03
502494,0.0,12,0.9166666666666666,0,2.0,2.3333333333333335,2.3333333333333335,0.0,2.1666666666666665,93.04666666666667,90.57000000000001,0.027046703796731016,82.56,0.7244350989844349,39.87714285714286,2.3333333333333335,0,0.20666666666666667,0.28090909090909083,1.3333333333333333,-0.3333333333333335,0.3333333333333333,0.0,0.6666666666666666,0.5,1.0,1.0,1.0,0.0,1,67.0,F,Nashville,Silver,0,Snacks,Mainstream,2023-03-27,0,2023,12,1,0,0,2024-03
502495,0.0,15,1.0,2,2.0,3.3333333333333335,4.666666666666667,-1.3333333333333335,4.230769230769231,101.00999999999999,161.01666666666668,-0.3703734183725955,129.04461538461538,0.45537001016602696,30.302999999999997,2.0,0,0.31666666666666665,0.21076923076923076,2.0,0.33333333333333326,2.3333333333333335,1.666666666666667,0.3333333333333333,0.5384615384615384,0.0,0.0,0.0,0.0,0,26.0,F,Denver,Silver,1,Dairy,Upscale,2021-07-01,0,2021,32,1,0,0,2024-03
502496,0.0,15,0.6428571428571429,1,8.0,3.0,0.0,3.0,1.8571428571428572,71.61,0.0,71.61,46.13928571428571,1.1090639180613837,23.869999999999997,1.6666666666666667,1,0.14500000000000002,0.20444444444444448,0.3333333333333333,-1.3333333333333335,0.3333333333333333,-0.3333333333333333,1.0,1.0714285714285714,0.0,0.0,0.0,0.0,0,62.0,M,Boise,Silver,0,Bakery,Upscale,2022-05-09,0,2022,22,1,0,0,2024-03
502497,0.0,5,1.0,0,7.0,6.333333333333333,4.5,1.833333333333333,5.6,197.34666666666666,139.63,0.4104150370949774,174.26000000000002,0.21373768292391415,31.159999999999997,2.6666666666666665,0,0.24666666666666667,0.246,2.3333333333333335,-0.16666666666666652,0.0,0.0,0.3333333333333333,0.6,1.0,1.0,1.0,0.0,0,73.0,M,Denver,Silver,0,Frozen Foods,Mainstream,2023-10-15,0,2023,5,1,0,0,2024-03
502498,13.0,15,0.13333333333333333,0,0.0,0.0,0.0,0.0,0.26666666666666666,0.0,0.0,0.0,8.708666666666666,2.758816206451236,,0.0,3,,0.26,0.0,0.0,0.0,0.0,0.0,0.06666666666666667,0.0,0.0,0.0,0.0,0,49.0,M,Columbus,Gold,1,Snacks,Value,2021-06-12,0,2021,33,0,1,0,2024-03
502499,0.0,15,1.0,0,6.0,6.0,6.666666666666667,-0.666666666666667,6.4,167.66,192.67333333333332,-0.1291521806478262,177.71533333333335,0.41432662224348793,27.943333333333335,2.0,0,0.2733333333333333,0.27599999999999997,3.6666666666666665,0.33333333333333304,1.6666666666666667,-2.333333333333333,0.0,0.4666666666666667,0.0,0.0,0.0,0.0,0,61.0,F,Columbus,Silver,1,Beverages,Value,2021-07-11,0,2021,32,1,0,0,2024-03
502500,0.0,12,1.0,0,5.0,7.0,4.333333333333333,2.666666666666667,4.916666666666667,204.51333333333335,112.07666666666667,0.8174689738525486,134.8175,0.46100544115196657,29.21619047619048,2.6666666666666665,0,0.3,0.2833333333333334,3.3333333333333335,0.3333333333333335,1.0,0.0,1.0,0.4166666666666667,1.0,1.0,1.0,0.0,0,69.0,M,Portland,Gold,1,Snacks,Mainstream,2023-03-09,0,2023,12,1,0,0,2024-03
502502,0.0,15,1.0,1,7.0,5.333333333333333,6.666666666666667,-1.333333333333334,5.214285714285714,201.6966666666667,265.5133333333333,-0.23945018385571692,209.88785714285714,0.4172569951299222,37.818125,3.0,0,0.2866666666666667,0.26214285714285707,3.3333333333333335,-0.33333333333333304,2.0,0.0,1.0,0.8571428571428571,2.0,2.0,2.0,0.0,0,46.0,M,Tulsa,Gold,1,Bakery,Value,2022-07-23,0,2022,20,1,0,0,2024-03
502504,0.0,15,0.9333333333333333,0,2.0,2.6666666666666665,2.3333333333333335,0.33333333333333304,3.8666666666666667,115.11000000000001,98.24000000000001,0.16999193873438131,168.656,0.5518841139005658,43.166250000000005,2.0,0,0.34,0.3235714285714285,1.6666666666666667,-0.6666666666666667,1.6666666666666667,0.0,1.3333333333333333,0.5333333333333333,0.0,0.0,0.0,0.0,0,,F,Austin,Gold,1,Household,Upscale,2022-12-01,1,2022,15,1,0,0,2024-03
502505,0.0,15,1.0,1,5.0,4.666666666666667,6.0,-1.333333333333333,6.142857142857143,147.6,189.76,-0.2210106940658419,195.9185714285714,0.4656212769977812,31.62857142857143,2.3333333333333335,0,0.4066666666666667,0.30571428571428577,5.0,3.0,0.3333333333333333,0.0,0.3333333333333333,0.6428571428571429,0.0,1.0,-1.0,0.0,0,23.0,M,Denver,Silver,0,Personal Care,Mainstream,2022-01-20,0,2022,26,1,0,0,2024-03
502506,1.0,15,0.9285714285714286,1,0.0,2.3333333333333335,3.3333333333333335,-1.0,2.5,111.68,151.04333333333332,-0.2588954903207418,119.47500000000001,0.5544104192075883,47.862857142857145,1.0,1,0.28500000000000003,0.33692307692307694,0.3333333333333333,0.0,0.0,-0.3333333333333333,0.6666666666666666,0.6428571428571429,0.0,1.0,-1.0,0.0,0,33.0,M,Spokane,Platinum,0,Household,Value,2022-04-03,0,2022,23,1,0,0,2024-03
502507,2.0,15,0.13333333333333333,0,0.0,0.3333333333333333,0.0,0.3333333333333333,0.2,7.239999999999999,0.0,7.239999999999999,4.791333333333333,2.372241954492506,21.72,0.6666666666666666,2,0.52,0.395,0.3333333333333333,0.3333333333333333,0.0,-0.6666666666666666,0.3333333333333333,0.4666666666666667,0.0,0.0,0.0,0.0,0,74.0,M,Austin,Silver,0,Household,Upscale,2021-10-26,0,2021,29,1,0,0,2024-03
502508,8.0,15,0.4666666666666667,0,0.0,0.0,0.0,0.0,1.8666666666666667,0.0,0.0,0.0,29.400666666666666,1.1991438433087298,,0.0,3,,0.32142857142857145,0.0,0.0,0.0,0.0,0.0,0.13333333333333333,0.0,0.0,0.0,0.0,1,55.0,M,Tulsa,Silver,0,Household,Value,2021-04-06,0,2021,35,0,1,0,2024-03
502509,0.0,15,0.8666666666666667,0,1.0,1.6666666666666667,5.0,-3.333333333333333,3.1333333333333333,60.276666666666664,172.6,-0.6470238095238094,104.97866666666665,0.8925502017918514,36.166,1.3333333333333333,1,0.41000000000000003,0.34307692307692306,0.0,-0.3333333333333333,2.0,0.0,1.3333333333333333,1.1333333333333333,2.0,3.0,1.0,1.0,1,28.0,F,Madison,Gold,1,Household,Value,2021-12-04,0,2021,27,1,1,0,2024-03
502510,1.0,4,0.75,0,0.0,5.333333333333333,4.0,1.333333333333333,5.0,156.88,117.07,0.33717286355551795,146.92749999999998,0.7622332511797218,29.415,3.0,1,0.08,0.13333333333333333,1.3333333333333333,-1.6666666666666667,0.3333333333333333,0.3333333333333333,0.3333333333333333,0.25,0.0,0.0,0.0,0.0,0,39.0,M,Spokane,Silver,1,Personal Care,Value,2023-11-22,0,2023,4,1,0,0,2024-03
502512,0.0,15,1.0,0,4.0,3.0,3.6666666666666665,-0.6666666666666665,3.533333333333333,94.48,97.29333333333334,-0.028621812262615294,104.836,0.4028497585860128,31.493333333333332,2.3333333333333335,0,0.32333333333333336,0.2753333333333333,0.6666666666666666,-1.3333333333333335,2.0,0.33333333333333326,0.3333333333333333,0.3333333333333333,1.0,1.0,1.0,1.0,1,42.0,F,Austin,Silver,1,Frozen Foods,Value,2021-03-30,0,2021,36,1,0,0,2024-03
502513,0.0,15,1.0,0,4.0,3.6666666666666665,4.333333333333333,-0.6666666666666665,4.533333333333333,121.67333333333333,138.17333333333332,-0.11855719486491656,146.19400000000002,0.339858239293066,33.18363636363636,1.3333333333333333,0,0.3033333333333334,0.34,3.6666666666666665,0.6666666666666665,1.6666666666666667,1.6666666666666667,1.0,0.8,0.0,1.0,-1.0,0.0,1,52.0,M,Tulsa,Platinum,0,Beverages,Mainstream,2021-10-01,0,2021,29,1,0,0,2024-03
502514,0.0,15,1.0,2,5.0,6.0,3.0,3.0,3.923076923076923,138.95,67.785,1.0346005669840808,89.15846153846154,0.5633846901457503,23.15833333333333,3.5,0,0.28500000000000003,0.3392307692307692,1.5,0.0,2.0,-0.5,0.0,0.15384615384615385,0.0,0.0,0.0,0.0,1,40.0,M,Boise,Silver,1,Frozen Foods,Mainstream,2022-03-16,0,2022,24,1,0,0,2024-03
502515,0.0,8,1.0,1,5.0,5.666666666666667,4.5,1.166666666666667,5.142857142857143,168.01666666666668,136.19,0.23198969798576197,149.95857142857145,0.2776518422582768,29.650000000000002,3.6666666666666665,0,0.31666666666666665,0.26285714285714284,2.6666666666666665,1.1666666666666665,2.0,1.5,0.0,0.5714285714285714,1.0,1.0,1.0,1.0,1,46.0,F,Raleigh,Silver,1,Household,Value,2023-07-12,0,2023,8,1,0,0,2024-03
502516,0.0,15,0.8666666666666667,0,2.0,2.0,2.6666666666666665,-0.6666666666666665,2.3333333333333335,88.79333333333334,110.53333333333332,-0.19491930663478765,99.456,0.7484591703294003,44.39666666666667,0.6666666666666666,1,0.275,0.3230769230769231,1.6666666666666667,0.0,0.6666666666666666,-1.3333333333333335,0.3333333333333333,0.5333333333333333,0.0,0.0,0.0,0.0,0,28.0,M,Columbus,Platinum,1,Household,Value,2021-10-14,0,2021,29,1,0,0,2024-03
502517,0.0,3,1.0,0,8.0,5.333333333333333,,,5.333333333333333,209.48000000000002,,,209.48000000000002,0.535688395843433,39.2775,1.6666666666666667,0,0.29,0.29,4.666666666666667,,1.3333333333333333,,0.3333333333333333,0.3333333333333333,0.0,0.0,,0.0,0,21.0,F,Madison,Gold,1,Snacks,Upscale,2023-12-27,0,2023,3,1,0,0,2024-03
502518,0.0,15,0.8666666666666667,0,2.0,2.6666666666666665,2.3333333333333335,0.33333333333333304,2.0,64.61666666666667,56.376666666666665,0.1436123859873353,48.60666666666666,0.7993931959117546,24.231250000000003,2.0,0,0.44333333333333336,0.3238461538461539,1.6666666666666667,1.3333333333333335,1.6666666666666667,1.3333333333333335,0.0,0.4,0.0,2.0,-2.0,0.0,0,23.0,F,Denver,Gold,1,Frozen Foods,Upscale,2022-04-20,0,2022,23,1,0,0,2024-03
502519,0.0,13,1.0,1,4.0,3.6666666666666665,5.666666666666667,-2.0000000000000004,5.333333333333333,138.22666666666666,180.27666666666667,-0.2319658716878437,179.96916666666664,0.4897459334206262,37.698181818181816,2.3333333333333335,0,0.18666666666666668,0.19666666666666666,2.3333333333333335,-0.33333333333333304,0.6666666666666666,0.3333333333333333,0.6666666666666666,0.8333333333333334,1.0,1.0,1.0,0.0,0,56.0,F,Nashville,Gold,0,Personal Care,Upscale,2023-02-17,0,2023,13,1,0,0,2024-03
502520,4.0,15,0.6666666666666666,0,0.0,0.0,1.0,-1.0,1.4666666666666666,0.0,35.47,-0.9725802029064985,48.70666666666667,1.1600968514793384,,0.0,3,,0.36699999999999994,0.0,0.0,0.0,0.0,0.0,0.4,0.0,1.0,-1.0,1.0,1,20.0,M,Nashville,Gold,1,Frozen Foods,Value,2021-07-19,0,2021,32,0,1,0,2024-03
502521,0.0,15,1.0,0,2.0,3.6666666666666665,4.333333333333333,-0.6666666666666665,4.466666666666667,90.87666666666667,103.86666666666667,-0.12387158296249214,105.47733333333333,0.4567160941223378,24.784545454545455,1.6666666666666667,0,0.15666666666666668,0.214,1.6666666666666667,-0.9999999999999998,1.3333333333333333,-0.3333333333333335,1.0,0.6666666666666666,0.0,0.0,0.0,0.0,1,28.0,F,Raleigh,Silver,1,Bakery,Mainstream,2022-02-25,0,2022,25,1,0,0,2024-03
502522,6.0,11,0.45454545454545453,0,0.0,0.0,0.0,0.0,0.8181818181818182,0.0,0.0,0.0,18.44181818181818,1.224969175372192,,0.0,3,,0.316,0.0,0.0,0.0,0.0,0.0,0.18181818181818182,0.0,0.0,0.0,0.0,1,56.0,M,Nashville,Silver,1,Bakery,Mainstream,2023-04-17,0,2023,11,0,1,0,2024-03
502523,0.0,15,1.0,0,2.0,3.6666666666666665,4.666666666666667,-1.0000000000000004,5.066666666666666,111.70333333333333,136.69,-0.18147045294986322,150.188,0.4068235032916695,30.464545454545455,1.0,0,0.22,0.25933333333333336,1.0,-1.0,0.6666666666666666,-0.6666666666666666,1.0,0.6666666666666666,0.0,0.0,0.0,0.0,0,63.0,F,Nashville,Silver,1,Dairy,Upscale,2021-10-21,0,2021,29,1,0,0,2024-03
502524,0.0,15,1.0,2,3.0,3.0,4.0,-1.0,4.615384615384615,96.77666666666669,145.13,-0.3308925842286547,164.71230769230766,0.5644189582737296,32.25888888888889,1.0,0,0.40666666666666673,0.30923076923076925,2.0,-3.0,0.3333333333333333,-2.6666666666666665,0.6666666666666666,0.6923076923076923,0.0,1.0,-1.0,0.0,1,36.0,F,Raleigh,Gold,0,Snacks,Upscale,2022-01-25,0,2022,26,1,0,0,2024-03
502525,1.0,8,0.875,0,0.0,5.333333333333333,6.666666666666667,-1.333333333333334,5.875,209.99333333333334,242.24666666666667,-0.13259517088278017,220.7975,0.5359624698293727,39.37375,1.6666666666666667,1,0.25,0.26428571428571435,3.6666666666666665,1.333333333333333,0.3333333333333333,0.0,0.0,0.625,1.0,1.0,1.0,1.0,1,46.0,F,Columbus,Silver,0,Beverages,Upscale,2023-07-13,0,2023,8,1,0,0,2024-03
502526,8.0,9,0.1111111111111111,0,0.0,0.0,0.0,0.0,0.3333333333333333,0.0,0.0,0.0,9.231111111111112,2.706776715899218,,0.0,3,,0.39,0.0,0.0,0.0,0.0,0.0,0.1111111111111111,0.0,0.0,0.0,0.0,0,44.0,F,Nashville,Silver,1,Snacks,Mainstream,2023-06-28,0,2023,9,0,1,0,2024-03
502527,0.0,13,0.9230769230769231,0,3.0,4.0,3.6666666666666665,0.3333333333333335,4.153846153846154,164.64333333333335,150.60999999999999,0.0925620561528485,164.14999999999998,0.4721940157585113,41.160833333333336,3.6666666666666665,0,0.58,0.35916666666666663,2.3333333333333335,0.3333333333333335,2.3333333333333335,0.0,0.6666666666666666,1.0,0.0,0.0,0.0,0.0,0,61.0,M,Tulsa,Gold,1,Snacks,Upscale,2023-02-05,0,2023,13,1,0,0,2024-03
502528,0.0,15,1.0,0,5.0,3.6666666666666665,4.0,-0.3333333333333335,4.333333333333333,176.77333333333334,190.12333333333333,-0.06985018399986044,222.12933333333336,0.47346066501691736,48.2109090909091,1.0,0,0.46,0.37000000000000005,0.0,-2.0,2.3333333333333335,0.6666666666666667,0.3333333333333333,0.4,0.0,0.0,0.0,0.0,0,71.0,Other,Austin,Platinum,1,Snacks,Upscale,2022-09-15,0,2022,18,1,0,0,2024-03
502529,0.0,9,1.0,0,8.0,6.666666666666667,8.333333333333334,-1.666666666666667,6.444444444444445,259.7733333333333,291.67,-0.10898509128597636,239.8011111111111,0.49474351751050993,38.965999999999994,3.3333333333333335,0,0.053333333333333344,0.26222222222222225,3.3333333333333335,-0.33333333333333304,0.0,-0.3333333333333333,2.0,0.8888888888888888,0.0,0.0,0.0,0.0,0,65.0,M,Madison,Gold,0,Frozen Foods,Mainstream,2023-06-14,0,2023,9,1,0,0,2024-03
502530,0.0,15,1.0,0,1.0,1.0,2.0,-1.0,1.9333333333333333,34.68333333333333,66.88666666666667,-0.4743690464499657,65.662,0.5767451090030977,34.68333333333333,2.3333333333333335,0,0.24,0.28800000000000003,1.0,-0.33333333333333326,0.6666666666666666,0.6666666666666666,0.0,0.6,0.0,1.0,-1.0,1.0,1,53.0,F,Tulsa,Silver,0,Produce,Value,2022-02-25,0,2022,25,1,1,0,2024-03
502531,0.0,15,1.0,0,3.0,5.333333333333333,3.0,2.333333333333333,5.466666666666667,308.7033333333333,157.71,0.9513788251107889,299.464,0.6239306983332651,57.881875,3.0,0,0.11666666666666665,0.21133333333333335,2.0,1.3333333333333335,0.3333333333333333,0.3333333333333333,0.6666666666666666,0.6,1.0,1.0,1.0,0.0,1,60.0,M,Tulsa,Platinum,0,Personal Care,Upscale,2022-08-28,0,2022,19,1,0,0,2024-03
502532,0.0,6,1.0,0,1.0,2.3333333333333335,3.3333333333333335,-1.0,2.8333333333333335,70.8,98.25333333333333,-0.27659860290166577,84.52666666666666,0.6440003069139635,30.342857142857138,0.6666666666666666,0,0.2466666666666667,0.26,1.0,-0.33333333333333326,0.6666666666666666,0.3333333333333333,1.0,0.8333333333333334,0.0,0.0,0.0,0.0,0,64.0,F,Columbus,Silver,1,Snacks,Mainstream,2023-09-10,0,2023,6,1,0,0,2024-03
502533,13.0,15,0.13333333333333333,0,0.0,0.0,0.0,0.0,0.13333333333333333,0.0,0.0,0.0,6.61,2.2930209566093778,,0.0,3,,0.37,0.0,0.0,0.0,0.0,0.0,0.0,0.0,0.0,0.0,0.0,0,66.0,F,Spokane,Platinum,1,Household,Mainstream,2022-02-01,0,2022,25,0,1,0,2024-03
502534,0.0,1,1.0,0,1.0,1.0,,,1.0,27.39,,,27.39,,27.39,4.0,0,0.24,0.24,2.0,,1.0,,1.0,1.0,0.0,0.0,,0.0,0,61.0,M,Columbus,Gold,1,Personal Care,Mainstream,2024-02-21,0,2024,1,1,0,0,2024-03
502535,0.0,15,0.9333333333333333,0,1.0,1.3333333333333333,3.0,-1.6666666666666667,2.8666666666666667,61.82666666666666,132.03666666666666,-0.5277492420635915,123.93466666666664,0.6819670878379472,46.37,0.6666666666666666,1,0.33999999999999997,0.2507142857142857,0.6666666666666666,0.0,2.0,0.33333333333333326,0.0,0.5333333333333333,1.0,1.0,1.0,0.0,0,58.0,F,Madison,Platinum,1,Beverages,Mainstream,2021-05-11,0,2021,34,1,1,0,2024-03
502536,0.0,15,0.9333333333333333,0,1.0,5.0,5.0,0.0,6.0,218.0333333333333,216.3466666666667,0.007760260106741659,258.8453333333334,0.5797267330069666,43.60666666666666,1.3333333333333333,0,0.17,0.28357142857142864,3.0,0.3333333333333335,0.0,-1.0,0.3333333333333333,0.6666666666666666,0.0,0.0,0.0,0.0,0,72.0,F,Boise,Platinum,0,Beverages,Value,2021-10-20,0,2021,29,1,0,0,2024-03
502537,0.0,2,1.0,0,1.0,3.0,,,3.0,46.144999999999996,,,46.144999999999996,0.9738560462921313,15.381666666666666,2.5,0,0.32499999999999996,0.32499999999999996,0.5,,0.5,,0.5,0.5,0.0,0.0,,0.0,0,38.0,M,Spokane,Silver,1,Personal Care,Value,2024-01-18,0,2024,2,1,0,0,2024-03
502538,0.0,15,1.0,1,10.0,11.333333333333334,8.333333333333334,3.0,9.428571428571429,311.08,239.46333333333334,0.2978278046549023,279.3471428571429,0.22009108516177484,27.448235294117648,4.0,0,0.33,0.2914285714285714,3.3333333333333335,-0.33333333333333304,2.0,0.6666666666666667,1.3333333333333333,0.6428571428571429,2.0,2.0,2.0,0.0,0,,F,Tulsa,Silver,1,Household,Mainstream,2021-09-29,1,2021,30,1,0,0,2024-03
502539,0.0,11,1.0,0,1.0,3.0,4.0,-1.0,3.5454545454545454,158.85,185.89333333333332,-0.14469929371477486,171.49545454545455,0.5670823985325764,52.95,2.0,0,0.24333333333333332,0.27090909090909093,0.0,-0.3333333333333333,1.6666666666666667,0.0,0.0,0.2727272727272727,0.0,1.0,-1.0,0.0,0,46.0,M,Spokane,Platinum,1,Frozen Foods,Mainstream,2023-04-10,0,2023,11,1,0,0,2024-03
502540,8.0,15,0.42857142857142855,1,0.0,0.0,0.0,0.0,2.2142857142857144,0.0,0.0,0.0,64.55285714285714,1.6191030523789318,,0.0,3,,0.3383333333333334,0.0,0.0,0.0,0.0,0.0,0.14285714285714285,0.0,0.0,0.0,0.0,1,39.0,F,Boise,Silver,0,Household,Upscale,2022-03-16,0,2022,24,0,1,0,2024-03
502541,6.0,8,0.25,0,0.0,0.0,0.0,0.0,0.25,0.0,0.0,0.0,6.3225,1.599809955818218,,0.0,3,,0.475,0.0,0.0,0.0,0.0,0.0,0.0,0.0,0.0,0.0,0.0,0,20.0,F,Nashville,Silver,0,Produce,Mainstream,2023-07-31,0,2023,8,0,1,0,2024-03
502542,0.0,11,0.6666666666666666,2,1.0,0.6666666666666666,1.0,-0.33333333333333337,0.8888888888888888,14.1,21.366666666666664,-0.3248882265275707,18.415555555555557,0.8214084333350121,21.15,1.0,1,0.47,0.44,0.0,-0.3333333333333333,0.0,-1.0,0.0,0.5555555555555556,1.0,1.0,1.0,0.0,0,72.0,F,Spokane,Silver,0,Household,Upscale,2023-04-22,0,2023,11,1,1,0,2024-03
502544,0.0,15,1.0,2,3.0,5.0,9.5,-4.5,6.076923076923077,177.73666666666668,332.43,-0.4639454558178128,205.82000000000002,0.6434773323717069,35.547333333333334,4.0,0,0.25,0.23076923076923078,3.0,-1.0,1.6666666666666667,1.1666666666666667,0.0,0.38461538461538464,0.0,0.0,0.0,0.0,1,44.0,F,Madison,Silver,1,Produce,Unknown,2022-03-24,0,2022,24,1,0,0,2024-03
502545,14.0,15,0.06666666666666667,0,0.0,0.0,0.0,0.0,0.4,0.0,0.0,0.0,13.446,3.604882602319322,,0.0,3,,0.37,0.0,0.0,0.0,0.0,0.0,0.2,0.0,0.0,0.0,0.0,0,59.0,F,Denver,Silver,0,Household,Value,2022-06-13,0,2022,21,0,1,0,2024-03
502546,0.0,2,1.0,0,3.0,4.0,,,4.0,120.95,,,120.95,0.43394728580566805,30.2375,1.0,0,0.265,0.265,0.5,,1.5,,0.5,0.5,0.0,0.0,,0.0,0,72.0,F,Columbus,Silver,1,Snacks,Mainstream,2024-01-25,0,2024,2,1,0,0,2024-03
502547,0.0,9,1.0,1,6.0,6.0,2.6666666666666665,3.3333333333333335,4.625,240.69333333333336,121.35000000000001,0.9754256913227082,195.12874999999997,0.4110691398417193,40.11555555555556,3.0,0,0.26666666666666666,0.26875,0.3333333333333333,0.3333333333333333,0.0,-1.0,0.3333333333333333,0.5,0.0,0.0,0.0,0.0,0,45.0,F,Nashville,Platinum,0,Beverages,Upscale,2023-06-15,0,2023,9,1,0,0,2024-03
502548,0.0,15,1.0,0,2.0,3.6666666666666665,5.666666666666667,-2.0000000000000004,5.2,167.80666666666664,267.44,-0.3711568072319079,241.56599999999995,0.47074372618384885,45.76545454545454,1.3333333333333333,0,0.35333333333333333,0.3186666666666666,1.0,-1.6666666666666665,0.3333333333333333,-1.3333333333333335,0.6666666666666666,0.8666666666666667,2.0,4.0,0.0,0.0,1,28.0,F,Spokane,Platinum,0,Household,Mainstream,2022-03-19,0,2022,24,1,1,0,2024-03
502549,0.0,15,1.0,1,10.0,7.0,2.3333333333333335,4.666666666666666,5.0,253.70333333333338,92.04666666666667,1.7373719280647706,196.9042857142857,0.48042469083002276,36.24333333333334,3.0,0,0.2833333333333333,0.275,0.3333333333333333,-2.0,1.0,-1.3333333333333335,1.0,0.7142857142857143,1.0,1.0,1.0,1.0,1,24.0,Other,Nashville,Platinum,1,Frozen Foods,Value,2021-10-12,0,2021,29,1,0,0,2024-03
502551,1.0,5,0.8,0,0.0,1.3333333333333333,4.0,-2.666666666666667,2.4,39.36666666666667,130.72,-0.6935418564632048,75.90799999999999,0.7604308042346148,29.525000000000002,1.3333333333333333,1,0.41500000000000004,0.405,0.0,-1.0,0.0,0.0,0.0,0.2,1.0,2.0,0.0,2.0,1,21.0,M,Columbus,Gold,0,Dairy,Upscale,2023-10-23,0,2023,5,1,1,0,2024-03
502552,0.0,15,1.0,0,5.0,3.3333333333333335,3.6666666666666665,-0.33333333333333304,3.933333333333333,135.96,120.44666666666667,0.12773782730416644,142.488,0.42862202617808465,40.788000000000004,3.0,0,0.23,0.2006666666666667,0.3333333333333333,-1.0,1.0,0.0,1.3333333333333333,0.8666666666666667,1.0,2.0,0.0,1.0,1,69.0,F,Raleigh,Silver,1,Frozen Foods,Mainstream,2022-05-11,0,2022,22,1,0,0,2024-03
502553,0.0,7,0.7142857142857143,0,4.0,2.0,0.6666666666666666,1.3333333333333335,1.2857142857142858,52.106666666666676,22.069999999999997,1.3019794827337097,35.31428571428572,0.9946657376640514,26.053333333333338,2.3333333333333335,0,0.29,0.328,0.6666666666666666,-0.6666666666666666,0.3333333333333333,-0.6666666666666667,0.6666666666666666,0.7142857142857143,0.0,0.0,0.0,0.0,0,58.0,M,Spokane,Gold,0,Dairy,Mainstream,2023-08-15,0,2023,7,1,0,0,2024-03
502554,8.0,15,0.42857142857142855,1,0.0,0.0,0.0,0.0,1.5714285714285714,0.0,0.0,0.0,37.864285714285714,1.746756987843187,,0.0,3,,0.2933333333333333,0.0,0.0,0.0,0.0,0.0,0.07142857142857142,0.0,0.0,0.0,0.0,0,41.0,M,Columbus,Silver,0,Frozen Foods,Value,2022-11-27,0,2022,16,0,1,0,2024-03
502555,0.0,15,1.0,0,2.0,3.6666666666666665,4.333333333333333,-0.6666666666666665,4.266666666666667,124.60333333333334,145.34333333333333,-0.14172152244721314,146.16866666666664,0.4705657060039739,33.982727272727274,3.0,0,0.35666666666666663,0.2813333333333334,3.0,1.0,1.0,-1.3333333333333335,1.0,0.9333333333333333,1.0,1.0,1.0,0.0,0,72.0,M,Madison,Silver,1,Household,Mainstream,2022-10-20,0,2022,17,1,0,0,2024-03
502556,6.0,7,0.14285714285714285,0,0.0,0.0,0.0,0.0,0.14285714285714285,0.0,0.0,0.0,4.418571428571428,2.1574766161673558,,0.0,3,,0.64,0.0,-0.3333333333333333,0.0,0.0,0.0,0.14285714285714285,0.0,1.0,-1.0,0.0,1,46.0,F,Portland,Silver,0,Beverages,Value,2023-08-13,0,2023,7,0,1,0,2024-03
502557,0.0,15,1.0,0,10.0,7.333333333333333,6.0,1.333333333333333,7.0,198.91666666666666,169.91666666666669,0.1696733300828862,197.46800000000002,0.29658680845862984,27.125,1.6666666666666667,0,0.3,0.3006666666666667,3.0,-2.0,0.6666666666666666,0.3333333333333333,0.0,0.26666666666666666,0.0,0.0,0.0,0.0,0,39.0,F,Raleigh,Silver,1,Frozen Foods,Mainstream,2021-09-23,0,2021,30,1,0,0,2024-03
502558,0.0,14,1.0,0,3.0,5.0,5.666666666666667,-0.666666666666667,5.357142857142857,163.52666666666667,195.98333333333335,-0.1647685929435655,173.31285714285715,0.5438466669239964,32.705333333333336,3.6666666666666665,0,0.33666666666666667,0.21642857142857141,3.0,0.0,1.3333333333333333,-1.0000000000000002,0.6666666666666666,1.1428571428571428,1.0,2.0,0.0,1.0,1,71.0,F,Raleigh,Silver,1,Frozen Foods,Value,2022-01-04,0,2022,26,1,0,0,2024-03
502559,0.0,3,1.0,0,3.0,2.6666666666666665,,,2.6666666666666665,108.61333333333334,,,108.61333333333334,0.1965521859025612,40.730000000000004,1.3333333333333333,0,0.23666666666666666,0.23666666666666666,3.0,,0.6666666666666666,,0.6666666666666666,0.6666666666666666,0.0,0.0,,0.0,0,59.0,F,Madison,Gold,0,Frozen Foods,Mainstream,2023-12-26,0,2023,3,1,0,0,2024-03
502560,0.0,15,1.0,3,6.0,7.333333333333333,8.0,-0.666666666666667,6.083333333333333,233.89,213.04,0.09741169874789757,180.1008333333333,0.46860029384310026,31.894090909090906,2.6666666666666665,0,0.49,0.2708333333333333,2.6666666666666665,-0.3333333333333335,0.0,0.0,1.0,0.75,0.0,0.0,0.0,0.0,0,30.0,M,Denver,Silver,0,Bakery,Value,2022-11-06,0,2022,16,1,0,0,2024-03
502561,2.0,3,0.3333333333333333,0,0.0,1.0,,,1.0,32.300000000000004,,,32.300000000000004,1.680037269804046,32.300000000000004,0.6666666666666666,2,0.08,0.08,0.3333333333333333,,1.0,,0.0,0.0,2.0,2.0,,0.0,0,57.0,F,Denver,Gold,1,Frozen Foods,Value,2023-12-21,0,2023,3,1,1,0,2024-03
502562,0.0,15,1.0,0,1.0,2.3333333333333335,2.3333333333333335,0.0,2.533333333333333,63.76333333333333,74.48,-0.1419802155096274,78.13866666666667,0.5506292023645067,27.327142857142857,3.0,0,0.37333333333333335,0.2813333333333333,1.6666666666666667,-1.3333333333333333,1.3333333333333333,1.0,0.0,0.6,0.0,1.0,-1.0,0.0,0,73.0,M,Boise,Silver,1,Snacks,Value,2021-12-12,0,2021,27,1,1,0,2024-03
502563,4.0,12,0.36363636363636365,1,0.0,0.0,1.6666666666666667,-1.6666666666666667,0.8181818181818182,0.0,80.16666666666667,-0.9876796714579056,37.56272727272727,1.481618044662342,,0.0,3,,0.27249999999999996,0.0,-0.3333333333333333,0.3333333333333333,0.3333333333333333,0.3333333333333333,0.45454545454545453,1.0,1.0,1.0,0.0,0,40.0,M,Nashville,Gold,0,Produce,Value,2023-02-07,0,2023,13,0,0,0,2024-03
502564,0.0,12,1.0,1,4.0,4.0,9.5,-5.5,6.7272727272727275,119.71333333333332,237.34000000000003,-0.49352465665296086,182.56909090909087,0.5535962540459907,29.92833333333333,3.3333333333333335,0,0.31,0.3372727272727273,2.0,0.5,1.6666666666666667,0.16666666666666674,0.3333333333333333,0.6363636363636364,0.0,0.0,0.0,0.0,1,40.0,M,Portland,Gold,1,Frozen Foods,Mainstream,2023-03-03,0,2023,12,1,0,0,2024-03
502565,0.0,8,0.875,0,3.0,2.6666666666666665,1.0,1.6666666666666665,2.375,138.63,48.62,1.813986295848448,120.685,0.6312439774157502,51.98625,2.0,0,0.31666666666666665,0.25,1.3333333333333333,-0.3333333333333335,2.0,1.0,0.0,0.5,0.0,0.0,0.0,0.0,0,48.0,F,Spokane,Gold,1,Personal Care,Upscale,2023-07-19,0,2023,8,1,0,0,2024-03
502566,0.0,2,1.0,0,6.0,4.5,,,4.5,145.255,,,145.255,0.5776079255297722,32.278888888888886,3.5,0,0.17,0.17,4.0,,3.0,,0.5,0.5,0.0,0.0,,0.0,0,32.0,F,Tulsa,Silver,1,Produce,Mainstream,2024-01-21,0,2024,2,1,0,0,2024-03
502567,1.0,4,0.75,0,0.0,3.3333333333333335,4.0,-0.6666666666666665,3.5,125.90666666666668,151.7,-0.16891508404278527,132.35500000000002,0.6793757533409137,37.772000000000006,1.0,1,0.32999999999999996,0.25666666666666665,1.3333333333333333,-0.6666666666666667,0.3333333333333333,0.3333333333333333,0.0,0.25,0.0,0.0,0.0,0.0,0,71.0,M,Denver,Silver,0,Produce,Value,2023-11-27,0,2023,4,1,0,0,2024-03
502568,0.0,15,0.9285714285714286,1,3.0,2.0,4.0,-2.0,3.7857142857142856,60.11,138.95666666666668,-0.5633648510253174,122.96357142857143,0.6963712764889466,30.055,1.5,0,0.44,0.37076923076923074,2.5,1.5,3.0,0.6666666666666665,0.5,0.7142857142857143,0.0,0.0,0.0,0.0,0,31.0,F,Boise,Silver,1,Beverages,Value,2022-08-07,0,2022,19,1,0,0,2024-03
502569,0.0,15,0.8,0,1.0,1.6666666666666667,4.333333333333333,-2.666666666666666,2.6,42.03,145.39666666666668,-0.7060725426353059,79.15466666666667,0.8766673018786719,25.218,0.6666666666666666,1,0.5449999999999999,0.35916666666666663,0.3333333333333333,-0.3333333333333333,0.6666666666666666,0.3333333333333333,1.3333333333333333,0.4666666666666667,1.0,1.0,1.0,1.0,1,63.0,F,Raleigh,Silver,0,Frozen Foods,Value,2022-01-05,0,2022,26,1,0,0,2024-03
502571,0.0,7,1.0,0,9.0,5.666666666666667,6.0,-0.33333333333333304,5.142857142857143,211.12666666666664,215.80000000000004,-0.021555965559655915,188.21714285714285,0.7152142343134876,37.25764705882352,2.6666666666666665,0,0.18666666666666665,0.2914285714285714,3.0,1.6666666666666667,1.3333333333333333,-0.6666666666666667,1.0,0.7142857142857143,0.0,0.0,0.0,0.0,0,55.0,M,Austin,Platinum,1,Frozen Foods,Mainstream,2023-08-12,0,2023,7,1,0,0,2024-03
502572,0.0,15,0.9285714285714286,1,1.0,4.0,3.0,1.0,3.2857142857142856,203.33666666666667,128.51,0.5777674825624792,158.78785714285715,0.6134901221432572,50.83416666666667,2.0,0,0.21,0.2715384615384615,1.3333333333333333,0.33333333333333326,1.6666666666666667,-1.3333333333333333,1.0,0.8571428571428571,2.0,3.0,1.0,1.0,1,44.0,M,Denver,Platinum,1,Snacks,Upscale,2021-05-20,0,2021,34,1,0,0,2024-03
502573,0.0,15,0.8,0,1.0,1.6666666666666667,2.0,-0.33333333333333326,2.066666666666667,56.39000000000001,63.406666666666666,-0.10894317358451494,74.69333333333334,0.7511360110146651,33.834,2.0,0,0.27,0.32749999999999996,0.6666666666666666,-0.33333333333333337,1.0,-1.0,1.0,0.6,1.0,2.0,0.0,0.0,0,57.0,M,Nashville,Silver,1,Frozen Foods,Value,2022-04-02,0,2022,23,1,0,0,2024-03
502574,11.0,15,0.2,0,0.0,0.0,0.0,0.0,0.4666666666666667,0.0,0.0,0.0,12.202666666666667,2.0796123748378332,,0.0,3,,0.35333333333333333,0.0,0.0,0.0,0.0,0.0,0.06666666666666667,0.0,0.0,0.0,0.0,1,68.0,M,Raleigh,Silver,1,Snacks,Mainstream,2021-06-29,0,2021,33,0,1,0,2024-03
502577,0.0,1,1.0,0,2.0,2.0,,,2.0,66.58,,,66.58,,33.29,2.0,0,0.3,0.3,5.0,,3.0,,0.0,0.0,0.0,0.0,,0.0,0,59.0,M,Austin,Silver,1,Beverages,Value,2024-02-23,0,2024,1,1,0,0,2024-03
502578,0.0,15,0.8,0,1.0,1.6666666666666667,1.0,0.6666666666666667,1.0,43.45333333333334,23.62,0.8055781207690227,25.198666666666668,0.6884643774826262,26.072000000000003,2.6666666666666665,0,0.42,0.2833333333333333,0.6666666666666666,-0.33333333333333337,0.3333333333333333,0.0,0.0,0.26666666666666666,1.0,3.0,-1.0,0.0,0,20.0,F,Boise,Silver,0,Frozen Foods,Mainstream,2021-11-11,0,2021,28,1,0,0,2024-03
502579,12.0,13,0.07692307692307693,0,0.0,0.0,0.0,0.0,0.23076923076923078,0.0,0.0,0.0,8.261538461538462,3.2162475663192063,,0.0,3,,0.38,0.0,0.0,0.0,0.0,0.0,0.0,0.0,0.0,0.0,0.0,0,49.0,M,Madison,Gold,1,Frozen Foods,Value,2023-02-28,0,2023,13,0,1,0,2024-03
502580,0.0,8,1.0,2,3.0,3.0,2.0,1.0,2.8333333333333335,49.68,28.755000000000003,0.7032431524113593,46.73833333333334,0.5664682825204701,16.56,3.3333333333333335,0,0.29333333333333333,0.2416666666666666,2.3333333333333335,1.3333333333333335,1.0,1.0,1.3333333333333333,0.8333333333333334,1.0,1.0,1.0,0.0,0,26.0,F,Boise,Silver,0,Produce,Upscale,2023-07-02,0,2023,8,1,0,0,2024-03
502582,0.0,15,0.9333333333333333,0,2.0,2.0,1.6666666666666667,0.33333333333333326,2.1333333333333333,67.66000000000001,50.35,0.3370983446932816,72.406,0.8005217926204669,33.830000000000005,1.3333333333333333,0,0.25666666666666665,0.3421428571428572,0.6666666666666666,-1.666666666666667,1.6666666666666667,-0.9999999999999998,0.0,0.4666666666666667,0.0,0.0,0.0,0.0,0,52.0,Other,Raleigh,Silver,1,Bakery,Mainstream,2022-02-07,0,2022,25,1,0,0,2024-03
502583,0.0,14,1.0,2,3.0,4.0,6.333333333333333,-2.333333333333333,4.916666666666667,156.29333333333332,223.5,-0.29936154417223465,181.91666666666666,0.41185146438861664,39.07333333333333,2.0,0,0.3633333333333333,0.325,1.6666666666666667,0.6666666666666667,0.6666666666666666,-0.33333333333333337,0.6666666666666666,0.75,1.0,2.0,0.0,1.0,1,54.0,F,Spokane,Gold,1,Dairy,Value,2022-11-26,0,2022,16,1,0,0,2024-03
502584,0.0,13,1.0,1,6.0,4.0,3.3333333333333335,0.6666666666666665,3.5833333333333335,103.73666666666666,92.27666666666666,0.12286030804416977,98.99333333333334,0.3497181746037328,25.934166666666666,2.0,0,0.4466666666666667,0.3475,4.666666666666667,0.666666666666667,0.6666666666666666,-0.6666666666666666,1.0,0.8333333333333334,0.0,1.0,-1.0,1.0,1,62.0,M,Boise,Silver,0,Household,Value,2023-02-14,0,2023,13,1,0,0,2024-03
502585,0.0,13,1.0,0,6.0,4.666666666666667,5.333333333333333,-0.6666666666666661,6.461538461538462,151.23,212.80666666666664,-0.2880016214025131,240.33076923076925,0.4978463221946283,32.40642857142857,2.0,0,0.38999999999999996,0.36769230769230765,2.0,-1.0,0.6666666666666666,0.0,0.3333333333333333,0.3076923076923077,0.0,1.0,-1.0,1.0,1,32.0,F,Portland,Gold,1,Bakery,Mainstream,2023-02-04,0,2023,13,1,0,0,2024-03
502586,7.0,11,0.36363636363636365,0,0.0,0.0,0.0,0.0,0.6363636363636364,0.0,0.0,0.0,11.771818181818183,1.513326830540562,,0.0,3,,0.3125,0.0,0.0,0.0,0.0,0.0,0.2727272727272727,0.0,0.0,0.0,0.0,1,45.0,Other,Austin,Silver,0,Beverages,Mainstream,2023-04-22,0,2023,11,0,1,0,2024-03
502587,6.0,13,0.45454545454545453,2,0.0,0.0,0.0,0.0,1.3636363636363635,0.0,0.0,0.0,40.123636363636365,1.3092150841483536,,0.0,3,,0.33199999999999996,0.0,0.0,0.0,0.0,0.0,0.18181818181818182,0.0,0.0,0.0,0.0,0,29.0,F,Nashville,Silver,1,Frozen Foods,Value,2023-02-13,0,2023,13,0,1,0,2024-03
502588,0.0,15,0.9333333333333333,0,5.0,4.666666666666667,6.666666666666667,-2.0,4.866666666666666,189.60666666666665,297.70666666666665,-0.36189349640673124,200.748,0.5950299511491646,40.629999999999995,4.333333333333333,0,0.2633333333333333,0.27999999999999997,1.6666666666666667,-0.33333333333333326,2.0,0.6666666666666667,0.0,0.3333333333333333,0.0,0.0,0.0,0.0,1,52.0,M,Madison,Gold,1,Household,Upscale,2022-10-09,0,2022,17,1,0,0,2024-03
502589,7.0,11,0.18181818181818182,0,0.0,0.0,0.0,0.0,0.18181818181818182,0.0,0.0,0.0,7.617272727272726,1.9731375600238215,,0.0,3,,0.265,0.0,0.0,0.0,0.0,0.0,0.2727272727272727,0.0,0.0,0.0,0.0,1,41.0,M,Columbus,Gold,1,Personal Care,Value,2023-04-17,0,2023,11,0,1,0,2024-03
502590,0.0,15,1.0,0,3.0,4.333333333333333,4.666666666666667,-0.3333333333333339,4.866666666666666,118.36,121.8,-0.028013029315960895,119.23866666666666,0.3344309664920348,27.313846153846153,2.0,0,0.43999999999999995,0.3440000000000001,2.6666666666666665,0.33333333333333304,2.3333333333333335,0.0,1.3333333333333333,0.4666666666666667,2.0,3.0,1.0,1.0,1,54.0,F,Spokane,Silver,1,Personal Care,Value,2022-08-21,0,2022,19,1,0,0,2024-03
502591,0.0,15,1.0,1,4.0,4.666666666666667,2.0,2.666666666666667,3.7857142857142856,117.62,59.076666666666675,0.9744770570937134,102.25214285714286,0.7152834772528338,25.204285714285714,2.3333333333333335,0,0.19666666666666666,0.34214285714285714,2.0,-0.6666666666666665,0.6666666666666666,-1.3333333333333335,1.3333333333333333,0.7142857142857143,0.0,1.0,-1.0,0.0,0,52.0,F,Raleigh,Silver,1,Personal Care,Upscale,2022-04-06,0,2022,23,1,0,0,2024-03
502592,0.0,15,1.0,1,4.0,2.6666666666666665,4.333333333333333,-1.6666666666666665,3.2857142857142856,144.27666666666667,219.3166666666667,-0.3406006505787125,176.57071428571433,0.5318395479682703,54.103750000000005,1.6666666666666667,0,0.2233333333333333,0.3235714285714285,1.3333333333333333,-2.0,1.3333333333333333,1.3333333333333333,1.0,0.5714285714285714,0.0,0.0,0.0,0.0,0,19.0,F,Spokane,Platinum,0,Personal Care,Value,2022-02-10,0,2022,25,1,0,0,2024-03
502594,0.0,15,1.0,1,6.0,3.5,5.0,-1.5,4.857142857142857,93.515,145.77666666666667,-0.35606249858061,148.82857142857142,0.5906720486091466,26.71857142857143,5.0,0,0.365,0.2564285714285714,2.5,-0.5,1.0,0.6666666666666667,1.0,0.8571428571428571,0.0,0.0,0.0,0.0,0,32.0,M,Madison,Silver,0,Dairy,Mainstream,2022-04-17,0,2022,23,1,0,0,2024-03
502595,8.0,11,0.2727272727272727,0,0.0,0.0,0.0,0.0,0.9090909090909091,0.0,0.0,0.0,24.16,2.247820398033264,,0.0,3,,0.36000000000000004,0.0,0.0,0.0,0.0,0.0,0.18181818181818182,0.0,0.0,0.0,0.0,1,39.0,M,Columbus,Silver,0,Beverages,Mainstream,2023-04-28,0,2023,11,0,1,0,2024-03
502596,0.0,15,1.0,0,2.0,4.333333333333333,7.333333333333333,-3.0,5.6,205.48000000000002,338.86333333333334,-0.39246167577163366,247.40199999999996,0.4514698570006486,47.41846153846154,1.0,0,0.2966666666666667,0.2846666666666667,2.6666666666666665,-0.3333333333333335,0.0,-0.6666666666666666,0.3333333333333333,0.6,0.0,0.0,0.0,0.0,1,74.0,M,Nashville,Gold,0,Bakery,Upscale,2022-03-01,0,2022,24,1,0,0,2024-03
502597,12.0,15,0.2,0,0.0,0.0,0.0,0.0,0.7333333333333333,0.0,0.0,0.0,20.804666666666666,2.0110718754010106,,0.0,3,,0.25333333333333335,0.0,0.0,0.0,0.0,0.0,0.06666666666666667,0.0,0.0,0.0,0.0,1,44.0,M,Austin,Silver,0,Beverages,Mainstream,2021-04-04,0,2021,35,0,1,0,2024-03
502598,0.0,13,1.0,1,4.0,4.0,2.3333333333333335,1.6666666666666665,3.8333333333333335,118.05499999999999,66.11666666666666,0.7738515023590763,111.325,0.48833285139901383,29.513749999999998,2.5,0,0.32,0.32083333333333336,2.0,-2.333333333333333,1.0,-1.3333333333333335,1.0,0.5,0.0,0.0,0.0,0.0,0,36.0,M,Spokane,Silver,1,Beverages,Upscale,2023-02-08,0,2023,13,1,0,0,2024-03
502599,0.0,3,1.0,0,9.0,8.666666666666666,,,8.666666666666666,245.06000000000003,,,245.06000000000003,0.18420799269245872,28.27615384615385,4.0,0,0.21333333333333335,0.21333333333333335,1.6666666666666667,,1.6666666666666667,,1.6666666666666667,1.6666666666666667,0.0,0.0,,0.0,0,66.0,F,Raleigh,Silver,1,Bakery,Value,2023-12-23,0,2023,3,1,0,0,2024-03
502600,9.0,15,0.3333333333333333,0,0.0,0.0,0.0,0.0,1.2,0.0,0.0,0.0,36.918,1.823046710810423,,0.0,3,,0.508,0.0,0.0,0.0,0.0,0.0,0.2,0.0,0.0,0.0,0.0,0,71.0,F,Raleigh,Silver,1,Produce,Mainstream,2022-03-02,0,2022,24,0,1,0,2024-03
