CUSTOMER_ID,CHURN_PROBABILITY,PREDICTED_CHURN,RISK_BAND,MEMBERSHIP_TIER,CITY,SIGNUP_YEAR,KEY_DRIVER_1,KEY_DRIVER_2,KEY_DRIVER_3,MEMBER_STATUS_AT_CUTOFF,ACTUAL_CHURNED
502190,0.9995,1,High,Gold,Austin,2021,"App sessions/month, last 3 mo = 0",Months since last purchase = 7,"Spend/month, last 3 mo = 0",Lapsed (no purchase Jan-Mar 2024),1
502215,0.9994,1,High,Gold,Austin,2021,"App sessions/month, last 3 mo = 0",Months since last purchase = 7,"Spend/month, last 3 mo = 0",Lapsed (no purchase Jan-Mar 2024),1
500951,0.9994,1,High,Gold,Columbus,2022,"App sessions/month, last 3 mo = 0",Months since last purchase = 9,"Spend/month, last 3 mo = 0",Lapsed (no purchase Jan-Mar 2024),1
502522,0.9994,1,High,Silver,Nashville,2023,"App sessions/month, last 3 mo = 0",Months since last purchase = 6,"Spend/month, last 3 mo = 0",Lapsed (no purchase Jan-Mar 2024),1
502108,0.9994,1,High,Platinum,Nashville,2021,"App sessions/month, last 3 mo = 0",Months since last purchase = 7,"Spend/month, last 3 mo = 0",Lapsed (no purchase Jan-Mar 2024),1
501807,0.9994,1,High,Gold,Columbus,2023,"App sessions/month, last 3 mo = 0","Transactions, last month = 0",Months since last purchase = 3,Lapsed (no purchase Jan-Mar 2024),1
501267,0.9993,1,High,Silver,Denver,2021,"App sessions/month, last 3 mo = 0",Months since last purchase = 6,"Spend/month, last 3 mo = 0",Lapsed (no purchase Jan-Mar 2024),1
502166,0.9993,1,High,Gold,Austin,2021,"App sessions/month, last 3 mo = 0",Months since last purchase = 11,"Spend/month, last 3 mo = 0",Lapsed (no purchase Jan-Mar 2024),1
501495,0.9993,1,High,Silver,Madison,2021,"App sessions/month, last 3 mo = 0",Months since last purchase = 8,"Spend/month, last 3 mo = 0",Lapsed (no purchase Jan-Mar 2024),1
500145,0.9993,1,High,Gold,Denver,2021,"App sessions/month, last 3 mo = 0",Months since last purchase = 7,"Spend/month, last 3 mo = 0",Lapsed (no purchase Jan-Mar 2024),1
501600,0.9993,1,High,Platinum,Columbus,2022,"App sessions/month, last 3 mo = 0",Months since last purchase = 7,"Spend/month, last 3 mo = 0",Lapsed (no purchase Jan-Mar 2024),1
501421,0.9993,1,High,Silver,Columbus,2022,"App sessions/month, last 3 mo = 0",Months since last purchase = 6,"Spend/month, last 3 mo = 0",Lapsed (no purchase Jan-Mar 2024),1
500680,0.9993,1,High,Platinum,Columbus,2021,"App sessions/month, last 3 mo = 0",Months since last purchase = 9,"Spend/month, last 3 mo = 0",Lapsed (no purchase Jan-Mar 2024),1
502587,0.9993,1,High,Silver,Nashville,2023,"App sessions/month, last 3 mo = 0",Months since last purchase = 6,"Spend/month, last 3 mo = 0",Lapsed (no purchase Jan-Mar 2024),1
500274,0.9993,1,High,Platinum,Columbus,2021,"App sessions/month, last 3 mo = 0",Months since last purchase = 7,"Spend/month, last 3 mo = 0",Lapsed (no purchase Jan-Mar 2024),1
501531,0.9993,1,High,Silver,Columbus,2022,"App sessions/month, last 3 mo = 0",Months since last purchase = 8,"Spend/month, last 3 mo = 0",Lapsed (no purchase Jan-Mar 2024),1
500124,0.9993,1,High,Gold,Nashville,2022,"App sessions/month, last 3 mo = 0",Months since last purchase = 7,"Spend/month, last 3 mo = 0",Lapsed (no purchase Jan-Mar 2024),1
502485,0.9993,1,High,Silver,Denver,2022,"App sessions/month, last 3 mo = 0",Months since last purchase = 6,"Spend/month, last 3 mo = 0",Lapsed (no purchase Jan-Mar 2024),1
501630,0.9993,1,High,Silver,Columbus,2021,"App sessions/month, last 3 mo = 0",Months since last purchase = 10,"Spend/month, last 3 mo = 0",Lapsed (no purchase Jan-Mar 2024),1
501868,0.9993,1,High,Silver,Denver,2022,"App sessions/month, last 3 mo = 0",Months since last purchase = 11,"Spend/month, last 3 mo = 0",Lapsed (no purchase Jan-Mar 2024),1
501525,0.9993,1,High,Gold,Denver,2021,"App sessions/month, last 3 mo = 0",Months since last purchase = 9,"Spend/month, last 3 mo = 0",Lapsed (no purchase Jan-Mar 2024),1
501062,0.9992,1,High,Silver,Denver,2021,"App sessions/month, last 3 mo = 0",Months since last purchase = 12,"Spend/month, last 3 mo = 0",Lapsed (no purchase Jan-Mar 2024),1
500047,0.9992,1,High,Gold,Raleigh,2021,"App sessions/month, last 3 mo = 0",Months since last purchase = 9,"Spend/month, last 3 mo = 0",Lapsed (no purchase Jan-Mar 2024),1
500977,0.9992,1,High,Silver,Tulsa,2023,"App sessions/month, last 3 mo = 0",Months since last purchase = 6,"Spend/month, last 3 mo = 0",Lapsed (no purchase Jan-Mar 2024),1
501621,0.9992,1,High,Silver,Columbus,2022,"App sessions/month, last 3 mo = 0",Months since last purchase = 14,"Spend/month, last 3 mo = 0",Lapsed (no purchase Jan-Mar 2024),1
500197,0.9992,1,High,Gold,Tulsa,2021,"App sessions/month, last 3 mo = 0",Months since last purchase = 11,"Spend/month, last 3 mo = 0",Lapsed (no purchase Jan-Mar 2024),1
500094,0.9992,1,High,Silver,Columbus,2022,"App sessions/month, last 3 mo = 0",Months since last purchase = 11,"Spend/month, last 3 mo = 0",Lapsed (no purchase Jan-Mar 2024),1
502168,0.9992,1,High,Platinum,Madison,2022,"App sessions/month, last 3 mo = 0",Months since last purchase = 10,"Spend/month, last 3 mo = 0",Lapsed (no purchase Jan-Mar 2024),1
502063,0.9992,1,High,Gold,Spokane,2023,"App sessions/month, last 3 mo = 0",Months since last purchase = 6,"Spend/month, last 3 mo = 0",Lapsed (no purchase Jan-Mar 2024),1
500045,0.9992,1,High,Silver,Columbus,2022,"App sessions/month, last 3 mo = 0",Months since last purchase = 9,"Spend/month, last 3 mo = 0",Lapsed (no purchase Jan-Mar 2024),1
500153,0.9992,1,High,Silver,Austin,2021,"App sessions/month, last 3 mo = 0",Months since last purchase = 8,"Spend/month, last 3 mo = 0",Lapsed (no purchase Jan-Mar 2024),1
501398,0.9992,1,High,Silver,Austin,2022,"App sessions/month, last 3 mo = 0",Months since last purchase = 13,"Spend/month, last 3 mo = 0",Lapsed (no purchase Jan-Mar 2024),1
501173,0.9992,1,High,Silver,Raleigh,2023,"App sessions/month, last 3 mo = 0",Months since last purchase = 9,"Spend/month, last 3 mo = 0",Lapsed (no purchase Jan-Mar 2024),1
500295,0.9992,1,High,Gold,Columbus,2022,"App sessions/month, last 3 mo = 0",Months since last purchase = 14,"Spend/month, last 3 mo = 0",Lapsed (no purchase Jan-Mar 2024),1
502185,0.9992,1,High,Silver,Spokane,2022,"App sessions/month, last 3 mo = 0",Months since last purchase = 8,"Spend/month, last 3 mo = 0",Lapsed (no purchase Jan-Mar 2024),1
502447,0.9992,1,High,Silver,Austin,2023,"App sessions/month, last 3 mo = 0",Months since last purchase = 8,"Spend/month, last 3 mo = 0",Lapsed (no purchase Jan-Mar 2024),1
501394,0.9992,1,High,Gold,Nashville,2022,"App sessions/month, last 3 mo = 0",Months since last purchase = 11,"Spend/month, last 3 mo = 0",Lapsed (no purchase Jan-Mar 2024),1
501001,0.9992,1,High,Silver,Austin,2021,"App sessions/month, last 3 mo = 0",Months since last purchase = 9,"Spend/month, last 3 mo = 0",Lapsed (no purchase Jan-Mar 2024),1
501691,0.9992,1,High,Silver,Columbus,2021,"App sessions/month, last 3 mo = 0",Months since last purchase = 11,"Spend/month, last 3 mo = 0",Lapsed (no purchase Jan-Mar 2024),1
500905,0.9991,1,High,Silver,Columbus,2023,"App sessions/month, last 3 mo = 0",Months since last purchase = 8,"Spend/month, last 3 mo = 0",Lapsed (no purchase Jan-Mar 2024),1
502107,0.9991,1,High,Silver,Denver,2022,"App sessions/month, last 3 mo = 0",Months since last purchase = 10,"Spend/month, last 3 mo = 0",Lapsed (no purchase Jan-Mar 2024),1
502267,0.9991,1,High,Gold,Boise,2022,"App sessions/month, last 3 mo = 0",Months since last purchase = 7,"Spend/month, last 3 mo = 0",Lapsed (no purchase Jan-Mar 2024),1
501272,0.9991,1,High,Platinum,Portland,2021,"App sessions/month, last 3 mo = 0",Months since last purchase = 8,"Spend/month, last 3 mo = 0",Lapsed (no purchase Jan-Mar 2024),1
502597,0.9991,1,High,Silver,Austin,2021,"App sessions/month, last 3 mo = 0",Months since last purchase = 12,"Spend/month, last 3 mo = 0",Lapsed (no purchase Jan-Mar 2024),1
501610,0.9991,1,High,Gold,Raleigh,2023,"App sessions/month, last 3 mo = 0",Months since last purchase = 9,"Spend/month, last 3 mo = 0",Lapsed (no purchase Jan-Mar 2024),1
500036,0.9991,1,High,Silver,Columbus,2023,"App sessions/month, last 3 mo = 0",Months since last purchase = 9,"Spend/month, last 3 mo = 0",Lapsed (no purchase Jan-Mar 2024),1
500377,0.9991,1,High,Silver,Tulsa,2021,"App sessions/month, last 3 mo = 0",Months since last purchase = 9,"Spend/month, last 3 mo = 0",Lapsed (no purchase Jan-Mar 2024),1
500236,0.9991,1,High,Silver,Raleigh,2023,"App sessions/month, last 3 mo = 0",Months since last purchase = 9,"Spend/month, last 3 mo = 0",Lapsed (no purchase Jan-Mar 2024),1
501636,0.9991,1,High,Silver,Spokane,2021,"App sessions/month, last 3 mo = 0",Months since last purchase = 11,"Spend/month, last 3 mo = 0",Lapsed (no purchase Jan-Mar 2024),1
501146,0.9991,1,High,Silver,Raleigh,2021,"App sessions/month, last 3 mo = 0",Months since last purchase = 10,"Spend/month, last 3 mo = 0",Lapsed (no purchase Jan-Mar 2024),1
502498,0.9991,1,High,Gold,Columbus,2021,"App sessions/month, last 3 mo = 0",Months since last purchase = 13,"Spend/month, last 3 mo = 0",Lapsed (no purchase Jan-Mar 2024),1
501744,0.9991,1,High,Silver,Denver,2021,"App sessions/month, last 3 mo = 0",Months since last purchase = 9,"Spend/month, last 3 mo = 0",Lapsed (no purchase Jan-Mar 2024),1
500756,0.9991,1,High,Silver,Columbus,2023,"App sessions/month, last 3 mo = 0",Months since last purchase = 10,"Spend/month, last 3 mo = 0",Lapsed (no purchase Jan-Mar 2024),1
500316,0.9991,1,High,Gold,Austin,2023,"App sessions/month, last 3 mo = 0",Months since last purchase = 9,"Spend/month, last 3 mo = 0",Lapsed (no purchase Jan-Mar 2024),1
500125,0.9991,1,High,Silver,Nashville,2022,"App sessions/month, last 3 mo = 0",Months since last purchase = 6,"Spend/month, last 3 mo = 0",Lapsed (no purchase Jan-Mar 2024),1
501615,0.9991,1,High,Gold,Denver,2021,"App sessions/month, last 3 mo = 0",Months since last purchase = 8,"Spend/month, last 3 mo = 0",Lapsed (no purchase Jan-Mar 2024),1
502059,0.9991,1,High,Platinum,Raleigh,2022,"App sessions/month, last 3 mo = 0",Months since last purchase = 6,"Transactions, last month = 0",Lapsed (no purchase Jan-Mar 2024),1
500611,0.9991,1,High,Gold,Austin,2021,"App sessions/month, last 3 mo = 0",Months since last purchase = 11,"Spend/month, last 3 mo = 0",Lapsed (no purchase Jan-Mar 2024),1
500501,0.9991,1,High,Gold,Raleigh,2022,"App sessions/month, last 3 mo = 0",Months since last purchase = 7,"Spend/month, last 3 mo = 0",Lapsed (no purchase Jan-Mar 2024),1
502093,0.9991,1,High,Silver,Austin,2023,"App sessions/month, last 3 mo = 0",Months since last purchase = 8,"Spend/month, last 3 mo = 0",Lapsed (no purchase Jan-Mar 2024),1
502345,0.9991,1,High,Gold,Columbus,2023,"App sessions/month, last 3 mo = 0",Months since last purchase = 8,"Spend/month, last 3 mo = 0",Lapsed (no purchase Jan-Mar 2024),1
501612,0.9991,1,High,Platinum,Madison,2022,"App sessions/month, last 3 mo = 0",Months since last purchase = 6,"Spend/month, last 3 mo = 0",Lapsed (no purchase Jan-Mar 2024),1
502433,0.9991,1,High,Silver,Denver,2022,"App sessions/month, last 3 mo = 0",Months since last purchase = 10,"Spend/month, last 3 mo = 0",Lapsed (no purchase Jan-Mar 2024),1
500641,0.9991,1,High,Gold,Boise,2021,"App sessions/month, last 3 mo = 0",Months since last purchase = 12,"Spend/month, last 3 mo = 0",Lapsed (no purchase Jan-Mar 2024),1
500107,0.9991,1,High,Silver,Portland,2021,"App sessions/month, last 3 mo = 0",Months since last purchase = 11,"Spend/month, last 3 mo = 0",Lapsed (no purchase Jan-Mar 2024),1
500418,0.9991,1,High,Silver,Raleigh,2021,"App sessions/month, last 3 mo = 0",Months since last purchase = 8,"Spend/month, last 3 mo = 0",Lapsed (no purchase Jan-Mar 2024),1
501249,0.9991,1,High,Silver,Austin,2021,"App sessions/month, last 3 mo = 0",Months since last purchase = 7,"Spend/month, last 3 mo = 0",Lapsed (no purchase Jan-Mar 2024),1
501983,0.9991,1,High,Silver,Raleigh,2023,"App sessions/month, last 3 mo = 0",Months since last purchase = 7,"Spend/month, last 3 mo = 0",Lapsed (no purchase Jan-Mar 2024),1
502191,0.9991,1,High,Silver,Denver,2021,"App sessions/month, last 3 mo = 0",Months since last purchase = 11,"Spend/month, last 3 mo = 0",Lapsed (no purchase Jan-Mar 2024),1
500302,0.9991,1,High,Silver,Austin,2023,"App sessions/month, last 3 mo = 0",Months since last purchase = 4,"Transactions, last month = 0",Lapsed (no purchase Jan-Mar 2024),1
500017,0.9991,1,High,Silver,Austin,2022,"App sessions/month, last 3 mo = 0",Months since last purchase = 13,"Spend/month, last 3 mo = 0",Lapsed (no purchase Jan-Mar 2024),1
502224,0.9991,1,High,Platinum,Columbus,2022,"App sessions/month, last 3 mo = 0",Months since last purchase = 12,"Spend/month, last 3 mo = 0",Lapsed (no purchase Jan-Mar 2024),1
501039,0.9991,1,High,Silver,Denver,2023,"App sessions/month, last 3 mo = 0",Months since last purchase = 5,"Transactions, last month = 0",Lapsed (no purchase Jan-Mar 2024),1
501052,0.9991,1,High,Silver,Raleigh,2021,"App sessions/month, last 3 mo = 0",Months since last purchase = 7,"Spend/month, last 3 mo = 0",Lapsed (no purchase Jan-Mar 2024),1
502479,0.9991,1,High,Gold,Austin,2021,"App sessions/month, last 3 mo = 0",Months since last purchase = 10,"Spend/month, last 3 mo = 0",Lapsed (no purchase Jan-Mar 2024),1
500099,0.9991,1,High,Silver,Madison,2023,"App sessions/month, last 3 mo = 0",Months since last purchase = 4,"Spend/month, last 3 mo = 0",Lapsed (no purchase Jan-Mar 2024),1
500084,0.9991,1,High,Silver,Spokane,2021,"App sessions/month, last 3 mo = 0","Transactions, last month = 0",Months since last purchase = 3,Lapsed (no purchase Jan-Mar 2024),1
502252,0.9991,1,High,Gold,Nashville,2021,"App sessions/month, last 3 mo = 0",Months since last purchase = 12,"Spend/month, last 3 mo = 0",Lapsed (no purchase Jan-Mar 2024),1
500284,0.9991,1,High,Silver,Raleigh,2021,"App sessions/month, last 3 mo = 0",Months since last purchase = 11,"Spend/month, last 3 mo = 0",Lapsed (no purchase Jan-Mar 2024),1
502104,0.9991,1,High,Gold,Columbus,2022,"App sessions/month, last 3 mo = 0",Months since last purchase = 7,"Spend/month, last 3 mo = 0",Lapsed (no purchase Jan-Mar 2024),1
502508,0.9991,1,High,Silver,Tulsa,2021,"App sessions/month, last 3 mo = 0",Months since last purchase = 8,"Spend/month, last 3 mo = 0",Lapsed (no purchase Jan-Mar 2024),1
502595,0.9991,1,High,Silver,Columbus,2023,"App sessions/month, last 3 mo = 0",Months since last purchase = 8,"Spend/month, last 3 mo = 0",Lapsed (no purchase Jan-Mar 2024),1
502001,0.9991,1,High,Silver,Madison,2022,"App sessions/month, last 3 mo = 0",Months since last purchase = 12,"Spend/month, last 3 mo = 0",Lapsed (no purchase Jan-Mar 2024),1
501175,0.999,1,High,Gold,Austin,2022,"App sessions/month, last 3 mo = 0",Months since last purchase = 12,"Spend/month, last 3 mo = 0",Lapsed (no purchase Jan-Mar 2024),1
501755,0.999,1,High,Platinum,Columbus,2023,"App sessions/month, last 3 mo = 0",Months since last purchase = 3,"Spend/month, last 3 mo = 0",Lapsed (no purchase Jan-Mar 2024),1
501190,0.999,1,High,Gold,Tulsa,2021,"App sessions/month, last 3 mo = 0",Months since last purchase = 6,"Spend/month, last 3 mo = 0",Lapsed (no purchase Jan-Mar 2024),1
501268,0.999,1,High,Platinum,Tulsa,2021,"App sessions/month, last 3 mo = 0",Months since last purchase = 8,"Spend/month, last 3 mo = 0",Lapsed (no purchase Jan-Mar 2024),1
501099,0.999,1,High,Gold,Austin,2021,"App sessions/month, last 3 mo = 0",Months since last purchase = 10,"Spend/month, last 3 mo = 0",Lapsed (no purchase Jan-Mar 2024),1
501358,0.999,1,High,Gold,Denver,2022,"App sessions/month, last 3 mo = 0",Months since last purchase = 14,"Spend/month, last 3 mo = 0",Lapsed (no purchase Jan-Mar 2024),1
501838,0.999,1,High,Platinum,Denver,2022,"App sessions/month, last 3 mo = 0",Months since last purchase = 10,"Spend/month, last 3 mo = 0",Lapsed (no purchase Jan-Mar 2024),1
501614,0.999,1,High,Silver,Tulsa,2022,"App sessions/month, last 3 mo = 0",Months since last purchase = 9,"Spend/month, last 3 mo = 0",Lapsed (no purchase Jan-Mar 2024),1
500779,0.999,1,High,Silver,Austin,2022,"App sessions/month, last 3 mo = 0",Months since last purchase = 10,"Spend/month, last 3 mo = 0",Lapsed (no purchase Jan-Mar 2024),1
502187,0.999,1,High,Silver,Austin,2023,"App sessions/month, last 3 mo = 0",Months since last purchase = 5,"Spend/month, last 3 mo = 0",Lapsed (no purchase Jan-Mar 2024),1
501262,0.999,1,High,Silver,Denver,2022,"App sessions/month, last 3 mo = 0",Months since last purchase = 7,"Spend/month, last 3 mo = 0",Lapsed (no purchase Jan-Mar 2024),1
502055,0.999,1,High,Silver,Tulsa,2022,"App sessions/month, last 3 mo = 0",Months since last purchase = 10,"Spend/month, last 3 mo = 0",Lapsed (no purchase Jan-Mar 2024),1
501530,0.999,1,High,Gold,Columbus,2021,"App sessions/month, last 3 mo = 0",Months since last purchase = 14,"Spend/month, last 3 mo = 0",Lapsed (no purchase Jan-Mar 2024),1
502027,0.999,1,High,Silver,Austin,2023,"App sessions/month, last 3 mo = 0",Months since last purchase = 7,"Spend/month, last 3 mo = 0",Lapsed (no purchase Jan-Mar 2024),1
502167,0.999,1,High,Gold,Austin,2023,"App sessions/month, last 3 mo = 0",Months since last purchase = 8,"Spend/month, last 3 mo = 0",Lapsed (no purchase Jan-Mar 2024),1
500079,0.999,1,High,Silver,Spokane,2023,"App sessions/month, last 3 mo = 0",Months since last purchase = 4,"Spend/month, last 3 mo = 0",Lapsed (no purchase Jan-Mar 2024),1
501871,0.999,1,High,Platinum,Spokane,2022,"App sessions/month, last 3 mo = 0",Months since last purchase = 11,"Spend/month, last 3 mo = 0",Lapsed (no purchase Jan-Mar 2024),1
501947,0.999,1,High,Silver,Spokane,2023,"App sessions/month, last 3 mo = 0",Months since last purchase = 4,"Spend/month, last 3 mo = 0",Lapsed (no purchase Jan-Mar 2024),1
502375,0.999,1,High,Silver,Madison,2021,"App sessions/month, last 3 mo = 0",Months since last purchase = 10,"Spend/month, last 3 mo = 0",Lapsed (no purchase Jan-Mar 2024),1
502443,0.999,1,High,Gold,Tulsa,2021,"App sessions/month, last 3 mo = 0",Months since last purchase = 11,"Spend/month, last 3 mo = 0",Lapsed (no purchase Jan-Mar 2024),1
501451,0.999,1,High,Silver,Boise,2021,"App sessions/month, last 3 mo = 0",Months since last purchase = 11,"Spend/month, last 3 mo = 0",Lapsed (no purchase Jan-Mar 2024),1
501168,0.999,1,High,Silver,Raleigh,2023,"App sessions/month, last 3 mo = 0",Months since last purchase = 6,"Spend/month, last 3 mo = 0",Lapsed (no purchase Jan-Mar 2024),1
500272,0.999,1,High,Platinum,Nashville,2023,"App sessions/month, last 3 mo = 0",Months since last purchase = 7,"Spend/month, last 3 mo = 0",Lapsed (no purchase Jan-Mar 2024),1
500887,0.999,1,High,Gold,Denver,2022,"App sessions/month, last 3 mo = 0",Months since last purchase = 8,"Spend/month, last 3 mo = 0",Lapsed (no purchase Jan-Mar 2024),1
500739,0.999,1,High,Silver,Austin,2022,"App sessions/month, last 3 mo = 0",Months since last purchase = 9,"Spend/month, last 3 mo = 0",Lapsed (no purchase Jan-Mar 2024),1
500581,0.999,1,High,Gold,Tulsa,2022,"App sessions/month, last 3 mo = 0",Months since last purchase = 10,"Spend/month, last 3 mo = 0",Lapsed (no purchase Jan-Mar 2024),1
500225,0.999,1,High,Gold,Denver,2022,"App sessions/month, last 3 mo = 0",Months since last purchase = 11,"Spend/month, last 3 mo = 0",Lapsed (no purchase Jan-Mar 2024),1
500987,0.999,1,High,Gold,Madison,2021,"App sessions/month, last 3 mo = 0",Months since last purchase = 11,"Spend/month, last 3 mo = 0",Lapsed (no purchase Jan-Mar 2024),1
500928,0.999,1,High,Silver,Tulsa,2022,"App sessions/month, last 3 mo = 0",Months since last purchase = 11,"Spend/month, last 3 mo = 0",Lapsed (no purchase Jan-Mar 2024),1
501196,0.999,1,High,Gold,Columbus,2022,"App sessions/month, last 3 mo = 0",Months since last purchase = 9,"Spend/month, last 3 mo = 0",Lapsed (no purchase Jan-Mar 2024),1
502589,0.999,1,High,Gold,Columbus,2023,"App sessions/month, last 3 mo = 0",Months since last purchase = 7,"Spend/month, last 3 mo = 0",Lapsed (no purchase Jan-Mar 2024),1
501953,0.999,1,High,Silver,Nashville,2021,"App sessions/month, last 3 mo = 0",Months since last purchase = 12,"Spend/month, last 3 mo = 0",Lapsed (no purchase Jan-Mar 2024),1
500669,0.999,1,High,Gold,Tulsa,2023,"App sessions/month, last 3 mo = 0",Months since last purchase = 4,"Spend/month, last 3 mo = 0",Lapsed (no purchase Jan-Mar 2024),1
501981,0.999,1,High,Silver,Madison,2021,"App sessions/month, last 3 mo = 0",Months since last purchase = 9,"Spend/month, last 3 mo = 0",Lapsed (no purchase Jan-Mar 2024),1
501765,0.999,1,High,Silver,Boise,2023,"App sessions/month, last 3 mo = 0",Months since last purchase = 8,"Spend/month, last 3 mo = 0",Lapsed (no purchase Jan-Mar 2024),1
500281,0.999,1,High,Silver,Boise,2021,"App sessions/month, last 3 mo = 0",Months since last purchase = 11,"Spend/month, last 3 mo = 0",Lapsed (no purchase Jan-Mar 2024),1
501171,0.999,1,High,Silver,Columbus,2022,"App sessions/month, last 3 mo = 0",Months since last purchase = 11,"Spend/month, last 3 mo = 0",Lapsed (no purchase Jan-Mar 2024),1
500813,0.999,1,High,Silver,Raleigh,2021,"App sessions/month, last 3 mo = 0",Months since last purchase = 12,"Spend/month, last 3 mo = 0",Lapsed (no purchase Jan-Mar 2024),1
502125,0.999,1,High,Silver,Raleigh,2023,"App sessions/month, last 3 mo = 0","Spend/month, last 3 mo = 0","Transactions, last month = 0",Lapsed (no purchase Jan-Mar 2024),1
501515,0.999,1,High,Silver,Columbus,2021,"App sessions/month, last 3 mo = 0",Months since last purchase = 7,"Spend/month, last 3 mo = 0",Lapsed (no purchase Jan-Mar 2024),1
502221,0.999,1,High,Gold,Tulsa,2022,"App sessions/month, last 3 mo = 0",Months since last purchase = 14,"Spend/month, last 3 mo = 0",Lapsed (no purchase Jan-Mar 2024),1
502451,0.999,1,High,Silver,Columbus,2022,"App sessions/month, last 3 mo = 0",Months since last purchase = 13,"Spend/month, last 3 mo = 0",Lapsed (no purchase Jan-Mar 2024),1
500461,0.999,1,High,Silver,Nashville,2022,"App sessions/month, last 3 mo = 0",Months since last purchase = 7,"Spend/month, last 3 mo = 0",Lapsed (no purchase Jan-Mar 2024),1
500834,0.999,1,High,Silver,Austin,2022,"App sessions/month, last 3 mo = 0",Months since last purchase = 7,"Spend/month, last 3 mo = 0",Lapsed (no purchase Jan-Mar 2024),1
502396,0.999,1,High,Silver,Raleigh,2022,"App sessions/month, last 3 mo = 0",Months since last purchase = 10,"Spend/month, last 3 mo = 0",Lapsed (no purchase Jan-Mar 2024),1
501265,0.999,1,High,Gold,Tulsa,2023,"App sessions/month, last 3 mo = 0",Months since last purchase = 10,"Spend/month, last 3 mo = 0",Lapsed (no purchase Jan-Mar 2024),1
500659,0.999,1,High,Silver,Columbus,2023,"App sessions/month, last 3 mo = 0",Months since last purchase = 10,"Spend/month, last 3 mo = 0",Lapsed (no purchase Jan-Mar 2024),1
501578,0.999,1,High,Gold,Raleigh,2023,"App sessions/month, last 3 mo = 0",Months since last purchase = 3,"Spend/month, last 3 mo = 0",Lapsed (no purchase Jan-Mar 2024),1
501972,0.999,1,High,Silver,Spokane,2023,"App sessions/month, last 3 mo = 0",Months since last purchase = 6,"Spend/month, last 3 mo = 0",Lapsed (no purchase Jan-Mar 2024),1
500683,0.999,1,High,Gold,Austin,2021,"App sessions/month, last 3 mo = 0",Months since last purchase = 14,"Spend/month, last 3 mo = 0",Lapsed (no purchase Jan-Mar 2024),1
500690,0.999,1,High,Silver,Denver,2023,"App sessions/month, last 3 mo = 0",Months since last purchase = 5,"Transactions, last month = 0",Lapsed (no purchase Jan-Mar 2024),1
501978,0.999,1,High,Silver,Spokane,2021,"App sessions/month, last 3 mo = 0",Months since last purchase = 5,"Transactions, last month = 0",Lapsed (no purchase Jan-Mar 2024),1
502284,0.999,1,High,Platinum,Denver,2023,"App sessions/month, last 3 mo = 0",Months since last purchase = 3,"Spend/month, last 3 mo = 0",Lapsed (no purchase Jan-Mar 2024),1
502333,0.9989,1,High,Silver,Spokane,2023,"App sessions/month, last 3 mo = 0",Months since last purchase = 6,"Spend/month, last 3 mo = 0",Lapsed (no purchase Jan-Mar 2024),1
501622,0.9989,1,High,Gold,Boise,2021,"App sessions/month, last 3 mo = 0",Months since last purchase = 11,"Spend/month, last 3 mo = 0",Lapsed (no purchase Jan-Mar 2024),1
501783,0.9989,1,High,Gold,Nashville,2021,"App sessions/month, last 3 mo = 0",Months since last purchase = 8,"Spend/month, last 3 mo = 0",Lapsed (no purchase Jan-Mar 2024),1
501891,0.9989,1,High,Platinum,Portland,2022,"App sessions/month, last 3 mo = 0",Months since last purchase = 10,"Spend/month, last 3 mo = 0",Lapsed (no purchase Jan-Mar 2024),1
500878,0.9989,1,High,Gold,Madison,2022,"App sessions/month, last 3 mo = 0",Months since last purchase = 13,"Spend/month, last 3 mo = 0",Lapsed (no purchase Jan-Mar 2024),1
500603,0.9989,1,High,Silver,Nashville,2023,"App sessions/month, last 3 mo = 0",Months since last purchase = 7,"Spend/month, last 3 mo = 0",Lapsed (no purchase Jan-Mar 2024),1
501910,0.9989,1,High,Silver,Austin,2021,"App sessions/month, last 3 mo = 0",Months since last purchase = 12,"Spend/month, last 3 mo = 0",Lapsed (no purchase Jan-Mar 2024),1
502174,0.9989,1,High,Gold,Columbus,2021,"App sessions/month, last 3 mo = 0",Months since last purchase = 11,"Spend/month, last 3 mo = 0",Lapsed (no purchase Jan-Mar 2024),1
500983,0.9989,1,High,Silver,Spokane,2023,"App sessions/month, last 3 mo = 0",Months since last purchase = 11,"Spend/month, last 3 mo = 0",Lapsed (no purchase Jan-Mar 2024),1
502554,0.9989,1,High,Silver,Columbus,2022,"App sessions/month, last 3 mo = 0",Months since last purchase = 8,"Spend/month, last 3 mo = 0",Lapsed (no purchase Jan-Mar 2024),1
502113,0.9989,1,High,Silver,Denver,2022,"App sessions/month, last 3 mo = 0",Months since last purchase = 8,"Spend/month, last 3 mo = 0",Lapsed (no purchase Jan-Mar 2024),1
500444,0.9989,1,High,Silver,Portland,2021,"App sessions/month, last 3 mo = 0",Months since last purchase = 12,"Spend/month, last 3 mo = 0",Lapsed (no purchase Jan-Mar 2024),1
501112,0.9989,1,High,Silver,Portland,2022,"App sessions/month, last 3 mo = 0",Months since last purchase = 10,"Spend/month, last 3 mo = 0",Lapsed (no purchase Jan-Mar 2024),1
501521,0.9989,1,High,Silver,Boise,2022,"App sessions/month, last 3 mo = 0",Months since last purchase = 7,"Spend/month, last 3 mo = 0",Lapsed (no purchase Jan-Mar 2024),1
500897,0.9989,1,High,Silver,Columbus,2021,"App sessions/month, last 3 mo = 0",Months since last purchase = 7,"Spend/month, last 3 mo = 0",Lapsed (no purchase Jan-Mar 2024),1
501385,0.9989,1,High,Silver,Tulsa,2022,"App sessions/month, last 3 mo = 0",Months since last purchase = 10,"Spend/month, last 3 mo = 0",Lapsed (no purchase Jan-Mar 2024),1
501034,0.9989,1,High,Gold,Nashville,2021,"App sessions/month, last 3 mo = 0",Months since last purchase = 11,"Spend/month, last 3 mo = 0",Lapsed (no purchase Jan-Mar 2024),1
502097,0.9989,1,High,Silver,Spokane,2021,"App sessions/month, last 3 mo = 0",Months since last purchase = 6,"Spend/month, last 3 mo = 0",Lapsed (no purchase Jan-Mar 2024),1
500406,0.9989,1,High,Silver,Boise,2022,"App sessions/month, last 3 mo = 0",Months since last purchase = 13,"Spend/month, last 3 mo = 0",Lapsed (no purchase Jan-Mar 2024),1
502111,0.9989,1,High,Platinum,Boise,2022,"App sessions/month, last 3 mo = 0",Months since last purchase = 9,"Spend/month, last 3 mo = 0",Lapsed (no purchase Jan-Mar 2024),1
501506,0.9989,1,High,Silver,Tulsa,2021,"App sessions/month, last 3 mo = 0",Months since last purchase = 13,"Spend/month, last 3 mo = 0",Lapsed (no purchase Jan-Mar 2024),1
501961,0.9989,1,High,Silver,Raleigh,2021,"App sessions/month, last 3 mo = 0",Months since last purchase = 10,"Spend/month, last 3 mo = 0",Lapsed (no purchase Jan-Mar 2024),1
501811,0.9989,1,High,Gold,Madison,2022,"App sessions/month, last 3 mo = 0",Months since last purchase = 13,"Spend/month, last 3 mo = 0",Lapsed (no purchase Jan-Mar 2024),1
500395,0.9989,1,High,Silver,Boise,2022,"App sessions/month, last 3 mo = 0",Months since last purchase = 6,"Spend/month, last 3 mo = 0",Lapsed (no purchase Jan-Mar 2024),1
500653,0.9989,1,High,Silver,Portland,2021,"App sessions/month, last 3 mo = 0",Months since last purchase = 14,"Spend/month, last 3 mo = 0",Lapsed (no purchase Jan-Mar 2024),1
502009,0.9989,1,High,Silver,Raleigh,2022,"App sessions/month, last 3 mo = 0",Months since last purchase = 9,"Spend/month, last 3 mo = 0",Lapsed (no purchase Jan-Mar 2024),1
501097,0.9989,1,High,Silver,Spokane,2023,"App sessions/month, last 3 mo = 0",Months since last purchase = 7,"Spend/month, last 3 mo = 0",Lapsed (no purchase Jan-Mar 2024),1
502229,0.9989,1,High,Gold,Austin,2022,"App sessions/month, last 3 mo = 0",Months since last purchase = 8,"Spend/month, last 3 mo = 0",Lapsed (no purchase Jan-Mar 2024),1
500514,0.9989,1,High,Gold,Nashville,2021,"App sessions/month, last 3 mo = 0",Months since last purchase = 10,"Spend/month, last 3 mo = 0",Lapsed (no purchase Jan-Mar 2024),1
501185,0.9989,1,High,Gold,Raleigh,2022,"App sessions/month, last 3 mo = 0",Months since last purchase = 12,"Spend/month, last 3 mo = 0",Lapsed (no purchase Jan-Mar 2024),1
500217,0.9989,1,High,Gold,Columbus,2023,"App sessions/month, last 3 mo = 0",Months since last purchase = 3,"Spend/month, last 3 mo = 0",Lapsed (no purchase Jan-Mar 2024),1
502232,0.9989,1,High,Silver,Madison,2023,"App sessions/month, last 3 mo = 0",Months since last purchase = 9,"Spend/month, last 3 mo = 0",Lapsed (no purchase Jan-Mar 2024),1
501297,0.9989,1,High,Silver,Madison,2021,"App sessions/month, last 3 mo = 0",Months since last purchase = 12,"Spend/month, last 3 mo = 0",Lapsed (no purchase Jan-Mar 2024),1
502247,0.9989,1,High,Platinum,Spokane,2022,"App sessions/month, last 3 mo = 0",Months since last purchase = 10,"Spend/month, last 3 mo = 0",Lapsed (no purchase Jan-Mar 2024),1
501656,0.9989,1,High,Gold,Boise,2022,"App sessions/month, last 3 mo = 0",Months since last purchase = 8,"Spend/month, last 3 mo = 0",Lapsed (no purchase Jan-Mar 2024),1
502037,0.9989,1,High,Gold,Tulsa,2022,"App sessions/month, last 3 mo = 0",Months since last purchase = 14,"Spend/month, last 3 mo = 0",Lapsed (no purchase Jan-Mar 2024),1
502070,0.9989,1,High,Platinum,Austin,2023,"App sessions/month, last 3 mo = 0","Transactions, last month = 0","Spend/month, last 3 mo = 0",Lapsed (no purchase Jan-Mar 2024),1
500936,0.9988,1,High,Silver,Nashville,2022,"App sessions/month, last 3 mo = 0",Months since last purchase = 14,"Spend/month, last 3 mo = 0",Lapsed (no purchase Jan-Mar 2024),1
500196,0.9988,1,High,Silver,Raleigh,2022,"App sessions/month, last 3 mo = 0",Months since last purchase = 7,"Spend/month, last 3 mo = 0",Lapsed (no purchase Jan-Mar 2024),1
500362,0.9988,1,High,Gold,Portland,2021,"App sessions/month, last 3 mo = 0",Months since last purchase = 13,"Spend/month, last 3 mo = 0",Lapsed (no purchase Jan-Mar 2024),1
500970,0.9988,1,High,Platinum,Madison,2022,"App sessions/month, last 3 mo = 0",Months since last purchase = 10,"Spend/month, last 3 mo = 0",Lapsed (no purchase Jan-Mar 2024),1
501377,0.9988,1,High,Silver,Nashville,2022,"App sessions/month, last 3 mo = 0",Months since last purchase = 8,"Spend/month, last 3 mo = 0",Lapsed (no purchase Jan-Mar 2024),1
500152,0.9988,1,High,Gold,Nashville,2021,"App sessions/month, last 3 mo = 0",Months since last purchase = 6,"Spend/month, last 3 mo = 0",Lapsed (no purchase Jan-Mar 2024),1
502246,0.9988,1,High,Platinum,Tulsa,2021,"App sessions/month, last 3 mo = 0",Months since last purchase = 8,"Spend/month, last 3 mo = 0",Lapsed (no purchase Jan-Mar 2024),1
502131,0.9988,1,High,Platinum,Denver,2023,"App sessions/month, last 3 mo = 0",Months since last purchase = 4,"Spend/month, last 3 mo = 0",Lapsed (no purchase Jan-Mar 2024),1
502540,0.9988,1,High,Silver,Boise,2022,"App sessions/month, last 3 mo = 0",Months since last purchase = 8,"Spend/month, last 3 mo = 0",Lapsed (no purchase Jan-Mar 2024),1
502256,0.9988,1,High,Silver,Madison,2021,"App sessions/month, last 3 mo = 0","Transactions, last month = 0",Months since last purchase = 4,Lapsed (no purchase Jan-Mar 2024),1
502526,0.9988,1,High,Silver,Nashville,2023,"App sessions/month, last 3 mo = 0",Months since last purchase = 8,"Spend/month, last 3 mo = 0",Lapsed (no purchase Jan-Mar 2024),1
500207,0.9988,1,High,Gold,Tulsa,2021,"App sessions/month, last 3 mo = 0",Months since last purchase = 8,"Spend/month, last 3 mo = 0",Lapsed (no purchase Jan-Mar 2024),1
500244,0.9988,1,High,Silver,Denver,2021,"App sessions/month, last 3 mo = 0",Months since last purchase = 13,"Spend/month, last 3 mo = 0",Lapsed (no purchase Jan-Mar 2024),1
502202,0.9988,1,High,Silver,Boise,2022,"App sessions/month, last 3 mo = 0",Months since last purchase = 12,"Spend/month, last 3 mo = 0",Lapsed (no purchase Jan-Mar 2024),1
501126,0.9988,1,High,Silver,Boise,2023,"App sessions/month, last 3 mo = 0",Months since last purchase = 8,"Spend/month, last 3 mo = 0",Lapsed (no purchase Jan-Mar 2024),1
500725,0.9988,1,High,Silver,Denver,2022,"App sessions/month, last 3 mo = 0",Months since last purchase = 11,"Spend/month, last 3 mo = 0",Lapsed (no purchase Jan-Mar 2024),1
501681,0.9988,1,High,Gold,Boise,2022,"App sessions/month, last 3 mo = 0",Months since last purchase = 14,"Spend/month, last 3 mo = 0",Lapsed (no purchase Jan-Mar 2024),1
501643,0.9988,1,High,Platinum,Columbus,2021,"App sessions/month, last 3 mo = 0",Months since last purchase = 12,"Spend/month, last 3 mo = 0",Lapsed (no purchase Jan-Mar 2024),1
502586,0.9988,1,High,Silver,Austin,2023,"App sessions/month, last 3 mo = 0",Months since last purchase = 7,"Spend/month, last 3 mo = 0",Lapsed (no purchase Jan-Mar 2024),1
501091,0.9988,1,High,Silver,Nashville,2021,"App sessions/month, last 3 mo = 0",Months since last purchase = 8,"Spend/month, last 3 mo = 0",Lapsed (no purchase Jan-Mar 2024),1
502268,0.9988,1,High,Gold,Nashville,2021,"App sessions/month, last 3 mo = 0",Months since last purchase = 12,"Spend/month, last 3 mo = 0",Lapsed (no purchase Jan-Mar 2024),1
500034,0.9988,1,High,Gold,Madison,2021,"App sessions/month, last 3 mo = 0",Months since last purchase = 12,"Spend/month, last 3 mo = 0",Lapsed (no purchase Jan-Mar 2024),1
502453,0.9988,1,High,Silver,Spokane,2022,"App sessions/month, last 3 mo = 0",Months since last purchase = 12,"Spend/month, last 3 mo = 0",Lapsed (no purchase Jan-Mar 2024),1
501737,0.9988,1,High,Platinum,Austin,2023,"App sessions/month, last 3 mo = 0",Months since last purchase = 5,"Transactions, last month = 0",Lapsed (no purchase Jan-Mar 2024),1
502579,0.9988,1,High,Gold,Madison,2023,"App sessions/month, last 3 mo = 0",Months since last purchase = 12,"Spend/month, last 3 mo = 0",Lapsed (no purchase Jan-Mar 2024),1
500151,0.9988,1,High,Gold,Tulsa,2022,"App sessions/month, last 3 mo = 0",Months since last purchase = 7,"Spend/month, last 3 mo = 0",Lapsed (no purchase Jan-Mar 2024),1
502197,0.9988,1,High,Platinum,Raleigh,2021,"App sessions/month, last 3 mo = 0","Transactions, last month = 0",Months since last purchase = 3,Lapsed (no purchase Jan-Mar 2024),1
500872,0.9988,1,High,Silver,Columbus,2022,"App sessions/month, last 3 mo = 0",Months since last purchase = 6,"Spend/month, last 3 mo = 0",Lapsed (no purchase Jan-Mar 2024),1
502110,0.9988,1,High,Silver,Tulsa,2023,"App sessions/month, last 3 mo = 0",Months since last purchase = 10,"Spend/month, last 3 mo = 0",Lapsed (no purchase Jan-Mar 2024),1
501706,0.9988,1,High,Silver,Tulsa,2023,"App sessions/month, last 3 mo = 0",Months since last purchase = 7,"Spend/month, last 3 mo = 0",Lapsed (no purchase Jan-Mar 2024),1
501913,0.9988,1,High,Silver,Spokane,2022,"App sessions/month, last 3 mo = 0",Months since last purchase = 10,"Spend/month, last 3 mo = 0",Lapsed (no purchase Jan-Mar 2024),1
500310,0.9988,1,High,Gold,Madison,2023,"App sessions/month, last 3 mo = 0",Months since last purchase = 3,"Spend/month, last 3 mo = 0",Lapsed (no purchase Jan-Mar 2024),1
501233,0.9988,1,High,Silver,Nashville,2022,"App sessions/month, last 3 mo = 0",Months since last purchase = 13,"Spend/month, last 3 mo = 0",Lapsed (no purchase Jan-Mar 2024),1
500376,0.9988,1,High,Platinum,Spokane,2022,"App sessions/month, last 3 mo = 0",Months since last purchase = 12,"Spend/month, last 3 mo = 0",Lapsed (no purchase Jan-Mar 2024),1
500354,0.9988,1,High,Platinum,Spokane,2021,"App sessions/month, last 3 mo = 0",Months since last purchase = 11,"Spend/month, last 3 mo = 0",Lapsed (no purchase Jan-Mar 2024),1
502144,0.9988,1,High,Gold,Boise,2022,"App sessions/month, last 3 mo = 0",Months since last purchase = 5,"Spend/month, last 3 mo = 0",Lapsed (no purchase Jan-Mar 2024),1
501877,0.9988,1,High,Gold,Denver,2022,"App sessions/month, last 3 mo = 0",Months since last purchase = 11,"Spend/month, last 3 mo = 0",Lapsed (no purchase Jan-Mar 2024),1
500588,0.9988,1,High,Silver,Madison,2023,"App sessions/month, last 3 mo = 0",Months since last purchase = 3,"Transactions, last month = 0",Lapsed (no purchase Jan-Mar 2024),1
500173,0.9988,1,High,Gold,Nashville,2023,"App sessions/month, last 3 mo = 0",Months since last purchase = 4,"Spend/month, last 3 mo = 0",Lapsed (no purchase Jan-Mar 2024),1
501192,0.9988,1,High,Gold,Boise,2022,"App sessions/month, last 3 mo = 0",Months since last purchase = 9,"Spend/month, last 3 mo = 0",Lapsed (no purchase Jan-Mar 2024),1
501296,0.9988,1,High,Platinum,Tulsa,2022,"App sessions/month, last 3 mo = 0",Months since last purchase = 12,"Spend/month, last 3 mo = 0",Lapsed (no purchase Jan-Mar 2024),1
500582,0.9988,1,High,Silver,Denver,2022,"App sessions/month, last 3 mo = 0",Months since last purchase = 12,"Spend/month, last 3 mo = 0",Lapsed (no purchase Jan-Mar 2024),1
500437,0.9988,1,High,Silver,Boise,2021,"App sessions/month, last 3 mo = 0",Months since last purchase = 13,"Spend/month, last 3 mo = 0",Lapsed (no purchase Jan-Mar 2024),1
501872,0.9988,1,High,Silver,Denver,2021,"App sessions/month, last 3 mo = 0",Months since last purchase = 10,"Spend/month, last 3 mo = 0",Lapsed (no purchase Jan-Mar 2024),1
501663,0.9988,1,High,Gold,Boise,2022,"App sessions/month, last 3 mo = 0",Months since last purchase = 8,"Spend/month, last 3 mo = 0",Lapsed (no purchase Jan-Mar 2024),1
500388,0.9988,1,High,Silver,Austin,2021,"App sessions/month, last 3 mo = 0",Months since last purchase = 7,"Spend/month, last 3 mo = 0",Lapsed (no purchase Jan-Mar 2024),1
500590,0.9988,1,High,Gold,Raleigh,2021,"App sessions/month, last 3 mo = 0",Months since last purchase = 13,"Spend/month, last 3 mo = 0",Lapsed (no purchase Jan-Mar 2024),1
501859,0.9988,1,High,Silver,Columbus,2021,"App sessions/month, last 3 mo = 0",Months since last purchase = 14,"Spend/month, last 3 mo = 0",Lapsed (no purchase Jan-Mar 2024),1
501324,0.9988,1,High,Platinum,Nashville,2021,"App sessions/month, last 3 mo = 0",Months since last purchase = 13,"Spend/month, last 3 mo = 0",Lapsed (no purchase Jan-Mar 2024),1
501046,0.9988,1,High,Silver,Madison,2022,"App sessions/month, last 3 mo = 0",Months since last purchase = 6,"Spend/month, last 3 mo = 0",Lapsed (no purchase Jan-Mar 2024),1
501905,0.9988,1,High,Platinum,Nashville,2022,"App sessions/month, last 3 mo = 0",Months since last purchase = 10,"Spend/month, last 3 mo = 0",Lapsed (no purchase Jan-Mar 2024),1
501649,0.9987,1,High,Silver,Portland,2022,"App sessions/month, last 3 mo = 0",Months since last purchase = 9,"Spend/month, last 3 mo = 0",Lapsed (no purchase Jan-Mar 2024),1
500232,0.9987,1,High,Silver,Austin,2021,"App sessions/month, last 3 mo = 0",Months since last purchase = 9,"Spend/month, last 3 mo = 0",Lapsed (no purchase Jan-Mar 2024),1
502469,0.9987,1,High,Silver,Raleigh,2022,"App sessions/month, last 3 mo = 0",Months since last purchase = 12,"Spend/month, last 3 mo = 0",Lapsed (no purchase Jan-Mar 2024),1
501069,0.9987,1,High,Silver,Denver,2022,"App sessions/month, last 3 mo = 0",Months since last purchase = 12,"Spend/month, last 3 mo = 0",Lapsed (no purchase Jan-Mar 2024),1
502388,0.9987,1,High,Gold,Spokane,2021,"App sessions/month, last 3 mo = 0",Months since last purchase = 12,"Spend/month, last 3 mo = 0",Lapsed (no purchase Jan-Mar 2024),1
500135,0.9987,1,High,Silver,Madison,2023,"App sessions/month, last 3 mo = 0",Months since last purchase = 7,"Spend/month, last 3 mo = 0",Lapsed (no purchase Jan-Mar 2024),1
500715,0.9987,1,High,Gold,Austin,2021,"App sessions/month, last 3 mo = 0",Months since last purchase = 12,"Spend/month, last 3 mo = 0",Lapsed (no purchase Jan-Mar 2024),1
502303,0.9987,1,High,Silver,Tulsa,2021,"App sessions/month, last 3 mo = 0",Months since last purchase = 13,"Spend/month, last 3 mo = 0",Lapsed (no purchase Jan-Mar 2024),1
500798,0.9987,1,High,Silver,Columbus,2022,"App sessions/month, last 3 mo = 0",Months since last purchase = 9,"Spend/month, last 3 mo = 0",Lapsed (no purchase Jan-Mar 2024),1
501286,0.9987,1,High,Silver,Nashville,2023,"App sessions/month, last 3 mo = 0",Months since last purchase = 7,"Spend/month, last 3 mo = 0",Lapsed (no purchase Jan-Mar 2024),1
501808,0.9987,1,High,Silver,Columbus,2021,"App sessions/month, last 3 mo = 0",Months since last purchase = 14,"Spend/month, last 3 mo = 0",Lapsed (no purchase Jan-Mar 2024),1
502490,0.9987,1,High,Silver,Columbus,2021,"App sessions/month, last 3 mo = 0",Months since last purchase = 6,"Spend/month, last 3 mo = 0",Lapsed (no purchase Jan-Mar 2024),1
502458,0.9987,1,High,Silver,Denver,2022,"App sessions/month, last 3 mo = 0",Months since last purchase = 13,"Spend/month, last 3 mo = 0",Lapsed (no purchase Jan-Mar 2024),1
502032,0.9987,1,High,Silver,Nashville,2023,"App sessions/month, last 3 mo = 0",Months since last purchase = 9,"Spend/month, last 3 mo = 0",Lapsed (no purchase Jan-Mar 2024),1
501445,0.9987,1,High,Gold,Tulsa,2021,"App sessions/month, last 3 mo = 0",Months since last purchase = 12,"Spend/month, last 3 mo = 0",Lapsed (no purchase Jan-Mar 2024),1
500185,0.9987,1,High,Silver,Raleigh,2021,"App sessions/month, last 3 mo = 0",Months since last purchase = 10,"Spend/month, last 3 mo = 0",Lapsed (no purchase Jan-Mar 2024),1
501962,0.9987,1,High,Gold,Tulsa,2022,"App sessions/month, last 3 mo = 0",Months since last purchase = 9,"Spend/month, last 3 mo = 0",Lapsed (no purchase Jan-Mar 2024),1
500074,0.9987,1,High,Gold,Tulsa,2021,"App sessions/month, last 3 mo = 0",Months since last purchase = 6,"Spend/month, last 3 mo = 0",Lapsed (no purchase Jan-Mar 2024),1
502213,0.9987,1,High,Silver,Nashville,2023,"App sessions/month, last 3 mo = 0",Months since last purchase = 4,"Transactions, last month = 0",Lapsed (no purchase Jan-Mar 2024),1
501522,0.9987,1,High,Silver,Portland,2021,"App sessions/month, last 3 mo = 0",Months since last purchase = 11,"Spend/month, last 3 mo = 0",Lapsed (no purchase Jan-Mar 2024),1
500573,0.9987,1,High,Silver,Spokane,2022,"App sessions/month, last 3 mo = 0",Months since last purchase = 7,"Spend/month, last 3 mo = 0",Lapsed (no purchase Jan-Mar 2024),1
501140,0.9987,1,High,Gold,Austin,2023,"App sessions/month, last 3 mo = 0",Months since last purchase = 6,"Spend/month, last 3 mo = 0",Lapsed (no purchase Jan-Mar 2024),1
500431,0.9987,1,High,Silver,Portland,2021,"App sessions/month, last 3 mo = 0",Months since last purchase = 8,"Spend/month, last 3 mo = 0",Lapsed (no purchase Jan-Mar 2024),1
500496,0.9987,1,High,Silver,Portland,2022,"App sessions/month, last 3 mo = 0",Months since last purchase = 14,"Spend/month, last 3 mo = 0",Lapsed (no purchase Jan-Mar 2024),1
500962,0.9987,1,High,Gold,Madison,2023,"App sessions/month, last 3 mo = 0",Months since last purchase = 8,"Spend/month, last 3 mo = 0",Lapsed (no purchase Jan-Mar 2024),1
500227,0.9987,1,High,Gold,Madison,2023,"App sessions/month, last 3 mo = 0","Spend/month, last 3 mo = 0",Months since last purchase = 4,Lapsed (no purchase Jan-Mar 2024),1
501724,0.9987,1,High,Silver,Madison,2022,"App sessions/month, last 3 mo = 0",Months since last purchase = 10,"Spend/month, last 3 mo = 0",Lapsed (no purchase Jan-Mar 2024),1
500560,0.9987,1,High,Gold,Denver,2021,"App sessions/month, last 3 mo = 0",Months since last purchase = 9,"Spend/month, last 3 mo = 0",Lapsed (no purchase Jan-Mar 2024),1
501142,0.9987,1,High,Platinum,Tulsa,2021,"App sessions/month, last 3 mo = 0",Months since last purchase = 12,"Spend/month, last 3 mo = 0",Lapsed (no purchase Jan-Mar 2024),1
502010,0.9987,1,High,Silver,Austin,2022,"App sessions/month, last 3 mo = 0",Months since last purchase = 11,"Spend/month, last 3 mo = 0",Lapsed (no purchase Jan-Mar 2024),1
501208,0.9987,1,High,Gold,Austin,2021,"App sessions/month, last 3 mo = 0",Months since last purchase = 11,"Spend/month, last 3 mo = 0",Lapsed (no purchase Jan-Mar 2024),1
501336,0.9987,1,High,Silver,Raleigh,2022,"App sessions/month, last 3 mo = 0",Months since last purchase = 8,"Spend/month, last 3 mo = 0",Lapsed (no purchase Jan-Mar 2024),1
500470,0.9987,1,High,Gold,Spokane,2023,"App sessions/month, last 3 mo = 0",Months since last purchase = 12,"Spend/month, last 3 mo = 0",Lapsed (no purchase Jan-Mar 2024),1
501544,0.9987,1,High,Platinum,Boise,2023,"App sessions/month, last 3 mo = 0",Months since last purchase = 4,"Spend/month, last 3 mo = 0",Lapsed (no purchase Jan-Mar 2024),1
502039,0.9987,1,High,Gold,Austin,2023,"App sessions/month, last 3 mo = 0",Months since last purchase = 6,"Spend/month, last 3 mo = 0",Lapsed (no purchase Jan-Mar 2024),1
501414,0.9987,1,High,Gold,Columbus,2021,"App sessions/month, last 3 mo = 0",Months since last purchase = 12,"Spend/month, last 3 mo = 0",Lapsed (no purchase Jan-Mar 2024),1
501165,0.9987,1,High,Silver,Boise,2021,"App sessions/month, last 3 mo = 0",Months since last purchase = 9,"Spend/month, last 3 mo = 0",Lapsed (no purchase Jan-Mar 2024),1
501781,0.9987,1,High,Silver,Columbus,2021,"App sessions/month, last 3 mo = 0",Months since last purchase = 12,"Spend/month, last 3 mo = 0",Lapsed (no purchase Jan-Mar 2024),1
501294,0.9987,1,High,Silver,Raleigh,2021,"App sessions/month, last 3 mo = 0",Months since last purchase = 9,"Spend/month, last 3 mo = 0",Lapsed (no purchase Jan-Mar 2024),1
502426,0.9987,1,High,Silver,Denver,2022,"App sessions/month, last 3 mo = 0",Months since last purchase = 6,"Spend/month, last 3 mo = 0",Lapsed (no purchase Jan-Mar 2024),1
501951,0.9987,1,High,Silver,Columbus,2021,"App sessions/month, last 3 mo = 0",Months since last purchase = 10,"Spend/month, last 3 mo = 0",Lapsed (no purchase Jan-Mar 2024),1
501065,0.9987,1,High,Platinum,Tulsa,2022,"App sessions/month, last 3 mo = 0",Months since last purchase = 10,"Spend/month, last 3 mo = 0",Lapsed (no purchase Jan-Mar 2024),1
501669,0.9987,1,High,Platinum,Tulsa,2021,"App sessions/month, last 3 mo = 0",Months since last purchase = 12,"Spend/month, last 3 mo = 0",Lapsed (no purchase Jan-Mar 2024),1
501881,0.9986,1,High,Silver,Denver,2022,"App sessions/month, last 3 mo = 0",Months since last purchase = 12,"Spend/month, last 3 mo = 0",Lapsed (no purchase Jan-Mar 2024),1
502018,0.9986,1,High,Silver,Portland,2021,"App sessions/month, last 3 mo = 0",Months since last purchase = 7,"Spend/month, last 3 mo = 0",Lapsed (no purchase Jan-Mar 2024),1
501475,0.9986,1,High,Silver,Raleigh,2023,"App sessions/month, last 3 mo = 0","Spend/month, last 3 mo = 0","Transactions, last month = 0",Lapsed (no purchase Jan-Mar 2024),1
501107,0.9986,1,High,Silver,Nashville,2021,"App sessions/month, last 3 mo = 0",Months since last purchase = 8,"Spend/month, last 3 mo = 0",Lapsed (no purchase Jan-Mar 2024),1
501580,0.9986,1,High,Silver,Austin,2023,"App sessions/month, last 3 mo = 0",Months since last purchase = 9,"Spend/month, last 3 mo = 0",Lapsed (no purchase Jan-Mar 2024),1
501906,0.9986,1,High,Gold,Columbus,2022,"App sessions/month, last 3 mo = 0",Months since last purchase = 8,"Spend/month, last 3 mo = 0",Lapsed (no purchase Jan-Mar 2024),1
501071,0.9986,1,High,Silver,Boise,2023,"App sessions/month, last 3 mo = 0",Months since last purchase = 9,"Spend/month, last 3 mo = 0",Lapsed (no purchase Jan-Mar 2024),1
502103,0.9986,1,High,Silver,Columbus,2021,"App sessions/month, last 3 mo = 0",Months since last purchase = 12,"Spend/month, last 3 mo = 0",Lapsed (no purchase Jan-Mar 2024),1
501184,0.9986,1,High,Platinum,Nashville,2021,"App sessions/month, last 3 mo = 0",Months since last purchase = 3,"Transactions, last month = 0",Lapsed (no purchase Jan-Mar 2024),1
500815,0.9986,1,High,Silver,Nashville,2021,"App sessions/month, last 3 mo = 0",Months since last purchase = 14,"Spend/month, last 3 mo = 0",Lapsed (no purchase Jan-Mar 2024),1
501113,0.9986,1,High,Silver,Madison,2023,"App sessions/month, last 3 mo = 0",Months since last purchase = 7,"Transactions, last month = 0",Lapsed (no purchase Jan-Mar 2024),1
500621,0.9986,1,High,Silver,Madison,2021,"App sessions/month, last 3 mo = 0",Months since last purchase = 9,"Spend/month, last 3 mo = 0",Lapsed (no purchase Jan-Mar 2024),1
501959,0.9986,1,High,Silver,Tulsa,2022,"App sessions/month, last 3 mo = 0","Transactions, last month = 0","Spend/month, last 3 mo = 0",Lapsed (no purchase Jan-Mar 2024),1
500237,0.9986,1,High,Gold,Tulsa,2021,"App sessions/month, last 3 mo = 0",Months since last purchase = 13,"Spend/month, last 3 mo = 0",Lapsed (no purchase Jan-Mar 2024),1
502199,0.9986,1,High,Silver,Tulsa,2023,"App sessions/month, last 3 mo = 0",Months since last purchase = 6,"Spend/month, last 3 mo = 0",Lapsed (no purchase Jan-Mar 2024),1
501847,0.9986,1,High,Gold,Spokane,2022,"App sessions/month, last 3 mo = 0",Months since last purchase = 10,"Spend/month, last 3 mo = 0",Lapsed (no purchase Jan-Mar 2024),1
500773,0.9986,1,High,Silver,Denver,2021,"App sessions/month, last 3 mo = 0",Months since last purchase = 9,"Spend/month, last 3 mo = 0",Lapsed (no purchase Jan-Mar 2024),1
500089,0.9986,1,High,Gold,Portland,2023,"App sessions/month, last 3 mo = 0",Months since last purchase = 10,"Spend/month, last 3 mo = 0",Lapsed (no purchase Jan-Mar 2024),1
500808,0.9986,1,High,Gold,Denver,2021,"App sessions/month, last 3 mo = 0",Months since last purchase = 8,"Spend/month, last 3 mo = 0",Lapsed (no purchase Jan-Mar 2024),1
502312,0.9986,1,High,Platinum,Nashville,2022,"App sessions/month, last 3 mo = 0",Months since last purchase = 14,"Spend/month, last 3 mo = 0",Lapsed (no purchase Jan-Mar 2024),1
500868,0.9986,1,High,Silver,Nashville,2022,"App sessions/month, last 3 mo = 0",Months since last purchase = 14,"Spend/month, last 3 mo = 0",Lapsed (no purchase Jan-Mar 2024),1
501926,0.9986,1,High,Silver,Boise,2022,"App sessions/month, last 3 mo = 0",Months since last purchase = 14,"Spend/month, last 3 mo = 0",Lapsed (no purchase Jan-Mar 2024),1
501829,0.9986,1,High,Silver,Columbus,2022,"App sessions/month, last 3 mo = 0",Months since last purchase = 14,"Spend/month, last 3 mo = 0",Lapsed (no purchase Jan-Mar 2024),1
500864,0.9986,1,High,Silver,Boise,2023,"App sessions/month, last 3 mo = 0",Months since last purchase = 11,"Spend/month, last 3 mo = 0",Lapsed (no purchase Jan-Mar 2024),1
500503,0.9986,1,High,Silver,Nashville,2021,"App sessions/month, last 3 mo = 0",Months since last purchase = 9,"Spend/month, last 3 mo = 0",Lapsed (no purchase Jan-Mar 2024),1
502365,0.9986,1,High,Gold,Austin,2022,"App sessions/month, last 3 mo = 0",Months since last purchase = 11,"Spend/month, last 3 mo = 0",Lapsed (no purchase Jan-Mar 2024),1
500783,0.9986,1,High,Silver,Raleigh,2021,"App sessions/month, last 3 mo = 0",Months since last purchase = 11,"Spend/month, last 3 mo = 0",Lapsed (no purchase Jan-Mar 2024),1
501866,0.9986,1,High,Platinum,Tulsa,2021,"App sessions/month, last 3 mo = 0",Months since last purchase = 14,"Spend/month, last 3 mo = 0",Lapsed (no purchase Jan-Mar 2024),1
501291,0.9985,1,High,Platinum,Nashville,2023,"App sessions/month, last 3 mo = 0",Months since last purchase = 9,"Spend/month, last 3 mo = 0",Lapsed (no purchase Jan-Mar 2024),1
501844,0.9985,1,High,Silver,Tulsa,2022,"App sessions/month, last 3 mo = 0",Months since last purchase = 11,"Spend/month, last 3 mo = 0",Lapsed (no purchase Jan-Mar 2024),1
500649,0.9985,1,High,Platinum,Boise,2022,"App sessions/month, last 3 mo = 0",Months since last purchase = 12,"Spend/month, last 3 mo = 0",Lapsed (no purchase Jan-Mar 2024),1
500254,0.9985,1,High,Gold,Nashville,2022,"App sessions/month, last 3 mo = 0",Months since last purchase = 9,"Spend/month, last 3 mo = 0",Lapsed (no purchase Jan-Mar 2024),1
500790,0.9985,1,High,Gold,Portland,2021,"App sessions/month, last 3 mo = 0",Months since last purchase = 13,"Spend/month, last 3 mo = 0",Lapsed (no purchase Jan-Mar 2024),1
501008,0.9985,1,High,Silver,Denver,2021,"App sessions/month, last 3 mo = 0",Months since last purchase = 12,"Spend/month, last 3 mo = 0",Lapsed (no purchase Jan-Mar 2024),1
500157,0.9985,1,High,Gold,Madison,2021,"App sessions/month, last 3 mo = 0",Months since last purchase = 8,"Spend/month, last 3 mo = 0",Lapsed (no purchase Jan-Mar 2024),1
502423,0.9985,1,High,Silver,Columbus,2021,"App sessions/month, last 3 mo = 0",Months since last purchase = 14,"Spend/month, last 3 mo = 0",Lapsed (no purchase Jan-Mar 2024),1
500637,0.9985,1,High,Silver,Tulsa,2021,"App sessions/month, last 3 mo = 0",Months since last purchase = 10,"Spend/month, last 3 mo = 0",Lapsed (no purchase Jan-Mar 2024),1
500819,0.9985,1,High,Silver,Spokane,2022,"App sessions/month, last 3 mo = 0",Months since last purchase = 13,"Spend/month, last 3 mo = 0",Lapsed (no purchase Jan-Mar 2024),1
500203,0.9985,1,High,Silver,Columbus,2022,"App sessions/month, last 3 mo = 0",Months since last purchase = 13,"Spend/month, last 3 mo = 0",Lapsed (no purchase Jan-Mar 2024),1
501806,0.9985,1,High,Gold,Nashville,2021,"App sessions/month, last 3 mo = 0",Months since last purchase = 14,"Spend/month, last 3 mo = 0",Lapsed (no purchase Jan-Mar 2024),1
500365,0.9985,1,High,Silver,Boise,2022,"App sessions/month, last 3 mo = 0",Months since last purchase = 13,"Spend/month, last 3 mo = 0",Lapsed (no purchase Jan-Mar 2024),1
500933,0.9985,1,High,Silver,Nashville,2021,"App sessions/month, last 3 mo = 0",Months since last purchase = 11,"Spend/month, last 3 mo = 0",Lapsed (no purchase Jan-Mar 2024),1
501852,0.9985,1,High,Gold,Austin,2022,"App sessions/month, last 3 mo = 0",Months since last purchase = 6,"Spend/month, last 3 mo = 0",Lapsed (no purchase Jan-Mar 2024),1
501853,0.9985,1,High,Silver,Denver,2021,"App sessions/month, last 3 mo = 0",Months since last purchase = 11,"Spend/month, last 3 mo = 0",Lapsed (no purchase Jan-Mar 2024),1
500569,0.9985,1,High,Gold,Boise,2023,"App sessions/month, last 3 mo = 0",Months since last purchase = 11,"Spend/month, last 3 mo = 0",Lapsed (no purchase Jan-Mar 2024),1
501887,0.9985,1,High,Silver,Raleigh,2022,"App sessions/month, last 3 mo = 0","Transactions, last month = 0",Months since last purchase = 3,Lapsed (no purchase Jan-Mar 2024),1
501117,0.9985,1,High,Gold,Madison,2023,"App sessions/month, last 3 mo = 0",Months since last purchase = 6,"Spend/month, last 3 mo = 0",Lapsed (no purchase Jan-Mar 2024),1
501574,0.9985,1,High,Gold,Austin,2023,"App sessions/month, last 3 mo = 0",Months since last purchase = 4,"Transactions, last month = 0",Lapsed (no purchase Jan-Mar 2024),1
501384,0.9985,1,High,Gold,Raleigh,2022,"App sessions/month, last 3 mo = 0",Months since last purchase = 7,"Spend/month, last 3 mo = 0",Lapsed (no purchase Jan-Mar 2024),1
501067,0.9985,1,High,Silver,Tulsa,2023,"App sessions/month, last 3 mo = 0",Months since last purchase = 6,"Spend/month, last 3 mo = 0",Lapsed (no purchase Jan-Mar 2024),1
500944,0.9985,1,High,Silver,Austin,2021,"App sessions/month, last 3 mo = 0",Months since last purchase = 8,"Spend/month, last 3 mo = 0",Lapsed (no purchase Jan-Mar 2024),1
500218,0.9985,1,High,Silver,Denver,2022,"App sessions/month, last 3 mo = 0",Months since last purchase = 8,"Spend/month, last 3 mo = 0",Lapsed (no purchase Jan-Mar 2024),1
502291,0.9985,1,High,Silver,Spokane,2022,"App sessions/month, last 3 mo = 0",Months since last purchase = 9,"Spend/month, last 3 mo = 0",Lapsed (no purchase Jan-Mar 2024),1
502434,0.9985,1,High,Silver,Portland,2023,"App sessions/month, last 3 mo = 0",Months since last purchase = 8,"Spend/month, last 3 mo = 0",Lapsed (no purchase Jan-Mar 2024),1
502463,0.9985,1,High,Gold,Spokane,2023,"App sessions/month, last 3 mo = 0",Months since last purchase = 12,"Spend/month, last 3 mo = 0",Lapsed (no purchase Jan-Mar 2024),1
501985,0.9985,1,High,Silver,Raleigh,2022,"App sessions/month, last 3 mo = 0",Months since last purchase = 13,"Spend/month, last 3 mo = 0",Lapsed (no purchase Jan-Mar 2024),1
500119,0.9984,1,High,Silver,Austin,2021,"Transactions, last month = 0","App sessions/month, last 3 mo = 0.33",Months since last purchase = 3,Lapsed (no purchase Jan-Mar 2024),1
502068,0.9984,1,High,Gold,Denver,2022,"App sessions/month, last 3 mo = 0",Months since last purchase = 14,"Spend/month, last 3 mo = 0",Lapsed (no purchase Jan-Mar 2024),1
501013,0.9984,1,High,Silver,Austin,2023,"App sessions/month, last 3 mo = 0",Months since last purchase = 4,"Transactions, last month = 0",Lapsed (no purchase Jan-Mar 2024),1
501684,0.9984,1,High,Gold,Boise,2022,"App sessions/month, last 3 mo = 0",Months since last purchase = 10,"Spend/month, last 3 mo = 0",Lapsed (no purchase Jan-Mar 2024),1
500724,0.9984,1,High,Silver,Boise,2021,"App sessions/month, last 3 mo = 0",Months since last purchase = 4,"Spend/month, last 3 mo = 0",Lapsed (no purchase Jan-Mar 2024),1
501252,0.9984,1,High,Gold,Portland,2023,"App sessions/month, last 3 mo = 0",Months since last purchase = 3,"Spend/month, last 3 mo = 0",Lapsed (no purchase Jan-Mar 2024),1
501212,0.9984,1,High,Silver,Madison,2022,"App sessions/month, last 3 mo = 0",Months since last purchase = 11,"Spend/month, last 3 mo = 0",Lapsed (no purchase Jan-Mar 2024),1
501229,0.9984,1,High,Silver,Tulsa,2021,"App sessions/month, last 3 mo = 0",Months since last purchase = 4,"Spend/month, last 3 mo = 0",Lapsed (no purchase Jan-Mar 2024),1
501449,0.9984,1,High,Platinum,Austin,2023,"App sessions/month, last 3 mo = 0",Months since last purchase = 3,"Transactions, last month = 0",Lapsed (no purchase Jan-Mar 2024),1
500991,0.9984,1,High,Silver,Madison,2021,"App sessions/month, last 3 mo = 0",Months since last purchase = 11,"Spend/month, last 3 mo = 0",Lapsed (no purchase Jan-Mar 2024),1
500871,0.9984,1,High,Silver,Columbus,2021,"App sessions/month, last 3 mo = 0",Months since last purchase = 4,"Transactions, last month = 0",Lapsed (no purchase Jan-Mar 2024),1
500396,0.9984,1,High,Silver,Austin,2023,"App sessions/month, last 3 mo = 0","Transactions, last month = 0",Months since last purchase = 3,Lapsed (no purchase Jan-Mar 2024),1
500498,0.9984,1,High,Silver,Columbus,2021,"App sessions/month, last 3 mo = 0",Months since last purchase = 4,"Transactions, last month = 0",Lapsed (no purchase Jan-Mar 2024),1
500882,0.9984,1,High,Silver,Raleigh,2023,"App sessions/month, last 3 mo = 0",Months since last purchase = 8,"Spend/month, last 3 mo = 0",Lapsed (no purchase Jan-Mar 2024),1
501784,0.9984,1,High,Gold,Columbus,2023,"App sessions/month, last 3 mo = 0",Months since last purchase = 7,"Spend/month, last 3 mo = 0",Lapsed (no purchase Jan-Mar 2024),1
501875,0.9984,1,High,Silver,Tulsa,2022,"App sessions/month, last 3 mo = 0",Months since last purchase = 11,"Spend/month, last 3 mo = 0",Lapsed (no purchase Jan-Mar 2024),1
501270,0.9984,1,High,Silver,Madison,2022,"App sessions/month, last 3 mo = 0",Months since last purchase = 13,"Spend/month, last 3 mo = 0",Lapsed (no purchase Jan-Mar 2024),1
500298,0.9984,1,High,Silver,Raleigh,2023,"App sessions/month, last 3 mo = 0",Months since last purchase = 6,"Spend/month, last 3 mo = 0",Lapsed (no purchase Jan-Mar 2024),1
500607,0.9984,1,High,Gold,Tulsa,2023,"App sessions/month, last 3 mo = 0",Months since last purchase = 7,"Spend/month, last 3 mo = 0",Lapsed (no purchase Jan-Mar 2024),1
500689,0.9984,1,High,Gold,Denver,2022,"App sessions/month, last 3 mo = 0",Months since last purchase = 11,"Spend/month, last 3 mo = 0",Lapsed (no purchase Jan-Mar 2024),1
501121,0.9984,1,High,Platinum,Boise,2022,"App sessions/month, last 3 mo = 0",Months since last purchase = 7,"Spend/month, last 3 mo = 0",Lapsed (no purchase Jan-Mar 2024),1
501483,0.9984,1,High,Gold,Austin,2021,"App sessions/month, last 3 mo = 0",Months since last purchase = 9,"Spend/month, last 3 mo = 0",Lapsed (no purchase Jan-Mar 2024),1
502574,0.9984,1,High,Silver,Raleigh,2021,"App sessions/month, last 3 mo = 0",Months since last purchase = 11,"Spend/month, last 3 mo = 0",Lapsed (no purchase Jan-Mar 2024),1
502533,0.9984,1,High,Platinum,Spokane,2022,"App sessions/month, last 3 mo = 0",Months since last purchase = 13,"Spend/month, last 3 mo = 0",Lapsed (no purchase Jan-Mar 2024),1
501166,0.9984,1,High,Silver,Austin,2021,"App sessions/month, last 3 mo = 0",Months since last purchase = 14,"Spend/month, last 3 mo = 0",Lapsed (no purchase Jan-Mar 2024),1
501802,0.9984,1,High,Platinum,Portland,2022,"App sessions/month, last 3 mo = 0",Months since last purchase = 14,"Spend/month, last 3 mo = 0",Lapsed (no purchase Jan-Mar 2024),1
500567,0.9984,1,High,Silver,Spokane,2021,"App sessions/month, last 3 mo = 0",Months since last purchase = 12,"Spend/month, last 3 mo = 0",Lapsed (no purchase Jan-Mar 2024),1
500374,0.9984,1,High,Silver,Raleigh,2022,"App sessions/month, last 3 mo = 0",Months since last purchase = 4,"Spend/month, last 3 mo = 0",Lapsed (no purchase Jan-Mar 2024),1
502128,0.9984,1,High,Silver,Boise,2021,"App sessions/month, last 3 mo = 0",Months since last purchase = 6,"Spend/month, last 3 mo = 0",Lapsed (no purchase Jan-Mar 2024),1
501548,0.9984,1,High,Platinum,Austin,2023,"App sessions/month, last 3 mo = 0",Months since last purchase = 13,"Spend/month, last 3 mo = 0",Lapsed (no purchase Jan-Mar 2024),1
500247,0.9984,1,High,Platinum,Columbus,2022,"App sessions/month, last 3 mo = 0",Months since last purchase = 6,"Spend/month, last 3 mo = 0",Lapsed (no purchase Jan-Mar 2024),1
500459,0.9984,1,High,Silver,Madison,2021,"App sessions/month, last 3 mo = 0",Months since last purchase = 6,"Spend/month, last 3 mo = 0",Lapsed (no purchase Jan-Mar 2024),1
501102,0.9984,1,High,Silver,Portland,2022,"App sessions/month, last 3 mo = 0",Months since last purchase = 11,"Spend/month, last 3 mo = 0",Lapsed (no purchase Jan-Mar 2024),1
500483,0.9984,1,High,Gold,Columbus,2023,"App sessions/month, last 3 mo = 0",Months since last purchase = 10,"Spend/month, last 3 mo = 0",Lapsed (no purchase Jan-Mar 2024),1
500163,0.9984,1,High,Silver,Nashville,2021,"App sessions/month, last 3 mo = 0",Months since last purchase = 10,"Spend/month, last 3 mo = 0",Lapsed (no purchase Jan-Mar 2024),1
500129,0.9983,1,High,Silver,Austin,2022,"App sessions/month, last 3 mo = 0",Months since last purchase = 11,"Spend/month, last 3 mo = 0",Lapsed (no purchase Jan-Mar 2024),1
500583,0.9983,1,High,Gold,Columbus,2021,"App sessions/month, last 3 mo = 0",Months since last purchase = 7,"Spend/month, last 3 mo = 0",Lapsed (no purchase Jan-Mar 2024),1
501973,0.9983,1,High,Silver,Portland,2022,"App sessions/month, last 3 mo = 0",Months since last purchase = 12,"Spend/month, last 3 mo = 0",Lapsed (no purchase Jan-Mar 2024),1
500409,0.9983,1,High,Gold,Portland,2022,"App sessions/month, last 3 mo = 0",Months since last purchase = 8,"Spend/month, last 3 mo = 0",Lapsed (no purchase Jan-Mar 2024),1
500147,0.9983,1,High,Silver,Portland,2023,"App sessions/month, last 3 mo = 0",Months since last purchase = 11,"Spend/month, last 3 mo = 0",Lapsed (no purchase Jan-Mar 2024),1
501813,0.9983,1,High,Silver,Tulsa,2023,"App sessions/month, last 3 mo = 0",Months since last purchase = 9,"Spend/month, last 3 mo = 0",Lapsed (no purchase Jan-Mar 2024),1
501066,0.9983,1,High,Silver,Austin,2021,"App sessions/month, last 3 mo = 0",Months since last purchase = 12,"Spend/month, last 3 mo = 0",Lapsed (no purchase Jan-Mar 2024),1
501999,0.9983,1,High,Gold,Boise,2022,"App sessions/month, last 3 mo = 0",Months since last purchase = 13,"Spend/month, last 3 mo = 0",Lapsed (no purchase Jan-Mar 2024),1
502330,0.9983,1,High,Silver,Columbus,2021,"App sessions/month, last 3 mo = 0",Months since last purchase = 9,"Spend/month, last 3 mo = 0",Lapsed (no purchase Jan-Mar 2024),1
501413,0.9983,1,High,Gold,Portland,2021,"App sessions/month, last 3 mo = 0",Months since last purchase = 12,"Spend/month, last 3 mo = 0",Lapsed (no purchase Jan-Mar 2024),1
500176,0.9983,1,High,Silver,Columbus,2023,"App sessions/month, last 3 mo = 0",Months since last purchase = 7,"Spend/month, last 3 mo = 0",Lapsed (no purchase Jan-Mar 2024),1
501084,0.9983,1,High,Gold,Raleigh,2021,"App sessions/month, last 3 mo = 0",Months since last purchase = 3,"Transactions, last month = 0",Lapsed (no purchase Jan-Mar 2024),1
500634,0.9983,1,High,Gold,Spokane,2021,"App sessions/month, last 3 mo = 0",Months since last purchase = 14,"Spend/month, last 3 mo = 0",Lapsed (no purchase Jan-Mar 2024),1
501141,0.9983,1,High,Gold,Nashville,2022,"App sessions/month, last 3 mo = 0",Months since last purchase = 3,"Transactions, last month = 0",Lapsed (no purchase Jan-Mar 2024),1
500814,0.9983,1,High,Gold,Nashville,2021,"App sessions/month, last 3 mo = 0",Months since last purchase = 10,"Spend/month, last 3 mo = 0",Lapsed (no purchase Jan-Mar 2024),1
502054,0.9983,1,High,Platinum,Portland,2021,"App sessions/month, last 3 mo = 0",Months since last purchase = 14,"Spend/month, last 3 mo = 0",Lapsed (no purchase Jan-Mar 2024),1
501860,0.9983,1,High,Silver,Austin,2022,"App sessions/month, last 3 mo = 0",Months since last purchase = 3,"Transactions, last month = 0",Lapsed (no purchase Jan-Mar 2024),1
502156,0.9983,1,High,Silver,Madison,2022,"App sessions/month, last 3 mo = 0",Months since last purchase = 7,"Spend/month, last 3 mo = 0",Lapsed (no purchase Jan-Mar 2024),1
500137,0.9983,1,High,Silver,Denver,2021,"App sessions/month, last 3 mo = 0",Months since last purchase = 11,"Spend/month, last 3 mo = 0",Lapsed (no purchase Jan-Mar 2024),1
500265,0.9983,1,High,Silver,Boise,2023,"App sessions/month, last 3 mo = 0",Months since last purchase = 10,"Spend/month, last 3 mo = 0",Lapsed (no purchase Jan-Mar 2024),1
500719,0.9983,1,High,Silver,Boise,2021,"App sessions/month, last 3 mo = 0",Months since last purchase = 13,"Spend/month, last 3 mo = 0",Lapsed (no purchase Jan-Mar 2024),1
501350,0.9983,1,High,Gold,Columbus,2023,"App sessions/month, last 3 mo = 0",Months since last purchase = 12,"Spend/month, last 3 mo = 0",Lapsed (no purchase Jan-Mar 2024),1
500644,0.9983,1,High,Silver,Nashville,2022,"App sessions/month, last 3 mo = 0",Months since last purchase = 4,"Spend/month, last 3 mo = 0",Lapsed (no purchase Jan-Mar 2024),1
500886,0.9983,1,High,Silver,Nashville,2022,"App sessions/month, last 3 mo = 0",Months since last purchase = 12,"Spend/month, last 3 mo = 0",Lapsed (no purchase Jan-Mar 2024),1
500945,0.9983,1,High,Silver,Spokane,2022,"App sessions/month, last 3 mo = 0","Transactions, last month = 0",Months since last purchase = 3,Lapsed (no purchase Jan-Mar 2024),1
502541,0.9983,1,High,Silver,Nashville,2023,"App sessions/month, last 3 mo = 0",Months since last purchase = 6,"Spend/month, last 3 mo = 0",Lapsed (no purchase Jan-Mar 2024),1
502448,0.9983,1,High,Silver,Nashville,2022,"App sessions/month, last 3 mo = 0",Months since last purchase = 3,"Transactions, last month = 0",Lapsed (no purchase Jan-Mar 2024),1
500762,0.9983,1,High,Gold,Madison,2022,"App sessions/month, last 3 mo = 0",Months since last purchase = 5,"Spend/month, last 3 mo = 0",Lapsed (no purchase Jan-Mar 2024),1
502091,0.9982,1,High,Silver,Boise,2021,"App sessions/month, last 3 mo = 0",Months since last purchase = 8,"Spend/month, last 3 mo = 0",Lapsed (no purchase Jan-Mar 2024),1
500116,0.9982,1,High,Silver,Raleigh,2023,"App sessions/month, last 3 mo = 0",Months since last purchase = 9,"Spend/month, last 3 mo = 0",Lapsed (no purchase Jan-Mar 2024),1
502430,0.9982,1,High,Platinum,Raleigh,2021,"App sessions/month, last 3 mo = 0",Months since last purchase = 14,"Spend/month, last 3 mo = 0",Lapsed (no purchase Jan-Mar 2024),1
501570,0.9982,1,High,Gold,Nashville,2022,"App sessions/month, last 3 mo = 0",Months since last purchase = 7,"Spend/month, last 3 mo = 0",Lapsed (no purchase Jan-Mar 2024),1
501200,0.9982,1,High,Silver,Denver,2021,"App sessions/month, last 3 mo = 0",Months since last purchase = 8,"Spend/month, last 3 mo = 0",Lapsed (no purchase Jan-Mar 2024),1
501367,0.9982,1,High,Gold,Spokane,2022,"App sessions/month, last 3 mo = 0",Months since last purchase = 4,"Spend/month, last 3 mo = 0",Lapsed (no purchase Jan-Mar 2024),1
500436,0.9982,1,High,Silver,Spokane,2021,"App sessions/month, last 3 mo = 0",Months since last purchase = 12,"Spend/month, last 3 mo = 0",Lapsed (no purchase Jan-Mar 2024),1
501287,0.9982,1,High,Gold,Tulsa,2022,"App sessions/month, last 3 mo = 0",Months since last purchase = 12,"Spend/month, last 3 mo = 0",Lapsed (no purchase Jan-Mar 2024),1
501641,0.9982,1,High,Gold,Raleigh,2021,"App sessions/month, last 3 mo = 0",Months since last purchase = 3,"Spend/month, last 3 mo = 0",Lapsed (no purchase Jan-Mar 2024),1
501556,0.9982,1,High,Silver,Spokane,2022,"App sessions/month, last 3 mo = 0",Months since last purchase = 12,"Spend/month, last 3 mo = 0",Lapsed (no purchase Jan-Mar 2024),1
501444,0.9982,1,High,Silver,Boise,2022,"App sessions/month, last 3 mo = 0",Months since last purchase = 6,"Spend/month, last 3 mo = 0",Lapsed (no purchase Jan-Mar 2024),1
501754,0.9982,1,High,Silver,Boise,2021,"App sessions/month, last 3 mo = 0",Months since last purchase = 3,"Spend/month, last 3 mo = 0",Lapsed (no purchase Jan-Mar 2024),1
502230,0.9982,1,High,Silver,Austin,2023,"App sessions/month, last 3 mo = 0",Months since last purchase = 5,"Spend/month, last 3 mo = 0",Lapsed (no purchase Jan-Mar 2024),1
501479,0.9982,1,High,Silver,Tulsa,2022,"App sessions/month, last 3 mo = 0",Months since last purchase = 10,"Spend/month, last 3 mo = 0",Lapsed (no purchase Jan-Mar 2024),1
501895,0.9982,1,High,Silver,Raleigh,2021,"App sessions/month, last 3 mo = 0",Months since last purchase = 7,"Spend/month, last 3 mo = 0",Lapsed (no purchase Jan-Mar 2024),1
502073,0.9982,1,High,Silver,Spokane,2021,"App sessions/month, last 3 mo = 0",Months since last purchase = 10,"Spend/month, last 3 mo = 0",Lapsed (no purchase Jan-Mar 2024),1
502193,0.9982,1,High,Silver,Austin,2022,"App sessions/month, last 3 mo = 0",Months since last purchase = 12,"Spend/month, last 3 mo = 0",Lapsed (no purchase Jan-Mar 2024),1
501399,0.9982,1,High,Gold,Austin,2022,"App sessions/month, last 3 mo = 0",Months since last purchase = 13,"Spend/month, last 3 mo = 0",Lapsed (no purchase Jan-Mar 2024),1
502259,0.9982,1,High,Silver,Raleigh,2022,"App sessions/month, last 3 mo = 0",Months since last purchase = 10,"Spend/month, last 3 mo = 0",Lapsed (no purchase Jan-Mar 2024),1
501293,0.9982,1,High,Silver,Spokane,2023,"App sessions/month, last 3 mo = 0",Months since last purchase = 8,"Spend/month, last 3 mo = 0",Lapsed (no purchase Jan-Mar 2024),1
501613,0.9982,1,High,Silver,Spokane,2021,"App sessions/month, last 3 mo = 0",Months since last purchase = 11,"Spend/month, last 3 mo = 0",Lapsed (no purchase Jan-Mar 2024),1
501631,0.9981,1,High,Silver,Nashville,2022,"App sessions/month, last 3 mo = 0",Months since last purchase = 11,"Spend/month, last 3 mo = 0",Lapsed (no purchase Jan-Mar 2024),1
501106,0.9981,1,High,Silver,Nashville,2021,"App sessions/month, last 3 mo = 0",Months since last purchase = 4,"Spend/month, last 3 mo = 0",Lapsed (no purchase Jan-Mar 2024),1
501941,0.9981,1,High,Silver,Raleigh,2021,"App sessions/month, last 3 mo = 0",Months since last purchase = 12,"Spend/month, last 3 mo = 0",Lapsed (no purchase Jan-Mar 2024),1
502412,0.9981,1,High,Silver,Madison,2021,"App sessions/month, last 3 mo = 0",Months since last purchase = 10,"Spend/month, last 3 mo = 0",Lapsed (no purchase Jan-Mar 2024),1
501993,0.9981,1,High,Gold,Austin,2023,"App sessions/month, last 3 mo = 0",Months since last purchase = 3,"Spend/month, last 3 mo = 0",Lapsed (no purchase Jan-Mar 2024),1
501582,0.9981,1,High,Silver,Tulsa,2021,"App sessions/month, last 3 mo = 0",Months since last purchase = 8,"Spend/month, last 3 mo = 0",Lapsed (no purchase Jan-Mar 2024),1
501299,0.9981,1,High,Gold,Madison,2021,"App sessions/month, last 3 mo = 0",Months since last purchase = 7,"Spend/month, last 3 mo = 0",Lapsed (no purchase Jan-Mar 2024),1
500109,0.9981,1,High,Silver,Nashville,2022,"App sessions/month, last 3 mo = 0",Months since last purchase = 12,"Spend/month, last 3 mo = 0",Lapsed (no purchase Jan-Mar 2024),1
502429,0.9981,1,High,Gold,Boise,2021,"App sessions/month, last 3 mo = 0",Months since last purchase = 14,"Spend/month, last 3 mo = 0",Lapsed (no purchase Jan-Mar 2024),1
501220,0.9981,1,High,Silver,Tulsa,2021,"App sessions/month, last 3 mo = 0",Months since last purchase = 4,"Spend/month, last 3 mo = 0",Lapsed (no purchase Jan-Mar 2024),1
501831,0.9981,1,High,Gold,Denver,2021,"App sessions/month, last 3 mo = 0","Transactions, last month = 0",Months since last purchase = 3,Lapsed (no purchase Jan-Mar 2024),1
501100,0.9981,1,High,Gold,Boise,2022,"App sessions/month, last 3 mo = 0",Months since last purchase = 9,"Spend/month, last 3 mo = 0",Lapsed (no purchase Jan-Mar 2024),1
501558,0.9981,1,High,Silver,Nashville,2023,"App sessions/month, last 3 mo = 0",Months since last purchase = 12,"Spend/month, last 3 mo = 0",Lapsed (no purchase Jan-Mar 2024),1
501759,0.9981,1,High,Silver,Raleigh,2021,"App sessions/month, last 3 mo = 0",Months since last purchase = 8,"Spend/month, last 3 mo = 0",Lapsed (no purchase Jan-Mar 2024),1
501817,0.9981,1,High,Silver,Tulsa,2021,"App sessions/month, last 3 mo = 0",Months since last purchase = 3,"Transactions, last month = 0",Lapsed (no purchase Jan-Mar 2024),1
501251,0.9981,1,High,Silver,Nashville,2022,"App sessions/month, last 3 mo = 0",Months since last purchase = 14,"Spend/month, last 3 mo = 0",Lapsed (no purchase Jan-Mar 2024),1
502235,0.9981,1,High,Silver,Raleigh,2021,"App sessions/month, last 3 mo = 0",Months since last purchase = 11,"Spend/month, last 3 mo = 0",Lapsed (no purchase Jan-Mar 2024),1
500204,0.9981,1,High,Gold,Portland,2022,"App sessions/month, last 3 mo = 0",Months since last purchase = 14,"Spend/month, last 3 mo = 0",Lapsed (no purchase Jan-Mar 2024),1
500186,0.9981,1,High,Silver,Austin,2023,"App sessions/month, last 3 mo = 0",Months since last purchase = 9,"Spend/month, last 3 mo = 0",Lapsed (no purchase Jan-Mar 2024),1
500796,0.9981,1,High,Gold,Austin,2022,"App sessions/month, last 3 mo = 0",Months since last purchase = 13,"Spend/month, last 3 mo = 0",Lapsed (no purchase Jan-Mar 2024),1
502255,0.9981,1,High,Gold,Columbus,2023,"App sessions/month, last 3 mo = 0",Months since last purchase = 11,"Spend/month, last 3 mo = 0",Lapsed (no purchase Jan-Mar 2024),1
501748,0.9981,1,High,Silver,Columbus,2022,"App sessions/month, last 3 mo = 0",Months since last purchase = 4,"Spend/month, last 3 mo = 0",Lapsed (no purchase Jan-Mar 2024),1
501095,0.9981,1,High,Gold,Raleigh,2021,"App sessions/month, last 3 mo = 0",Months since last purchase = 8,"Spend/month, last 3 mo = 0",Lapsed (no purchase Jan-Mar 2024),1
501016,0.998,1,High,Gold,Austin,2022,"App sessions/month, last 3 mo = 0",Months since last purchase = 3,"Spend/month, last 3 mo = 0",Lapsed (no purchase Jan-Mar 2024),1
502220,0.998,1,High,Silver,Raleigh,2022,"App sessions/month, last 3 mo = 0",Months since last purchase = 11,"Spend/month, last 3 mo = 0",Lapsed (no purchase Jan-Mar 2024),1
500612,0.998,1,High,Platinum,Spokane,2021,"App sessions/month, last 3 mo = 0",Months since last purchase = 13,"Spend/month, last 3 mo = 0",Lapsed (no purchase Jan-Mar 2024),1
501477,0.998,1,High,Silver,Madison,2021,"App sessions/month, last 3 mo = 0",Months since last purchase = 8,"Spend/month, last 3 mo = 0",Lapsed (no purchase Jan-Mar 2024),1
500055,0.998,1,High,Silver,Tulsa,2021,"App sessions/month, last 3 mo = 0",Months since last purchase = 4,"Transactions, last month = 0",Lapsed (no purchase Jan-Mar 2024),1
501749,0.998,1,High,Gold,Portland,2022,"App sessions/month, last 3 mo = 0",Months since last purchase = 7,"Spend/month, last 3 mo = 0",Lapsed (no purchase Jan-Mar 2024),1
500893,0.998,1,High,Silver,Madison,2021,"App sessions/month, last 3 mo = 0","Transactions, last month = 0",Months since last purchase = 4,Lapsed (no purchase Jan-Mar 2024),1
500948,0.998,1,High,Platinum,Austin,2021,"App sessions/month, last 3 mo = 0",Months since last purchase = 6,"Spend/month, last 3 mo = 0",Lapsed (no purchase Jan-Mar 2024),1
501508,0.998,1,High,Silver,Austin,2022,"App sessions/month, last 3 mo = 0",Months since last purchase = 13,"Spend/month, last 3 mo = 0",Lapsed (no purchase Jan-Mar 2024),1
500158,0.998,1,High,Platinum,Spokane,2022,"App sessions/month, last 3 mo = 0",Months since last purchase = 3,"Spend/month, last 3 mo = 0",Lapsed (no purchase Jan-Mar 2024),1
500677,0.998,1,High,Platinum,Madison,2022,"App sessions/month, last 3 mo = 0",Months since last purchase = 13,"Spend/month, last 3 mo = 0",Lapsed (no purchase Jan-Mar 2024),1
500971,0.998,1,High,Gold,Portland,2021,"App sessions/month, last 3 mo = 0",Months since last purchase = 13,"Spend/month, last 3 mo = 0",Lapsed (no purchase Jan-Mar 2024),1
501058,0.9979,1,High,Silver,Austin,2023,"App sessions/month, last 3 mo = 0",Months since last purchase = 5,"Spend/month, last 3 mo = 0",Lapsed (no purchase Jan-Mar 2024),1
501502,0.9979,1,High,Platinum,Raleigh,2021,"App sessions/month, last 3 mo = 0",Months since last purchase = 3,"Transactions, last month = 0",Lapsed (no purchase Jan-Mar 2024),1
500666,0.9979,1,High,Silver,Columbus,2021,"App sessions/month, last 3 mo = 0",Months since last purchase = 14,"Spend/month, last 3 mo = 0",Lapsed (no purchase Jan-Mar 2024),1
502368,0.9979,1,High,Gold,Boise,2021,"App sessions/month, last 3 mo = 0",Months since last purchase = 11,"Spend/month, last 3 mo = 0",Lapsed (no purchase Jan-Mar 2024),1
502088,0.9979,1,High,Silver,Austin,2022,"App sessions/month, last 3 mo = 0",Months since last purchase = 14,"Spend/month, last 3 mo = 0",Lapsed (no purchase Jan-Mar 2024),1
500545,0.9979,1,High,Gold,Spokane,2021,"App sessions/month, last 3 mo = 0",Months since last purchase = 13,"Spend/month, last 3 mo = 0",Lapsed (no purchase Jan-Mar 2024),1
502407,0.9979,1,High,Silver,Boise,2023,"App sessions/month, last 3 mo = 0","Spend/month, last 3 mo = 0",Months since last purchase = 9,Lapsed (no purchase Jan-Mar 2024),1
501318,0.9979,1,High,Silver,Madison,2022,"App sessions/month, last 3 mo = 0",Months since last purchase = 6,"Spend/month, last 3 mo = 0",Lapsed (no purchase Jan-Mar 2024),1
500401,0.9979,1,High,Gold,Nashville,2021,"App sessions/month, last 3 mo = 0",Months since last purchase = 13,"Spend/month, last 3 mo = 0",Lapsed (no purchase Jan-Mar 2024),1
500988,0.9979,1,High,Silver,Austin,2021,"App sessions/month, last 3 mo = 0",Months since last purchase = 5,"Spend/month, last 3 mo = 0",Lapsed (no purchase Jan-Mar 2024),1
501374,0.9979,1,High,Silver,Portland,2021,"App sessions/month, last 3 mo = 0",Months since last purchase = 8,"Spend/month, last 3 mo = 0",Lapsed (no purchase Jan-Mar 2024),1
501908,0.9979,1,High,Gold,Portland,2021,"App sessions/month, last 3 mo = 0",Months since last purchase = 6,"Spend/month, last 3 mo = 0",Lapsed (no purchase Jan-Mar 2024),1
501352,0.9979,1,High,Gold,Denver,2023,"App sessions/month, last 3 mo = 0",Months since last purchase = 3,"Spend/month, last 3 mo = 0",Lapsed (no purchase Jan-Mar 2024),1
500320,0.9979,1,High,Silver,Denver,2022,"App sessions/month, last 3 mo = 0",Months since last purchase = 14,"Spend/month, last 3 mo = 0",Lapsed (no purchase Jan-Mar 2024),1
500891,0.9978,1,High,Silver,Columbus,2023,"App sessions/month, last 3 mo = 0",Months since last purchase = 10,"Spend/month, last 3 mo = 0",Lapsed (no purchase Jan-Mar 2024),1
500873,0.9978,1,High,Silver,Tulsa,2021,"App sessions/month, last 3 mo = 0",Months since last purchase = 4,"Spend/month, last 3 mo = 0",Lapsed (no purchase Jan-Mar 2024),1
501363,0.9978,1,High,Silver,Tulsa,2021,"App sessions/month, last 3 mo = 0",Months since last purchase = 6,"Spend/month, last 3 mo = 0",Lapsed (no purchase Jan-Mar 2024),1
501356,0.9978,1,High,Platinum,Boise,2022,"App sessions/month, last 3 mo = 0",Months since last purchase = 10,"Spend/month, last 3 mo = 0",Lapsed (no purchase Jan-Mar 2024),1
500469,0.9978,1,High,Gold,Austin,2021,"App sessions/month, last 3 mo = 0",Months since last purchase = 11,"Spend/month, last 3 mo = 0",Lapsed (no purchase Jan-Mar 2024),1
502425,0.9978,1,High,Gold,Raleigh,2021,"App sessions/month, last 3 mo = 0",Months since last purchase = 6,"Spend/month, last 3 mo = 0",Lapsed (no purchase Jan-Mar 2024),1
501794,0.9978,1,High,Silver,Raleigh,2021,"App sessions/month, last 3 mo = 0",Months since last purchase = 13,"Spend/month, last 3 mo = 0",Lapsed (no purchase Jan-Mar 2024),1
500445,0.9978,1,High,Gold,Tulsa,2021,"App sessions/month, last 3 mo = 0",Months since last purchase = 10,"Spend/month, last 3 mo = 0",Lapsed (no purchase Jan-Mar 2024),1
500591,0.9978,1,High,Silver,Spokane,2021,"App sessions/month, last 3 mo = 0",Months since last purchase = 13,"Spend/month, last 3 mo = 0",Lapsed (no purchase Jan-Mar 2024),1
501326,0.9978,1,High,Silver,Austin,2022,"App sessions/month, last 3 mo = 0",Months since last purchase = 6,"Spend/month, last 3 mo = 0",Lapsed (no purchase Jan-Mar 2024),1
500723,0.9978,1,High,Platinum,Denver,2021,"App sessions/month, last 3 mo = 0",Months since last purchase = 12,"Spend/month, last 3 mo = 0",Lapsed (no purchase Jan-Mar 2024),1
500344,0.9978,1,High,Silver,Madison,2023,"App sessions/month, last 3 mo = 0",Months since last purchase = 10,"Spend/month, last 3 mo = 0",Lapsed (no purchase Jan-Mar 2024),1
500752,0.9978,1,High,Gold,Spokane,2022,"App sessions/month, last 3 mo = 0",Months since last purchase = 12,"Spend/month, last 3 mo = 0",Lapsed (no purchase Jan-Mar 2024),1
501687,0.9978,1,High,Silver,Tulsa,2021,"App sessions/month, last 3 mo = 0",Months since last purchase = 6,"Spend/month, last 3 mo = 0",Lapsed (no purchase Jan-Mar 2024),1
502600,0.9978,1,High,Silver,Raleigh,2022,"App sessions/month, last 3 mo = 0",Months since last purchase = 9,"Spend/month, last 3 mo = 0",Lapsed (no purchase Jan-Mar 2024),1
501989,0.9978,1,High,Silver,Tulsa,2021,"App sessions/month, last 3 mo = 0",Months since last purchase = 13,"Spend/month, last 3 mo = 0",Lapsed (no purchase Jan-Mar 2024),1
502384,0.9978,1,High,Silver,Raleigh,2023,"Transactions, last month = 0",Months since last purchase = 4,"Spend/month, last 3 mo = 0",Lapsed (no purchase Jan-Mar 2024),1
501383,0.9978,1,High,Silver,Austin,2022,"App sessions/month, last 3 mo = 0",Months since last purchase = 12,"Spend/month, last 3 mo = 0",Lapsed (no purchase Jan-Mar 2024),1
501354,0.9978,1,High,Silver,Denver,2023,"App sessions/month, last 3 mo = 0",Months since last purchase = 4,"Spend/month, last 3 mo = 0",Lapsed (no purchase Jan-Mar 2024),1
500451,0.9978,1,High,Gold,Portland,2022,"App sessions/month, last 3 mo = 0",Months since last purchase = 12,"Spend/month, last 3 mo = 0",Lapsed (no purchase Jan-Mar 2024),1
500804,0.9978,1,High,Silver,Columbus,2023,"App sessions/month, last 3 mo = 0",Months since last purchase = 5,"Spend/month, last 3 mo = 0",Lapsed (no purchase Jan-Mar 2024),1
500925,0.9978,1,High,Silver,Tulsa,2022,"Transactions, last month = 0",Months since last purchase = 4,"App sessions/month, last 3 mo = 0.33",Lapsed (no purchase Jan-Mar 2024),1
501227,0.9978,1,High,Gold,Madison,2022,"App sessions/month, last 3 mo = 0",Months since last purchase = 14,"Spend/month, last 3 mo = 0",Lapsed (no purchase Jan-Mar 2024),1
500941,0.9978,1,High,Silver,Madison,2022,"App sessions/month, last 3 mo = 0",Months since last purchase = 6,"Spend/month, last 3 mo = 0",Lapsed (no purchase Jan-Mar 2024),1
502376,0.9977,1,High,Platinum,Denver,2023,"App sessions/month, last 3 mo = 0",Months since last purchase = 6,"Spend/month, last 3 mo = 0",Lapsed (no purchase Jan-Mar 2024),1
500290,0.9977,1,High,Silver,Columbus,2021,"App sessions/month, last 3 mo = 0",Months since last purchase = 5,"Spend/month, last 3 mo = 0",Lapsed (no purchase Jan-Mar 2024),1
502391,0.9977,1,High,Silver,Tulsa,2023,"App sessions/month, last 3 mo = 0",Months since last purchase = 5,"Spend/month, last 3 mo = 0",Lapsed (no purchase Jan-Mar 2024),1
501033,0.9977,1,High,Platinum,Columbus,2021,"App sessions/month, last 3 mo = 0",Months since last purchase = 5,"Spend/month, last 3 mo = 0",Lapsed (no purchase Jan-Mar 2024),1
501965,0.9977,1,High,Platinum,Nashville,2021,"App sessions/month, last 3 mo = 0",Months since last purchase = 9,"Spend/month, last 3 mo = 0",Lapsed (no purchase Jan-Mar 2024),1
502147,0.9977,1,High,Silver,Tulsa,2022,"App sessions/month, last 3 mo = 0",Months since last purchase = 6,"Spend/month, last 3 mo = 0",Lapsed (no purchase Jan-Mar 2024),1
501902,0.9977,1,High,Gold,Madison,2022,"App sessions/month, last 3 mo = 0",Months since last purchase = 9,"Spend/month, last 3 mo = 0",Lapsed (no purchase Jan-Mar 2024),1
502438,0.9977,1,High,Silver,Tulsa,2022,"App sessions/month, last 3 mo = 0",Months since last purchase = 13,"Spend/month, last 3 mo = 0",Lapsed (no purchase Jan-Mar 2024),1
500750,0.9977,1,High,Gold,Boise,2023,"App sessions/month, last 3 mo = 0",Months since last purchase = 10,"Spend/month, last 3 mo = 0",Lapsed (no purchase Jan-Mar 2024),1
501116,0.9977,1,High,Gold,Austin,2022,"App sessions/month, last 3 mo = 0",Months since last purchase = 12,"Spend/month, last 3 mo = 0",Lapsed (no purchase Jan-Mar 2024),1
502483,0.9977,1,High,Gold,Spokane,2021,"App sessions/month, last 3 mo = 0",Months since last purchase = 13,"Spend/month, last 3 mo = 0",Lapsed (no purchase Jan-Mar 2024),1
502545,0.9977,1,High,Silver,Denver,2022,"App sessions/month, last 3 mo = 0",Months since last purchase = 14,"Spend/month, last 3 mo = 0",Lapsed (no purchase Jan-Mar 2024),1
502341,0.9977,1,High,Gold,Denver,2023,"App sessions/month, last 3 mo = 0",Months since last purchase = 6,"Spend/month, last 3 mo = 0",Lapsed (no purchase Jan-Mar 2024),1
500386,0.9977,1,High,Silver,Austin,2021,"App sessions/month, last 3 mo = 0",Months since last purchase = 14,"Spend/month, last 3 mo = 0",Lapsed (no purchase Jan-Mar 2024),1
500130,0.9977,1,High,Gold,Columbus,2021,"App sessions/month, last 3 mo = 0",Months since last purchase = 6,"Spend/month, last 3 mo = 0",Lapsed (no purchase Jan-Mar 2024),1
501478,0.9977,1,High,Silver,Austin,2021,"App sessions/month, last 3 mo = 0",Months since last purchase = 14,"Spend/month, last 3 mo = 0",Lapsed (no purchase Jan-Mar 2024),1
500866,0.9977,1,High,Silver,Portland,2021,"App sessions/month, last 3 mo = 0",Months since last purchase = 10,"Spend/month, last 3 mo = 0",Lapsed (no purchase Jan-Mar 2024),1
502200,0.9977,1,High,Silver,Portland,2022,"App sessions/month, last 3 mo = 0",Months since last purchase = 10,"Spend/month, last 3 mo = 0",Lapsed (no purchase Jan-Mar 2024),1
501837,0.9976,1,High,Silver,Raleigh,2023,"App sessions/month, last 3 mo = 0",Months since last purchase = 5,"Spend/month, last 3 mo = 0",Lapsed (no purchase Jan-Mar 2024),1
501427,0.9976,1,High,Silver,Spokane,2022,"App sessions/month, last 3 mo = 0",Months since last purchase = 14,"Spend/month, last 3 mo = 0",Lapsed (no purchase Jan-Mar 2024),1
501406,0.9976,1,High,Gold,Boise,2021,"App sessions/month, last 3 mo = 0",Months since last purchase = 10,"Spend/month, last 3 mo = 0",Lapsed (no purchase Jan-Mar 2024),1
501243,0.9976,1,High,Silver,Denver,2022,"App sessions/month, last 3 mo = 0",Months since last purchase = 13,"Spend/month, last 3 mo = 0",Lapsed (no purchase Jan-Mar 2024),1
500694,0.9976,1,High,Silver,Portland,2021,"App sessions/month, last 3 mo = 0",Months since last purchase = 8,"Spend/month, last 3 mo = 0",Lapsed (no purchase Jan-Mar 2024),1
500702,0.9976,1,High,Silver,Boise,2022,"App sessions/month, last 3 mo = 0",Months since last purchase = 5,"Transactions, last month = 0",Lapsed (no purchase Jan-Mar 2024),1
501473,0.9976,1,High,Silver,Tulsa,2021,"App sessions/month, last 3 mo = 0",Months since last purchase = 9,"Spend/month, last 3 mo = 0",Lapsed (no purchase Jan-Mar 2024),1
501423,0.9976,1,High,Gold,Spokane,2022,"App sessions/month, last 3 mo = 0",Months since last purchase = 13,"Spend/month, last 3 mo = 0",Lapsed (no purchase Jan-Mar 2024),1
500937,0.9976,1,High,Gold,Spokane,2023,"App sessions/month, last 3 mo = 0",Months since last purchase = 5,"Spend/month, last 3 mo = 0",Lapsed (no purchase Jan-Mar 2024),1
500822,0.9976,1,High,Silver,Portland,2022,"App sessions/month, last 3 mo = 0",Months since last purchase = 8,"Spend/month, last 3 mo = 0",Lapsed (no purchase Jan-Mar 2024),1
502163,0.9976,1,High,Silver,Madison,2021,"App sessions/month, last 3 mo = 0",Months since last purchase = 13,"Spend/month, last 3 mo = 0",Lapsed (no purchase Jan-Mar 2024),1
502556,0.9976,1,High,Silver,Portland,2023,"App sessions/month, last 3 mo = 0",Months since last purchase = 6,"Spend/month, last 3 mo = 0",Lapsed (no purchase Jan-Mar 2024),1
500759,0.9976,1,High,Silver,Madison,2023,"App sessions/month, last 3 mo = 0",Months since last purchase = 9,"Spend/month, last 3 mo = 0",Lapsed (no purchase Jan-Mar 2024),1
501454,0.9976,1,High,Platinum,Spokane,2023,"App sessions/month, last 3 mo = 0",Months since last purchase = 6,"Spend/month, last 3 mo = 0",Lapsed (no purchase Jan-Mar 2024),1
502222,0.9976,1,High,Silver,Spokane,2023,"App sessions/month, last 3 mo = 0",Months since last purchase = 11,"Spend/month, last 3 mo = 0",Lapsed (no purchase Jan-Mar 2024),1
500972,0.9975,1,High,Gold,Spokane,2022,"App sessions/month, last 3 mo = 0",Months since last purchase = 10,"Spend/month, last 3 mo = 0",Lapsed (no purchase Jan-Mar 2024),1
501892,0.9975,1,High,Silver,Spokane,2022,"App sessions/month, last 3 mo = 0",Months since last purchase = 11,"Spend/month, last 3 mo = 0",Lapsed (no purchase Jan-Mar 2024),1
501300,0.9975,1,High,Platinum,Portland,2021,"App sessions/month, last 3 mo = 0",Months since last purchase = 9,"Spend/month, last 3 mo = 0",Lapsed (no purchase Jan-Mar 2024),1
501605,0.9975,1,High,Silver,Nashville,2021,"App sessions/month, last 3 mo = 0",Months since last purchase = 12,"Spend/month, last 3 mo = 0",Lapsed (no purchase Jan-Mar 2024),1
501061,0.9975,1,High,Silver,Nashville,2022,"App sessions/month, last 3 mo = 0",Months since last purchase = 14,"Spend/month, last 3 mo = 0",Lapsed (no purchase Jan-Mar 2024),1
501894,0.9975,1,High,Silver,Tulsa,2023,"App sessions/month, last 3 mo = 0",Months since last purchase = 7,"Spend/month, last 3 mo = 0",Lapsed (no purchase Jan-Mar 2024),1
501422,0.9975,1,High,Platinum,Portland,2022,"App sessions/month, last 3 mo = 0",Months since last purchase = 4,"Spend/month, last 3 mo = 0",Lapsed (no purchase Jan-Mar 2024),1
501984,0.9975,1,High,Gold,Austin,2021,"App sessions/month, last 3 mo = 0",Months since last purchase = 14,"Spend/month, last 3 mo = 0",Lapsed (no purchase Jan-Mar 2024),1
500198,0.9974,1,High,Silver,Boise,2022,"App sessions/month, last 3 mo = 0",Months since last purchase = 14,"Spend/month, last 3 mo = 0",Lapsed (no purchase Jan-Mar 2024),1
500654,0.9974,1,High,Silver,Austin,2023,"App sessions/month, last 3 mo = 0",Months since last purchase = 13,"Spend/month, last 3 mo = 0",Lapsed (no purchase Jan-Mar 2024),1
500727,0.9974,1,High,Platinum,Boise,2023,"App sessions/month, last 3 mo = 0",Months since last purchase = 5,"Spend/month, last 3 mo = 0",Lapsed (no purchase Jan-Mar 2024),1
500785,0.9974,1,High,Platinum,Columbus,2021,"App sessions/month, last 3 mo = 0",Months since last purchase = 14,"Spend/month, last 3 mo = 0",Lapsed (no purchase Jan-Mar 2024),1
501260,0.9974,1,High,Silver,Tulsa,2022,"App sessions/month, last 3 mo = 0",Months since last purchase = 14,"Spend/month, last 3 mo = 0",Lapsed (no purchase Jan-Mar 2024),1
501145,0.9974,1,High,Silver,Columbus,2023,"App sessions/month, last 3 mo = 0",Months since last purchase = 3,"Transactions, last month = 0",Lapsed (no purchase Jan-Mar 2024),1
500449,0.9974,1,High,Silver,Columbus,2021,"App sessions/month, last 3 mo = 0",Months since last purchase = 10,"Spend/month, last 3 mo = 0",Lapsed (no purchase Jan-Mar 2024),1
502308,0.9974,1,High,Gold,Portland,2023,"App sessions/month, last 3 mo = 0",Months since last purchase = 4,"Spend/month, last 3 mo = 0",Lapsed (no purchase Jan-Mar 2024),1
501520,0.9974,1,High,Silver,Columbus,2022,"App sessions/month, last 3 mo = 0",Months since last purchase = 8,"Spend/month, last 3 mo = 0",Lapsed (no purchase Jan-Mar 2024),1
501055,0.9974,1,High,Silver,Boise,2022,"App sessions/month, last 3 mo = 0",Months since last purchase = 4,"Spend/month, last 3 mo = 0",Lapsed (no purchase Jan-Mar 2024),1
500918,0.9973,1,High,Platinum,Raleigh,2022,"App sessions/month, last 3 mo = 0",Months since last purchase = 6,"Spend/month, last 3 mo = 0",Lapsed (no purchase Jan-Mar 2024),1
500787,0.9973,1,High,Silver,Madison,2023,"App sessions/month, last 3 mo = 0",Months since last purchase = 5,"Spend/month, last 3 mo = 0",Lapsed (no purchase Jan-Mar 2024),1
501118,0.9973,1,High,Gold,Portland,2022,"App sessions/month, last 3 mo = 0",Months since last purchase = 7,"Spend/month, last 3 mo = 0",Lapsed (no purchase Jan-Mar 2024),1
500348,0.9973,1,High,Silver,Madison,2022,"App sessions/month, last 3 mo = 0",Months since last purchase = 13,"Spend/month, last 3 mo = 0",Lapsed (no purchase Jan-Mar 2024),1
501411,0.9973,1,High,Silver,Tulsa,2023,"App sessions/month, last 3 mo = 0",Months since last purchase = 4,"Spend/month, last 3 mo = 0",Lapsed (no purchase Jan-Mar 2024),1
501303,0.9973,1,High,Silver,Denver,2023,"App sessions/month, last 3 mo = 0",Months since last purchase = 5,"Spend/month, last 3 mo = 0",Lapsed (no purchase Jan-Mar 2024),1
500566,0.9973,1,High,Gold,Austin,2022,"App sessions/month, last 3 mo = 0",Months since last purchase = 7,"Spend/month, last 3 mo = 0",Lapsed (no purchase Jan-Mar 2024),1
501213,0.9973,1,High,Silver,Nashville,2023,"App sessions/month, last 3 mo = 0",Months since last purchase = 4,"Spend/month, last 3 mo = 0",Lapsed (no purchase Jan-Mar 2024),1
501974,0.9973,1,High,Silver,Portland,2022,"App sessions/month, last 3 mo = 0",Months since last purchase = 8,"Spend/month, last 3 mo = 0",Lapsed (no purchase Jan-Mar 2024),1
500916,0.9973,1,High,Silver,Madison,2023,"App sessions/month, last 3 mo = 0",Months since last purchase = 5,"Spend/month, last 3 mo = 0",Lapsed (no purchase Jan-Mar 2024),1
501842,0.9973,1,High,Silver,Portland,2022,"App sessions/month, last 3 mo = 0",Months since last purchase = 3,"Spend/month, last 3 mo = 0",Lapsed (no purchase Jan-Mar 2024),1
502060,0.9973,1,High,Silver,Boise,2022,"App sessions/month, last 3 mo = 0",Months since last purchase = 14,"Spend/month, last 3 mo = 0",Lapsed (no purchase Jan-Mar 2024),1
501824,0.9973,1,High,Silver,Spokane,2023,"App sessions/month, last 3 mo = 0",Months since last purchase = 6,"Spend/month, last 3 mo = 0",Lapsed (no purchase Jan-Mar 2024),1
500090,0.9972,1,High,Silver,Spokane,2021,"App sessions/month, last 3 mo = 0",Months since last purchase = 3,"Transactions, last month = 0",Lapsed (no purchase Jan-Mar 2024),1
500860,0.9972,1,High,Silver,Madison,2022,"App sessions/month, last 3 mo = 0",Months since last purchase = 13,"Spend/month, last 3 mo = 0",Lapsed (no purchase Jan-Mar 2024),1
500511,0.9972,1,High,Gold,Spokane,2023,"App sessions/month, last 3 mo = 0",Months since last purchase = 11,"Spend/month, last 3 mo = 0",Lapsed (no purchase Jan-Mar 2024),1
501659,0.9972,1,High,Platinum,Denver,2021,"App sessions/month, last 3 mo = 0",Months since last purchase = 13,"Spend/month, last 3 mo = 0",Lapsed (no purchase Jan-Mar 2024),1
500260,0.9972,1,High,Silver,Boise,2021,"App sessions/month, last 3 mo = 0",Months since last purchase = 5,"Spend/month, last 3 mo = 0",Lapsed (no purchase Jan-Mar 2024),1
500082,0.9972,1,High,Platinum,Boise,2023,"App sessions/month, last 3 mo = 0",Months since last purchase = 4,"Spend/month, last 3 mo = 0",Lapsed (no purchase Jan-Mar 2024),1
500885,0.9972,1,High,Silver,Raleigh,2023,"App sessions/month, last 3 mo = 0",Months since last purchase = 3,"Spend/month, last 3 mo = 0",Lapsed (no purchase Jan-Mar 2024),1
502394,0.9972,1,High,Silver,Nashville,2021,"App sessions/month, last 3 mo = 0",Months since last purchase = 5,"Transactions, last month = 0",Lapsed (no purchase Jan-Mar 2024),1
502026,0.9972,1,High,Silver,Spokane,2022,"App sessions/month, last 3 mo = 0",Months since last purchase = 13,"Spend/month, last 3 mo = 0",Lapsed (no purchase Jan-Mar 2024),1
500499,0.9972,1,High,Gold,Austin,2022,"App sessions/month, last 3 mo = 0",Months since last purchase = 3,"Transactions, last month = 0",Lapsed (no purchase Jan-Mar 2024),1
500968,0.9972,1,High,Silver,Spokane,2022,"App sessions/month, last 3 mo = 0",Months since last purchase = 5,"Spend/month, last 3 mo = 0",Lapsed (no purchase Jan-Mar 2024),1
501005,0.9972,1,High,Silver,Tulsa,2022,"App sessions/month, last 3 mo = 0",Months since last purchase = 14,"Spend/month, last 3 mo = 0",Lapsed (no purchase Jan-Mar 2024),1
502207,0.9971,1,High,Silver,Tulsa,2021,"App sessions/month, last 3 mo = 0",Months since last purchase = 5,"Spend/month, last 3 mo = 0",Lapsed (no purchase Jan-Mar 2024),1
501029,0.9971,1,High,Silver,Portland,2023,"App sessions/month, last 3 mo = 0",Months since last purchase = 3,"Spend/month, last 3 mo = 0",Lapsed (no purchase Jan-Mar 2024),1
502482,0.9971,1,High,Platinum,Denver,2023,"App sessions/month, last 3 mo = 0",Months since last purchase = 5,"Spend/month, last 3 mo = 0",Lapsed (no purchase Jan-Mar 2024),1
501708,0.9971,1,High,Silver,Columbus,2023,"App sessions/month, last 3 mo = 0",Months since last purchase = 9,"Spend/month, last 3 mo = 0",Lapsed (no purchase Jan-Mar 2024),1
501968,0.997,1,High,Gold,Madison,2022,"App sessions/month, last 3 mo = 0",Months since last purchase = 7,"Spend/month, last 3 mo = 0",Lapsed (no purchase Jan-Mar 2024),1
500874,0.997,1,High,Gold,Boise,2022,"App sessions/month, last 3 mo = 0",Months since last purchase = 11,"Spend/month, last 3 mo = 0",Lapsed (no purchase Jan-Mar 2024),1
501762,0.997,1,High,Platinum,Boise,2023,"App sessions/month, last 3 mo = 0",Months since last purchase = 12,"Spend/month, last 3 mo = 0",Lapsed (no purchase Jan-Mar 2024),1
501971,0.997,1,High,Silver,Madison,2021,"App sessions/month, last 3 mo = 0",Months since last purchase = 6,"Spend/month, last 3 mo = 0",Lapsed (no purchase Jan-Mar 2024),1
500068,0.997,1,High,Silver,Tulsa,2022,"App sessions/month, last 3 mo = 0",Months since last purchase = 4,"Spend/month, last 3 mo = 0",Lapsed (no purchase Jan-Mar 2024),1
502186,0.997,1,High,Silver,Raleigh,2022,"App sessions/month, last 3 mo = 0",Months since last purchase = 12,"Spend/month, last 3 mo = 0",Lapsed (no purchase Jan-Mar 2024),1
500086,0.997,1,High,Silver,Tulsa,2022,"App sessions/month, last 3 mo = 0",Months since last purchase = 10,"Spend/month, last 3 mo = 0",Lapsed (no purchase Jan-Mar 2024),1
502100,0.997,1,High,Gold,Raleigh,2023,"App sessions/month, last 3 mo = 0","Transactions, last month = 0","Spend/month, last 3 mo = 0",Lapsed (no purchase Jan-Mar 2024),1
500894,0.9969,1,High,Silver,Boise,2023,"App sessions/month, last 3 mo = 0",Months since last purchase = 12,"Spend/month, last 3 mo = 0",Lapsed (no purchase Jan-Mar 2024),1
501948,0.9969,1,High,Platinum,Raleigh,2023,"App sessions/month, last 3 mo = 0",Months since last purchase = 3,"Spend/month, last 3 mo = 0",Lapsed (no purchase Jan-Mar 2024),1
501623,0.9969,1,High,Silver,Austin,2023,"App sessions/month, last 3 mo = 0",Months since last purchase = 4,"Spend/month, last 3 mo = 0",Lapsed (no purchase Jan-Mar 2024),1
500211,0.9969,1,High,Silver,Boise,2022,"App sessions/month, last 3 mo = 0",Months since last purchase = 13,"Spend/month, last 3 mo = 0",Lapsed (no purchase Jan-Mar 2024),1
500632,0.9969,1,High,Silver,Portland,2023,"App sessions/month, last 3 mo = 0",Months since last purchase = 4,"Spend/month, last 3 mo = 0",Lapsed (no purchase Jan-Mar 2024),1
501179,0.9969,1,High,Silver,Nashville,2023,"App sessions/month, last 3 mo = 0",Months since last purchase = 3,"Transactions, last month = 0",Lapsed (no purchase Jan-Mar 2024),1
502283,0.9969,1,High,Silver,Raleigh,2021,"App sessions/month, last 3 mo = 0",Months since last purchase = 12,"Spend/month, last 3 mo = 0",Lapsed (no purchase Jan-Mar 2024),1
500584,0.9968,1,High,Silver,Austin,2022,"App sessions/month, last 3 mo = 0",Months since last purchase = 5,"Spend/month, last 3 mo = 0",Lapsed (no purchase Jan-Mar 2024),1
500221,0.9968,1,High,Gold,Raleigh,2021,"App sessions/month, last 3 mo = 0",Months since last purchase = 5,"Spend/month, last 3 mo = 0",Lapsed (no purchase Jan-Mar 2024),1
500249,0.9968,1,High,Gold,Boise,2021,"App sessions/month, last 3 mo = 0",Months since last purchase = 12,"Spend/month, last 3 mo = 0",Lapsed (no purchase Jan-Mar 2024),1
501070,0.9967,1,High,Silver,Raleigh,2022,"App sessions/month, last 3 mo = 0",Months since last purchase = 4,"Transactions, last month = 0",Lapsed (no purchase Jan-Mar 2024),1
501703,0.9967,1,High,Gold,Columbus,2022,"App sessions/month, last 3 mo = 0",Months since last purchase = 5,"Spend/month, last 3 mo = 0",Lapsed (no purchase Jan-Mar 2024),1
500902,0.9967,1,High,Platinum,Madison,2023,"App sessions/month, last 3 mo = 0",Months since last purchase = 12,"Spend/month, last 3 mo = 0",Lapsed (no purchase Jan-Mar 2024),1
500101,0.9966,1,High,Gold,Portland,2022,"App sessions/month, last 3 mo = 0",Months since last purchase = 13,"Spend/month, last 3 mo = 0",Lapsed (no purchase Jan-Mar 2024),1
500278,0.9966,1,High,Gold,Columbus,2021,"App sessions/month, last 3 mo = 0",Months since last purchase = 7,"Spend/month, last 3 mo = 0",Lapsed (no purchase Jan-Mar 2024),1
500132,0.9965,1,High,Platinum,Madison,2023,"App sessions/month, last 3 mo = 0",Months since last purchase = 3,"Spend/month, last 3 mo = 0",Lapsed (no purchase Jan-Mar 2024),1
501673,0.9965,1,High,Silver,Boise,2022,"App sessions/month, last 3 mo = 0",Months since last purchase = 4,"Spend/month, last 3 mo = 0",Lapsed (no purchase Jan-Mar 2024),1
500492,0.9965,1,High,Silver,Columbus,2023,"App sessions/month, last 3 mo = 0",Months since last purchase = 5,"Spend/month, last 3 mo = 0",Lapsed (no purchase Jan-Mar 2024),1
501397,0.9964,1,High,Silver,Boise,2022,"App sessions/month, last 3 mo = 0",Months since last purchase = 14,"Spend/month, last 3 mo = 0",Lapsed (no purchase Jan-Mar 2024),1
501104,0.9964,1,High,Silver,Raleigh,2022,"App sessions/month, last 3 mo = 0",Months since last purchase = 11,"Spend/month, last 3 mo = 0",Lapsed (no purchase Jan-Mar 2024),1
502520,0.9964,1,High,Gold,Nashville,2021,"App sessions/month, last 3 mo = 0",Months since last purchase = 4,"Spend/month, last 3 mo = 0",Lapsed (no purchase Jan-Mar 2024),1
502410,0.9962,1,High,Silver,Nashville,2022,"App sessions/month, last 3 mo = 0",Months since last purchase = 4,"Spend/month, last 3 mo = 0",Lapsed (no purchase Jan-Mar 2024),1
500869,0.9961,1,High,Silver,Raleigh,2022,"App sessions/month, last 3 mo = 0",Months since last purchase = 4,"Spend/month, last 3 mo = 0",Lapsed (no purchase Jan-Mar 2024),1
502058,0.9961,1,High,Gold,Portland,2022,"App sessions/month, last 3 mo = 0",Months since last purchase = 5,"Spend/month, last 3 mo = 0",Lapsed (no purchase Jan-Mar 2024),1
501919,0.9961,1,High,Gold,Nashville,2022,"App sessions/month, last 3 mo = 0",Months since last purchase = 5,"Spend/month, last 3 mo = 0",Lapsed (no purchase Jan-Mar 2024),1
501056,0.996,1,High,Gold,Madison,2022,"App sessions/month, last 3 mo = 0","Transactions, last month = 0",Months since last purchase = 2,Active (bought Jan-Mar 2024),1
501583,0.996,1,High,Gold,Portland,2022,"Transactions, last month = 0","Spend/month, last 3 mo = 0",Months since last purchase = 3,Lapsed (no purchase Jan-Mar 2024),1
500720,0.996,1,High,Gold,Austin,2022,"App sessions/month, last 3 mo = 0",Months since last purchase = 7,"Spend/month, last 3 mo = 0",Lapsed (no purchase Jan-Mar 2024),1
501181,0.9959,1,High,Silver,Raleigh,2022,"App sessions/month, last 3 mo = 0",Months since last purchase = 6,"Spend/month, last 3 mo = 0",Lapsed (no purchase Jan-Mar 2024),1
501536,0.9959,1,High,Silver,Nashville,2023,"Transactions, last month = 0","App sessions/month, last 3 mo = 0.33",Months since last purchase = 3,Lapsed (no purchase Jan-Mar 2024),1
502304,0.9959,1,High,Silver,Tulsa,2022,"App sessions/month, last 3 mo = 0",Months since last purchase = 4,"Spend/month, last 3 mo = 0",Lapsed (no purchase Jan-Mar 2024),1
502133,0.9959,1,High,Silver,Columbus,2021,"App sessions/month, last 3 mo = 0","Transactions, last month = 0",Months since last purchase = 4,Lapsed (no purchase Jan-Mar 2024),1
502041,0.9959,1,High,Silver,Nashville,2022,"App sessions/month, last 3 mo = 0",Months since last purchase = 5,"Spend/month, last 3 mo = 0",Lapsed (no purchase Jan-Mar 2024),1
502013,0.9958,1,High,Gold,Denver,2022,"App sessions/month, last 3 mo = 0",Months since last purchase = 7,"Spend/month, last 3 mo = 0",Lapsed (no purchase Jan-Mar 2024),1
501332,0.9958,1,High,Gold,Boise,2023,"Transactions, last month = 0","App sessions/month, last 3 mo = 0.33","Transactions/month, last 3 mo = 0.67",Active (bought Jan-Mar 2024),1
500333,0.9958,1,High,Gold,Tulsa,2023,"App sessions/month, last 3 mo = 0",Months since last purchase = 5,"Spend/month, last 3 mo = 0",Lapsed (no purchase Jan-Mar 2024),1
500681,0.9958,1,High,Silver,Nashville,2021,"App sessions/month, last 3 mo = 0",Months since last purchase = 5,"Spend/month, last 3 mo = 0",Lapsed (no purchase Jan-Mar 2024),1
502264,0.9957,1,High,Gold,Columbus,2021,"App sessions/month, last 3 mo = 0",Months since last purchase = 3,"Transactions, last month = 0",Lapsed (no purchase Jan-Mar 2024),1
500534,0.9956,1,High,Gold,Denver,2023,"App sessions/month, last 3 mo = 0",Months since last purchase = 4,"Spend/month, last 3 mo = 0",Lapsed (no purchase Jan-Mar 2024),1
502066,0.9955,1,High,Platinum,Portland,2022,"App sessions/month, last 3 mo = 0",Months since last purchase = 5,"Spend/month, last 3 mo = 0",Lapsed (no purchase Jan-Mar 2024),1
501730,0.9955,1,High,Silver,Denver,2022,"App sessions/month, last 3 mo = 0",Months since last purchase = 3,"Spend/month, last 3 mo = 0",Lapsed (no purchase Jan-Mar 2024),1
500820,0.9955,1,High,Silver,Spokane,2021,"App sessions/month, last 3 mo = 0",Months since last purchase = 3,"Transactions, last month = 0",Lapsed (no purchase Jan-Mar 2024),1
500282,0.9954,1,High,Gold,Denver,2021,"App sessions/month, last 3 mo = 0","Transactions, last month = 0","Spend/month, last 3 mo = 12.41",Active (bought Jan-Mar 2024),1
500816,0.9954,1,High,Silver,Nashville,2022,"App sessions/month, last 3 mo = 0",Months since last purchase = 6,"Spend/month, last 3 mo = 0",Lapsed (no purchase Jan-Mar 2024),1
500904,0.9953,1,High,Silver,Nashville,2023,"App sessions/month, last 3 mo = 0",Months since last purchase = 3,"Spend/month, last 3 mo = 0",Lapsed (no purchase Jan-Mar 2024),1
500239,0.9951,1,High,Gold,Raleigh,2023,"App sessions/month, last 3 mo = 0",Months since last purchase = 4,"Spend/month, last 3 mo = 0",Lapsed (no purchase Jan-Mar 2024),1
500628,0.9951,1,High,Platinum,Portland,2022,"App sessions/month, last 3 mo = 0",Months since last purchase = 7,"Spend/month, last 3 mo = 0",Lapsed (no purchase Jan-Mar 2024),1
500478,0.9951,1,High,Silver,Austin,2021,"App sessions/month, last 3 mo = 0",Months since last purchase = 5,"Spend/month, last 3 mo = 0",Lapsed (no purchase Jan-Mar 2024),1
501588,0.9949,1,High,Silver,Raleigh,2022,"App sessions/month, last 3 mo = 0",Months since last purchase = 5,"Spend/month, last 3 mo = 0",Lapsed (no purchase Jan-Mar 2024),1
501771,0.9947,1,High,Silver,Columbus,2021,"Transactions, last month = 0",Months since last purchase = 3,"Spend/month, last 3 mo = 0",Lapsed (no purchase Jan-Mar 2024),1
501644,0.9947,1,High,Gold,Madison,2022,"App sessions/month, last 3 mo = 0",Months since last purchase = 5,"Transactions, last month = 0",Lapsed (no purchase Jan-Mar 2024),1
501535,0.9946,1,High,Silver,Tulsa,2022,"App sessions/month, last 3 mo = 0","Spend/month, last 3 mo = 10.12","Transactions, last month = 0",Active (bought Jan-Mar 2024),1
501335,0.9945,1,High,Silver,Columbus,2021,"App sessions/month, last 3 mo = 0","Transactions, last month = 0","Transactions/month, last 3 mo = 0.50",Active (bought Jan-Mar 2024),1
500289,0.9945,1,High,Gold,Spokane,2021,"Transactions, last month = 0",Months since last purchase = 3,"Spend/month, last 3 mo = 0",Lapsed (no purchase Jan-Mar 2024),1
501995,0.9943,1,High,Gold,Tulsa,2022,"Transactions, last month = 0",Months since last purchase = 4,"Spend/month, last 3 mo = 0",Lapsed (no purchase Jan-Mar 2024),1
501195,0.9943,1,High,Gold,Denver,2022,"App sessions/month, last 3 mo = 0",Months since last purchase = 5,"Spend/month, last 3 mo = 0",Lapsed (no purchase Jan-Mar 2024),1
500989,0.9943,1,High,Platinum,Columbus,2023,"App sessions/month, last 3 mo = 0","Transactions, last month = 0","Support tickets, last 3 mo = 4",Active (bought Jan-Mar 2024),1
500044,0.9943,1,High,Silver,Raleigh,2022,"Transactions, last month = 0",Months since last purchase = 3,"App sessions/month, last 3 mo = 0.33",Lapsed (no purchase Jan-Mar 2024),1
501455,0.9942,1,High,Silver,Madison,2023,"App sessions/month, last 3 mo = 0",Months since last purchase = 5,"Spend/month, last 3 mo = 0",Lapsed (no purchase Jan-Mar 2024),1
500276,0.9941,1,High,Silver,Portland,2021,"App sessions/month, last 3 mo = 0","Transactions, last month = 0","Transactions/month, last 3 mo = 0.67",Active (bought Jan-Mar 2024),1
502373,0.994,1,High,Silver,Spokane,2021,"Transactions, last month = 0",Months since last purchase = 2,"Support tickets, last 3 mo = 4",Active (bought Jan-Mar 2024),1
502150,0.9938,1,High,Gold,Boise,2021,"App sessions/month, last 3 mo = 0",Months since last purchase = 5,"Spend/month, last 3 mo = 0",Lapsed (no purchase Jan-Mar 2024),1
500903,0.9936,1,High,Silver,Nashville,2023,"App sessions/month, last 3 mo = 0",Months since last purchase = 4,"Spend/month, last 3 mo = 0",Lapsed (no purchase Jan-Mar 2024),1
502208,0.9932,1,High,Silver,Boise,2023,Months since last purchase = 2,"Transactions, last month = 0","Spend/month, last 3 mo = 11.42",Active (bought Jan-Mar 2024),1
500024,0.9931,1,High,Silver,Denver,2022,"App sessions/month, last 3 mo = 0","Spend/month, last 3 mo = 13.96",Months since last purchase = 2,Active (bought Jan-Mar 2024),1
500985,0.9931,1,High,Silver,Austin,2022,"App sessions/month, last 3 mo = 0","Transactions, last month = 1","Spend/month, last 3 mo = 9.55",Active (bought Jan-Mar 2024),1
502007,0.9929,1,High,Gold,Tulsa,2022,"App sessions/month, last 3 mo = 0",Months since last purchase = 3,"Transactions, last month = 0",Lapsed (no purchase Jan-Mar 2024),1
501312,0.9929,1,High,Gold,Tulsa,2022,"App sessions/month, last 3 mo = 0","Spend/month, last 3 mo = 7.02",Months since last purchase = 2,Active (bought Jan-Mar 2024),1
501596,0.9925,1,High,Silver,Raleigh,2021,"Transactions, last month = 0",Months since last purchase = 2,"Emails opened/month, last 3 mo = 0",Active (bought Jan-Mar 2024),1
500219,0.9922,1,High,Silver,Denver,2022,"App sessions/month, last 3 mo = 0",Months since last purchase = 5,"Spend/month, last 3 mo = 0",Lapsed (no purchase Jan-Mar 2024),1
501505,0.9922,1,High,Gold,Spokane,2023,"App sessions/month, last 3 mo = 0","Spend/month, last 3 mo = 13.06",Months since last purchase = 2,Active (bought Jan-Mar 2024),1
500768,0.992,1,High,Gold,Raleigh,2022,"App sessions/month, last 3 mo = 0",Months since last purchase = 5,"Spend/month, last 3 mo = 0",Lapsed (no purchase Jan-Mar 2024),1
500549,0.9919,1,High,Gold,Raleigh,2021,"App sessions/month, last 3 mo = 0",Months since last purchase = 4,"Spend/month, last 3 mo = 0",Lapsed (no purchase Jan-Mar 2024),1
502062,0.9918,1,High,Gold,Austin,2022,"App sessions/month, last 3 mo = 0",Months since last purchase = 5,"Spend/month, last 3 mo = 0",Lapsed (no purchase Jan-Mar 2024),1
501433,0.9917,1,High,Silver,Madison,2021,"App sessions/month, last 3 mo = 0",Months since last purchase = 4,"Transactions, last month = 0",Lapsed (no purchase Jan-Mar 2024),1
501392,0.9917,1,High,Silver,Portland,2022,"App sessions/month, last 3 mo = 0","Transactions, last month = 0","Transactions/month, last 3 mo = 1",Active (bought Jan-Mar 2024),1
500140,0.9914,1,High,Silver,Austin,2022,"App sessions/month, last 3 mo = 0","Transactions, last month = 0","Spend/month, last 3 mo = 10.85",Active (bought Jan-Mar 2024),0
500361,0.9913,1,High,Gold,Portland,2021,"App sessions/month, last 3 mo = 0",Months since last purchase = 5,"Spend/month, last 3 mo = 0",Lapsed (no purchase Jan-Mar 2024),1
502258,0.991,1,High,Gold,Portland,2022,"App sessions/month, last 3 mo = 0",Months since last purchase = 4,"Spend/month, last 3 mo = 0",Lapsed (no purchase Jan-Mar 2024),1
500019,0.9908,1,High,Silver,Madison,2022,"App sessions/month, last 3 mo = 0",Months since last purchase = 3,"Transactions, last month = 0",Lapsed (no purchase Jan-Mar 2024),1
500734,0.9906,1,High,Silver,Columbus,2022,"Transactions, last month = 0","Spend/month, last 3 mo = 6.25",Months since last purchase = 2,Active (bought Jan-Mar 2024),1
501732,0.9906,1,High,Gold,Raleigh,2022,"Spend/month, last 3 mo = 13.26","Transactions, last month = 0",Months since last purchase = 2,Active (bought Jan-Mar 2024),1
501878,0.9905,1,High,Silver,Boise,2023,"App sessions/month, last 3 mo = 0",Months since last purchase = 2,"Transactions, last month = 0",Active (bought Jan-Mar 2024),1
502551,0.9903,1,High,Gold,Columbus,2023,"App sessions/month, last 3 mo = 0","Transactions, last month = 0","Emails opened/month, last 3 mo = 0",Active (bought Jan-Mar 2024),1
501391,0.99,1,High,Silver,Madison,2023,"App sessions/month, last 3 mo = 0","Transactions, last month = 0","Transactions/month, last 3 mo = 1.67",Active (bought Jan-Mar 2024),1
501639,0.9891,1,High,Gold,Tulsa,2021,"App sessions/month, last 3 mo = 0",Months since last purchase = 3,"Transactions, last month = 0",Lapsed (no purchase Jan-Mar 2024),1
502076,0.988,1,High,Gold,Columbus,2022,"App sessions/month, last 3 mo = 0",Months since last purchase = 2,"Spend/month, last 3 mo = 9.59",Active (bought Jan-Mar 2024),1
500415,0.988,1,High,Silver,Columbus,2023,"App sessions/month, last 3 mo = 0","Transactions, last month = 0","Spend/month, last 3 mo = 16.03",Active (bought Jan-Mar 2024),1
501740,0.9879,1,High,Silver,Denver,2023,"App sessions/month, last 3 mo = 0",Months since last purchase = 2,"Spend/month, last 3 mo = 8.63",Active (bought Jan-Mar 2024),1
502492,0.9878,1,High,Silver,Tulsa,2021,"App sessions/month, last 3 mo = 0",Months since last purchase = 5,"Transactions, last month = 0",Lapsed (no purchase Jan-Mar 2024),1
502415,0.987,1,High,Gold,Madison,2021,"App sessions/month, last 3 mo = 0","Transactions, last month = 0",Months since last purchase = 2,Active (bought Jan-Mar 2024),1
500625,0.9868,1,High,Silver,Spokane,2022,"App sessions/month, last 3 mo = 0","Transactions, last month = 0","Spend/month, last 3 mo = 9.66",Active (bought Jan-Mar 2024),1
500799,0.9867,1,High,Gold,Columbus,2021,Months since last purchase = 3,"Transactions, last month = 0","Spend/month, last 3 mo = 0",Lapsed (no purchase Jan-Mar 2024),1
500576,0.9856,1,High,Silver,Tulsa,2021,"Transactions, last month = 0","Transactions/month, last 3 mo = 0.67",Transaction trend (last vs prior qtr) = -8.00,Active (bought Jan-Mar 2024),1
501645,0.9851,1,High,Silver,Nashville,2023,"Transactions, last month = 0","Transactions/month, last 3 mo = 0.67","Emails opened/month, last 3 mo = 0",Active (bought Jan-Mar 2024),1
500700,0.985,1,High,Silver,Columbus,2021,"Transactions, last month = 0",Months since last purchase = 3,"Spend/month, last 3 mo = 0",Lapsed (no purchase Jan-Mar 2024),1
500755,0.9845,1,High,Silver,Portland,2022,"App sessions/month, last 3 mo = 0",Months since last purchase = 2,"Spend/month, last 3 mo = 12.68",Active (bought Jan-Mar 2024),1
501230,0.9833,1,High,Silver,Columbus,2022,"App sessions/month, last 3 mo = 0","Transactions, last month = 0",Months since last purchase = 2,Active (bought Jan-Mar 2024),1
502563,0.9832,1,High,Gold,Nashville,2023,"App sessions/month, last 3 mo = 0",Months since last purchase = 4,"Transactions, last month = 0",Lapsed (no purchase Jan-Mar 2024),0
500014,0.9823,1,High,Gold,Austin,2024,"App sessions/month, last 3 mo = 0","Transactions, last month = 0","Transactions/month, last 3 mo = 0.50",Active (bought Jan-Mar 2024),1
501496,0.9822,1,High,Gold,Madison,2024,"App sessions/month, last 3 mo = 0","Transactions, last month = 0","Spend/month, last 3 mo = 17.71",Active (bought Jan-Mar 2024),1
501129,0.9821,1,High,Platinum,Madison,2022,"App sessions/month, last 3 mo = 0",Months since last purchase = 3,"Transactions, last month = 0",Lapsed (no purchase Jan-Mar 2024),1
501459,0.9821,1,High,Gold,Columbus,2021,"App sessions/month, last 3 mo = 0",Months since last purchase = 3,"Spend/month, last 3 mo = 0",Lapsed (no purchase Jan-Mar 2024),1
501839,0.9819,1,High,Platinum,Boise,2023,"App sessions/month, last 3 mo = 0",Months since last purchase = 2,"Transactions, last month = 0",Active (bought Jan-Mar 2024),1
502183,0.9797,1,High,Silver,Raleigh,2021,"App sessions/month, last 3 mo = 0",Months since last purchase = 2,"Spend/month, last 3 mo = 17.67",Active (bought Jan-Mar 2024),1
502184,0.9794,1,High,Silver,Portland,2023,"Transactions, last month = 0",Months since last purchase = 2,"Transactions/month, last 3 mo = 1",Active (bought Jan-Mar 2024),1
501338,0.9794,1,High,Silver,Columbus,2023,"Transactions, last month = 0","Spend/month, last 3 mo = 10.93",Months since last purchase = 2,Active (bought Jan-Mar 2024),1
501442,0.9794,1,High,Platinum,Tulsa,2023,"App sessions/month, last 3 mo = 0","Transactions, last month = 0","Emails opened/month, last 3 mo = 0",Active (bought Jan-Mar 2024),1
500883,0.9794,1,High,Silver,Austin,2022,"Transactions, last month = 0",Months since last purchase = 2,"Spend/month, last 3 mo = 8.11",Active (bought Jan-Mar 2024),1
500031,0.9792,1,High,Silver,Columbus,2023,"Transactions, last month = 0","App sessions/month, last 3 mo = 0.33","Transactions/month, last 3 mo = 1",Active (bought Jan-Mar 2024),0
501633,0.9791,1,High,Platinum,Nashville,2022,"App sessions/month, last 3 mo = 0",Months since last purchase = 2,"Spend/month, last 3 mo = 16.47",Active (bought Jan-Mar 2024),1
500827,0.9785,1,High,Gold,Portland,2023,"App sessions/month, last 3 mo = 0","Transactions, last month = 0","Transactions/month, last 3 mo = 1.33",Active (bought Jan-Mar 2024),1
500692,0.9782,1,High,Silver,Raleigh,2022,"Transactions, last month = 0",Months since last purchase = 3,"Spend/month, last 3 mo = 0",Lapsed (no purchase Jan-Mar 2024),1
502092,0.9735,1,High,Gold,Austin,2022,"App sessions/month, last 3 mo = 0",Months since last purchase = 2,"Transactions, last month = 0",Active (bought Jan-Mar 2024),1
501087,0.9732,1,High,Silver,Denver,2023,"Transactions, last month = 0",Months since last purchase = 3,"Spend/month, last 3 mo = 0",Lapsed (no purchase Jan-Mar 2024),1
501476,0.9729,1,High,Gold,Boise,2022,"Transactions, last month = 0","App sessions/month, last 3 mo = 0.33",Months since last purchase = 2,Active (bought Jan-Mar 2024),1
501688,0.9717,1,High,Gold,Boise,2023,"App sessions/month, last 3 mo = 0","Spend/month, last 3 mo = 10.73","Transactions, last month = 0",Active (bought Jan-Mar 2024),1
500341,0.969,1,High,Silver,Austin,2022,"Transactions, last month = 0",Months since last purchase = 5,"App sessions/month, last 3 mo = 0.33",Lapsed (no purchase Jan-Mar 2024),1
502420,0.969,1,High,Silver,Tulsa,2023,"App sessions/month, last 3 mo = 0","Transactions, last month = 0","Transactions/month, last 3 mo = 1.33",Active (bought Jan-Mar 2024),1
502053,0.9683,1,High,Silver,Columbus,2021,"Transactions, last month = 1","Support tickets, last 3 mo = 3","App sessions/month, last 3 mo = 0.33",Active (bought Jan-Mar 2024),1
500585,0.9681,1,High,Silver,Denver,2021,"Transactions, last month = 1","App sessions/month, last 3 mo = 0.33","Spend/month, last 3 mo = 18.18",Active (bought Jan-Mar 2024),1
500778,0.9676,1,High,Gold,Austin,2022,"App sessions/month, last 3 mo = 0","Transactions, last month = 0",Months since last purchase = 2,Active (bought Jan-Mar 2024),1
501443,0.9671,1,High,Silver,Boise,2023,"App sessions/month, last 3 mo = 0","Transactions, last month = 0","Support tickets, last 3 mo = 2",Active (bought Jan-Mar 2024),1
501756,0.9663,1,High,Gold,Denver,2021,"Transactions, last month = 0","Spend/month, last 3 mo = 12.92","App sessions/month, last 3 mo = 0.33",Active (bought Jan-Mar 2024),1
500519,0.9655,1,High,Gold,Denver,2022,"App sessions/month, last 3 mo = 0","Transactions, last month = 0",Months since last purchase = 2,Active (bought Jan-Mar 2024),1
502331,0.965,1,High,Silver,Nashville,2021,"App sessions/month, last 3 mo = 0","Transactions, last month = 0","Spend/month, last 3 mo = 0",Lapsed (no purchase Jan-Mar 2024),1
501804,0.964,1,High,Gold,Madison,2022,"App sessions/month, last 3 mo = 0","Transactions, last month = 0",Months since last purchase = 2,Active (bought Jan-Mar 2024),1
501791,0.963,1,High,Gold,Raleigh,2023,"Transactions, last month = 0","App sessions/month, last 3 mo = 0","Transactions/month, last 3 mo = 1.33",Active (bought Jan-Mar 2024),1
501490,0.9623,1,High,Platinum,Tulsa,2022,"Transactions, last month = 0","App sessions/month, last 3 mo = 0.33","Spend/month, last 3 mo = 16.45",Active (bought Jan-Mar 2024),1
501879,0.96,1,High,Silver,Raleigh,2021,"App sessions/month, last 3 mo = 0","Transactions, last month = 0","Support tickets, last 3 mo = 2",Active (bought Jan-Mar 2024),1
500845,0.9545,1,High,Gold,Austin,2021,"App sessions/month, last 3 mo = 0","Transactions, last month = 0",Months since last purchase = 2,Active (bought Jan-Mar 2024),1
500722,0.9528,1,High,Silver,Austin,2023,"Transactions, last month = 0","App sessions/month, last 3 mo = 0.33","Transactions/month, last 3 mo = 1.33",Active (bought Jan-Mar 2024),1
502179,0.9524,1,High,Silver,Spokane,2021,"App sessions/month, last 3 mo = 0","Transactions, last month = 0","Emails opened/month, last 3 mo = 0",Active (bought Jan-Mar 2024),0
502386,0.9513,1,High,Silver,Tulsa,2023,"App sessions/month, last 3 mo = 0",Months since last purchase = 2,"Spend/month, last 3 mo = 10.10",Active (bought Jan-Mar 2024),1
500643,0.9505,1,High,Silver,Portland,2023,"Transactions, last month = 0","App sessions/month, last 3 mo = 0.33","Support tickets, last 3 mo = 3",Active (bought Jan-Mar 2024),0
500454,0.9501,1,High,Silver,Denver,2021,"App sessions/month, last 3 mo = 0",Months since last purchase = 3,"Spend/month, last 3 mo = 0",Lapsed (no purchase Jan-Mar 2024),1
500996,0.9494,1,High,Silver,Madison,2023,"Support tickets, last 3 mo = 5","Transactions, last month = 2","Spend/month, last 3 mo = 21.57",Active (bought Jan-Mar 2024),1
501918,0.9488,1,High,Gold,Portland,2021,"App sessions/month, last 3 mo = 0",Months since last purchase = 2,"Transactions, last month = 0",Active (bought Jan-Mar 2024),1
502337,0.9482,1,High,Silver,Spokane,2023,"Transactions, last month = 0","Transactions/month, last 3 mo = 1","Emails opened/month, last 3 mo = 0",Active (bought Jan-Mar 2024),1
500092,0.9464,1,High,Silver,Austin,2022,"App sessions/month, last 3 mo = 0","Transactions, last month = 0","Spend/month, last 3 mo = 9.78",Active (bought Jan-Mar 2024),1
500077,0.9459,1,High,Platinum,Columbus,2021,Months since last purchase = 4,"Transactions, last month = 0","App sessions/month, last 3 mo = 0.33",Lapsed (no purchase Jan-Mar 2024),1
501576,0.9456,1,High,Silver,Nashville,2023,"Transactions, last month = 0",Months since last purchase = 2,"Spend/month, last 3 mo = 9.35",Active (bought Jan-Mar 2024),1
500950,0.9454,1,High,Gold,Boise,2021,"Transactions, last month = 0","Spend/month, last 3 mo = 9.61","App sessions/month, last 3 mo = 0.33",Active (bought Jan-Mar 2024),1
500802,0.9449,1,High,Gold,Spokane,2022,"App sessions/month, last 3 mo = 0","Transactions, last month = 0","Spend/month, last 3 mo = 12.92",Active (bought Jan-Mar 2024),1
500235,0.9439,1,High,Gold,Raleigh,2022,"App sessions/month, last 3 mo = 0","Transactions, last month = 0","Transactions/month, last 3 mo = 0.50",Active (bought Jan-Mar 2024),1
500564,0.9432,1,High,Silver,Denver,2023,"Transactions, last month = 0","Spend/month, last 3 mo = 10.07",Months since last purchase = 2,Active (bought Jan-Mar 2024),1
500580,0.9368,1,High,Gold,Austin,2023,"App sessions/month, last 3 mo = 0","Transactions, last month = 0","Transactions/month, last 3 mo = 0.67",Active (bought Jan-Mar 2024),1
502350,0.9354,1,High,Silver,Raleigh,2021,"App sessions/month, last 3 mo = 0",Months since last purchase = 2,"Transactions, last month = 0",Active (bought Jan-Mar 2024),1
501277,0.9344,1,High,Silver,Tulsa,2022,"Transactions, last month = 0","Support tickets, last 3 mo = 4","Transactions/month, last 3 mo = 0.67",Active (bought Jan-Mar 2024),1
500022,0.9336,1,High,Silver,Portland,2023,"App sessions/month, last 3 mo = 0",Months since last purchase = 4,"Transactions, last month = 0",Lapsed (no purchase Jan-Mar 2024),1
502170,0.9265,1,High,Silver,Austin,2021,"Transactions, last month = 0","Spend/month, last 3 mo = 17.92","Transactions/month, last 3 mo = 0.67",Active (bought Jan-Mar 2024),1
501893,0.9242,1,High,Platinum,Spokane,2022,"App sessions/month, last 3 mo = 0","Transactions, last month = 0","Transactions/month, last 3 mo = 1",Active (bought Jan-Mar 2024),1
501662,0.9236,1,High,Silver,Boise,2023,"App sessions/month, last 3 mo = 0",Months since last purchase = 2,"Transactions, last month = 0",Active (bought Jan-Mar 2024),1
501253,0.9225,1,High,Silver,Boise,2023,"App sessions/month, last 3 mo = 0","Transactions, last month = 0",Months since last purchase = 2,Active (bought Jan-Mar 2024),0
500895,0.9187,1,High,Silver,Madison,2023,"Transactions, last month = 0","Spend/month, last 3 mo = 7.55","Transactions/month, last 3 mo = 0.33",Active (bought Jan-Mar 2024),1
500568,0.9173,1,High,Silver,Denver,2021,"App sessions/month, last 3 mo = 0","Transactions, last month = 0",Months since last purchase = 2,Active (bought Jan-Mar 2024),0
502228,0.9144,1,High,Silver,Spokane,2021,"App sessions/month, last 3 mo = 0.33","Transactions, last month = 0","Spend/month, last 3 mo = 6.85",Active (bought Jan-Mar 2024),1
501210,0.914,1,High,Gold,Austin,2023,"App sessions/month, last 3 mo = 0","Transactions, last month = 0","Transactions/month, last 3 mo = 1",Active (bought Jan-Mar 2024),1
501604,0.908,1,High,Silver,Boise,2023,"Transactions, last month = 0",Months since last purchase = 3,"Spend/month, last 3 mo = 0",Lapsed (no purchase Jan-Mar 2024),1
500801,0.9075,1,High,Gold,Raleigh,2021,"Transactions, last month = 0","Support tickets, last 3 mo = 2","Transactions/month, last 3 mo = 0.67",Active (bought Jan-Mar 2024),0
500853,0.899,1,High,Gold,Portland,2023,"Transactions, last month = 0","Support tickets, last 3 mo = 3","Emails opened/month, last 3 mo = 0",Active (bought Jan-Mar 2024),1
501429,0.8907,1,High,Silver,Columbus,2022,"Transactions, last month = 0","Transactions/month, last 3 mo = 1.33","Emails opened/month, last 3 mo = 0",Active (bought Jan-Mar 2024),1
500699,0.8876,1,High,Gold,Portland,2021,"App sessions/month, last 3 mo = 0","Transactions, last month = 0","Emails opened/month, last 3 mo = 0",Active (bought Jan-Mar 2024),1
500614,0.8827,1,High,Silver,Boise,2021,"Transactions, last month = 1","Support tickets, last 3 mo = 2","App sessions/month, last 3 mo = 0.33",Active (bought Jan-Mar 2024),1
500763,0.8724,1,High,Gold,Austin,2022,"Transactions, last month = 0","Transactions/month, last 3 mo = 1.33",Spend trend % = -0.70,Active (bought Jan-Mar 2024),1
500246,0.8715,1,High,Silver,Nashville,2021,"App sessions/month, last 3 mo = 0","Transactions, last month = 0",Months since last purchase = 5,Lapsed (no purchase Jan-Mar 2024),1
502288,0.8589,1,High,Gold,Raleigh,2022,"Transactions, last month = 0",Spend trend % = -0.71,"Transactions/month, last 3 mo = 1.67",Active (bought Jan-Mar 2024),1
501776,0.8542,1,High,Silver,Madison,2022,"Transactions, last month = 0","Spend/month, last 3 mo = 6.48","Transactions/month, last 3 mo = 0.33",Active (bought Jan-Mar 2024),1
501987,0.8505,1,High,Silver,Tulsa,2021,"Transactions, last month = 1","App sessions/month, last 3 mo = 0.33","Support tickets, last 3 mo = 2",Active (bought Jan-Mar 2024),0
502542,0.8477,1,High,Silver,Spokane,2023,"App sessions/month, last 3 mo = 0","Transactions, last month = 1","Spend/month, last 3 mo = 14.10",Active (bought Jan-Mar 2024),1
500467,0.8465,1,High,Gold,Tulsa,2023,"App sessions/month, last 3 mo = 0","Transactions, last month = 0","Emails opened/month, last 3 mo = 0",Active (bought Jan-Mar 2024),1
502086,0.8358,1,High,Gold,Madison,2021,"Transactions, last month = 0",Months since last purchase = 2,"Transactions/month, last 3 mo = 1.33",Active (bought Jan-Mar 2024),1
500760,0.8313,1,High,Gold,Portland,2023,"Transactions, last month = 0","App sessions/month, last 3 mo = 0.33","Transactions/month, last 3 mo = 1.33",Active (bought Jan-Mar 2024),1
500069,0.8307,1,High,Gold,Portland,2022,"App sessions/month, last 3 mo = 0","Transactions, last month = 1","Support tickets, last 3 mo = 2",Active (bought Jan-Mar 2024),1
502403,0.8292,1,High,Silver,Raleigh,2021,"App sessions/month, last 3 mo = 0","Transactions, last month = 0",Months since last purchase = 2,Active (bought Jan-Mar 2024),1
500630,0.8285,1,High,Silver,Raleigh,2023,"Transactions, last month = 0","App sessions/month, last 3 mo = 0.33","Emails opened/month, last 3 mo = 0",Active (bought Jan-Mar 2024),0
502507,0.8263,1,High,Silver,Austin,2021,Months since last purchase = 2,"App sessions/month, last 3 mo = 0.33","Spend/month, last 3 mo = 7.24",Active (bought Jan-Mar 2024),0
500085,0.8215,1,High,Gold,Tulsa,2023,"Transactions, last month = 0","Transactions/month, last 3 mo = 1.67","Emails opened/month, last 3 mo = 0",Active (bought Jan-Mar 2024),1
501284,0.8166,1,High,Gold,Austin,2022,"Transactions, last month = 0","Support tickets, last 3 mo = 2","Emails opened/month, last 3 mo = 0",Active (bought Jan-Mar 2024),1
501517,0.8148,1,High,Gold,Denver,2022,"Transactions, last month = 0","Support tickets, last 3 mo = 2","Transactions/month, last 3 mo = 2",Active (bought Jan-Mar 2024),1
500865,0.8114,1,High,Gold,Portland,2021,"Transactions, last month = 0","Transactions/month, last 3 mo = 1.33",Transaction trend (last vs prior qtr) = -7.33,Active (bought Jan-Mar 2024),1
501149,0.7709,1,High,Silver,Portland,2023,"Transactions, last month = 0",Spend trend % = -0.67,"Emails opened/month, last 3 mo = 0",Active (bought Jan-Mar 2024),0
500899,0.759,1,High,Gold,Denver,2023,"Transactions, last month = 0",Months since last purchase = 3,"App sessions/month, last 3 mo = 0.33",Lapsed (no purchase Jan-Mar 2024),0
500631,0.7558,1,High,Platinum,Austin,2023,"Transactions, last month = 0",Months since last purchase = 2,"Transactions/month, last 3 mo = 0.67",Active (bought Jan-Mar 2024),1
500398,0.7349,1,High,Gold,Nashville,2022,"App sessions/month, last 3 mo = 0","Transactions, last month = 0","Spend/month, last 3 mo = 10.29",Active (bought Jan-Mar 2024),0
502003,0.7219,1,High,Silver,Tulsa,2023,"App sessions/month, last 3 mo = 0","Transactions, last month = 0","Spend/month, last 3 mo = 18.09",Active (bought Jan-Mar 2024),1
501235,0.7007,1,High,Silver,Spokane,2023,"Transactions, last month = 1","App sessions/month, last 3 mo = 0.33","Emails opened/month, last 3 mo = 0.33",Active (bought Jan-Mar 2024),0
501110,0.6977,1,High,Silver,Denver,2023,"Transactions, last month = 1","Transactions/month, last 3 mo = 1.67","Emails opened/month, last 3 mo = 0",Active (bought Jan-Mar 2024),1
500170,0.6931,1,High,Silver,Madison,2022,"Transactions, last month = 0","App sessions/month, last 3 mo = 0.33","Transactions/month, last 3 mo = 1.67",Active (bought Jan-Mar 2024),1
501812,0.6887,1,High,Silver,Spokane,2023,"App sessions/month, last 3 mo = 0","Transactions, last month = 1","Transactions/month, last 3 mo = 1",Active (bought Jan-Mar 2024),1
500201,0.6751,1,High,Silver,Denver,2021,"Transactions, last month = 0",Months since last purchase = 2,"Spend/month, last 3 mo = 29.18",Active (bought Jan-Mar 2024),1
501441,0.6643,1,High,Platinum,Raleigh,2023,"App sessions/month, last 3 mo = 0",Months since last purchase = 2,"Transactions, last month = 0",Active (bought Jan-Mar 2024),0
500906,0.6639,1,High,Silver,Nashville,2021,"Transactions, last month = 1","Support tickets, last 3 mo = 2",Transaction trend (last vs prior qtr) = -8,Active (bought Jan-Mar 2024),1
500627,0.6634,1,High,Silver,Raleigh,2021,"Transactions, last month = 0","App sessions/month, last 3 mo = 0.33","Spend/month, last 3 mo = 28.45",Active (bought Jan-Mar 2024),0
501310,0.6594,1,High,Silver,Denver,2024,"App sessions/month, last 3 mo = 0","Transactions, last month = 1","Transactions/month, last 3 mo = 1",Active (bought Jan-Mar 2024),0
500606,0.6556,1,High,Platinum,Columbus,2022,"Transactions, last month = 0","App sessions/month, last 3 mo = 0.33",Months since last purchase = 2,Active (bought Jan-Mar 2024),1
501869,0.6422,1,High,Silver,Nashville,2022,"App sessions/month, last 3 mo = 0","Spend/month, last 3 mo = 19.32","Transactions/month, last 3 mo = 1",Active (bought Jan-Mar 2024),1
500769,0.6238,1,High,Silver,Columbus,2021,"App sessions/month, last 3 mo = 0",Tenure (months) = 29,City = Columbus,Active (bought Jan-Mar 2024),1
502561,0.622,1,High,Gold,Denver,2023,"Transactions, last month = 0",Months since last purchase = 2,"App sessions/month, last 3 mo = 0.33",Active (bought Jan-Mar 2024),1
501862,0.6191,1,High,Silver,Denver,2023,"Transactions, last month = 0",Months since last purchase = 2,"Spend/month, last 3 mo = 13.11",Active (bought Jan-Mar 2024),1
502171,0.6141,1,High,Silver,Columbus,2021,"Transactions, last month = 0","Transactions/month, last 3 mo = 1","Spend/month, last 3 mo = 20.94",Active (bought Jan-Mar 2024),0
500640,0.5832,1,High,Silver,Boise,2022,"Transactions, last month = 0","App sessions/month, last 3 mo = 0.33","Support tickets, last 3 mo = 2",Active (bought Jan-Mar 2024),1
500876,0.5793,1,High,Gold,Nashville,2022,"Transactions, last month = 1","Support tickets, last 3 mo = 4","Emails opened/month, last 3 mo = 0.33",Active (bought Jan-Mar 2024),1
502172,0.573,1,High,Silver,Madison,2021,"Transactions, last month = 0","Support tickets, last 3 mo = 1","Emails opened/month, last 3 mo = 0.33",Active (bought Jan-Mar 2024),0
500222,0.572,1,High,Silver,Denver,2023,"App sessions/month, last 3 mo = 0",Months since last purchase = 2,"Transactions, last month = 0",Active (bought Jan-Mar 2024),1
501376,0.5556,1,High,Silver,Madison,2021,"Transactions, last month = 0","Spend/month, last 3 mo = 12.55",Months since last purchase = 2,Active (bought Jan-Mar 2024),1
501986,0.5275,1,High,Silver,Tulsa,2022,"Transactions, last month = 1","Support tickets, last 3 mo = 2","Emails opened/month, last 3 mo = 0.33",Active (bought Jan-Mar 2024),1
500006,0.5209,1,High,Silver,Nashville,2022,"Transactions, last month = 0","Support tickets, last 3 mo = 2","Transactions/month, last 3 mo = 1.33",Active (bought Jan-Mar 2024),0
502293,0.5194,1,High,Gold,Portland,2023,"App sessions/month, last 3 mo = 0","Transactions, last month = 0","Spend/month, last 3 mo = 18.52",Active (bought Jan-Mar 2024),0
500175,0.5189,1,High,Silver,Boise,2021,"Transactions, last month = 0","App sessions/month, last 3 mo = 0.33","Support tickets, last 6 mo = 3",Active (bought Jan-Mar 2024),0
501030,0.5164,1,High,Silver,Boise,2023,"Transactions, last month = 0","App sessions/month, last 3 mo = 0.33","Transactions/month, last 3 mo = 1.33",Active (bought Jan-Mar 2024),1
502324,0.5098,1,High,Silver,Raleigh,2022,"App sessions/month, last 3 mo = 0","Transactions, last month = 0","Spend/month, last 3 mo = 11.34",Active (bought Jan-Mar 2024),0
502548,0.5076,1,High,Platinum,Spokane,2022,"Support tickets, last 3 mo = 2","Transactions, last month = 2","Emails opened/month, last 3 mo = 0.33",Active (bought Jan-Mar 2024),1
502008,0.5075,1,High,Platinum,Denver,2022,"Support tickets, last 3 mo = 2","Transactions, last month = 2",Support-ticket trend = 2,Active (bought Jan-Mar 2024),0
500981,0.4976,1,Medium,Gold,Portland,2023,"Transactions, last month = 1","Transactions/month, last 3 mo = 1.33","Emails opened/month, last 3 mo = 0.33",Active (bought Jan-Mar 2024),1
500958,0.4967,1,Medium,Platinum,Boise,2023,"Transactions, last month = 0","Transactions/month, last 3 mo = 0.67",Months since last purchase = 2,Active (bought Jan-Mar 2024),1
500256,0.4816,1,Medium,Gold,Nashville,2022,"App sessions/month, last 3 mo = 0","Transactions, last month = 1","Support tickets, last 3 mo = 2",Active (bought Jan-Mar 2024),1
501735,0.475,1,Medium,Silver,Tulsa,2023,"Transactions, last month = 0","Support tickets, last 3 mo = 2","Transactions/month, last 3 mo = 1.33",Active (bought Jan-Mar 2024),0
502569,0.4706,1,Medium,Silver,Raleigh,2022,"Transactions, last month = 1","App sessions/month, last 3 mo = 0.33","Transactions/month, last 3 mo = 1.67",Active (bought Jan-Mar 2024),0
501550,0.4695,1,Medium,Gold,Madison,2023,"Transactions, last month = 0",Months since last purchase = 2,"Emails opened/month, last 3 mo = 0",Active (bought Jan-Mar 2024),0
502364,0.4615,1,Medium,Silver,Columbus,2023,"Transactions, last month = 0","Support tickets, last 3 mo = 3","Support tickets, last 6 mo = 3",Active (bought Jan-Mar 2024),1
501627,0.4569,1,Medium,Silver,Raleigh,2021,"Transactions, last month = 0","Spend/month, last 3 mo = 25.80","Transactions/month, last 3 mo = 1",Active (bought Jan-Mar 2024),0
501161,0.4407,1,Medium,Gold,Austin,2021,"App sessions/month, last 3 mo = 0","Transactions, last month = 1","Transactions/month, last 3 mo = 1.33",Active (bought Jan-Mar 2024),1
501464,0.4355,1,Medium,Gold,Austin,2021,"App sessions/month, last 3 mo = 0","Transactions, last month = 0","Transactions/month, last 3 mo = 0.67",Active (bought Jan-Mar 2024),0
502578,0.4295,1,Medium,Silver,Boise,2021,"Transactions, last month = 1","Transactions/month, last 3 mo = 1.67","Support tickets, last 6 mo = 3",Active (bought Jan-Mar 2024),0
500032,0.4158,1,Medium,Platinum,Portland,2023,"Transactions, last month = 0","Transactions/month, last 3 mo = 0.67","Spend/month, last 3 mo = 22.71",Active (bought Jan-Mar 2024),1
501900,0.4121,1,Medium,Gold,Columbus,2023,"App sessions/month, last 3 mo = 0","Transactions, last month = 0","Support tickets, last 3 mo = 4",Active (bought Jan-Mar 2024),1
500414,0.4119,1,Medium,Silver,Portland,2023,Months since last purchase = 2,"Transactions, last month = 0","Spend/month, last 3 mo = 9.41",Active (bought Jan-Mar 2024),0
501019,0.4105,1,Medium,Silver,Boise,2024,"App sessions/month, last 3 mo = 0","Transactions, last month = 1","Transactions/month, last 3 mo = 1",Active (bought Jan-Mar 2024),1
500072,0.4061,1,Medium,Silver,Columbus,2021,"Transactions, last month = 1","Support tickets, last 3 mo = 2",Tenure (months) = 31,Active (bought Jan-Mar 2024),0
502050,0.405,1,Medium,Silver,Nashville,2022,"Transactions, last month = 1","Transactions/month, last 3 mo = 1","Spend/month, last 3 mo = 19.86",Active (bought Jan-Mar 2024),1
502509,0.4018,1,Medium,Gold,Madison,2021,"App sessions/month, last 3 mo = 0","Transactions, last month = 1","Support tickets, last 3 mo = 2",Active (bought Jan-Mar 2024),1
502154,0.3975,1,Medium,Gold,Austin,2024,"Transactions, last month = 1","Support tickets, last 3 mo = 2","Transactions/month, last 3 mo = 1",Active (bought Jan-Mar 2024),0
501371,0.3931,1,Medium,Silver,Spokane,2022,"Transactions, last month = 1","Emails opened/month, last 3 mo = 0.33","Transactions/month, last 3 mo = 2.33",Active (bought Jan-Mar 2024),1
501855,0.3893,1,Medium,Silver,Tulsa,2021,"Transactions, last month = 1","Transactions/month, last 3 mo = 1.67","Emails opened/month, last 3 mo = 0",Active (bought Jan-Mar 2024),0
502033,0.3832,1,Medium,Silver,Spokane,2021,"App sessions/month, last 3 mo = 0","Transactions, last month = 0","Transactions/month, last 3 mo = 1.67",Active (bought Jan-Mar 2024),1
502030,0.3729,1,Medium,Silver,Austin,2021,"Transactions, last month = 0",Months since last purchase = 7,"Spend/month, last 3 mo = 0",Lapsed (no purchase Jan-Mar 2024),0
502239,0.3617,1,Medium,Silver,Austin,2021,"Transactions, last month = 1","Emails opened/month, last 3 mo = 0.33","Support tickets, last 3 mo = 1",Active (bought Jan-Mar 2024),0
502210,0.354,1,Medium,Gold,Austin,2024,"Transactions, last month = 1","Transactions/month, last 3 mo = 1",Spend volatility = 0.01,Active (bought Jan-Mar 2024),0
501289,0.3517,1,Medium,Platinum,Raleigh,2021,"Transactions, last month = 0","Support tickets, last 3 mo = 1","Emails opened/month, last 3 mo = 0.33",Active (bought Jan-Mar 2024),0
501585,0.3396,1,Medium,Platinum,Madison,2022,"Transactions, last month = 0","Spend/month, last 3 mo = 14.26",Months since last purchase = 2,Active (bought Jan-Mar 2024),0
500911,0.3391,1,Medium,Silver,Denver,2023,"Transactions, last month = 2","Emails opened/month, last 3 mo = 0",Age = 36,Active (bought Jan-Mar 2024),0
500852,0.331,1,Medium,Silver,Raleigh,2023,"Transactions, last month = 1","Transactions/month, last 3 mo = 0.67","Spend/month, last 3 mo = 20.93",Active (bought Jan-Mar 2024),0
502506,0.3309,1,Medium,Platinum,Spokane,2022,"Transactions, last month = 0","App sessions/month, last 3 mo = 0.33","Emails opened/month, last 3 mo = 0",Active (bought Jan-Mar 2024),0
501885,0.3257,0,Medium,Gold,Austin,2023,"App sessions/month, last 3 mo = 0",Months since last purchase = 5,"Transactions, last month = 0",Lapsed (no purchase Jan-Mar 2024),1
501695,0.322,0,Medium,Gold,Denver,2023,"Transactions, last month = 0","Support tickets, last 3 mo = 2","Transactions/month, last 3 mo = 1.67",Active (bought Jan-Mar 2024),0
501153,0.3194,0,Medium,Gold,Portland,2021,"Transactions, last month = 0","Support tickets, last 3 mo = 2",Support-ticket trend = 2,Active (bought Jan-Mar 2024),0
500544,0.2965,0,Medium,Platinum,Austin,2023,"App sessions/month, last 3 mo = 0","Transactions/month, last 3 mo = 0.67","Spend/month, last 3 mo = 29.78",Active (bought Jan-Mar 2024),0
500372,0.2896,0,Medium,Silver,Tulsa,2024,"Transactions, last month = 1","Emails opened/month, last 3 mo = 0","Transactions/month, last 3 mo = 1.50",Active (bought Jan-Mar 2024),0
500059,0.2864,0,Medium,Silver,Madison,2021,"Transactions, last month = 2","App sessions/month, last 3 mo = 0.50",App session trend = -2.50,Active (bought Jan-Mar 2024),0
500167,0.2794,0,Medium,Gold,Nashville,2021,"App sessions/month, last 3 mo = 0",App session trend = -1.67,"Transactions, last month = 2",Active (bought Jan-Mar 2024),0
501746,0.279,0,Medium,Silver,Tulsa,2021,"Transactions, last month = 1","App sessions/month, last 3 mo = 0.33","Transactions/month, last 3 mo = 1.33",Active (bought Jan-Mar 2024),1
500661,0.2776,0,Medium,Platinum,Madison,2023,"Transactions, last month = 0","App sessions/month, last 3 mo = 0.33","Transactions/month, last 3 mo = 1",Active (bought Jan-Mar 2024),0
500228,0.2757,0,Medium,Silver,Spokane,2022,"Support tickets, last 3 mo = 2","App sessions/month, last 3 mo = 0.33",Promo share (history) = 0.24,Active (bought Jan-Mar 2024),0
500416,0.2709,0,Medium,Gold,Raleigh,2022,"App sessions/month, last 3 mo = 0","Transactions, last month = 0","Transactions/month, last 3 mo = 0.67",Active (bought Jan-Mar 2024),1
501489,0.2697,0,Medium,Silver,Denver,2023,"App sessions/month, last 3 mo = 0","Transactions/month, last 3 mo = 1.33","Support tickets, last 6 mo = 2",Active (bought Jan-Mar 2024),0
501285,0.2645,0,Medium,Silver,Columbus,2023,"Emails opened/month, last 3 mo = 0","Transactions, last month = 2",City = Columbus,Active (bought Jan-Mar 2024),0
501764,0.2644,0,Medium,Silver,Denver,2023,"Transactions, last month = 1","Support tickets, last 3 mo = 1","Spend/month, last 3 mo = 41.74",Active (bought Jan-Mar 2024),0
500037,0.2635,0,Medium,Silver,Tulsa,2022,"Transactions/month, last 3 mo = 0.67","Spend/month, last 3 mo = 19.79","App sessions/month, last 3 mo = 0.33",Active (bought Jan-Mar 2024),0
500889,0.2625,0,Medium,Silver,Raleigh,2022,"Transactions, last month = 1","App sessions/month, last 3 mo = 0.33","Emails opened/month, last 3 mo = 0",Active (bought Jan-Mar 2024),1
500854,0.2577,0,Medium,Silver,Spokane,2021,"App sessions/month, last 3 mo = 0","Transactions, last month = 3","Emails opened/month, last 3 mo = 0.33",Active (bought Jan-Mar 2024),0
500707,0.2525,0,Medium,Silver,Raleigh,2021,"App sessions/month, last 3 mo = 0",Months since last purchase = 2,"Spend/month, last 3 mo = 14.75",Active (bought Jan-Mar 2024),0
502573,0.2523,0,Medium,Silver,Nashville,2022,"Transactions, last month = 1","Transactions/month, last 3 mo = 1.67","Support tickets, last 3 mo = 1",Active (bought Jan-Mar 2024),0
500849,0.2493,0,Medium,Platinum,Portland,2023,"Support tickets, last 3 mo = 2","Transactions, last month = 3","App sessions/month, last 3 mo = 0.67",Active (bought Jan-Mar 2024),1
500455,0.2492,0,Medium,Silver,Nashville,2021,"App sessions/month, last 3 mo = 0","Transactions, last month = 0","Spend/month, last 3 mo = 7.47",Active (bought Jan-Mar 2024),0
502012,0.2491,0,Medium,Silver,Austin,2023,"Support tickets, last 3 mo = 2","Transactions, last month = 2","Emails opened/month, last 3 mo = 0",Active (bought Jan-Mar 2024),1
500867,0.248,0,Medium,Platinum,Spokane,2023,"Transactions, last month = 0","Emails opened/month, last 3 mo = 0.33","Transactions/month, last 3 mo = 2.33",Active (bought Jan-Mar 2024),1
501763,0.2477,0,Medium,Silver,Austin,2021,"App sessions/month, last 3 mo = 0","Support tickets, last 3 mo = 2",Tenure (months) = 33,Active (bought Jan-Mar 2024),0
501480,0.2468,0,Medium,Gold,Portland,2023,"Transactions, last month = 0",Transaction trend (last vs prior qtr) = -7,Spend trend % = -0.75,Active (bought Jan-Mar 2024),0
501897,0.2452,0,Medium,Silver,Madison,2021,"Transactions, last month = 0","App sessions/month, last 3 mo = 0.33","Transactions/month, last 3 mo = 1.67",Active (bought Jan-Mar 2024),0
500241,0.2429,0,Medium,Silver,Columbus,2022,"Transactions, last month = 0",Transaction trend (last vs prior qtr) = -6.17,Spend trend % = -0.75,Active (bought Jan-Mar 2024),0
500776,0.2428,0,Medium,Silver,Boise,2023,Months since last purchase = 2,"Transactions, last month = 0","Spend/month, last 3 mo = 10.37",Active (bought Jan-Mar 2024),1
500946,0.242,0,Medium,Silver,Tulsa,2024,"App sessions/month, last 3 mo = 0","Support tickets, last 3 mo = 2","Transactions, last month = 2",Active (bought Jan-Mar 2024),0
500716,0.2386,0,Medium,Silver,Spokane,2023,"App sessions/month, last 3 mo = 0","Support tickets, last 3 mo = 2","Transactions, last month = 2",Active (bought Jan-Mar 2024),0
501470,0.2343,0,Medium,Silver,Boise,2023,"Transactions, last month = 0",Spend trend % = -0.63,"Support tickets, last 3 mo = 1",Active (bought Jan-Mar 2024),0
501834,0.2268,0,Medium,Silver,Columbus,2022,"Transactions, last month = 0","Support tickets, last 3 mo = 2",Promo share (history) = 0.24,Active (bought Jan-Mar 2024),0
500269,0.2268,0,Medium,Gold,Tulsa,2021,"App sessions/month, last 3 mo = 0","Transactions, last month = 1","Transactions/month, last 3 mo = 1.50",Active (bought Jan-Mar 2024),1
500926,0.2256,0,Medium,Gold,Spokane,2021,"Transactions, last month = 0","Support tickets, last 3 mo = 2","Support tickets, last 6 mo = 2",Active (bought Jan-Mar 2024),0
502398,0.2193,0,Medium,Gold,Austin,2022,"Transactions, last month = 1","App sessions/month, last 3 mo = 0.33",Promo share (history) = 0.24,Active (bought Jan-Mar 2024),0
500460,0.2177,0,Medium,Silver,Tulsa,2021,"App sessions/month, last 3 mo = 0","Transactions, last month = 1","Transactions/month, last 3 mo = 1.33",Active (bought Jan-Mar 2024),0
501772,0.2169,0,Medium,Silver,Columbus,2023,"Emails opened/month, last 3 mo = 0","App sessions/month, last 3 mo = 0.50","Transactions, last month = 2",Active (bought Jan-Mar 2024),0
501976,0.212,0,Medium,Silver,Tulsa,2023,"Transactions, last month = 0","Transactions/month, last 3 mo = 1",Spend trend % = -0.70,Active (bought Jan-Mar 2024),0
500220,0.2108,0,Medium,Gold,Denver,2021,"Transactions, last month = 0","Emails opened/month, last 3 mo = 0","Support tickets, last 3 mo = 1",Active (bought Jan-Mar 2024),0
501492,0.2007,0,Medium,Platinum,Columbus,2023,"Transactions, last month = 1","Support tickets, last 3 mo = 2","Support tickets, last 6 mo = 2",Active (bought Jan-Mar 2024),0
502035,0.2004,0,Medium,Silver,Nashville,2021,"Transactions, last month = 1","Support tickets, last 3 mo = 2","Transactions/month, last 3 mo = 1.33",Active (bought Jan-Mar 2024),0
500596,0.1946,0,Low,Silver,Madison,2024,"Transactions, last month = 1","Emails opened/month, last 3 mo = 0","Transactions/month, last 3 mo = 1",Active (bought Jan-Mar 2024),0
500226,0.1924,0,Low,Silver,Portland,2022,"App sessions/month, last 3 mo = 0","Transactions, last month = 1",Promo share (history) = 0.24,Active (bought Jan-Mar 2024),1
501322,0.1882,0,Low,Gold,Austin,2022,"Transactions, last month = 0",Transaction trend (last vs prior qtr) = -8,Spend trend % = -0.76,Active (bought Jan-Mar 2024),0
501015,0.1864,0,Low,Silver,Madison,2021,"Transactions, last month = 0","Spend/month, last 3 mo = 24.00","Transactions/month, last 3 mo = 1",Active (bought Jan-Mar 2024),0
501351,0.1834,0,Low,Silver,Nashville,2023,"Transactions, last month = 0","Emails opened/month, last 3 mo = 0.33",Coupons/month (history) = 0.14,Active (bought Jan-Mar 2024),0
501472,0.1762,0,Low,Silver,Raleigh,2023,"Transactions, last month = 0","Spend/month, last 3 mo = 11.39",Months since last purchase = 2,Active (bought Jan-Mar 2024),0
501387,0.1761,0,Low,Silver,Columbus,2021,"Transactions, last month = 1","Support tickets, last 6 mo = 3",City = Columbus,Active (bought Jan-Mar 2024),0
500515,0.1751,0,Low,Platinum,Austin,2021,"Transactions, last month = 1","Transactions/month, last 3 mo = 1.67",Tenure (months) = 29,Active (bought Jan-Mar 2024),0
500532,0.173,0,Low,Silver,Nashville,2022,"App sessions/month, last 3 mo = 0","Emails opened/month, last 3 mo = 0","Support tickets, last 3 mo = 1",Active (bought Jan-Mar 2024),1
500502,0.1729,0,Low,Silver,Boise,2023,"Transactions, last month = 1","Transactions/month, last 3 mo = 2.67",Spend volatility = 0.52,Active (bought Jan-Mar 2024),0
502078,0.1721,0,Low,Silver,Madison,2023,"Transactions, last month = 1","Spend/month, last 3 mo = 18.04","Transactions/month, last 3 mo = 1",Active (bought Jan-Mar 2024),1
500075,0.1718,0,Low,Silver,Denver,2022,"Transactions, last month = 1","Support tickets, last 3 mo = 2","Emails opened/month, last 3 mo = 0",Active (bought Jan-Mar 2024),0
500121,0.1669,0,Low,Platinum,Raleigh,2023,"Transactions, last month = 0",Months since last purchase = 3,"Spend/month, last 3 mo = 0",Lapsed (no purchase Jan-Mar 2024),1
501722,0.1638,0,Low,Silver,Spokane,2023,"App sessions/month, last 3 mo = 0","Transactions, last month = 0","Avg basket, last 3 mo = 28.12",Active (bought Jan-Mar 2024),1
501248,0.1635,0,Low,Gold,Boise,2024,"App sessions/month, last 3 mo = 0","Transactions, last month = 1","Transactions/month, last 3 mo = 1",Active (bought Jan-Mar 2024),0
501085,0.1633,0,Low,Silver,Raleigh,2023,"Transactions, last month = 0","Transactions/month, last 3 mo = 1.33","Support tickets, last 3 mo = 1",Active (bought Jan-Mar 2024),1
502261,0.163,0,Low,Silver,Madison,2021,"Transactions, last month = 1","App sessions/month, last 3 mo = 0.33","Transactions/month, last 3 mo = 1.67",Active (bought Jan-Mar 2024),0
502282,0.1608,0,Low,Gold,Nashville,2022,"Transactions, last month = 1","App sessions/month, last 3 mo = 0.33","Transactions/month, last 3 mo = 0.67",Active (bought Jan-Mar 2024),0
502537,0.1608,0,Low,Silver,Spokane,2024,"Transactions, last month = 1","Spend/month, last 3 mo = 46.14","Emails opened/month, last 3 mo = 0.50",Active (bought Jan-Mar 2024),0
501939,0.1561,0,Low,Silver,Nashville,2023,"Transactions, last month = 1","Avg basket, last 3 mo = 27.97",Spend volatility = 0.61,Active (bought Jan-Mar 2024),0
501368,0.1557,0,Low,Gold,Nashville,2024,"Transactions, last month = 1","Emails opened/month, last 3 mo = 0","Spend/month, last 3 mo = 27.56",Active (bought Jan-Mar 2024),0
500949,0.1555,0,Low,Silver,Raleigh,2022,"Transactions, last month = 0","Emails opened/month, last 3 mo = 0","Support tickets, last 3 mo = 1",Active (bought Jan-Mar 2024),0
501841,0.1541,0,Low,Gold,Tulsa,2023,"Transactions, last month = 0","Emails opened/month, last 3 mo = 0.33",Email-open trend = -2.17,Active (bought Jan-Mar 2024),0
501857,0.1537,0,Low,Silver,Madison,2021,"Support tickets, last 3 mo = 2","Transactions, last month = 3","Transactions/month, last 3 mo = 2",Active (bought Jan-Mar 2024),0
501538,0.1535,0,Low,Gold,Spokane,2022,"Transactions, last month = 0","Spend/month, last 3 mo = 30.82","Transactions/month, last 3 mo = 1.67",Active (bought Jan-Mar 2024),0
502297,0.1513,0,Low,Silver,Boise,2021,"Transactions, last month = 0","Support tickets, last 3 mo = 1","Support tickets, last 6 mo = 2",Active (bought Jan-Mar 2024),0
502539,0.1502,0,Low,Platinum,Spokane,2023,"App sessions/month, last 3 mo = 0","Transactions, last month = 1",Avg spend/month (history) = 171.50,Active (bought Jan-Mar 2024),0
501244,0.1478,0,Low,Silver,Columbus,2023,"Transactions, last month = 1","Emails opened/month, last 3 mo = 0.33",City = Columbus,Active (bought Jan-Mar 2024),1
501665,0.1469,0,Low,Silver,Columbus,2022,"Transactions, last month = 1","Support tickets, last 3 mo = 2","App sessions/month, last 3 mo = 0.67",Active (bought Jan-Mar 2024),1
500604,0.1459,0,Low,Silver,Columbus,2023,"Transactions, last month = 1","Transactions/month, last 3 mo = 1.33","Spend/month, last 3 mo = 33.54",Active (bought Jan-Mar 2024),0
500508,0.145,0,Low,Silver,Portland,2022,"Transactions, last month = 1","Support tickets, last 3 mo = 2",App session trend = -1.33,Active (bought Jan-Mar 2024),0
500337,0.1439,0,Low,Gold,Austin,2021,"Transactions, last month = 0","Transactions/month, last 3 mo = 0.67","Spend/month, last 3 mo = 27.22",Active (bought Jan-Mar 2024),0
501698,0.1424,0,Low,Silver,Tulsa,2022,"App sessions/month, last 3 mo = 0.33","Support tickets, last 3 mo = 2",Support-ticket trend = 2,Active (bought Jan-Mar 2024),0
501701,0.1416,0,Low,Gold,Raleigh,2023,"Transactions, last month = 0","Support tickets, last 3 mo = 1","Emails opened/month, last 3 mo = 0.33",Active (bought Jan-Mar 2024),0
501626,0.1394,0,Low,Gold,Portland,2023,"App sessions/month, last 3 mo = 0","Spend/month, last 3 mo = 25.01","Transactions/month, last 3 mo = 1.33",Active (bought Jan-Mar 2024),0
500999,0.1365,0,Low,Gold,Columbus,2023,"App sessions/month, last 3 mo = 0.33",Promo share (history) = 0.25,"Emails opened/month, last 3 mo = 0.33",Active (bought Jan-Mar 2024),0
501830,0.1363,0,Low,Silver,Raleigh,2022,"Transactions/month, last 3 mo = 1","Spend/month, last 3 mo = 36.12","Transactions, last month = 2",Active (bought Jan-Mar 2024),0
500146,0.1357,0,Low,Silver,Columbus,2023,"Transactions, last month = 1","Emails opened/month, last 3 mo = 0.33",City = Columbus,Active (bought Jan-Mar 2024),0
502196,0.1332,0,Low,Silver,Columbus,2023,"Transactions, last month = 1","Emails opened/month, last 3 mo = 0.33","Transactions/month, last 3 mo = 2",Active (bought Jan-Mar 2024),0
501586,0.129,0,Low,Silver,Raleigh,2023,"App sessions/month, last 3 mo = 0",App session trend = -1.50,City = Raleigh,Active (bought Jan-Mar 2024),0
501911,0.1287,0,Low,Silver,Boise,2023,"Transactions, last month = 0","Support tickets, last 6 mo = 2","Transactions/month, last 3 mo = 2",Active (bought Jan-Mar 2024),0
500309,0.1242,0,Low,Silver,Madison,2023,"App sessions/month, last 3 mo = 0","Transactions/month, last 3 mo = 1.33","Transactions, last month = 2",Active (bought Jan-Mar 2024),1
501295,0.1232,0,Low,Gold,Tulsa,2022,"Transactions, last month = 0","Emails opened/month, last 3 mo = 0","Support tickets, last 6 mo = 2",Active (bought Jan-Mar 2024),1
501696,0.1231,0,Low,Gold,Austin,2023,"Transactions, last month = 1","Emails opened/month, last 3 mo = 0.33",Spend volatility = 0.52,Active (bought Jan-Mar 2024),0
500421,0.1203,0,Low,Platinum,Columbus,2023,"Transactions, last month = 0","Transactions/month, last 3 mo = 1.33",City = Columbus,Active (bought Jan-Mar 2024),1
501591,0.1202,0,Low,Silver,Denver,2023,"Transactions, last month = 1","App sessions/month, last 3 mo = 0.33","Transactions/month, last 3 mo = 1.67",Active (bought Jan-Mar 2024),0
502280,0.1189,0,Low,Silver,Madison,2023,"Transactions, last month = 0","Transactions/month, last 3 mo = 1.33","Spend/month, last 3 mo = 25.09",Active (bought Jan-Mar 2024),1
501059,0.1185,0,Low,Gold,Raleigh,2021,"App sessions/month, last 3 mo = 0.33",Tenure (months) = 30,App session trend = -2,Active (bought Jan-Mar 2024),0
501198,0.1181,0,Low,Silver,Raleigh,2022,"Support tickets, last 3 mo = 2","Transactions, last month = 3","Transactions/month, last 3 mo = 2",Active (bought Jan-Mar 2024),0
500973,0.1165,0,Low,Platinum,Denver,2023,"Transactions, last month = 1",Spend trend % = -0.77,"Transactions/month, last 3 mo = 1.33",Active (bought Jan-Mar 2024),0
501045,0.1149,0,Low,Gold,Nashville,2023,"Transactions, last month = 1","Support tickets, last 3 mo = 2","Support tickets, last 6 mo = 3",Active (bought Jan-Mar 2024),0
502378,0.1144,0,Low,Platinum,Columbus,2021,"Transactions, last month = 0","Transactions/month, last 3 mo = 0.67","Spend/month, last 3 mo = 27.50",Active (bought Jan-Mar 2024),0
500447,0.1096,0,Low,Silver,Tulsa,2022,"Transactions, last month = 0","Emails opened/month, last 3 mo = 0",App session trend = -1.33,Active (bought Jan-Mar 2024),0
500120,0.1078,0,Low,Silver,Portland,2023,"App sessions/month, last 3 mo = 0","Transactions/month, last 3 mo = 2","Transactions, last month = 2",Active (bought Jan-Mar 2024),0
502295,0.1048,0,Low,Gold,Austin,2022,"Transactions, last month = 0","Transactions/month, last 3 mo = 1.67","Support tickets, last 3 mo = 1",Active (bought Jan-Mar 2024),0
501949,0.1044,0,Low,Silver,Madison,2021,"Transactions, last month = 0",Promo share (history) = 0.24,"Support tickets, last 6 mo = 2",Active (bought Jan-Mar 2024),0
500645,0.1042,0,Low,Gold,Spokane,2021,"Transactions, last month = 0","Emails opened/month, last 3 mo = 0","Support tickets, last 3 mo = 1",Active (bought Jan-Mar 2024),0
502340,0.1021,0,Low,Platinum,Raleigh,2021,"Transactions, last month = 1","Emails opened/month, last 3 mo = 0",Tenure (months) = 35,Active (bought Jan-Mar 2024),0
501463,0.1019,0,Low,Platinum,Austin,2022,"Emails opened/month, last 3 mo = 0","Transactions, last month = 3","Support tickets, last 3 mo = 1",Active (bought Jan-Mar 2024),0
502195,0.1008,0,Low,Silver,Madison,2022,"App sessions/month, last 3 mo = 0.33","Transactions/month, last 3 mo = 1.33","Spend/month, last 3 mo = 25.16",Active (bought Jan-Mar 2024),0
500613,0.1006,0,Low,Silver,Raleigh,2023,"Transactions, last month = 1","Emails opened/month, last 3 mo = 0.33","Support tickets, last 3 mo = 1",Active (bought Jan-Mar 2024),0
502493,0.0992,0,Low,Silver,Columbus,2023,"Transactions, last month = 0","Emails opened/month, last 3 mo = 0","Transactions/month, last 3 mo = 2",Active (bought Jan-Mar 2024),0
501882,0.098,0,Low,Gold,Spokane,2023,"Transactions, last month = 1","App sessions/month, last 3 mo = 0.33","Support tickets, last 6 mo = 2",Active (bought Jan-Mar 2024),0
501405,0.0974,0,Low,Silver,Boise,2021,"Transactions, last month = 1",Spend trend % = -0.67,"Emails opened/month, last 3 mo = 0",Active (bought Jan-Mar 2024),0
501988,0.0967,0,Low,Silver,Raleigh,2024,"Transactions, last month = 1","Transactions/month, last 3 mo = 1.50",City = Raleigh,Active (bought Jan-Mar 2024),0
502005,0.0965,0,Low,Platinum,Portland,2021,"Support tickets, last 3 mo = 2","Transactions, last month = 2","Support tickets, last 6 mo = 2",Active (bought Jan-Mar 2024),0
502311,0.0964,0,Low,Gold,Spokane,2021,Months since last purchase = 2,"Transactions, last month = 0","App sessions/month, last 3 mo = 0.33",Active (bought Jan-Mar 2024),0
501790,0.0962,0,Low,Silver,Portland,2024,"Transactions/month, last 3 mo = 1.50","Transactions, last month = 2",Spend volatility = 0.52,Active (bought Jan-Mar 2024),1
501305,0.0955,0,Low,Silver,Portland,2021,"App sessions/month, last 3 mo = 0",Promo share (history) = 0.24,App session trend = -3.33,Active (bought Jan-Mar 2024),0
500224,0.0941,0,Low,Gold,Nashville,2021,"Transactions, last month = 1","Transactions/month, last 3 mo = 1.33",Spend trend % = -0.69,Active (bought Jan-Mar 2024),0
500038,0.0909,0,Low,Silver,Spokane,2021,"Transactions, last month = 1","Support tickets, last 3 mo = 2","Support tickets, last 6 mo = 2",Active (bought Jan-Mar 2024),0
502134,0.0903,0,Low,Gold,Denver,2024,"Support tickets, last 3 mo = 2","Transactions, last month = 3","Emails opened/month, last 3 mo = 0",Active (bought Jan-Mar 2024),0
502151,0.0894,0,Low,Gold,Madison,2023,"Transactions, last month = 1","Emails opened/month, last 3 mo = 0.33",Spend volatility = 0.70,Active (bought Jan-Mar 2024),0
501246,0.0886,0,Low,Gold,Portland,2023,"Support tickets, last 3 mo = 2","Transactions, last month = 2","Transactions/month, last 3 mo = 1.67",Active (bought Jan-Mar 2024),0
501138,0.087,0,Low,Gold,Raleigh,2021,"Transactions, last month = 1","Spend/month, last 3 mo = 10.86","Transactions/month, last 3 mo = 0.33",Active (bought Jan-Mar 2024),0
500419,0.0845,0,Low,Platinum,Tulsa,2022,"App sessions/month, last 3 mo = 0","Emails opened/month, last 3 mo = 0",Avg spend/month (history) = 169.29,Active (bought Jan-Mar 2024),0
501355,0.0834,0,Low,Silver,Raleigh,2022,"Transactions, last month = 0","Spend/month, last 3 mo = 37.37",Email-open trend = -2,Active (bought Jan-Mar 2024),0
500195,0.0826,0,Low,Silver,Madison,2023,"Transactions, last month = 0","App sessions/month, last 3 mo = 0.33","Transactions/month, last 3 mo = 1.33",Active (bought Jan-Mar 2024),0
500308,0.0824,0,Low,Silver,Raleigh,2022,"Transactions, last month = 2",City = Raleigh,"Categories bought, last 3 mo = 1.33",Active (bought Jan-Mar 2024),0
502530,0.0822,0,Low,Silver,Tulsa,2022,"Transactions, last month = 1","Transactions/month, last 3 mo = 1","Spend/month, last 3 mo = 34.68",Active (bought Jan-Mar 2024),1
500073,0.0821,0,Low,Silver,Madison,2022,Promo share (history) = 0.24,"Transactions, last month = 2","Transactions/month, last 3 mo = 2",Active (bought Jan-Mar 2024),0
502454,0.0811,0,Low,Silver,Madison,2021,"Support tickets, last 3 mo = 2","Transactions, last month = 2","Emails opened/month, last 3 mo = 0.33",Active (bought Jan-Mar 2024),0
501209,0.0808,0,Low,Gold,Denver,2023,"Transactions, last month = 0","Transactions/month, last 3 mo = 1.67","Coupons redeemed/month, last 3 mo = 0",Active (bought Jan-Mar 2024),1
502132,0.0808,0,Low,Silver,Boise,2021,"Transactions, last month = 0",Months since last purchase = 2,"Spend/month, last 3 mo = 15.43",Active (bought Jan-Mar 2024),0
501238,0.0799,0,Low,Gold,Austin,2023,"Support tickets, last 3 mo = 2","Transactions, last month = 2",Support-ticket trend = 2,Active (bought Jan-Mar 2024),0
501308,0.0796,0,Low,Silver,Madison,2023,"App sessions/month, last 3 mo = 0","Transactions, last month = 1","Spend/month, last 3 mo = 17.14",Active (bought Jan-Mar 2024),0
502422,0.0777,0,Low,Gold,Austin,2021,"Transactions/month, last 3 mo = 1.33","Transactions, last month = 2",Tenure (months) = 33,Active (bought Jan-Mar 2024),0
502478,0.0771,0,Low,Gold,Tulsa,2022,"Transactions, last month = 1","Transactions/month, last 3 mo = 1.67",Promo share (history) = 0.24,Active (bought Jan-Mar 2024),0
501960,0.0707,0,Low,Silver,Columbus,2023,"Transactions, last month = 1","Emails opened/month, last 3 mo = 0.33",City = Columbus,Active (bought Jan-Mar 2024),0
502582,0.0704,0,Low,Silver,Raleigh,2022,"Transactions, last month = 2",App session trend = -1.67,"Transactions/month, last 3 mo = 2",Active (bought Jan-Mar 2024),0
501990,0.0683,0,Low,Silver,Denver,2023,"Transactions, last month = 1","Spend/month, last 3 mo = 25.89","Transactions/month, last 3 mo = 1.67",Active (bought Jan-Mar 2024),1
501682,0.0683,0,Low,Gold,Austin,2021,"Transactions, last month = 2",Tenure (months) = 33,"Emails opened/month, last 3 mo = 0.33",Active (bought Jan-Mar 2024),0
501945,0.068,0,Low,Silver,Tulsa,2021,"Transactions, last month = 0",Promo share (history) = 0.24,"Transactions/month, last 3 mo = 2",Active (bought Jan-Mar 2024),0
501032,0.0673,0,Low,Gold,Columbus,2023,"Transactions, last month = 0","Support tickets, last 3 mo = 1","Transactions/month, last 3 mo = 1.67",Active (bought Jan-Mar 2024),0
500334,0.067,0,Low,Gold,Columbus,2021,"Emails opened/month, last 3 mo = 0",Tenure (months) = 29,"App sessions/month, last 3 mo = 0.67",Active (bought Jan-Mar 2024),0
501528,0.0663,0,Low,Silver,Nashville,2023,"Transactions, last month = 0","Support tickets, last 3 mo = 1",Transaction trend (last vs prior qtr) = -2.67,Active (bought Jan-Mar 2024),0
502476,0.0662,0,Low,Platinum,Denver,2023,"Transactions, last month = 1","Transactions/month, last 3 mo = 1.67",Spend volatility = 0.78,Active (bought Jan-Mar 2024),0
502535,0.0662,0,Low,Platinum,Madison,2021,"Transactions, last month = 1","Transactions/month, last 3 mo = 1.33","Support tickets, last 3 mo = 1",Active (bought Jan-Mar 2024),1
501453,0.0659,0,Low,Silver,Boise,2021,"Transactions/month, last 3 mo = 1.33","Transactions, last month = 2","Emails opened/month, last 3 mo = 0",Active (bought Jan-Mar 2024),0
502404,0.0642,0,Low,Silver,Spokane,2024,"Transactions, last month = 1","Transactions/month, last 3 mo = 0.50","Spend/month, last 3 mo = 17.12",Active (bought Jan-Mar 2024),0
502524,0.0624,0,Low,Gold,Raleigh,2022,"Emails opened/month, last 3 mo = 0.33","Transactions, last month = 3",Email-open trend = -2.67,Active (bought Jan-Mar 2024),0
500572,0.0611,0,Low,Silver,Boise,2023,"Transactions, last month = 1","Spend/month, last 3 mo = 28.08","Support tickets, last 3 mo = 1",Active (bought Jan-Mar 2024),0
502085,0.0605,0,Low,Silver,Columbus,2024,"Transactions, last month = 2","Transactions/month, last 3 mo = 2",Spend volatility = 0.03,Active (bought Jan-Mar 2024),0
501292,0.0583,0,Low,Silver,Boise,2023,"Transactions, last month = 1","App sessions/month, last 3 mo = 0.33","Transactions/month, last 3 mo = 1.67",Active (bought Jan-Mar 2024),0
500142,0.0581,0,Low,Platinum,Nashville,2021,"Transactions, last month = 2","Emails opened/month, last 3 mo = 0.33","Coupons redeemed/month, last 3 mo = 0",Active (bought Jan-Mar 2024),0
500624,0.0578,0,Low,Silver,Austin,2023,"Transactions, last month = 1","Transactions/month, last 3 mo = 2",City = Austin,Active (bought Jan-Mar 2024),0
502152,0.0566,0,Low,Gold,Raleigh,2021,"Transactions/month, last 3 mo = 1.67","Transactions, last month = 3","Avg basket, last 3 mo = 27.27",Active (bought Jan-Mar 2024),0
501827,0.0565,0,Low,Silver,Austin,2023,"Transactions/month, last 3 mo = 2.50","Promo share, last 3 mo = 0.49",Transaction trend (last vs prior qtr) = -4.17,Active (bought Jan-Mar 2024),0
502262,0.0564,0,Low,Platinum,Spokane,2024,"Emails opened/month, last 3 mo = 0","Transactions, last month = 3","Support tickets, last 3 mo = 1",Active (bought Jan-Mar 2024),0
501758,0.0563,0,Low,Silver,Portland,2023,"Transactions, last month = 0",Coupons/month (history) = 0.12,"Coupons redeemed/month, last 3 mo = 0",Active (bought Jan-Mar 2024),0
501239,0.0562,0,Low,Silver,Raleigh,2022,"Transactions, last month = 0",City = Raleigh,"Transactions/month, last 3 mo = 2.33",Active (bought Jan-Mar 2024),0
500713,0.0561,0,Low,Silver,Tulsa,2024,"Transactions, last month = 1","Emails opened/month, last 3 mo = 0",Age = 33,Active (bought Jan-Mar 2024),0
501670,0.0558,0,Low,Silver,Raleigh,2022,"Emails opened/month, last 3 mo = 0","Transactions, last month = 3",City = Raleigh,Active (bought Jan-Mar 2024),1
502149,0.0552,0,Low,Silver,Austin,2022,"App sessions/month, last 3 mo = 0.33","Emails opened/month, last 3 mo = 0","Transactions, last month = 2",Active (bought Jan-Mar 2024),0
500200,0.0552,0,Low,Silver,Madison,2021,"Transactions, last month = 2","Transactions/month, last 3 mo = 2","Support tickets, last 3 mo = 1",Active (bought Jan-Mar 2024),0
500020,0.0545,0,Low,Silver,Spokane,2021,"Transactions/month, last 3 mo = 1.67","Avg basket, last 3 mo = 27.79",Tenure (months) = 32,Active (bought Jan-Mar 2024),0
501481,0.0545,0,Low,Silver,Boise,2022,"Transactions, last month = 0","Support tickets, last 3 mo = 1","Transactions/month, last 3 mo = 2.33",Active (bought Jan-Mar 2024),0
500793,0.0542,0,Low,Silver,Columbus,2021,"Transactions, last month = 2",City = Columbus,Transaction trend (last vs prior qtr) = -3.33,Active (bought Jan-Mar 2024),0
502211,0.0537,0,Low,Gold,Portland,2024,"Transactions, last month = 1","Transactions/month, last 3 mo = 1.50","Spend/month, last 3 mo = 67.14",Active (bought Jan-Mar 2024),0
502421,0.0532,0,Low,Platinum,Columbus,2023,"Transactions, last month = 1","Transactions/month, last 3 mo = 1","Spend/month, last 3 mo = 40.19",Active (bought Jan-Mar 2024),0
501715,0.053,0,Low,Platinum,Columbus,2023,"Transactions, last month = 1","Transactions/month, last 3 mo = 0.67","Emails opened/month, last 3 mo = 0",Active (bought Jan-Mar 2024),1
501420,0.0529,0,Low,Gold,Portland,2023,"Transactions, last month = 2","Emails opened/month, last 3 mo = 0","Support tickets, last 3 mo = 1",Active (bought Jan-Mar 2024),0
502281,0.0527,0,Low,Silver,Tulsa,2022,"Transactions, last month = 1","Support tickets, last 3 mo = 1","Support tickets, last 6 mo = 2",Active (bought Jan-Mar 2024),0
500093,0.0522,0,Low,Gold,Denver,2022,"Transactions, last month = 1",Avg spend/month (history) = 159.94,Spend volatility = 0.59,Active (bought Jan-Mar 2024),0
500531,0.0515,0,Low,Silver,Spokane,2023,"Transactions, last month = 1","Transactions/month, last 3 mo = 1.67","Support tickets, last 3 mo = 1",Active (bought Jan-Mar 2024),0
500594,0.0512,0,Low,Gold,Boise,2021,"Transactions, last month = 0",Promo share (history) = 0.25,"Transactions/month, last 3 mo = 2",Active (bought Jan-Mar 2024),0
501789,0.0509,0,Low,Gold,Spokane,2023,"Support tickets, last 3 mo = 2","Transactions, last month = 3","Support tickets, last 6 mo = 2",Active (bought Jan-Mar 2024),0
500540,0.0507,0,Low,Silver,Madison,2021,"Transactions, last month = 2",Tenure (months) = 31,"App sessions/month, last 3 mo = 0.50",Active (bought Jan-Mar 2024),0
501709,0.0504,0,Low,Platinum,Madison,2023,"Transactions, last month = 1","Support tickets, last 3 mo = 2","Emails opened/month, last 3 mo = 0.33",Active (bought Jan-Mar 2024),0
500772,0.0503,0,Low,Silver,Portland,2021,"Transactions, last month = 1","Emails opened/month, last 3 mo = 0","Transactions/month, last 3 mo = 2.50",Active (bought Jan-Mar 2024),0
501079,0.0499,0,Low,Gold,Denver,2021,"Transactions, last month = 1","Emails opened/month, last 3 mo = 0",Tenure (months) = 35,Active (bought Jan-Mar 2024),0
500966,0.0491,0,Low,Silver,Columbus,2023,"Transactions, last month = 1",City = Columbus,"Avg basket, last 3 mo = 27.18",Active (bought Jan-Mar 2024),0
501431,0.0489,0,Low,Silver,Nashville,2023,"Transactions, last month = 1","Spend/month, last 3 mo = 41.26","Transactions/month, last 3 mo = 2",Active (bought Jan-Mar 2024),0
500896,0.0487,0,Low,Gold,Denver,2022,"App sessions/month, last 3 mo = 0",Promo share (history) = 0.25,"Transactions, last month = 2",Active (bought Jan-Mar 2024),0
500076,0.0485,0,Low,Gold,Tulsa,2021,"App sessions/month, last 3 mo = 0.33",Promo share (history) = 0.25,"Transactions, last month = 2",Active (bought Jan-Mar 2024),0
500955,0.0484,0,Low,Silver,Raleigh,2023,"Transactions, last month = 0","Transactions/month, last 3 mo = 0.67","Spend/month, last 3 mo = 20.08",Active (bought Jan-Mar 2024),1
502126,0.0482,0,Low,Silver,Tulsa,2023,"Transactions, last month = 1","Transactions/month, last 3 mo = 0.67","Spend/month, last 3 mo = 18.10",Active (bought Jan-Mar 2024),0
501594,0.0482,0,Low,Silver,Spokane,2022,"Emails opened/month, last 3 mo = 0","Support tickets, last 3 mo = 1",Avg transactions/month (history) = 4.62,Active (bought Jan-Mar 2024),0
500166,0.0478,0,Low,Silver,Boise,2021,"Transactions/month, last 3 mo = 1.33","Spend/month, last 3 mo = 37.04","Transactions, last month = 2",Active (bought Jan-Mar 2024),0
502212,0.0473,0,Low,Silver,Boise,2022,"Transactions, last month = 1","App sessions/month, last 3 mo = 0.33","Transactions/month, last 3 mo = 1.67",Active (bought Jan-Mar 2024),0
502534,0.047,0,Low,Gold,Columbus,2024,"Transactions, last month = 1",Promo share (history) = 0.24,"Transactions/month, last 3 mo = 1",Active (bought Jan-Mar 2024),0
500947,0.0469,0,Low,Silver,Nashville,2023,"Transactions, last month = 2",Promo share (history) = 0.25,Email-open trend = -4.33,Active (bought Jan-Mar 2024),0
500477,0.0454,0,Low,Platinum,Portland,2024,"Transactions, last month = 1","Transactions/month, last 3 mo = 1","Emails opened/month, last 3 mo = 0",Active (bought Jan-Mar 2024),0
501048,0.0451,0,Low,Silver,Columbus,2023,"Transactions, last month = 1","Emails opened/month, last 3 mo = 0",City = Columbus,Active (bought Jan-Mar 2024),0
501320,0.0447,0,Low,Platinum,Tulsa,2023,"Transactions, last month = 0","Support tickets, last 6 mo = 2","Support tickets, last 3 mo = 1",Active (bought Jan-Mar 2024),0
501590,0.0447,0,Low,Silver,Boise,2023,"Transactions, last month = 0",Promo share (history) = 0.25,"Transactions/month, last 3 mo = 2",Active (bought Jan-Mar 2024),0
501343,0.0443,0,Low,Gold,Nashville,2022,"Transactions, last month = 1","Transactions/month, last 3 mo = 1.33","Spend/month, last 3 mo = 40.12",Active (bought Jan-Mar 2024),0
502250,0.0442,0,Low,Gold,Columbus,2023,"Transactions, last month = 0",City = Columbus,"Transactions/month, last 3 mo = 2.67",Active (bought Jan-Mar 2024),0
502399,0.044,0,Low,Silver,Austin,2022,"Transactions, last month = 0","Support tickets, last 3 mo = 1","Emails opened/month, last 3 mo = 0.50",Active (bought Jan-Mar 2024),0
501880,0.0432,0,Low,Silver,Denver,2022,"Transactions/month, last 3 mo = 1.33","Transactions, last month = 2","App sessions/month, last 3 mo = 0.67",Active (bought Jan-Mar 2024),0
500117,0.0429,0,Low,Gold,Madison,2021,"Transactions, last month = 1",Tenure (months) = 29,"Emails opened/month, last 3 mo = 0.33",Active (bought Jan-Mar 2024),0
502567,0.0424,0,Low,Silver,Denver,2023,"Transactions, last month = 0","Emails opened/month, last 3 mo = 0.33",Months since last purchase = 1,Active (bought Jan-Mar 2024),0
501998,0.0422,0,Low,Silver,Austin,2021,"Transactions, last month = 1","Transactions/month, last 3 mo = 1","Spend/month, last 3 mo = 27.04",Active (bought Jan-Mar 2024),0
502400,0.0417,0,Low,Silver,Denver,2021,"Transactions, last month = 2","Support tickets, last 6 mo = 2","App sessions/month, last 3 mo = 0.67",Active (bought Jan-Mar 2024),0
501500,0.0416,0,Low,Silver,Boise,2023,"Transactions/month, last 3 mo = 1.33","Transactions, last month = 2","Support tickets, last 6 mo = 2",Active (bought Jan-Mar 2024),0
500741,0.0415,0,Low,Gold,Austin,2022,"Transactions, last month = 1","Support tickets, last 6 mo = 3","Support tickets, last 3 mo = 1",Active (bought Jan-Mar 2024),0
500738,0.0413,0,Low,Silver,Spokane,2023,"Transactions/month, last 3 mo = 1.67","Transactions, last month = 2","Support tickets, last 3 mo = 1",Active (bought Jan-Mar 2024),1
501689,0.0413,0,Low,Platinum,Spokane,2022,Spend trend % = -0.67,"Transactions, last month = 2","Transactions/month, last 3 mo = 2.33",Active (bought Jan-Mar 2024),0
502257,0.0411,0,Low,Silver,Boise,2024,"Transactions, last month = 0","Transactions/month, last 3 mo = 0.50","Spend/month, last 3 mo = 15.10",Active (bought Jan-Mar 2024),0
502116,0.041,0,Low,Silver,Columbus,2023,"Transactions, last month = 1","Transactions/month, last 3 mo = 1.67",City = Columbus,Active (bought Jan-Mar 2024),0
501661,0.0409,0,Low,Platinum,Austin,2021,"Transactions/month, last 3 mo = 1.67","Transactions, last month = 2","Emails opened/month, last 3 mo = 0",Active (bought Jan-Mar 2024),0
500657,0.0408,0,Low,Gold,Denver,2023,"App sessions/month, last 3 mo = 0.33","Transactions, last month = 3","Support tickets, last 3 mo = 1",Active (bought Jan-Mar 2024),0
501273,0.0406,0,Low,Gold,Raleigh,2023,"Transactions, last month = 1","Promo share, last 3 mo = 0.43","Transactions/month, last 3 mo = 2.67",Active (bought Jan-Mar 2024),0
500303,0.0403,0,Low,Gold,Spokane,2021,"Transactions, last month = 0","Transactions/month, last 3 mo = 0.67","Spend/month, last 3 mo = 27.88",Active (bought Jan-Mar 2024),1
502292,0.04,0,Low,Gold,Raleigh,2021,"Support tickets, last 3 mo = 2",Tenure (months) = 29,"Emails opened/month, last 3 mo = 0",Active (bought Jan-Mar 2024),0
501325,0.0397,0,Low,Gold,Nashville,2021,"Transactions, last month = 0",App session trend = -1.33,"Categories bought, last 3 mo = 1.33",Active (bought Jan-Mar 2024),0
502102,0.0391,0,Low,Platinum,Nashville,2023,"Transactions, last month = 0","Spend/month, last 3 mo = 11.66","Transactions/month, last 3 mo = 0.33",Active (bought Jan-Mar 2024),0
501493,0.0389,0,Low,Gold,Raleigh,2023,"Transactions, last month = 0","Emails opened/month, last 3 mo = 0","Transactions/month, last 3 mo = 2",Active (bought Jan-Mar 2024),0
501935,0.0385,0,Low,Silver,Austin,2022,"Transactions, last month = 0","App sessions/month, last 3 mo = 0.33","Spend/month, last 3 mo = 7.80",Active (bought Jan-Mar 2024),0
502044,0.0381,0,Low,Gold,Austin,2023,"App sessions/month, last 3 mo = 0.33","Transactions/month, last 3 mo = 1.33",App session trend = -1.33,Active (bought Jan-Mar 2024),0
502532,0.0381,0,Low,Silver,Columbus,2023,"Transactions, last month = 1",City = Columbus,"Transactions/month, last 3 mo = 2.33",Active (bought Jan-Mar 2024),0
500394,0.0381,0,Low,Gold,Boise,2022,"Transactions, last month = 1",Spend trend % = -0.67,Transaction trend (last vs prior qtr) = -6.67,Active (bought Jan-Mar 2024),0
502516,0.0373,0,Low,Platinum,Columbus,2021,"Transactions, last month = 2","Transactions/month, last 3 mo = 2",Tenure (months) = 29,Active (bought Jan-Mar 2024),0
502572,0.0368,0,Low,Platinum,Denver,2021,"Transactions, last month = 1","Support tickets, last 3 mo = 2","Support tickets, last 6 mo = 3",Active (bought Jan-Mar 2024),0
500370,0.0362,0,Low,Silver,Austin,2022,"Transactions, last month = 1",App session trend = -1.33,"Transactions/month, last 3 mo = 3",Active (bought Jan-Mar 2024),0
501462,0.0358,0,Low,Gold,Denver,2021,"Transactions, last month = 1","Emails opened/month, last 3 mo = 0","Transactions/month, last 3 mo = 2.33",Active (bought Jan-Mar 2024),0
501038,0.0357,0,Low,Platinum,Austin,2023,"Emails opened/month, last 3 mo = 0","Support tickets, last 6 mo = 2","Transactions, last month = 3",Active (bought Jan-Mar 2024),1
500539,0.0348,0,Low,Silver,Columbus,2023,"Emails opened/month, last 3 mo = 0.33","Transactions, last month = 3","Transactions/month, last 3 mo = 2.33",Active (bought Jan-Mar 2024),0
502343,0.0346,0,Low,Gold,Denver,2022,"Transactions, last month = 1","Transactions/month, last 3 mo = 2","Emails opened/month, last 3 mo = 0.33",Active (bought Jan-Mar 2024),0
500917,0.0339,0,Low,Silver,Tulsa,2022,"App sessions/month, last 3 mo = 0.67","Transactions, last month = 3",App session trend = -1.33,Active (bought Jan-Mar 2024),0
500578,0.0337,0,Low,Silver,Nashville,2023,"App sessions/month, last 3 mo = 0","Transactions/month, last 3 mo = 1.33","Spend/month, last 3 mo = 33.80",Active (bought Jan-Mar 2024),0
500484,0.0333,0,Low,Platinum,Spokane,2023,"Transactions/month, last 3 mo = 1.33",Email-open trend = -3.33,"Transactions, last month = 3",Active (bought Jan-Mar 2024),0
501778,0.0332,0,Low,Platinum,Raleigh,2021,"Transactions, last month = 1","App sessions/month, last 3 mo = 0.33","Transactions/month, last 3 mo = 0.67",Active (bought Jan-Mar 2024),0
500665,0.0328,0,Low,Silver,Tulsa,2022,"Transactions, last month = 0","Emails opened/month, last 3 mo = 0.33",Email-open trend = -2,Active (bought Jan-Mar 2024),0
500025,0.0325,0,Low,Gold,Raleigh,2023,"Transactions, last month = 1",Promo share (history) = 0.24,City = Raleigh,Active (bought Jan-Mar 2024),0
501648,0.032,0,Low,Gold,Columbus,2023,"Transactions, last month = 1",App session trend = -1.67,Email-open trend = -2.33,Active (bought Jan-Mar 2024),0
502512,0.0319,0,Low,Silver,Austin,2021,Tenure (months) = 36,"App sessions/month, last 3 mo = 0.67","Support tickets, last 3 mo = 1",Active (bought Jan-Mar 2024),0
501000,0.0318,0,Low,Gold,Austin,2022,"Transactions, last month = 2","Emails opened/month, last 3 mo = 0.33",Avg spend/month (history) = 203.14,Active (bought Jan-Mar 2024),0
501526,0.0318,0,Low,Gold,Tulsa,2021,"App sessions/month, last 3 mo = 0",Tenure (months) = 30,"Transactions, last month = 2",Active (bought Jan-Mar 2024),0
500965,0.0317,0,Low,Gold,Nashville,2021,"Transactions, last month = 0",Months since last purchase = 4,"Spend/month, last 3 mo = 0",Lapsed (no purchase Jan-Mar 2024),0
502022,0.0317,0,Low,Silver,Columbus,2023,"Support tickets, last 6 mo = 2",City = Columbus,"Spend/month, prior 3 mo = 0",Active (bought Jan-Mar 2024),0
502029,0.0316,0,Low,Silver,Denver,2021,"Transactions, last month = 0","Transactions/month, last 3 mo = 2",Tenure (months) = 33,Active (bought Jan-Mar 2024),0
501584,0.0313,0,Low,Silver,Columbus,2023,"Transactions, last month = 2","Transactions/month, last 3 mo = 2.33",City = Columbus,Active (bought Jan-Mar 2024),0
501975,0.0312,0,Low,Gold,Columbus,2023,"Transactions/month, last 3 mo = 1.67","Transactions, last month = 2","Spend/month, last 3 mo = 35.97",Active (bought Jan-Mar 2024),0
501936,0.031,0,Low,Gold,Denver,2023,"Transactions, last month = 1","Transactions/month, last 3 mo = 1.33","Spend/month, last 3 mo = 36.53",Active (bought Jan-Mar 2024),0
501534,0.031,0,Low,Silver,Spokane,2021,"App sessions/month, last 3 mo = 0.33","Emails opened/month, last 3 mo = 0",Tenure (months) = 37,Active (bought Jan-Mar 2024),0
501269,0.0309,0,Low,Silver,Madison,2021,"Transactions/month, last 3 mo = 0.67","Spend/month, last 3 mo = 27.47","Transactions, last month = 2",Active (bought Jan-Mar 2024),0
501370,0.0307,0,Low,Silver,Portland,2023,"Transactions, last month = 1","App sessions/month, last 3 mo = 0.33",Spend volatility = 0.79,Active (bought Jan-Mar 2024),0
502562,0.03,0,Low,Silver,Boise,2021,"Transactions, last month = 1","Transactions/month, last 3 mo = 2.33","Avg basket, last 3 mo = 27.33",Active (bought Jan-Mar 2024),1
502251,0.03,0,Low,Silver,Raleigh,2023,"Transactions, last month = 0","Transactions/month, last 3 mo = 1","Spend/month, last 3 mo = 33.51",Active (bought Jan-Mar 2024),0
500542,0.03,0,Low,Silver,Denver,2022,"Support tickets, last 3 mo = 2","App sessions/month, last 3 mo = 0.67","Emails opened/month, last 3 mo = 0.33",Active (bought Jan-Mar 2024),0
501012,0.0297,0,Low,Gold,Tulsa,2023,"Transactions, last month = 0","Support tickets, last 6 mo = 2","Support tickets, last 3 mo = 1",Active (bought Jan-Mar 2024),0
501777,0.0294,0,Low,Platinum,Madison,2022,"Transactions, last month = 1","Transactions/month, last 3 mo = 1.33",Age = 43,Active (bought Jan-Mar 2024),0
500888,0.0293,0,Low,Platinum,Tulsa,2021,"Transactions, last month = 2",App session trend = -3.50,Tenure (months) = 37,Active (bought Jan-Mar 2024),0
500524,0.0292,0,Low,Silver,Madison,2023,"Transactions/month, last 3 mo = 1.67","Transactions, last month = 2","Support tickets, last 6 mo = 2",Active (bought Jan-Mar 2024),0
502424,0.029,0,Low,Gold,Nashville,2023,"Transactions, last month = 0","Emails opened/month, last 3 mo = 0.33",Preferred category = Bakery,Active (bought Jan-Mar 2024),0
500656,0.0289,0,Low,Silver,Spokane,2021,"Transactions, last month = 2","Emails opened/month, last 3 mo = 0",Tenure (months) = 29,Active (bought Jan-Mar 2024),0
502043,0.0285,0,Low,Silver,Raleigh,2021,"Emails opened/month, last 3 mo = 0","App sessions/month, last 3 mo = 0.67",Tenure (months) = 30,Active (bought Jan-Mar 2024),0
502244,0.0283,0,Low,Gold,Columbus,2022,"App sessions/month, last 3 mo = 0.33","Emails opened/month, last 3 mo = 0.33",City = Columbus,Active (bought Jan-Mar 2024),0
500597,0.0282,0,Low,Gold,Raleigh,2023,Promo share (history) = 0.24,"Transactions, last month = 3","Support tickets, last 6 mo = 3",Active (bought Jan-Mar 2024),0
500139,0.028,0,Low,Gold,Nashville,2021,"Transactions, last month = 2",Tenure (months) = 33,App session trend = -1.33,Active (bought Jan-Mar 2024),0
500261,0.0279,0,Low,Silver,Nashville,2021,"Transactions, last month = 1",Spend volatility = 0.55,"Transactions/month, last 3 mo = 2.67",Active (bought Jan-Mar 2024),0
501491,0.0277,0,Low,Silver,Austin,2023,"Transactions, last month = 3","App sessions/month, last 3 mo = 0.67","Support tickets, last 3 mo = 1",Active (bought Jan-Mar 2024),0
501403,0.0276,0,Low,Platinum,Austin,2022,"Transactions/month, last 3 mo = 1.67","Emails opened/month, last 3 mo = 0","Support tickets, last 6 mo = 2",Active (bought Jan-Mar 2024),0
501337,0.0275,0,Low,Silver,Portland,2023,"Transactions, last month = 1","Support tickets, last 6 mo = 2","Support tickets, last 3 mo = 1",Active (bought Jan-Mar 2024),0
500351,0.0274,0,Low,Gold,Madison,2023,Spend trend % = -0.66,"Transactions/month, last 3 mo = 2.67",Spend volatility = 0.61,Active (bought Jan-Mar 2024),0
500280,0.0274,0,Low,Silver,Raleigh,2023,City = Raleigh,Spend volatility = 0.58,"Transactions, last month = 3",Active (bought Jan-Mar 2024),0
500528,0.0272,0,Low,Silver,Boise,2021,"Transactions, last month = 0","Emails opened/month, last 3 mo = 0","Coupons redeemed/month, last 3 mo = 0",Active (bought Jan-Mar 2024),0
502559,0.027,0,Low,Gold,Madison,2023,Promo share (history) = 0.24,"Transactions, last month = 3","Transactions/month, last 3 mo = 2.67",Active (bought Jan-Mar 2024),0
500660,0.027,0,Low,Silver,Columbus,2023,"Emails opened/month, last 3 mo = 0","Support tickets, last 3 mo = 1","Support tickets, last 6 mo = 2",Active (bought Jan-Mar 2024),0
502272,0.0266,0,Low,Silver,Columbus,2023,"Transactions, last month = 2","Support tickets, last 6 mo = 2","Support tickets, last 3 mo = 1",Active (bought Jan-Mar 2024),0
500283,0.0266,0,Low,Silver,Raleigh,2022,"Transactions, last month = 2",City = Raleigh,"Support tickets, last 6 mo = 2",Active (bought Jan-Mar 2024),0
501581,0.0263,0,Low,Silver,Tulsa,2022,"Transactions, last month = 1","Emails opened/month, last 3 mo = 0",Coupons/month (history) = 0.13,Active (bought Jan-Mar 2024),0
500402,0.0263,0,Low,Silver,Tulsa,2023,"Transactions, last month = 0","Transactions/month, last 3 mo = 1.33","Emails opened/month, last 3 mo = 0.33",Active (bought Jan-Mar 2024),0
500187,0.0255,0,Low,Silver,Columbus,2023,"Transactions, last month = 2","Transactions/month, last 3 mo = 2.33","Spend/month, prior 3 mo = 0",Active (bought Jan-Mar 2024),0
501909,0.0255,0,Low,Gold,Madison,2022,Promo share (history) = 0.24,"Transactions, last month = 3",Avg spend/month (history) = 170.75,Active (bought Jan-Mar 2024),0
500565,0.0253,0,Low,Platinum,Tulsa,2023,"Support tickets, last 3 mo = 2","Emails opened/month, last 3 mo = 0",Spend trend % = -0.65,Active (bought Jan-Mar 2024),0
500844,0.0253,0,Low,Silver,Portland,2021,"Spend/month, last 3 mo = 41.88","Transactions/month, last 3 mo = 2","Coupons redeemed/month, last 3 mo = 0",Active (bought Jan-Mar 2024),0
500336,0.0253,0,Low,Platinum,Raleigh,2021,"Transactions, last month = 0","Transactions/month, last 3 mo = 1",City = Raleigh,Active (bought Jan-Mar 2024),0
500165,0.0251,0,Low,Gold,Columbus,2022,"App sessions/month, last 3 mo = 0.67","Emails opened/month, last 3 mo = 0",City = Columbus,Active (bought Jan-Mar 2024),0
502393,0.025,0,Low,Silver,Denver,2021,Spend trend % = -0.64,"Transactions, last month = 3","Transactions/month, last 3 mo = 2.50",Active (bought Jan-Mar 2024),0
500450,0.025,0,Low,Silver,Austin,2023,"Transactions, last month = 0","Support tickets, last 3 mo = 1",City = Austin,Active (bought Jan-Mar 2024),0
502294,0.0249,0,Low,Gold,Denver,2023,"Transactions, last month = 1",Email-open trend = -2,"Transactions/month, last 3 mo = 2.67",Active (bought Jan-Mar 2024),0
501240,0.0249,0,Low,Silver,Tulsa,2024,"App sessions/month, last 3 mo = 0","Transactions, last month = 1","Transactions/month, last 3 mo = 1",Active (bought Jan-Mar 2024),0
500829,0.0248,0,Low,Gold,Austin,2022,"App sessions/month, last 3 mo = 0.33","Transactions, last month = 3",City = Austin,Active (bought Jan-Mar 2024),0
501713,0.0248,0,Low,Silver,Austin,2022,"Transactions, last month = 1","Emails opened/month, last 3 mo = 0.33","Transactions/month, last 3 mo = 2",Active (bought Jan-Mar 2024),0
500193,0.0247,0,Low,Gold,Denver,2023,"Transactions, last month = 1","Transactions/month, last 3 mo = 0.67","Spend/month, last 3 mo = 22.59",Active (bought Jan-Mar 2024),0
500182,0.0247,0,Low,Silver,Nashville,2021,"Support tickets, last 6 mo = 3",Tenure (months) = 35,"App sessions/month, last 3 mo = 0.67",Active (bought Jan-Mar 2024),0
501672,0.0245,0,Low,Gold,Tulsa,2023,"Transactions, last month = 0","Transactions/month, last 3 mo = 1.33",App session trend = -1.67,Active (bought Jan-Mar 2024),0
502254,0.0243,0,Low,Silver,Columbus,2023,"Transactions, last month = 0",Months since last purchase = 2,"Transactions/month, last 3 mo = 2",Active (bought Jan-Mar 2024),0
501417,0.0242,0,Low,Gold,Madison,2022,"Support tickets, last 3 mo = 2","Transactions, last month = 2","Support tickets, last 6 mo = 3",Active (bought Jan-Mar 2024),0
500404,0.0242,0,Low,Gold,Denver,2023,"Transactions, last month = 1",Spend volatility = 0.71,App session trend = -2,Active (bought Jan-Mar 2024),0
501152,0.0237,0,Low,Silver,Boise,2021,"Transactions, last month = 2",Tenure (months) = 29,"Transactions/month, last 3 mo = 2.33",Active (bought Jan-Mar 2024),0
500458,0.0236,0,Low,Gold,Denver,2023,"Transactions, last month = 1","Transactions/month, last 3 mo = 0.67","Spend/month, last 3 mo = 30.37",Active (bought Jan-Mar 2024),0
501357,0.0232,0,Low,Silver,Columbus,2023,"Transactions, last month = 1","Emails opened/month, last 3 mo = 0.33",City = Columbus,Active (bought Jan-Mar 2024),0
502450,0.0232,0,Low,Gold,Spokane,2021,"Emails opened/month, last 3 mo = 0",Tenure (months) = 36,"Transactions/month, last 3 mo = 2",Active (bought Jan-Mar 2024),0
500929,0.0231,0,Low,Platinum,Boise,2021,"Support tickets, last 3 mo = 1","App sessions/month, last 3 mo = 0.67","Transactions/month, last 3 mo = 2",Active (bought Jan-Mar 2024),0
502153,0.0231,0,Low,Silver,Madison,2022,"Transactions, last month = 2","Support tickets, last 6 mo = 3","Transactions/month, last 3 mo = 2",Active (bought Jan-Mar 2024),0
502416,0.0228,0,Low,Silver,Portland,2022,"Transactions, last month = 1","Emails opened/month, last 3 mo = 0",App session trend = -1.33,Active (bought Jan-Mar 2024),0
501382,0.0225,0,Low,Silver,Austin,2023,"Support tickets, last 3 mo = 2","Transactions, last month = 3",Support-ticket trend = 2,Active (bought Jan-Mar 2024),0
501353,0.0225,0,Low,Platinum,Portland,2021,"App sessions/month, last 3 mo = 0.33","Emails opened/month, last 3 mo = 0",Avg spend/month (history) = 170.30,Active (bought Jan-Mar 2024),0
500509,0.0224,0,Low,Silver,Austin,2023,"Transactions, last month = 2","Transactions/month, last 3 mo = 2","Support tickets, last 3 mo = 1",Active (bought Jan-Mar 2024),0
502339,0.0224,0,Low,Gold,Boise,2021,"Transactions, last month = 0","Support tickets, last 6 mo = 2","Emails opened/month, last 3 mo = 0.33",Active (bought Jan-Mar 2024),0
500453,0.0222,0,Low,Silver,Nashville,2021,"Spend/month, last 3 mo = 18.85","Transactions/month, last 3 mo = 1","Transactions, last month = 2",Active (bought Jan-Mar 2024),0
501372,0.022,0,Low,Gold,Nashville,2023,"App sessions/month, last 3 mo = 0.33","Emails opened/month, last 3 mo = 0","Transactions, last month = 3",Active (bought Jan-Mar 2024),0
502049,0.0219,0,Low,Silver,Nashville,2021,"Transactions, last month = 2","Categories bought, last 3 mo = 1.33","Transactions/month, last 3 mo = 2.67",Active (bought Jan-Mar 2024),0
500930,0.0213,0,Low,Silver,Spokane,2021,"Emails opened/month, last 3 mo = 0",Email-open trend = -2,"Transactions, last month = 3",Active (bought Jan-Mar 2024),0
502441,0.0212,0,Low,Gold,Madison,2022,"Transactions, last month = 1","Transactions/month, last 3 mo = 2.33",Marketing opt-in = 1,Active (bought Jan-Mar 2024),0
500346,0.0211,0,Low,Silver,Denver,2023,"Emails opened/month, last 3 mo = 0","App sessions/month, last 3 mo = 0.67",Spend volatility = 0.53,Active (bought Jan-Mar 2024),0
501819,0.021,0,Low,Silver,Raleigh,2021,"Transactions, last month = 1","Transactions/month, last 3 mo = 1.33","Spend/month, last 3 mo = 35.41",Active (bought Jan-Mar 2024),0
501123,0.0204,0,Low,Gold,Madison,2021,"Transactions/month, last 3 mo = 1.33","Spend/month, last 3 mo = 40.78","Transactions, last month = 2",Active (bought Jan-Mar 2024),0
501867,0.0204,0,Low,Silver,Madison,2021,Promo share (history) = 0.24,"Support tickets, last 3 mo = 1",Tenure (months) = 36,Active (bought Jan-Mar 2024),0
502435,0.0203,0,Low,Silver,Tulsa,2023,"Transactions, last month = 3","Avg basket, last 3 mo = 27.74",Promo share (history) = 0.33,Active (bought Jan-Mar 2024),0
500705,0.0203,0,Low,Silver,Raleigh,2022,City = Raleigh,"Transactions, last month = 3",Coupons/month (history) = 0.20,Active (bought Jan-Mar 2024),0
501704,0.0201,0,Low,Gold,Nashville,2021,"Support tickets, last 3 mo = 1","Avg basket, last 3 mo = 28.09","Support tickets, last 6 mo = 2",Active (bought Jan-Mar 2024),0
502083,0.02,0,Low,Silver,Columbus,2024,Spend volatility = 0.05,"Transactions, last month = 3",City = Columbus,Active (bought Jan-Mar 2024),0
502359,0.02,0,Low,Silver,Austin,2021,Promo share (history) = 0.25,Tenure (months) = 37,"Support tickets, last 3 mo = 1",Active (bought Jan-Mar 2024),0
502382,0.02,0,Low,Platinum,Madison,2023,"App sessions/month, last 3 mo = 0.33","Transactions, last month = 2","Transactions/month, last 3 mo = 2",Active (bought Jan-Mar 2024),0
501089,0.02,0,Low,Silver,Madison,2023,"Transactions, last month = 0",Transaction trend (last vs prior qtr) = -3.33,Preferred category = Personal Care,Active (bought Jan-Mar 2024),0
501330,0.02,0,Low,Gold,Boise,2022,"Transactions, last month = 0","Emails opened/month, last 3 mo = 0.33",Coupons/month (history) = 0,Active (bought Jan-Mar 2024),0
501769,0.0199,0,Low,Platinum,Denver,2022,"Transactions, last month = 1","Transactions/month, last 3 mo = 2.33","Promo share, last 3 mo = 0.53",Active (bought Jan-Mar 2024),0
502023,0.0198,0,Low,Gold,Portland,2023,"Transactions, last month = 1","Transactions/month, last 3 mo = 1.67",App session trend = -1.50,Active (bought Jan-Mar 2024),0
501203,0.0198,0,Low,Silver,Boise,2022,"App sessions/month, last 3 mo = 0.33",Email-open trend = -2,"Transactions, last month = 3",Active (bought Jan-Mar 2024),0
500737,0.0197,0,Low,Silver,Raleigh,2024,"App sessions/month, last 3 mo = 0",Spend volatility = 0.07,City = Raleigh,Active (bought Jan-Mar 2024),0
501334,0.0196,0,Low,Silver,Portland,2022,"Transactions, last month = 0","Transactions/month, last 3 mo = 1","Spend/month, last 3 mo = 37.66",Active (bought Jan-Mar 2024),0
502525,0.0195,0,Low,Silver,Columbus,2023,"Transactions, last month = 0","Support tickets, last 3 mo = 1","Emails opened/month, last 3 mo = 0.33",Active (bought Jan-Mar 2024),0
500678,0.0193,0,Low,Gold,Boise,2022,"Support tickets, last 3 mo = 2","Transactions, last month = 3",Support-ticket trend = 2,Active (bought Jan-Mar 2024),0
502464,0.019,0,Low,Gold,Raleigh,2021,"Transactions, last month = 2",Tenure (months) = 36,City = Raleigh,Active (bought Jan-Mar 2024),0
502056,0.0189,0,Low,Silver,Portland,2023,"Transactions, last month = 1",Email-open trend = -1.33,"Transactions/month, last 3 mo = 2",Active (bought Jan-Mar 2024),0
500154,0.0183,0,Low,Gold,Spokane,2021,"Transactions, last month = 2","Emails opened/month, last 3 mo = 0.33",Tenure (months) = 30,Active (bought Jan-Mar 2024),0
500880,0.0182,0,Low,Silver,Tulsa,2023,"Transactions, last month = 1","Transactions/month, last 3 mo = 1.67",Email-open trend = -2.67,Active (bought Jan-Mar 2024),0
501822,0.0181,0,Low,Gold,Denver,2022,"Support tickets, last 3 mo = 1","Transactions/month, last 3 mo = 2","Transactions, last month = 3",Active (bought Jan-Mar 2024),0
502129,0.0181,0,Low,Gold,Boise,2021,"Support tickets, last 3 mo = 2",Promo share (history) = 0.24,"Support tickets, last 6 mo = 2",Active (bought Jan-Mar 2024),0
500213,0.0181,0,Low,Gold,Madison,2024,"App sessions/month, last 3 mo = 0","Transactions, last month = 2",Spend volatility = 0.54,Active (bought Jan-Mar 2024),0
500279,0.018,0,Low,Silver,Nashville,2021,"App sessions/month, last 3 mo = 0.33",Tenure (months) = 31,"Transactions, last month = 3",Active (bought Jan-Mar 2024),0
501011,0.0179,0,Low,Gold,Columbus,2024,"Transactions, last month = 1","Transactions/month, last 3 mo = 1","Spend/month, last 3 mo = 32.90",Active (bought Jan-Mar 2024),0
501592,0.0177,0,Low,Silver,Spokane,2023,"Transactions, last month = 2","App sessions/month, last 3 mo = 0.67","Support tickets, last 3 mo = 1",Active (bought Jan-Mar 2024),0
501826,0.0177,0,Low,Silver,Spokane,2021,"Transactions, last month = 2",Tenure (months) = 30,"Categories bought, last 3 mo = 1",Active (bought Jan-Mar 2024),0
501346,0.0176,0,Low,Silver,Raleigh,2022,"Transactions, last month = 2","Transactions/month, last 3 mo = 2",City = Raleigh,Active (bought Jan-Mar 2024),0
502357,0.0176,0,Low,Gold,Denver,2021,"Transactions, last month = 2",Promo share (history) = 0.24,Tenure (months) = 35,Active (bought Jan-Mar 2024),0
502510,0.0174,0,Low,Silver,Spokane,2023,"Transactions, last month = 0","Emails opened/month, last 3 mo = 0.33",Spend volatility = 0.76,Active (bought Jan-Mar 2024),0
501575,0.0173,0,Low,Platinum,Denver,2022,App session trend = -1.67,"Emails opened/month, last 3 mo = 0.33","Transactions/month, last 3 mo = 2.33",Active (bought Jan-Mar 2024),0
501551,0.0173,0,Low,Silver,Portland,2023,"Transactions, last month = 1","Transactions/month, last 3 mo = 1.67","Spend/month, last 3 mo = 45.53",Active (bought Jan-Mar 2024),0
501728,0.0173,0,Low,Silver,Madison,2021,"App sessions/month, last 3 mo = 0.33",Tenure (months) = 30,"Emails opened/month, last 3 mo = 0.33",Active (bought Jan-Mar 2024),0
500736,0.0173,0,Low,Platinum,Austin,2021,"Transactions/month, last 3 mo = 1.67",Tenure (months) = 29,"Transactions, last month = 3",Active (bought Jan-Mar 2024),0
502101,0.0172,0,Low,Silver,Madison,2022,"Transactions, last month = 1","Emails opened/month, last 3 mo = 0","Transactions/month, last 3 mo = 2",Active (bought Jan-Mar 2024),0
500932,0.0171,0,Low,Silver,Boise,2022,"App sessions/month, last 3 mo = 0.33","Transactions, last month = 3","Avg basket, last 3 mo = 27.32",Active (bought Jan-Mar 2024),0
501395,0.0168,0,Low,Silver,Madison,2022,"Transactions/month, last 3 mo = 1.67","Transactions, last month = 3","Categories bought, last 3 mo = 1.33",Active (bought Jan-Mar 2024),0
502173,0.0168,0,Low,Silver,Madison,2024,"Transactions, last month = 2",Spend volatility = 0.73,Age = 37,Active (bought Jan-Mar 2024),0
500381,0.0167,0,Low,Silver,Raleigh,2023,"Support tickets, last 3 mo = 2","Transactions, last month = 3",Support-ticket trend = 2,Active (bought Jan-Mar 2024),0
501519,0.0167,0,Low,Platinum,Raleigh,2021,"Transactions, last month = 2",Avg spend/month (history) = 219.84,City = Raleigh,Active (bought Jan-Mar 2024),0
502302,0.0167,0,Low,Gold,Madison,2024,Spend volatility = 0.04,"Transactions, last month = 3","Transactions/month, last 3 mo = 3",Active (bought Jan-Mar 2024),0
502206,0.0166,0,Low,Silver,Portland,2022,"Transactions, last month = 1","Transactions/month, last 3 mo = 1","Spend/month, last 3 mo = 26.55",Active (bought Jan-Mar 2024),0
500379,0.0164,0,Low,Silver,Tulsa,2022,"Transactions, last month = 0",App session trend = -2.33,Age = 47,Active (bought Jan-Mar 2024),0
500033,0.0164,0,Low,Silver,Nashville,2023,"Transactions, last month = 0","Categories bought, last 3 mo = 1.33",App session trend = -3.00,Active (bought Jan-Mar 2024),0
500749,0.0164,0,Low,Gold,Columbus,2023,Promo share (history) = 0.24,"Emails opened/month, last 3 mo = 0","Transactions, last month = 3",Active (bought Jan-Mar 2024),0
500104,0.0163,0,Low,Silver,Tulsa,2021,"Transactions, last month = 2","Support tickets, last 6 mo = 2",Tenure (months) = 32,Active (bought Jan-Mar 2024),0
500851,0.0163,0,Low,Silver,Portland,2021,"Transactions, last month = 1",Tenure (months) = 29,"Avg basket, last 3 mo = 26.74",Active (bought Jan-Mar 2024),0
502139,0.0163,0,Low,Gold,Raleigh,2022,"Transactions, last month = 0",City = Raleigh,"Avg basket, last 3 mo = 28.20",Active (bought Jan-Mar 2024),0
500148,0.0163,0,Low,Silver,Madison,2021,"Transactions, last month = 2","Emails opened/month, last 3 mo = 0",Tenure (months) = 34,Active (bought Jan-Mar 2024),0
502494,0.0163,0,Low,Silver,Nashville,2023,"Transactions, last month = 2","Emails opened/month, last 3 mo = 0.33","Transactions/month, last 3 mo = 2.33",Active (bought Jan-Mar 2024),0
500387,0.0162,0,Low,Gold,Raleigh,2022,"Transactions, last month = 0","Support tickets, last 3 mo = 1","Transactions/month, last 3 mo = 2.33",Active (bought Jan-Mar 2024),0
500143,0.0161,0,Low,Silver,Austin,2021,"Transactions, last month = 2",Tenure (months) = 29,"Support tickets, last 3 mo = 1",Active (bought Jan-Mar 2024),0
500673,0.0159,0,Low,Gold,Boise,2021,"Support tickets, last 3 mo = 1",Tenure (months) = 30,"Support tickets, last 6 mo = 2",Active (bought Jan-Mar 2024),0
500177,0.0158,0,Low,Silver,Denver,2023,"Transactions, last month = 2",Spend volatility = 0.67,Age = 46,Active (bought Jan-Mar 2024),0
501078,0.0158,0,Low,Platinum,Madison,2021,"Transactions, last month = 1",Avg spend/month (history) = 193.67,"Transactions/month, last 3 mo = 3",Active (bought Jan-Mar 2024),0
500635,0.0157,0,Low,Platinum,Boise,2022,"Emails opened/month, last 3 mo = 0.33","Support tickets, last 3 mo = 1","Transactions, last month = 3",Active (bought Jan-Mar 2024),0
501482,0.0156,0,Low,Silver,Nashville,2022,"Transactions, last month = 2","Support tickets, last 3 mo = 1","App sessions/month, last 3 mo = 0.67",Active (bought Jan-Mar 2024),0
501743,0.0156,0,Low,Gold,Columbus,2021,"Transactions, last month = 2",Tenure (months) = 29,City = Columbus,Active (bought Jan-Mar 2024),0
500384,0.0155,0,Low,Silver,Boise,2022,"Transactions/month, last 3 mo = 2","Avg basket, last 3 mo = 27.43","Emails opened/month, last 3 mo = 0.33",Active (bought Jan-Mar 2024),0
502528,0.0152,0,Low,Platinum,Austin,2022,"App sessions/month, last 3 mo = 0",App session trend = -2,"Promo share, last 3 mo = 0.46",Active (bought Jan-Mar 2024),0
500674,0.0152,0,Low,Silver,Portland,2023,"Transactions, last month = 0",Coupons/month (history) = 0.17,Transaction trend (last vs prior qtr) = -2.67,Active (bought Jan-Mar 2024),0
501263,0.0152,0,Low,Gold,Madison,2022,"Support tickets, last 3 mo = 3",App session trend = -1.33,Support-ticket trend = 3,Active (bought Jan-Mar 2024),0
502204,0.015,0,Low,Gold,Raleigh,2021,"Transactions, last month = 1","Transactions/month, last 3 mo = 1.67","App sessions/month, last 3 mo = 0.67",Active (bought Jan-Mar 2024),0
500126,0.015,0,Low,Gold,Spokane,2022,"Transactions, last month = 0",Transaction trend (last vs prior qtr) = -3.83,App session trend = -2.50,Active (bought Jan-Mar 2024),0
501845,0.015,0,Low,Silver,Portland,2023,"Transactions, last month = 2","Categories bought, last 3 mo = 1.33","App sessions/month, last 3 mo = 0.67",Active (bought Jan-Mar 2024),0
501692,0.0149,0,Low,Gold,Spokane,2023,"App sessions/month, last 3 mo = 0.67",App session trend = -1.67,Spend volatility = 0.82,Active (bought Jan-Mar 2024),0
501710,0.0148,0,Low,Gold,Portland,2024,"Transactions, last month = 2",Spend volatility = 0.54,"Transactions/month, last 3 mo = 3",Active (bought Jan-Mar 2024),0
501912,0.0148,0,Low,Platinum,Nashville,2021,Tenure (months) = 33,"Transactions, last month = 3",App session trend = -1.67,Active (bought Jan-Mar 2024),0
500848,0.0148,0,Low,Silver,Spokane,2023,"Transactions, last month = 1",Age = 46,"Transactions/month, prior 3 mo = 2",Active (bought Jan-Mar 2024),0
502553,0.0147,0,Low,Gold,Spokane,2023,"App sessions/month, last 3 mo = 0.67","Transactions/month, last 3 mo = 2","Emails opened/month, last 3 mo = 0.33",Active (bought Jan-Mar 2024),0
501404,0.0146,0,Low,Gold,Boise,2021,"Transactions, last month = 2","Support tickets, last 6 mo = 2",Tenure (months) = 36,Active (bought Jan-Mar 2024),0
500526,0.0145,0,Low,Gold,Madison,2021,"Emails opened/month, last 3 mo = 0","Transactions, last month = 3","App sessions/month, last 3 mo = 0.67",Active (bought Jan-Mar 2024),0
501554,0.0145,0,Low,Gold,Spokane,2022,"Support tickets, last 6 mo = 3","Transactions, last month = 3",Email-open trend = -1.67,Active (bought Jan-Mar 2024),0
500183,0.0145,0,Low,Gold,Portland,2021,"App sessions/month, last 3 mo = 0","Transactions/month, last 3 mo = 2",Tenure (months) = 32,Active (bought Jan-Mar 2024),0
502583,0.0143,0,Low,Gold,Spokane,2022,"Transactions, last month = 3","Support tickets, last 3 mo = 1",Avg spend/month (history) = 181.92,Active (bought Jan-Mar 2024),0
500615,0.0143,0,Low,Silver,Madison,2023,"Support tickets, last 3 mo = 2","Support tickets, last 6 mo = 2","Avg basket, last 3 mo = 27.11",Active (bought Jan-Mar 2024),0
502558,0.0143,0,Low,Silver,Raleigh,2022,"Transactions, last month = 3",Avg spend/month (history) = 173.31,"Support tickets, last 6 mo = 2",Active (bought Jan-Mar 2024),0
500794,0.0142,0,Low,Gold,Nashville,2022,Email-open trend = -2,"Transactions, last month = 3",App session trend = -1.67,Active (bought Jan-Mar 2024),0
502024,0.0142,0,Low,Silver,Tulsa,2022,"Transactions, last month = 1",App session trend = -0.83,"Transactions/month, prior 3 mo = 1",Active (bought Jan-Mar 2024),0
501264,0.0141,0,Low,Silver,Portland,2024,"Transactions, last month = 1","Transactions/month, last 3 mo = 1","Spend/month, last 3 mo = 19.61",Active (bought Jan-Mar 2024),0
500758,0.014,0,Low,Gold,Nashville,2022,"Transactions, last month = 1","Transactions/month, last 3 mo = 2.50","App sessions/month, last 3 mo = 0.50",Active (bought Jan-Mar 2024),0
502444,0.014,0,Low,Gold,Nashville,2023,"Support tickets, last 3 mo = 2","Transactions, last month = 3","Support tickets, last 6 mo = 3",Active (bought Jan-Mar 2024),0
500884,0.0139,0,Low,Silver,Madison,2023,"Transactions, last month = 1","App sessions/month, last 3 mo = 0.67","Transactions/month, last 3 mo = 3",Active (bought Jan-Mar 2024),0
501156,0.0139,0,Low,Silver,Denver,2023,"App sessions/month, last 3 mo = 0.33",Promo share (history) = 0.24,"Emails opened/month, last 3 mo = 0",Active (bought Jan-Mar 2024),0
500413,0.0138,0,Low,Gold,Spokane,2021,"Transactions, last month = 3",Tenure (months) = 31,"Support tickets, last 3 mo = 1",Active (bought Jan-Mar 2024),0
500251,0.0138,0,Low,Gold,Boise,2021,Tenure (months) = 33,App session trend = -1.33,"App sessions/month, last 3 mo = 0.67",Active (bought Jan-Mar 2024),0
500271,0.0137,0,Low,Gold,Tulsa,2022,"Transactions/month, last 3 mo = 1","Transactions, last month = 2","App sessions/month, last 3 mo = 0.67",Active (bought Jan-Mar 2024),0
501782,0.0137,0,Low,Silver,Denver,2023,"Transactions/month, last 3 mo = 2","Support tickets, last 6 mo = 2","Transactions, last month = 3",Active (bought Jan-Mar 2024),0
501814,0.0137,0,Low,Silver,Tulsa,2023,"Transactions, last month = 2","Support tickets, last 6 mo = 2","Support tickets, last 3 mo = 1",Active (bought Jan-Mar 2024),0
502519,0.0135,0,Low,Gold,Nashville,2023,"Support tickets, last 3 mo = 1",Avg spend/month (history) = 179.97,Preferred category = Personal Care,Active (bought Jan-Mar 2024),0
500432,0.0135,0,Low,Platinum,Madison,2022,Promo share (history) = 0.24,"Transactions, last month = 2","Transactions/month, last 3 mo = 3",Active (bought Jan-Mar 2024),0
501890,0.0135,0,Low,Silver,Portland,2021,"Transactions/month, last 3 mo = 1.33","Transactions, last month = 2","Emails opened/month, last 3 mo = 0",Active (bought Jan-Mar 2024),0
502031,0.0134,0,Low,Silver,Nashville,2022,Promo share (history) = 0.24,"Emails opened/month, last 3 mo = 0","Categories bought, last 3 mo = 1.33",Active (bought Jan-Mar 2024),0
500652,0.0133,0,Low,Gold,Portland,2022,"Transactions, last month = 1","Transactions/month, last 3 mo = 1.33","Spend/month, last 3 mo = 42.26",Active (bought Jan-Mar 2024),0
501840,0.0133,0,Low,Gold,Tulsa,2024,"Emails opened/month, last 3 mo = 0","Transactions, last month = 2","Transactions/month, last 3 mo = 2",Active (bought Jan-Mar 2024),0
500427,0.0133,0,Low,Silver,Nashville,2022,"Emails opened/month, last 3 mo = 0","Transactions, last month = 3",Email-open trend = -2,Active (bought Jan-Mar 2024),0
500066,0.0132,0,Low,Silver,Tulsa,2021,"Transactions, last month = 3",Tenure (months) = 32,"Support tickets, last 3 mo = 1",Active (bought Jan-Mar 2024),0
501098,0.0132,0,Low,Gold,Boise,2022,"Transactions, last month = 0","Transactions/month, last 3 mo = 2.67",Spend volatility = 0.58,Active (bought Jan-Mar 2024),1
501023,0.0132,0,Low,Silver,Austin,2023,"Transactions, last month = 2","Coupons redeemed/month, last 3 mo = 0","Support tickets, last 3 mo = 1",Active (bought Jan-Mar 2024),0
500010,0.0132,0,Low,Platinum,Boise,2022,"Transactions, last month = 0","Transactions/month, last 3 mo = 1",Months since last purchase = 1,Active (bought Jan-Mar 2024),0
500922,0.0132,0,Low,Silver,Columbus,2022,"Transactions, last month = 2","Emails opened/month, last 3 mo = 0",City = Columbus,Active (bought Jan-Mar 2024),0
502414,0.0132,0,Low,Gold,Spokane,2022,"Support tickets, last 3 mo = 2","Emails opened/month, last 3 mo = 0",Support-ticket trend = 2,Active (bought Jan-Mar 2024),0
501573,0.0132,0,Low,Gold,Tulsa,2022,"Transactions, last month = 1","Emails opened/month, last 3 mo = 0","Transactions/month, last 3 mo = 3",Active (bought Jan-Mar 2024),1
500877,0.0131,0,Low,Gold,Tulsa,2023,"Emails opened/month, last 3 mo = 0.33","Transactions/month, last 3 mo = 2.33","Transactions, last month = 3",Active (bought Jan-Mar 2024),0
501717,0.0131,0,Low,Platinum,Tulsa,2022,"Emails opened/month, last 3 mo = 0",Avg spend/month (history) = 180.49,"Transactions, last month = 3",Active (bought Jan-Mar 2024),0
502370,0.0131,0,Low,Gold,Boise,2022,"Transactions, last month = 1","Transactions/month, last 3 mo = 1.67","Emails opened/month, last 3 mo = 0",Active (bought Jan-Mar 2024),0
500464,0.0128,0,Low,Gold,Nashville,2023,"Transactions, last month = 2",Avg spend/month (history) = 169.79,"Categories bought, last 3 mo = 1",Active (bought Jan-Mar 2024),0
502523,0.0128,0,Low,Silver,Nashville,2021,"Transactions, last month = 2",Tenure (months) = 29,"Categories bought, last 3 mo = 1",Active (bought Jan-Mar 2024),0
501646,0.0127,0,Low,Gold,Tulsa,2022,"Transactions/month, last 3 mo = 1.67","Avg basket, last 3 mo = 27.89","Transactions, last month = 2",Active (bought Jan-Mar 2024),0
501773,0.0127,0,Low,Silver,Boise,2023,"Emails opened/month, last 3 mo = 0.33",App session trend = -1.33,"App sessions/month, last 3 mo = 0.67",Active (bought Jan-Mar 2024),0
502465,0.0126,0,Low,Gold,Columbus,2022,Promo share (history) = 0.25,"Transactions, last month = 3",City = Columbus,Active (bought Jan-Mar 2024),0
501712,0.0126,0,Low,Gold,Raleigh,2021,Tenure (months) = 29,"Transactions, last month = 3","Transactions/month, last 3 mo = 2.33",Active (bought Jan-Mar 2024),0
500262,0.0126,0,Low,Silver,Madison,2022,"App sessions/month, last 3 mo = 0.33",Promo share (history) = 0.24,"Support tickets, last 3 mo = 1",Active (bought Jan-Mar 2024),1
501562,0.0126,0,Low,Silver,Austin,2023,"Transactions, last month = 0",App session trend = -1.33,City = Austin,Active (bought Jan-Mar 2024),0
500711,0.0125,0,Low,Gold,Spokane,2023,"Transactions, last month = 2","Emails opened/month, last 3 mo = 0","Transactions/month, last 3 mo = 2.67",Active (bought Jan-Mar 2024),0
500209,0.0124,0,Low,Silver,Madison,2023,"Transactions, last month = 2","Emails opened/month, last 3 mo = 0.33","Support tickets, last 3 mo = 1",Active (bought Jan-Mar 2024),0
502034,0.0124,0,Low,Gold,Columbus,2022,"App sessions/month, last 3 mo = 0.33","Transactions, last month = 2",City = Columbus,Active (bought Jan-Mar 2024),0
501361,0.0124,0,Low,Silver,Portland,2023,"Transactions, last month = 0","Spend/month, last 3 mo = 8.93","Transactions/month, last 3 mo = 0.33",Active (bought Jan-Mar 2024),0
501499,0.0123,0,Low,Silver,Spokane,2021,"Transactions, last month = 1","Transactions/month, last 3 mo = 2",Email-open trend = -1.67,Active (bought Jan-Mar 2024),1
500923,0.0123,0,Low,Silver,Columbus,2023,"App sessions/month, last 3 mo = 0.33",City = Columbus,"Emails opened/month, last 3 mo = 0.33",Active (bought Jan-Mar 2024),0
502474,0.0122,0,Low,Gold,Columbus,2023,"Transactions, last month = 2","Transactions/month, last 3 mo = 2","Emails opened/month, last 3 mo = 0.50",Active (bought Jan-Mar 2024),0
502546,0.0122,0,Low,Silver,Columbus,2024,"Transactions, last month = 3",City = Columbus,"App sessions/month, last 3 mo = 0.50",Active (bought Jan-Mar 2024),0
501331,0.0122,0,Low,Gold,Nashville,2022,Promo share (history) = 0.24,"Transactions, last month = 3","Transactions/month, last 3 mo = 3",Active (bought Jan-Mar 2024),0
502004,0.0122,0,Low,Platinum,Spokane,2023,"Transactions/month, last 3 mo = 2","Transactions, last month = 3","Promo share, last 3 mo = 0.67",Active (bought Jan-Mar 2024),0
500623,0.0122,0,Low,Silver,Raleigh,2022,"Emails opened/month, last 3 mo = 0",City = Raleigh,"Avg basket, last 3 mo = 27.37",Active (bought Jan-Mar 2024),0
502237,0.0122,0,Low,Silver,Austin,2023,"Transactions, last month = 1","Transactions/month, last 3 mo = 1.50",City = Austin,Active (bought Jan-Mar 2024),0
501401,0.0122,0,Low,Silver,Raleigh,2021,"Spend/month, last 3 mo = 40.59",City = Raleigh,Tenure (months) = 32,Active (bought Jan-Mar 2024),0
500858,0.0121,0,Low,Silver,Nashville,2022,"Support tickets, last 3 mo = 2",Promo share (history) = 0.24,"App sessions/month, last 3 mo = 0.67",Active (bought Jan-Mar 2024),0
500229,0.0119,0,Low,Silver,Tulsa,2023,"App sessions/month, last 3 mo = 0","Transactions, last month = 2",Spend volatility = 0.17,Active (bought Jan-Mar 2024),0
500208,0.0118,0,Low,Silver,Spokane,2021,Tenure (months) = 32,"Emails opened/month, last 3 mo = 0.33","Transactions, last month = 3",Active (bought Jan-Mar 2024),0
502320,0.0118,0,Low,Silver,Austin,2023,"App sessions/month, last 3 mo = 0.33","Emails opened/month, last 3 mo = 0.33",City = Austin,Active (bought Jan-Mar 2024),0
500533,0.0118,0,Low,Silver,Madison,2023,Transaction trend (last vs prior qtr) = -8.33,Spend trend % = -0.71,"Transactions, last month = 2",Active (bought Jan-Mar 2024),0
501174,0.0117,0,Low,Silver,Spokane,2021,Tenure (months) = 30,"App sessions/month, last 3 mo = 0.67","Categories bought, last 3 mo = 1",Active (bought Jan-Mar 2024),0
501120,0.0117,0,Low,Silver,Tulsa,2022,"Transactions, last month = 1","Transactions/month, last 3 mo = 2.33",App session trend = -2.33,Active (bought Jan-Mar 2024),0
502344,0.0116,0,Low,Gold,Austin,2024,"Transactions, last month = 2","Emails opened/month, last 3 mo = 0","Transactions/month, last 3 mo = 2",Active (bought Jan-Mar 2024),0
501757,0.0113,0,Low,Silver,Spokane,2021,"Transactions, last month = 3",Tenure (months) = 31,Spend trend % = 1.13,Active (bought Jan-Mar 2024),0
500030,0.0113,0,Low,Platinum,Spokane,2023,"Transactions, last month = 0","Transactions/month, last 3 mo = 1.33","Categories bought, last 3 mo = 0.67",Active (bought Jan-Mar 2024),0
500806,0.0113,0,Low,Platinum,Spokane,2023,"Transactions/month, last 3 mo = 1.67","Emails opened/month, last 3 mo = 0","Transactions, last month = 3",Active (bought Jan-Mar 2024),0
500160,0.0113,0,Low,Platinum,Madison,2021,Tenure (months) = 30,"Transactions, last month = 3",App session trend = -1.67,Active (bought Jan-Mar 2024),0
502273,0.0112,0,Low,Silver,Austin,2023,"Transactions, last month = 2","App sessions/month, last 3 mo = 0.67",Spend volatility = 0.75,Active (bought Jan-Mar 2024),0
501158,0.011,0,Low,Silver,Columbus,2021,"Transactions, last month = 0",Tenure (months) = 29,City = Columbus,Active (bought Jan-Mar 2024),0
501957,0.011,0,Low,Platinum,Boise,2023,"Transactions, last month = 1","Transactions/month, last 3 mo = 1.67",Spend volatility = 0.55,Active (bought Jan-Mar 2024),0
500095,0.011,0,Low,Gold,Portland,2024,"Transactions, last month = 2","Emails opened/month, last 3 mo = 0","Transactions/month, last 3 mo = 2",Active (bought Jan-Mar 2024),0
501861,0.011,0,Low,Gold,Nashville,2021,"Transactions, last month = 2","Emails opened/month, last 3 mo = 0",Tenure (months) = 34,Active (bought Jan-Mar 2024),0
501750,0.0109,0,Low,Gold,Raleigh,2023,"Transactions, last month = 3",Transaction trend (last vs prior qtr) = -3.50,"Coupons redeemed/month, last 3 mo = 0",Active (bought Jan-Mar 2024),0
501393,0.0109,0,Low,Platinum,Spokane,2021,"Transactions, last month = 2","Emails opened/month, last 3 mo = 0",Tenure (months) = 36,Active (bought Jan-Mar 2024),0
500297,0.0107,0,Low,Platinum,Austin,2023,"App sessions/month, last 3 mo = 0.33",City = Austin,"Categories bought, last 3 mo = 1",Active (bought Jan-Mar 2024),0
502057,0.0107,0,Low,Platinum,Raleigh,2021,"Transactions, last month = 1",City = Raleigh,Tenure (months) = 30,Active (bought Jan-Mar 2024),0
502518,0.0107,0,Low,Gold,Denver,2022,"Transactions, last month = 2","Support tickets, last 6 mo = 2","Coupons redeemed/month, last 3 mo = 0",Active (bought Jan-Mar 2024),0
502565,0.0107,0,Low,Gold,Spokane,2023,"Transactions, last month = 3","Transactions/month, last 3 mo = 2.67",Spend volatility = 0.63,Active (bought Jan-Mar 2024),0
502466,0.0106,0,Low,Platinum,Raleigh,2022,"Transactions, last month = 3",City = Raleigh,"Support tickets, last 6 mo = 3",Active (bought Jan-Mar 2024),0
500592,0.0106,0,Low,Gold,Tulsa,2023,Promo share (history) = 0.24,"Transactions/month, last 3 mo = 2.33","Transactions, last month = 3",Active (bought Jan-Mar 2024),0
500658,0.0106,0,Low,Gold,Columbus,2021,Promo share (history) = 0.25,"Transactions, last month = 3",City = Columbus,Active (bought Jan-Mar 2024),0
501257,0.0105,0,Low,Silver,Austin,2022,"App sessions/month, last 3 mo = 0.67","Emails opened/month, last 3 mo = 0","Promo share, last 3 mo = 0.42",Active (bought Jan-Mar 2024),0
501162,0.0104,0,Low,Silver,Nashville,2023,"Emails opened/month, last 3 mo = 0.33","Support tickets, last 3 mo = 1","Promo share, last 3 mo = 0.47",Active (bought Jan-Mar 2024),1
500285,0.0104,0,Low,Gold,Columbus,2021,City = Columbus,Spend volatility = 0.69,Age = 41,Active (bought Jan-Mar 2024),0
500007,0.0104,0,Low,Platinum,Tulsa,2021,"Transactions, last month = 3",Tenure (months) = 35,"Support tickets, last 3 mo = 1",Active (bought Jan-Mar 2024),0
502329,0.0103,0,Low,Silver,Spokane,2022,"Transactions, last month = 0","Coupons redeemed/month, last 3 mo = 0",Avg transactions/month (history) = 4.07,Active (bought Jan-Mar 2024),0
501937,0.0103,0,Low,Gold,Spokane,2023,"Transactions, last month = 1",Months of history = 12,"Avg basket, last 3 mo = 27.17",Active (bought Jan-Mar 2024),0
501276,0.0103,0,Low,Silver,Columbus,2022,City = Columbus,"Transactions, last month = 3",Spend volatility = 0.74,Active (bought Jan-Mar 2024),0
501969,0.0103,0,Low,Gold,Columbus,2022,"Emails opened/month, last 3 mo = 0","Support tickets, last 3 mo = 1",App session trend = -2.17,Active (bought Jan-Mar 2024),0
500782,0.0103,0,Low,Silver,Columbus,2021,City = Columbus,Spend volatility = 0.68,"Transactions/month, last 3 mo = 3",Active (bought Jan-Mar 2024),0
500516,0.0103,0,Low,Silver,Boise,2021,Promo share (history) = 0.24,"App sessions/month, last 3 mo = 0.67",Tenure (months) = 31,Active (bought Jan-Mar 2024),0
500672,0.0102,0,Low,Silver,Raleigh,2021,"Avg basket, last 3 mo = 27.69",Tenure (months) = 36,City = Raleigh,Active (bought Jan-Mar 2024),0
501883,0.0102,0,Low,Platinum,Madison,2022,"Transactions, last month = 2","Transactions/month, last 3 mo = 1.67",Spend volatility = 0.67,Active (bought Jan-Mar 2024),0
500305,0.0101,0,Low,Silver,Boise,2023,Promo share (history) = 0.24,"Support tickets, last 3 mo = 1","Categories bought, last 3 mo = 1.33",Active (bought Jan-Mar 2024),0
502263,0.0101,0,Low,Platinum,Nashville,2023,Spend trend % = -0.63,"Transactions, last month = 3",Transaction trend (last vs prior qtr) = -5.67,Active (bought Jan-Mar 2024),0
501611,0.0099,0,Low,Silver,Tulsa,2021,"Transactions, last month = 2",Tenure (months) = 31,"Emails opened/month, last 3 mo = 0.33",Active (bought Jan-Mar 2024),0
501723,0.0099,0,Low,Platinum,Madison,2023,"Support tickets, last 3 mo = 1",Avg spend/month (history) = 164.42,"Support tickets, last 6 mo = 2",Active (bought Jan-Mar 2024),0
500149,0.0099,0,Low,Silver,Austin,2023,"Emails opened/month, last 3 mo = 0","Avg basket, last 3 mo = 28.07",City = Austin,Active (bought Jan-Mar 2024),0
502338,0.0098,0,Low,Silver,Spokane,2023,"Transactions, last month = 2","Transactions/month, last 3 mo = 2","Coupons redeemed/month, last 3 mo = 0",Active (bought Jan-Mar 2024),0
500378,0.0098,0,Low,Silver,Austin,2021,"Transactions, last month = 1",Tenure (months) = 30,City = Austin,Active (bought Jan-Mar 2024),0
500322,0.0097,0,Low,Silver,Raleigh,2021,Tenure (months) = 30,City = Raleigh,Spend volatility = 0.68,Active (bought Jan-Mar 2024),0
501096,0.0097,0,Low,Silver,Denver,2021,"Transactions, last month = 3",Tenure (months) = 36,Spend volatility = 0.59,Active (bought Jan-Mar 2024),0
501617,0.0096,0,Low,Silver,Raleigh,2023,"Transactions, last month = 3","Emails opened/month, last 3 mo = 0.33",City = Raleigh,Active (bought Jan-Mar 2024),0
500156,0.0096,0,Low,Silver,Tulsa,2023,"Transactions, last month = 2",Email-open trend = -1.67,"Transactions/month, last 3 mo = 2.67",Active (bought Jan-Mar 2024),0
500242,0.0096,0,Low,Silver,Boise,2023,"App sessions/month, last 3 mo = 0.67","Support tickets, last 3 mo = 1","Transactions, last month = 3",Active (bought Jan-Mar 2024),1
500667,0.0095,0,Low,Platinum,Madison,2021,"App sessions/month, last 3 mo = 0.50",Tenure (months) = 36,"Transactions, last month = 3",Active (bought Jan-Mar 2024),0
500060,0.0095,0,Low,Silver,Raleigh,2023,City = Raleigh,Spend volatility = 0.65,Transaction trend (last vs prior qtr) = -5,Active (bought Jan-Mar 2024),0
501779,0.0095,0,Low,Gold,Nashville,2021,"Transactions, last month = 2","Transactions/month, last 3 mo = 2",Tenure (months) = 32,Active (bought Jan-Mar 2024),0
502590,0.0095,0,Low,Silver,Spokane,2022,"Support tickets, last 3 mo = 2","Transactions, last month = 3","Support tickets, last 6 mo = 3",Active (bought Jan-Mar 2024),0
502486,0.0094,0,Low,Platinum,Portland,2022,"Transactions, last month = 1",App session trend = -2.17,Avg spend/month (history) = 215.36,Active (bought Jan-Mar 2024),0
502379,0.0094,0,Low,Silver,Austin,2021,Tenure (months) = 29,"Categories bought, last 3 mo = 1.33",App session trend = -2.33,Active (bought Jan-Mar 2024),0
502592,0.0094,0,Low,Platinum,Spokane,2022,Avg spend/month (history) = 176.57,"Avg basket, last 3 mo = 54.10","Transactions/month, last 3 mo = 2.67",Active (bought Jan-Mar 2024),0
501225,0.0093,0,Low,Platinum,Tulsa,2021,"Emails opened/month, last 3 mo = 0","Transactions, last month = 3",Tenure (months) = 33,Active (bought Jan-Mar 2024),0
500961,0.0093,0,Low,Silver,Austin,2023,"Transactions/month, last 3 mo = 2",City = Austin,Spend volatility = 0.74,Active (bought Jan-Mar 2024),0
501571,0.0092,0,Low,Gold,Columbus,2023,"Transactions/month, last 3 mo = 2","Emails opened/month, last 3 mo = 0.33",City = Columbus,Active (bought Jan-Mar 2024),0
502178,0.0092,0,Low,Platinum,Nashville,2022,"Transactions, last month = 1","Transactions/month, last 3 mo = 2.33",Spend volatility = 0.67,Active (bought Jan-Mar 2024),0
501569,0.0092,0,Low,Silver,Madison,2022,"Transactions/month, last 3 mo = 1.67","Transactions, last month = 2","Spend/month, prior 3 mo = 30.27",Active (bought Jan-Mar 2024),0
502290,0.0092,0,Low,Gold,Tulsa,2021,Tenure (months) = 34,"Transactions/month, last 3 mo = 2.67","App sessions/month, last 3 mo = 0.67",Active (bought Jan-Mar 2024),0
502491,0.009,0,Low,Silver,Spokane,2022,"App sessions/month, last 3 mo = 0","Support tickets, last 6 mo = 2","Avg basket, last 3 mo = 28.57",Active (bought Jan-Mar 2024),0
500048,0.009,0,Low,Silver,Denver,2023,"Transactions, last month = 2",App session trend = -3.33,"Emails opened/month, last 3 mo = 0.33",Active (bought Jan-Mar 2024),0
500002,0.009,0,Low,Silver,Spokane,2023,"Transactions, last month = 2","Emails opened/month, last 3 mo = 0.33","Categories bought, last 3 mo = 1",Active (bought Jan-Mar 2024),0
501409,0.0089,0,Low,Gold,Madison,2022,"Emails opened/month, last 3 mo = 0",App session trend = -1.33,"App sessions/month, last 3 mo = 0.67",Active (bought Jan-Mar 2024),0
502342,0.0089,0,Low,Silver,Denver,2021,"Transactions, last month = 2",Avg spend/month (history) = 190.75,Transaction trend (last vs prior qtr) = -3.50,Active (bought Jan-Mar 2024),0
501170,0.0088,0,Low,Silver,Tulsa,2022,"App sessions/month, last 3 mo = 0","Transactions, last month = 2","Transactions/month, last 3 mo = 2",Active (bought Jan-Mar 2024),0
500504,0.0087,0,Low,Silver,Denver,2023,"Transactions, last month = 2","Transactions/month, last 3 mo = 2",Spend volatility = 0.85,Active (bought Jan-Mar 2024),0
501457,0.0087,0,Low,Platinum,Nashville,2022,"Support tickets, last 3 mo = 2","Support tickets, last 6 mo = 3",Avg spend/month (history) = 170.42,Active (bought Jan-Mar 2024),0
500668,0.0087,0,Low,Silver,Nashville,2021,"Transactions, last month = 1",Tenure (months) = 35,"Support tickets, last 3 mo = 1",Active (bought Jan-Mar 2024),0
501301,0.0086,0,Low,Silver,Madison,2021,"Support tickets, last 6 mo = 3",Tenure (months) = 36,Coupons/month (history) = 0.13,Active (bought Jan-Mar 2024),0
500693,0.0086,0,Low,Silver,Nashville,2021,Tenure (months) = 31,"Support tickets, last 6 mo = 2","Transactions, last month = 3",Active (bought Jan-Mar 2024),0
501997,0.0086,0,Low,Platinum,Tulsa,2022,"Transactions, last month = 3","Transactions/month, last 3 mo = 2",Spend trend % = -0.62,Active (bought Jan-Mar 2024),0
501446,0.0085,0,Low,Silver,Spokane,2023,"Transactions, last month = 1","Transactions/month, last 3 mo = 1","Spend/month, last 3 mo = 30.86",Active (bought Jan-Mar 2024),0
501718,0.0085,0,Low,Silver,Spokane,2022,Promo share (history) = 0.25,Spend volatility = 0.56,Months of history = 14,Active (bought Jan-Mar 2024),0
500892,0.0085,0,Low,Silver,Portland,2022,"Transactions, last month = 1",Transaction trend (last vs prior qtr) = -3.83,"Promo share, last 3 mo = 0.41",Active (bought Jan-Mar 2024),0
501007,0.0084,0,Low,Silver,Tulsa,2021,"Transactions, last month = 2",Tenure (months) = 29,"Coupons redeemed/month, last 3 mo = 0",Active (bought Jan-Mar 2024),0
501541,0.0084,0,Low,Silver,Nashville,2022,Promo share (history) = 0.24,"Transactions/month, last 3 mo = 3",Preferred category = Personal Care,Active (bought Jan-Mar 2024),0
501967,0.0084,0,Low,Gold,Portland,2021,"Transactions, last month = 2",Tenure (months) = 35,"Transactions/month, last 3 mo = 2.50",Active (bought Jan-Mar 2024),0
501321,0.0084,0,Low,Gold,Columbus,2022,"Support tickets, last 3 mo = 1",City = Columbus,App session trend = -1.33,Active (bought Jan-Mar 2024),0
501408,0.0084,0,Low,Silver,Tulsa,2023,"Emails opened/month, last 3 mo = 0.33","Transactions, last month = 3",Coupons/month (history) = 0,Active (bought Jan-Mar 2024),0
501760,0.0083,0,Low,Silver,Nashville,2021,Tenure (months) = 32,App session trend = -1.33,"Transactions/month, last 3 mo = 2.67",Active (bought Jan-Mar 2024),0
500324,0.0082,0,Low,Silver,Madison,2022,Email-open trend = -2,"Transactions/month, last 3 mo = 3",Spend volatility = 0.77,Active (bought Jan-Mar 2024),1
501428,0.0082,0,Low,Silver,Madison,2023,"Transactions, last month = 2","Emails opened/month, last 3 mo = 0.33","Avg basket, last 3 mo = 28.01",Active (bought Jan-Mar 2024),0
501667,0.0082,0,Low,Platinum,Columbus,2023,City = Columbus,"Avg basket, last 3 mo = 51.26","Transactions/month, last 3 mo = 3",Active (bought Jan-Mar 2024),0
501671,0.0081,0,Low,Silver,Austin,2021,Promo share (history) = 0.25,"Avg basket, last 3 mo = 27.49",Tenure (months) = 33,Active (bought Jan-Mar 2024),0
501952,0.0081,0,Low,Silver,Tulsa,2023,"Emails opened/month, last 3 mo = 0","Support tickets, last 6 mo = 3","Support tickets, last 3 mo = 1",Active (bought Jan-Mar 2024),0
500475,0.008,0,Low,Silver,Nashville,2022,"Support tickets, last 6 mo = 2","Transactions, last month = 3",Spend volatility = 0.58,Active (bought Jan-Mar 2024),0
502440,0.008,0,Low,Gold,Raleigh,2021,"Transactions, last month = 2",Tenure (months) = 34,"Transactions/month, last 3 mo = 2.33",Active (bought Jan-Mar 2024),0
502051,0.008,0,Low,Silver,Denver,2021,"Transactions, last month = 2",Tenure (months) = 29,"Avg basket, last 3 mo = 26.34",Active (bought Jan-Mar 2024),0
502194,0.008,0,Low,Silver,Madison,2023,"Transactions, last month = 2","Spend/month, last 3 mo = 34.71","Transactions/month, last 3 mo = 2",Active (bought Jan-Mar 2024),0
500746,0.0079,0,Low,Gold,Portland,2021,Tenure (months) = 35,"Support tickets, last 6 mo = 2","Transactions, last month = 3",Active (bought Jan-Mar 2024),0
502216,0.0079,0,Low,Silver,Austin,2022,"Transactions, last month = 2",City = Austin,Avg transactions/month (history) = 4.07,Active (bought Jan-Mar 2024),0
502598,0.0079,0,Low,Silver,Spokane,2023,App session trend = -2.33,Email-open trend = -1.33,Age = 36,Active (bought Jan-Mar 2024),0
500931,0.0078,0,Low,Silver,Columbus,2022,"Transactions, last month = 1","Transactions/month, last 3 mo = 1.67","Spend/month, last 3 mo = 38.23",Active (bought Jan-Mar 2024),0
502495,0.0078,0,Low,Silver,Denver,2021,"Transactions, last month = 2",Tenure (months) = 32,City = Denver,Active (bought Jan-Mar 2024),0
500293,0.0078,0,Low,Silver,Portland,2023,"Transactions, last month = 3",Email-open trend = -1.83,App session trend = -1.50,Active (bought Jan-Mar 2024),0
500426,0.0078,0,Low,Silver,Madison,2023,Promo share (history) = 0.25,"Avg basket, last 3 mo = 27.78",Age = 43,Active (bought Jan-Mar 2024),0
501927,0.0078,0,Low,Silver,Denver,2023,"Emails opened/month, last 3 mo = 0",Avg spend/month (history) = 164.36,"Support tickets, last 3 mo = 1",Active (bought Jan-Mar 2024),0
502591,0.0077,0,Low,Silver,Raleigh,2022,City = Raleigh,Spend volatility = 0.72,"Spend/month, prior 3 mo = 59.08",Active (bought Jan-Mar 2024),0
502130,0.0077,0,Low,Silver,Madison,2023,Promo share (history) = 0.24,"Emails opened/month, last 3 mo = 0","Categories bought, last 3 mo = 1",Active (bought Jan-Mar 2024),0
502243,0.0077,0,Low,Silver,Boise,2024,"Transactions, last month = 3",Spend volatility = 0.62,"Transactions/month, last 3 mo = 3",Active (bought Jan-Mar 2024),0
501766,0.0077,0,Low,Platinum,Madison,2022,"App sessions/month, last 3 mo = 0.33","Emails opened/month, last 3 mo = 0",App session trend = -2.17,Active (bought Jan-Mar 2024),0
501342,0.0076,0,Low,Silver,Spokane,2021,Tenure (months) = 30,"App sessions/month, last 3 mo = 0.67","Transactions, last month = 3",Active (bought Jan-Mar 2024),0
502287,0.0076,0,Low,Gold,Spokane,2024,"Transactions, last month = 1","Transactions/month, last 3 mo = 1","Spend/month, last 3 mo = 45.09",Active (bought Jan-Mar 2024),0
500744,0.0076,0,Low,Platinum,Columbus,2022,"Support tickets, last 3 mo = 1",City = Columbus,Avg spend/month (history) = 238.46,Active (bought Jan-Mar 2024),0
500520,0.0075,0,Low,Platinum,Madison,2023,Avg spend/month (history) = 227.11,"Emails opened/month, last 3 mo = 0.33","Promo share, last 3 mo = 0.35",Active (bought Jan-Mar 2024),0
501940,0.0074,0,Low,Silver,Raleigh,2021,Tenure (months) = 29,"Transactions, last month = 3",City = Raleigh,Active (bought Jan-Mar 2024),0
501458,0.0074,0,Low,Silver,Denver,2021,"Transactions, last month = 2",Spend volatility = 0.55,Age = 52,Active (bought Jan-Mar 2024),0
501137,0.0074,0,Low,Silver,Spokane,2022,"Transactions, last month = 1","Support tickets, last 3 mo = 1","Categories bought, last 3 mo = 1",Active (bought Jan-Mar 2024),0
502047,0.0074,0,Low,Silver,Tulsa,2022,"Spend/month, last 3 mo = 31.24","Transactions/month, last 3 mo = 1.33","Transactions, last month = 2",Active (bought Jan-Mar 2024),0
501901,0.0074,0,Low,Platinum,Spokane,2022,"Transactions, last month = 0",Avg spend/month (history) = 250.52,Months of history = 14,Active (bought Jan-Mar 2024),0
502460,0.0073,0,Low,Silver,Boise,2022,"Transactions, last month = 0","Transactions/month, last 3 mo = 2.67","Spend/month, prior 3 mo = 32.44",Active (bought Jan-Mar 2024),0
500050,0.0073,0,Low,Platinum,Denver,2022,"Transactions, last month = 3","Coupons redeemed/month, last 3 mo = 0",Age = 38,Active (bought Jan-Mar 2024),0
501678,0.0072,0,Low,Silver,Austin,2023,"Emails opened/month, last 3 mo = 0","Transactions, last month = 3","Support tickets, last 3 mo = 1",Active (bought Jan-Mar 2024),0
500179,0.0072,0,Low,Silver,Tulsa,2023,Promo share (history) = 0.25,"Emails opened/month, last 3 mo = 0.33","Avg basket, last 3 mo = 27.04",Active (bought Jan-Mar 2024),0
501966,0.0071,0,Low,Silver,Austin,2023,"Transactions/month, last 3 mo = 1.67","Emails opened/month, last 3 mo = 0.33","Transactions, last month = 3",Active (bought Jan-Mar 2024),0
501154,0.0071,0,Low,Silver,Raleigh,2023,"Transactions, last month = 2",City = Raleigh,"Avg basket, last 3 mo = 27.22",Active (bought Jan-Mar 2024),0
500890,0.0071,0,Low,Silver,Nashville,2023,"Transactions, last month = 1",Promo share (history) = 0.24,"Transactions/month, last 3 mo = 3",Active (bought Jan-Mar 2024),0
501716,0.007,0,Low,Silver,Austin,2022,"Transactions, last month = 2",City = Austin,"Transactions/month, last 3 mo = 2.67",Active (bought Jan-Mar 2024),0
501425,0.007,0,Low,Silver,Columbus,2023,"App sessions/month, last 3 mo = 0.33","Support tickets, last 3 mo = 2","Support tickets, last 6 mo = 3",Active (bought Jan-Mar 2024),0
501369,0.0069,0,Low,Gold,Nashville,2023,"Avg basket, last 3 mo = 28.02","Transactions, last month = 3","Emails opened/month, last 3 mo = 0.33",Active (bought Jan-Mar 2024),0
500433,0.0068,0,Low,Gold,Nashville,2022,Promo share (history) = 0.25,"Transactions, last month = 3","Transactions/month, last 3 mo = 2.33",Active (bought Jan-Mar 2024),0
500562,0.0068,0,Low,Platinum,Columbus,2021,"Transactions, last month = 2","Emails opened/month, last 3 mo = 0",City = Columbus,Active (bought Jan-Mar 2024),0
501529,0.0067,0,Low,Silver,Tulsa,2022,Promo share (history) = 0.24,"Transactions/month, last 3 mo = 2",Marketing opt-in = 1,Active (bought Jan-Mar 2024),0
500735,0.0067,0,Low,Silver,Raleigh,2022,"Transactions, last month = 0",City = Raleigh,Spend volatility = 0.79,Active (bought Jan-Mar 2024),0
502285,0.0067,0,Low,Silver,Madison,2021,Tenure (months) = 32,App session trend = -1.33,Months of history = 15,Active (bought Jan-Mar 2024),0
500610,0.0067,0,Low,Gold,Raleigh,2024,"Emails opened/month, last 3 mo = 0","Transactions, last month = 3",City = Raleigh,Active (bought Jan-Mar 2024),0
502036,0.0067,0,Low,Silver,Tulsa,2023,"Emails opened/month, last 3 mo = 0.33","Transactions, last month = 3","Coupons redeemed/month, last 3 mo = 0",Active (bought Jan-Mar 2024),0
501793,0.0067,0,Low,Silver,Austin,2023,"Emails opened/month, last 3 mo = 0",City = Austin,"Promo share, last 3 mo = 0.49",Active (bought Jan-Mar 2024),0
501186,0.0067,0,Low,Silver,Spokane,2024,"Transactions/month, last 3 mo = 3",Age = 35,Transaction trend (last vs prior qtr) = n/a,Active (bought Jan-Mar 2024),0
502241,0.0066,0,Low,Silver,Tulsa,2022,"Support tickets, last 3 mo = 1",Avg spend/month (history) = 230.79,Email-open trend = -1.33,Active (bought Jan-Mar 2024),0
502214,0.0066,0,Low,Silver,Boise,2021,"Transactions, last month = 1",Tenure (months) = 32,"Avg basket, last 3 mo = 27.57",Active (bought Jan-Mar 2024),0
501160,0.0066,0,Low,Silver,Spokane,2022,"Transactions, last month = 3","Transactions/month, last 3 mo = 3",Preferred category = Bakery,Active (bought Jan-Mar 2024),0
501851,0.0066,0,Low,Gold,Portland,2021,Avg transactions/month (history) = 4.21,Home-store price tier = Value,Tenure (months) = 28,Active (bought Jan-Mar 2024),0
500250,0.0065,0,Low,Silver,Columbus,2022,City = Columbus,Avg spend/month (history) = 174.08,"Categories bought, last 3 mo = 0.50",Active (bought Jan-Mar 2024),0
502016,0.0064,0,Low,Silver,Portland,2021,Tenure (months) = 30,"Categories bought, last 3 mo = 0.67",Spend volatility = 0.53,Active (bought Jan-Mar 2024),0
500619,0.0064,0,Low,Silver,Raleigh,2024,"Emails opened/month, last 3 mo = 0",City = Raleigh,Coupons/month (history) = 0,Active (bought Jan-Mar 2024),0
500105,0.0063,0,Low,Silver,Tulsa,2022,"Transactions, last month = 3","Categories bought, last 3 mo = 1.33",Age = 32,Active (bought Jan-Mar 2024),0
501928,0.0063,0,Low,Gold,Austin,2022,City = Austin,"Support tickets, last 6 mo = 2",Spend volatility = 0.52,Active (bought Jan-Mar 2024),0
500558,0.0063,0,Low,Silver,Denver,2023,App session trend = -3,City = Denver,"Transactions/month, prior 3 mo = 2",Active (bought Jan-Mar 2024),0
501930,0.0063,0,Low,Platinum,Tulsa,2023,"Transactions, last month = 1","Transactions/month, last 3 mo = 2.67",Home-store price tier = Value,Active (bought Jan-Mar 2024),1
501250,0.0063,0,Low,Platinum,Portland,2022,"Emails opened/month, last 3 mo = 0","Transactions, last month = 3","Support tickets, last 3 mo = 1",Active (bought Jan-Mar 2024),0
502313,0.0063,0,Low,Gold,Spokane,2022,"Transactions/month, last 3 mo = 1.33","Spend/month, last 3 mo = 40.48","Emails opened/month, last 3 mo = 0",Active (bought Jan-Mar 2024),0
500617,0.0062,0,Low,Platinum,Raleigh,2022,"Transactions, last month = 3",City = Raleigh,"Support tickets, last 3 mo = 1",Active (bought Jan-Mar 2024),0
500685,0.0062,0,Low,Silver,Madison,2023,Spend volatility = 0.62,"Categories bought, last 3 mo = 1.33",Preferred category = Bakery,Active (bought Jan-Mar 2024),0
502504,0.0062,0,Low,Gold,Austin,2022,"Transactions, last month = 2",City = Austin,Avg spend/month (history) = 168.66,Active (bought Jan-Mar 2024),0
501595,0.0062,0,Low,Platinum,Austin,2023,"Support tickets, last 3 mo = 1","Transactions, last month = 3","Promo share, last 3 mo = 0.47",Active (bought Jan-Mar 2024),1
500648,0.0061,0,Low,Silver,Nashville,2022,"Transactions, last month = 3","Transactions/month, last 3 mo = 2.67",App session trend = -1.67,Active (bought Jan-Mar 2024),0
501916,0.006,0,Low,Silver,Portland,2023,"Transactions, last month = 0","Emails opened/month, last 3 mo = 0.33",Age = 39,Active (bought Jan-Mar 2024),0
501886,0.006,0,Low,Gold,Spokane,2021,"Transactions, last month = 2",Tenure (months) = 34,"Transactions/month, last 3 mo = 2.67",Active (bought Jan-Mar 2024),0
502374,0.006,0,Low,Silver,Spokane,2021,"Emails opened/month, last 3 mo = 0.33",Tenure (months) = 35,Months of history = 15,Active (bought Jan-Mar 2024),0
502048,0.006,0,Low,Silver,Columbus,2022,City = Columbus,Avg spend/month (history) = 196.95,"Transactions/month, last 3 mo = 3",Active (bought Jan-Mar 2024),0
502201,0.006,0,Low,Silver,Madison,2023,"Transactions, last month = 1","Support tickets, last 3 mo = 1","Transactions/month, last 3 mo = 2.67",Active (bought Jan-Mar 2024),0
501874,0.006,0,Low,Silver,Tulsa,2023,"Transactions, last month = 2","Avg basket, last 3 mo = 27.63","Transactions/month, last 3 mo = 2.50",Active (bought Jan-Mar 2024),0
500111,0.0059,0,Low,Platinum,Denver,2022,"Emails opened/month, last 3 mo = 0","Transactions, last month = 3",App session trend = -2.00,Active (bought Jan-Mar 2024),0
501664,0.0058,0,Low,Gold,Raleigh,2024,"App sessions/month, last 3 mo = 0","Emails opened/month, last 3 mo = 0","Transactions, last month = 2",Active (bought Jan-Mar 2024),0
500326,0.0058,0,Low,Silver,Boise,2022,"Emails opened/month, last 3 mo = 0.33","Transactions/month, last 3 mo = 3","Support tickets, last 3 mo = 1",Active (bought Jan-Mar 2024),0
500245,0.0057,0,Low,Gold,Columbus,2021,"Support tickets, last 3 mo = 2","Support tickets, last 6 mo = 3",Tenure (months) = 30,Active (bought Jan-Mar 2024),0
502521,0.0057,0,Low,Silver,Raleigh,2022,"Transactions, last month = 2",City = Raleigh,Months of history = 15,Active (bought Jan-Mar 2024),0
502496,0.0057,0,Low,Silver,Boise,2022,"App sessions/month, last 3 mo = 0.33",App session trend = -1.33,"Spend/month, prior 3 mo = 0",Active (bought Jan-Mar 2024),0
502555,0.0057,0,Low,Silver,Madison,2022,"Transactions, last month = 2","Support tickets, last 3 mo = 1",Avg transactions/month (history) = 4.27,Active (bought Jan-Mar 2024),0
500993,0.0057,0,Low,Gold,Tulsa,2023,Spend volatility = 0.09,"Transactions, last month = 3","Categories bought, last 3 mo = 0.50",Active (bought Jan-Mar 2024),0
501488,0.0056,0,Low,Silver,Raleigh,2021,City = Raleigh,Tenure (months) = 36,"Avg basket, last 3 mo = 28.23",Active (bought Jan-Mar 2024),0
501624,0.0056,0,Low,Gold,Spokane,2023,"Emails opened/month, last 3 mo = 0.33","Support tickets, last 3 mo = 1",Email-open trend = -1.33,Active (bought Jan-Mar 2024),0
501002,0.0056,0,Low,Silver,Spokane,2021,"Transactions, last month = 3",Tenure (months) = 34,"Support tickets, last 6 mo = 2",Active (bought Jan-Mar 2024),0
500214,0.0056,0,Low,Silver,Raleigh,2024,"App sessions/month, last 3 mo = 0","Transactions, last month = 2","Transactions/month, last 3 mo = 2",Active (bought Jan-Mar 2024),0
501647,0.0056,0,Low,Silver,Columbus,2023,"Emails opened/month, last 3 mo = 0",City = Columbus,App session trend = -1.50,Active (bought Jan-Mar 2024),0
501319,0.0055,0,Low,Gold,Columbus,2021,"Transactions, last month = 3",City = Columbus,Tenure (months) = 29,Active (bought Jan-Mar 2024),0
502011,0.0055,0,Low,Gold,Tulsa,2024,Spend volatility = 0.15,"Categories bought, last 3 mo = 0.50","Emails opened/month, last 3 mo = 0.50",Active (bought Jan-Mar 2024),0
500018,0.0055,0,Low,Gold,Spokane,2022,"Transactions, last month = 1","Avg basket, last 3 mo = 27.96",Months of history = 15,Active (bought Jan-Mar 2024),0
501903,0.0055,0,Low,Gold,Austin,2024,"Emails opened/month, last 3 mo = 0",Age = 48,City = Austin,Active (bought Jan-Mar 2024),0
502158,0.0055,0,Low,Gold,Raleigh,2021,"Transactions/month, last 3 mo = 2.50",City = Raleigh,Home-store price tier = Value,Active (bought Jan-Mar 2024),0
500571,0.0055,0,Low,Silver,Austin,2023,"Transactions, last month = 2","Support tickets, last 3 mo = 1",City = Austin,Active (bought Jan-Mar 2024),0
501533,0.0055,0,Low,Silver,Denver,2024,"Emails opened/month, last 3 mo = 0","Transactions, last month = 2","Transactions/month, last 3 mo = 2",Active (bought Jan-Mar 2024),0
501503,0.0054,0,Low,Silver,Raleigh,2021,City = Raleigh,Tenure (months) = 34,Age = 43,Active (bought Jan-Mar 2024),0
501917,0.0054,0,Low,Silver,Boise,2023,"App sessions/month, last 3 mo = 0","Transactions, last month = 3",Spend volatility = 1.00,Active (bought Jan-Mar 2024),0
500338,0.0054,0,Low,Silver,Austin,2021,"Transactions, last month = 2","Emails opened/month, last 3 mo = 0",Tenure (months) = 31,Active (bought Jan-Mar 2024),0
502536,0.0054,0,Low,Platinum,Boise,2021,"Transactions, last month = 1",Tenure (months) = 29,"Emails opened/month, last 3 mo = 0",Active (bought Jan-Mar 2024),0
502143,0.0054,0,Low,Gold,Columbus,2021,"Transactions, last month = 3",City = Columbus,"Avg basket, last 3 mo = 26",Active (bought Jan-Mar 2024),0
501207,0.0054,0,Low,Gold,Tulsa,2023,"Emails opened/month, last 3 mo = 0.33","Support tickets, last 3 mo = 1","Categories bought, last 3 mo = 1",Active (bought Jan-Mar 2024),0
500875,0.0054,0,Low,Silver,Nashville,2023,"Transactions, last month = 3","Support tickets, last 3 mo = 1","Coupons redeemed/month, last 3 mo = 0",Active (bought Jan-Mar 2024),0
500818,0.0053,0,Low,Silver,Nashville,2022,"Transactions/month, last 3 mo = 2","Support tickets, last 3 mo = 1",Home-store price tier = Value,Active (bought Jan-Mar 2024),0
501540,0.0053,0,Low,Gold,Portland,2021,"App sessions/month, last 3 mo = 0.67","Transactions, last month = 3","Support tickets, last 6 mo = 2",Active (bought Jan-Mar 2024),0
501194,0.0053,0,Low,Silver,Denver,2023,"Transactions, last month = 3","Emails opened/month, last 3 mo = 0.33","Support tickets, last 3 mo = 1",Active (bought Jan-Mar 2024),0
502349,0.0053,0,Low,Silver,Columbus,2022,"Transactions, last month = 3",City = Columbus,"Support tickets, last 3 mo = 1",Active (bought Jan-Mar 2024),0
502580,0.0053,0,Low,Silver,Boise,2023,Promo share (history) = 0.24,"Transactions, last month = 3","Support tickets, last 3 mo = 1",Active (bought Jan-Mar 2024),0
500650,0.0053,0,Low,Silver,Portland,2022,"Emails opened/month, last 3 mo = 0.33","Transactions, last month = 3",Spend volatility = 0.57,Active (bought Jan-Mar 2024),0
500703,0.0053,0,Low,Silver,Boise,2023,"Emails opened/month, last 3 mo = 0","Transactions, last month = 3",Spend volatility = 0.78,Active (bought Jan-Mar 2024),0
501364,0.0053,0,Low,Gold,Denver,2021,"Transactions/month, last 3 mo = 1.67",Tenure (months) = 30,Spend volatility = 0.60,Active (bought Jan-Mar 2024),0
500424,0.0052,0,Low,Gold,Boise,2022,"Transactions/month, last 3 mo = 1.33","Transactions, last month = 2","Support tickets, last 3 mo = 1",Active (bought Jan-Mar 2024),0
502552,0.0052,0,Low,Silver,Raleigh,2022,"App sessions/month, last 3 mo = 0.33",City = Raleigh,"Support tickets, last 3 mo = 1",Active (bought Jan-Mar 2024),0
502352,0.0051,0,Low,Silver,Tulsa,2022,Promo share (history) = 0.24,"Spend/month, last 3 mo = 32.83","Transactions/month, last 3 mo = 2",Active (bought Jan-Mar 2024),0
500821,0.0051,0,Low,Platinum,Denver,2023,"Transactions, last month = 3",Avg spend/month (history) = 173.59,City = Denver,Active (bought Jan-Mar 2024),0
500258,0.0051,0,Low,Silver,Raleigh,2023,City = Raleigh,"App sessions/month, last 3 mo = 0.67",Age = 55,Active (bought Jan-Mar 2024),0
500100,0.005,0,Low,Gold,Portland,2023,"App sessions/month, last 3 mo = 0.67",Spend volatility = 0.56,Age = 43,Active (bought Jan-Mar 2024),0
500835,0.005,0,Low,Silver,Austin,2023,"Transactions, last month = 2",Spend volatility = 0.58,City = Austin,Active (bought Jan-Mar 2024),0
500593,0.005,0,Low,Silver,Spokane,2021,"Support tickets, last 3 mo = 2",Tenure (months) = 31,"Support tickets, last 6 mo = 3",Active (bought Jan-Mar 2024),0
501450,0.005,0,Low,Gold,Austin,2023,"Transactions, last month = 3","Support tickets, last 3 mo = 1",City = Austin,Active (bought Jan-Mar 2024),0
500743,0.005,0,Low,Platinum,Portland,2021,Tenure (months) = 29,"Support tickets, last 3 mo = 1","Emails opened/month, last 3 mo = 0.33",Active (bought Jan-Mar 2024),0
500510,0.005,0,Low,Silver,Tulsa,2022,Avg spend/month (history) = 181.96,Home-store price tier = Value,"Categories bought, last 3 mo = 1",Active (bought Jan-Mar 2024),0
502549,0.005,0,Low,Platinum,Nashville,2021,"App sessions/month, last 3 mo = 0.33",Tenure (months) = 29,App session trend = -2,Active (bought Jan-Mar 2024),0
502405,0.005,0,Low,Gold,Austin,2022,City = Austin,"Emails opened/month, last 3 mo = 0.33","Avg basket, last 3 mo = 25.98",Active (bought Jan-Mar 2024),0
500691,0.0049,0,Low,Gold,Spokane,2021,Promo share (history) = 0.24,"Transactions, last month = 3",Tenure (months) = 34,Active (bought Jan-Mar 2024),0
500605,0.0049,0,Low,Platinum,Raleigh,2022,"Transactions, last month = 2",City = Raleigh,"Support tickets, last 6 mo = 2",Active (bought Jan-Mar 2024),0
500192,0.0049,0,Low,Silver,Spokane,2022,"Transactions, last month = 2","Coupons redeemed/month, last 3 mo = 0","App sessions/month, last 3 mo = 0.67",Active (bought Jan-Mar 2024),0
500934,0.0048,0,Low,Platinum,Tulsa,2023,Promo share (history) = 0.24,"Emails opened/month, last 3 mo = 0","Promo share, last 3 mo = 0.42",Active (bought Jan-Mar 2024),0
501418,0.0048,0,Low,Silver,Columbus,2021,City = Columbus,"Emails opened/month, last 3 mo = 0.33",Tenure (months) = 32,Active (bought Jan-Mar 2024),0
500679,0.0048,0,Low,Gold,Nashville,2022,"App sessions/month, last 3 mo = 0.33","Transactions/month, last 3 mo = 1.33","Transactions, last month = 2",Active (bought Jan-Mar 2024),0
500263,0.0047,0,Low,Platinum,Madison,2023,"Transactions/month, last 3 mo = 1.67","Transactions, last month = 2","Categories bought, last 3 mo = 1.33",Active (bought Jan-Mar 2024),0
501043,0.0047,0,Low,Gold,Nashville,2021,Tenure (months) = 31,"Transactions, last month = 3","Coupons redeemed/month, last 3 mo = 0",Active (bought Jan-Mar 2024),0
501498,0.0047,0,Low,Silver,Nashville,2024,Spend volatility = 0.53,Coupons/month (history) = 0,"Spend/month, last 3 mo = 60.55",Active (bought Jan-Mar 2024),0
502439,0.0047,0,Low,Silver,Portland,2023,"Emails opened/month, last 3 mo = 0.33","Transactions, last month = 3","Coupons redeemed/month, last 3 mo = 0",Active (bought Jan-Mar 2024),0
500942,0.0047,0,Low,Gold,Madison,2022,"Support tickets, last 3 mo = 1","Support tickets, last 6 mo = 2","Transactions/month, last 3 mo = 3",Active (bought Jan-Mar 2024),0
500468,0.0047,0,Low,Gold,Portland,2021,"Transactions, last month = 0",Tenure (months) = 32,"Transactions/month, last 3 mo = 2.67",Active (bought Jan-Mar 2024),0
502531,0.0047,0,Low,Platinum,Tulsa,2022,"Transactions, last month = 3","Support tickets, last 3 mo = 1","Emails opened/month, last 3 mo = 0.33",Active (bought Jan-Mar 2024),0
501047,0.0046,0,Low,Silver,Madison,2023,"Support tickets, last 3 mo = 2",Support-ticket trend = 2,"Support tickets, last 6 mo = 2",Active (bought Jan-Mar 2024),0
501345,0.0046,0,Low,Gold,Spokane,2021,Tenure (months) = 30,"Transactions, last month = 3","Support tickets, last 3 mo = 1",Active (bought Jan-Mar 2024),0
501438,0.0046,0,Low,Silver,Spokane,2023,"Transactions, last month = 2","Transactions/month, last 3 mo = 2",Transaction trend (last vs prior qtr) = n/a,Active (bought Jan-Mar 2024),0
501589,0.0046,0,Low,Silver,Nashville,2021,Tenure (months) = 29,"Transactions, last month = 3","Emails opened/month, last 3 mo = 0.33",Active (bought Jan-Mar 2024),0
500411,0.0046,0,Low,Gold,Austin,2022,"Transactions, last month = 3",City = Austin,Spend volatility = 0.58,Active (bought Jan-Mar 2024),0
501471,0.0046,0,Low,Silver,Nashville,2022,"Support tickets, last 3 mo = 2",Avg spend/month (history) = 170.27,"Emails opened/month, last 3 mo = 0.33",Active (bought Jan-Mar 2024),0
500405,0.0045,0,Low,Silver,Spokane,2021,"Transactions, last month = 2",Tenure (months) = 32,"Support tickets, last 3 mo = 1",Active (bought Jan-Mar 2024),0
500696,0.0045,0,Low,Platinum,Columbus,2021,City = Columbus,Avg spend/month (history) = 226.69,Age = 40,Active (bought Jan-Mar 2024),0
500457,0.0045,0,Low,Silver,Raleigh,2021,"Transactions, last month = 3","Support tickets, last 3 mo = 1",Tenure (months) = 31,Active (bought Jan-Mar 2024),0
500439,0.0045,0,Low,Gold,Portland,2021,Promo share (history) = 0.25,"Transactions, last month = 3",Tenure (months) = 32,Active (bought Jan-Mar 2024),0
500091,0.0045,0,Low,Silver,Raleigh,2021,Tenure (months) = 36,City = Raleigh,Home-store price tier = Value,Active (bought Jan-Mar 2024),0
502577,0.0045,0,Low,Silver,Austin,2024,"Transactions, last month = 2","Transactions/month, last 3 mo = 2",City = Austin,Active (bought Jan-Mar 2024),0
500311,0.0045,0,Low,Silver,Madison,2023,"Transactions, last month = 3","Transactions/month, last 3 mo = 3",Transaction trend (last vs prior qtr) = n/a,Active (bought Jan-Mar 2024),0
501127,0.0044,0,Low,Gold,Nashville,2022,"Emails opened/month, last 3 mo = 0.33","Support tickets, last 3 mo = 1",Months of history = 15,Active (bought Jan-Mar 2024),1
502157,0.0043,0,Low,Silver,Denver,2023,"App sessions/month, last 3 mo = 0.67",Age = 45,"Categories bought, last 3 mo = 1",Active (bought Jan-Mar 2024),0
500975,0.0043,0,Low,Gold,Austin,2024,"Emails opened/month, last 3 mo = 0","Coupons redeemed/month, last 3 mo = 0",Marketing opt-in = 1,Active (bought Jan-Mar 2024),0
502406,0.0043,0,Low,Silver,Spokane,2022,"Transactions, last month = 3",Age = 48,"Transactions/month, last 3 mo = 3",Active (bought Jan-Mar 2024),0
501247,0.0043,0,Low,Silver,Boise,2022,"Emails opened/month, last 3 mo = 0.33","Transactions, last month = 3",Avg transactions/month (history) = 4.29,Active (bought Jan-Mar 2024),0
501147,0.0042,0,Low,Silver,Portland,2023,"Support tickets, last 3 mo = 1","Categories bought, last 3 mo = 0.33",Avg transactions/month (history) = 4.17,Active (bought Jan-Mar 2024),0
500367,0.0042,0,Low,Silver,Denver,2023,"Emails opened/month, last 3 mo = 0.33",Marketing opt-in = 1,Months of history = 13,Active (bought Jan-Mar 2024),0
501711,0.0042,0,Low,Silver,Austin,2022,"Transactions, last month = 3",Spend volatility = 0.56,"Support tickets, last 3 mo = 1",Active (bought Jan-Mar 2024),0
500570,0.0042,0,Low,Silver,Portland,2021,Transaction trend (last vs prior qtr) = -6.67,"Support tickets, last 3 mo = 2","Emails opened/month, last 3 mo = 0",Active (bought Jan-Mar 2024),0
502189,0.0042,0,Low,Silver,Columbus,2023,"App sessions/month, last 3 mo = 0.33",Promo share (history) = 0.24,App session trend = -1.33,Active (bought Jan-Mar 2024),0
500359,0.0042,0,Low,Platinum,Tulsa,2021,Tenure (months) = 30,Avg spend/month (history) = 162.45,"Transactions/month, last 3 mo = 3",Active (bought Jan-Mar 2024),0
501228,0.0041,0,Low,Silver,Nashville,2023,"Avg basket, last 3 mo = 27.59",Spend volatility = 0.60,Marketing opt-in = 1,Active (bought Jan-Mar 2024),0
501172,0.0041,0,Low,Silver,Boise,2023,"Transactions, last month = 3","Support tickets, last 3 mo = 1",Spend volatility = 0.76,Active (bought Jan-Mar 2024),0
502455,0.0041,0,Low,Gold,Madison,2023,Spend volatility = 0.12,Transaction trend (last vs prior qtr) = n/a,Marketing opt-in = 1,Active (bought Jan-Mar 2024),0
502355,0.0041,0,Low,Gold,Raleigh,2021,"Transactions, last month = 2",Tenure (months) = 34,City = Raleigh,Active (bought Jan-Mar 2024),0
500016,0.0041,0,Low,Platinum,Boise,2022,Promo share (history) = 0.24,"Transactions, last month = 3",Home-store price tier = Value,Active (bought Jan-Mar 2024),0
500106,0.0041,0,Low,Platinum,Austin,2022,City = Austin,"Emails opened/month, last 3 mo = 0.33",Avg spend/month (history) = 186.48,Active (bought Jan-Mar 2024),0
502358,0.004,0,Low,Gold,Raleigh,2023,Avg spend/month (history) = 215.43,"Support tickets, last 6 mo = 2","Support tickets, last 3 mo = 1",Active (bought Jan-Mar 2024),0
502286,0.004,0,Low,Platinum,Spokane,2023,"Support tickets, last 6 mo = 2","Transactions, last month = 3",Avg spend/month (history) = 167.30,Active (bought Jan-Mar 2024),0
502316,0.004,0,Low,Gold,Portland,2021,Tenure (months) = 34,"Transactions, last month = 3","Transactions/month, last 3 mo = 3",Active (bought Jan-Mar 2024),0
501315,0.004,0,Low,Silver,Denver,2022,Promo share (history) = 0.25,App session trend = -1.50,Preferred category = Personal Care,Active (bought Jan-Mar 2024),0
501042,0.004,0,Low,Gold,Portland,2022,"Support tickets, last 3 mo = 2","Emails opened/month, last 3 mo = 0",Support-ticket trend = 2,Active (bought Jan-Mar 2024),0
501741,0.004,0,Low,Platinum,Denver,2023,"Transactions/month, last 3 mo = 1.67","Transactions, last month = 3",Spend volatility = 0.71,Active (bought Jan-Mar 2024),0
502596,0.0039,0,Low,Gold,Nashville,2022,"Transactions, last month = 2","Emails opened/month, last 3 mo = 0",Transaction trend (last vs prior qtr) = -3,Active (bought Jan-Mar 2024),0
500708,0.0039,0,Low,Silver,Austin,2021,"App sessions/month, last 3 mo = 0.33","Support tickets, last 3 mo = 1",City = Austin,Active (bought Jan-Mar 2024),0
502067,0.0039,0,Low,Gold,Portland,2023,"Transactions, last month = 2","Transactions/month, last 3 mo = 2",Coupons/month (history) = 0,Active (bought Jan-Mar 2024),0
500397,0.0039,0,Low,Gold,Denver,2023,"App sessions/month, last 3 mo = 0.67",City = Denver,"Transactions/month, last 3 mo = 3",Active (bought Jan-Mar 2024),0
500810,0.0039,0,Low,Silver,Boise,2023,Transaction trend (last vs prior qtr) = -4.67,"Support tickets, last 3 mo = 1",Avg spend/month (history) = 270.94,Active (bought Jan-Mar 2024),0
502148,0.0039,0,Low,Gold,Denver,2022,"Support tickets, last 3 mo = 1","App sessions/month, last 3 mo = 0.67",City = Denver,Active (bought Jan-Mar 2024),0
501982,0.0039,0,Low,Gold,Nashville,2022,"Transactions, last month = 3","Support tickets, last 3 mo = 1","Support tickets, last 6 mo = 2",Active (bought Jan-Mar 2024),0
501546,0.0039,0,Low,Platinum,Spokane,2021,Tenure (months) = 35,"Transactions/month, last 3 mo = 2.67",Home-store price tier = Value,Active (bought Jan-Mar 2024),0
502020,0.0039,0,Low,Silver,Spokane,2022,"Transactions, last month = 3",Months of history = 15,Avg transactions/month (history) = 4.67,Active (bought Jan-Mar 2024),0
501222,0.0039,0,Low,Silver,Spokane,2022,"Transactions/month, last 3 mo = 3",Age = 46,"Promo share, last 3 mo = 0.45",Active (bought Jan-Mar 2024),0
501093,0.0039,0,Low,Platinum,Denver,2022,"Transactions, last month = 2",Spend volatility = 0.71,City = Denver,Active (bought Jan-Mar 2024),0
501122,0.0038,0,Low,Gold,Raleigh,2021,Tenure (months) = 31,"Support tickets, last 3 mo = 1",City = Raleigh,Active (bought Jan-Mar 2024),0
501025,0.0038,0,Low,Silver,Raleigh,2022,City = Raleigh,"Support tickets, last 3 mo = 1",Months of history = 15,Active (bought Jan-Mar 2024),0
501800,0.0038,0,Low,Silver,Nashville,2022,"Transactions, last month = 3",Spend volatility = 0.56,"Categories bought, last 3 mo = 1",Active (bought Jan-Mar 2024),0
502019,0.0038,0,Low,Silver,Raleigh,2022,"Transactions, last month = 2",City = Raleigh,Months of history = 15,Active (bought Jan-Mar 2024),0
501818,0.0037,0,Low,Silver,Nashville,2022,"Transactions, last month = 2",Spend volatility = 0.56,Age = 50,Active (bought Jan-Mar 2024),0
501010,0.0037,0,Low,Platinum,Raleigh,2021,"Transactions, last month = 3",City = Raleigh,Spend volatility = 0.55,Active (bought Jan-Mar 2024),0
502431,0.0037,0,Low,Gold,Raleigh,2021,"Support tickets, last 3 mo = 2",Promo share (history) = 0.24,City = Raleigh,Active (bought Jan-Mar 2024),0
500131,0.0036,0,Low,Silver,Boise,2022,Avg spend/month (history) = 190.44,Spend volatility = 0.54,"Transactions/month, last 3 mo = 3.33",Active (bought Jan-Mar 2024),0
502322,0.0036,0,Low,Silver,Tulsa,2024,Spend volatility = 0.55,"Avg basket, last 3 mo = 28.08",Transaction trend (last vs prior qtr) = n/a,Active (bought Jan-Mar 2024),0
501608,0.0036,0,Low,Silver,Madison,2023,"Transactions, last month = 1",Age = 36,Transaction trend (last vs prior qtr) = -2.50,Active (bought Jan-Mar 2024),0
500800,0.0035,0,Low,Silver,Spokane,2024,"Emails opened/month, last 3 mo = 0","Categories bought, last 3 mo = 0",Preferred category = Personal Care,Active (bought Jan-Mar 2024),0
500618,0.0035,0,Low,Silver,Austin,2023,Promo share (history) = 0.24,"App sessions/month, last 3 mo = 0.67","Support tickets, last 3 mo = 1",Active (bought Jan-Mar 2024),0
501082,0.0035,0,Low,Silver,Boise,2021,"Emails opened/month, last 3 mo = 0.33",Tenure (months) = 35,"Support tickets, last 3 mo = 1",Active (bought Jan-Mar 2024),0
501339,0.0035,0,Low,Silver,Denver,2022,Promo share (history) = 0.24,"Support tickets, last 3 mo = 1",City = Denver,Active (bought Jan-Mar 2024),0
500505,0.0035,0,Low,Silver,Spokane,2024,"Transactions, last month = 1","Spend/month, last 3 mo = 16.18","Transactions/month, last 3 mo = 1",Active (bought Jan-Mar 2024),0
500159,0.0035,0,Low,Gold,Portland,2021,Tenure (months) = 31,"Emails opened/month, last 3 mo = 0.33",Months of history = 15,Active (bought Jan-Mar 2024),0
500441,0.0035,0,Low,Silver,Denver,2023,"Transactions/month, last 3 mo = 1.50","Transactions, last month = 2",Coupons/month (history) = 0,Active (bought Jan-Mar 2024),0
501329,0.0034,0,Low,Gold,Portland,2021,Tenure (months) = 36,"Transactions, last month = 3",Home-store price tier = Value,Active (bought Jan-Mar 2024),0
502140,0.0034,0,Low,Silver,Madison,2022,"Transactions, last month = 2",Spend volatility = 0.81,Avg transactions/month (history) = 4.47,Active (bought Jan-Mar 2024),0
502021,0.0034,0,Low,Platinum,Denver,2022,"Emails opened/month, last 3 mo = 0.33",Months of history = 15,Avg spend/month (history) = 293.81,Active (bought Jan-Mar 2024),0
502305,0.0034,0,Low,Gold,Portland,2023,"Emails opened/month, last 3 mo = 0.33","Transactions, last month = 3","Avg basket, last 3 mo = 26.27",Active (bought Jan-Mar 2024),0
501435,0.0034,0,Low,Silver,Madison,2021,"Transactions, last month = 2",Tenure (months) = 31,Avg spend/month (history) = 167.41,Active (bought Jan-Mar 2024),0
501507,0.0034,0,Low,Silver,Portland,2023,"Transactions, last month = 3","Emails opened/month, last 3 mo = 0.33","Support tickets, last 3 mo = 1",Active (bought Jan-Mar 2024),0
500823,0.0033,0,Low,Gold,Spokane,2021,Tenure (months) = 30,App session trend = -1.33,Avg transactions/month (history) = 3.92,Active (bought Jan-Mar 2024),0
502356,0.0033,0,Low,Silver,Columbus,2021,City = Columbus,Tenure (months) = 31,"Support tickets, last 6 mo = 2",Active (bought Jan-Mar 2024),0
500979,0.0033,0,Low,Silver,Boise,2021,"Transactions, last month = 3",Tenure (months) = 31,Months of history = 15,Active (bought Jan-Mar 2024),0
500914,0.0033,0,Low,Silver,Boise,2021,"Transactions, last month = 2",Tenure (months) = 32,Avg transactions/month (history) = 4.20,Active (bought Jan-Mar 2024),0
500448,0.0033,0,Low,Gold,Spokane,2023,"Transactions/month, last 3 mo = 2.67","Categories bought, last 3 mo = 0.67",Spend volatility = 0.68,Active (bought Jan-Mar 2024),0
502136,0.0033,0,Low,Silver,Madison,2023,"Emails opened/month, last 3 mo = 0.33",Transaction trend (last vs prior qtr) = n/a,Marketing opt-in = 1,Active (bought Jan-Mar 2024),0
500537,0.0033,0,Low,Gold,Boise,2022,"Transactions, last month = 0",App session trend = -1.33,"Coupons redeemed/month, last 3 mo = 0",Active (bought Jan-Mar 2024),0
500054,0.0033,0,Low,Gold,Madison,2023,"Transactions, last month = 3","Support tickets, last 3 mo = 1","Categories bought, last 3 mo = 1",Active (bought Jan-Mar 2024),0
502594,0.0032,0,Low,Silver,Madison,2022,Spend volatility = 0.59,Avg transactions/month (history) = 4.86,"Avg basket, last 3 mo = 26.72",Active (bought Jan-Mar 2024),0
500589,0.0032,0,Low,Platinum,Boise,2022,"Transactions, last month = 2","Categories bought, last 3 mo = 0.50",Avg spend/month (history) = 157.09,Active (bought Jan-Mar 2024),0
500400,0.0032,0,Low,Gold,Denver,2021,Tenure (months) = 35,Avg spend/month (history) = 170.59,"Support tickets, last 3 mo = 1",Active (bought Jan-Mar 2024),0
500740,0.0032,0,Low,Silver,Nashville,2021,Tenure (months) = 29,Coupons/month (history) = 0.20,"Categories bought, last 3 mo = 1",Active (bought Jan-Mar 2024),0
500485,0.0032,0,Low,Gold,Portland,2022,"Transactions, last month = 1",App session trend = -1.67,Transaction trend (last vs prior qtr) = -4.00,Active (bought Jan-Mar 2024),0
502069,0.0032,0,Low,Silver,Nashville,2021,"App sessions/month, last 3 mo = 0.50","Transactions, last month = 3",Tenure (months) = 34,Active (bought Jan-Mar 2024),0
500710,0.0032,0,Low,Platinum,Austin,2023,"Transactions, last month = 3","Support tickets, last 3 mo = 1",Transaction trend (last vs prior qtr) = -2.33,Active (bought Jan-Mar 2024),0
502198,0.0032,0,Low,Silver,Columbus,2021,Tenure (months) = 30,City = Columbus,Age = 49,Active (bought Jan-Mar 2024),0
502274,0.0031,0,Low,Silver,Tulsa,2023,"Emails opened/month, last 3 mo = 0.33","Transactions/month, last 3 mo = 2.67",Transaction trend (last vs prior qtr) = n/a,Active (bought Jan-Mar 2024),0
501523,0.0031,0,Low,Gold,Madison,2022,"Emails opened/month, last 3 mo = 0","Transactions, last month = 3",Email-open trend = -2,Active (bought Jan-Mar 2024),0
502278,0.0031,0,Low,Gold,Raleigh,2022,City = Raleigh,"Emails opened/month, last 3 mo = 0.33","Support tickets, last 6 mo = 2",Active (bought Jan-Mar 2024),0
501738,0.0031,0,Low,Silver,Madison,2024,"Emails opened/month, last 3 mo = 0","Categories bought, last 3 mo = 1",Avg transactions/month (history) = 4,Active (bought Jan-Mar 2024),0
500797,0.0031,0,Low,Silver,Tulsa,2024,"Emails opened/month, last 3 mo = 0","Avg basket, last 3 mo = 27.50",Age = 38,Active (bought Jan-Mar 2024),0
501076,0.0031,0,Low,Silver,Portland,2022,"Transactions/month, last 3 mo = 2.33","Emails opened/month, last 3 mo = 0.33",Transaction trend (last vs prior qtr) = -4.00,Active (bought Jan-Mar 2024),0
501958,0.0031,0,Low,Silver,Madison,2022,"Emails opened/month, last 3 mo = 0.33",App session trend = -2.33,"Support tickets, last 3 mo = 1",Active (bought Jan-Mar 2024),0
500288,0.003,0,Low,Gold,Denver,2022,"App sessions/month, last 3 mo = 0",Avg spend/month (history) = 164.10,Months of history = 15,Active (bought Jan-Mar 2024),0
500870,0.003,0,Low,Gold,Denver,2022,"Support tickets, last 3 mo = 1","Support tickets, last 6 mo = 3","Emails opened/month, last 3 mo = 0.33",Active (bought Jan-Mar 2024),0
502077,0.003,0,Low,Gold,Austin,2021,Tenure (months) = 33,Avg spend/month (history) = 162.24,City = Austin,Active (bought Jan-Mar 2024),0
500169,0.003,0,Low,Gold,Nashville,2024,"Transactions, last month = 3",Age = 38,Transaction trend (last vs prior qtr) = n/a,Active (bought Jan-Mar 2024),0
500546,0.003,0,Low,Silver,Tulsa,2022,"Transactions, last month = 3","Transactions/month, last 3 mo = 3",Avg transactions/month (history) = 4.67,Active (bought Jan-Mar 2024),0
501820,0.003,0,Low,Gold,Nashville,2021,"Transactions, last month = 3",App session trend = -2,Months of history = 15,Active (bought Jan-Mar 2024),0
500473,0.003,0,Low,Silver,Portland,2022,"Transactions, last month = 3","Support tickets, last 3 mo = 1",Age = 53,Active (bought Jan-Mar 2024),0
501447,0.003,0,Low,Gold,Spokane,2023,Promo share (history) = 0.24,"App sessions/month, last 3 mo = 0.67",Months of history = 12,Active (bought Jan-Mar 2024),0
500609,0.0029,0,Low,Silver,Boise,2022,"Transactions, last month = 2","Categories bought, last 3 mo = 1.33",Avg spend/month (history) = 181.99,Active (bought Jan-Mar 2024),0
500358,0.0029,0,Low,Silver,Nashville,2023,"Emails opened/month, last 3 mo = 0.33","Avg basket, last 3 mo = 28.10",Age = 37,Active (bought Jan-Mar 2024),0
502269,0.0029,0,Low,Platinum,Madison,2021,Promo share (history) = 0.24,"Transactions, last month = 3",Tenure (months) = 29,Active (bought Jan-Mar 2024),0
502470,0.0029,0,Low,Platinum,Nashville,2022,"Transactions, last month = 2","Support tickets, last 3 mo = 1",Avg spend/month (history) = 216.69,Active (bought Jan-Mar 2024),0
500383,0.0029,0,Low,Silver,Madison,2024,"Support tickets, last 3 mo = 1",Avg transactions/month (history) = 4,Transaction trend (last vs prior qtr) = n/a,Active (bought Jan-Mar 2024),0
502564,0.0029,0,Low,Gold,Portland,2023,Transaction trend (last vs prior qtr) = -5.50,Spend volatility = 0.55,Age = 40,Active (bought Jan-Mar 2024),0
501564,0.0029,0,Low,Silver,Nashville,2024,"Emails opened/month, last 3 mo = 0",Marketing opt-in = 1,Spend trend % = n/a,Active (bought Jan-Mar 2024),0
502266,0.0029,0,Low,Gold,Spokane,2024,"Transactions, last month = 3","Transactions/month, last 3 mo = 3",Marketing opt-in = 1,Active (bought Jan-Mar 2024),0
501460,0.0029,0,Low,Gold,Denver,2023,Months of history = 14,Avg transactions/month (history) = 4.29,City = Denver,Active (bought Jan-Mar 2024),0
501761,0.0029,0,Low,Silver,Tulsa,2021,"App sessions/month, last 3 mo = 0.67",Tenure (months) = 36,"Support tickets, last 3 mo = 1",Active (bought Jan-Mar 2024),0
502046,0.0028,0,Low,Silver,Boise,2021,Tenure (months) = 37,"Support tickets, last 3 mo = 1",Home-store price tier = Value,Active (bought Jan-Mar 2024),0
500523,0.0028,0,Low,Silver,Tulsa,2023,"Support tickets, last 3 mo = 1","Categories bought, last 3 mo = 1",Home-store price tier = Value,Active (bought Jan-Mar 2024),0
501254,0.0028,0,Low,Silver,Spokane,2021,"Avg basket, last 3 mo = 25.63",Transaction trend (last vs prior qtr) = -4.33,"Transactions/month, prior 3 mo = 8.33",Active (bought Jan-Mar 2024),0
502042,0.0028,0,Low,Gold,Columbus,2021,City = Columbus,Home-store price tier = Value,Months of history = 15,Active (bought Jan-Mar 2024),0
500257,0.0028,0,Low,Silver,Madison,2023,"Emails opened/month, last 3 mo = 0.33",Avg spend/month (history) = 170.72,"Support tickets, last 3 mo = 1",Active (bought Jan-Mar 2024),0
500527,0.0028,0,Low,Gold,Raleigh,2022,City = Raleigh,"Categories bought, last 3 mo = 0.67",Months of history = 15,Active (bought Jan-Mar 2024),0
501271,0.0028,0,Low,Silver,Boise,2021,"Transactions, last month = 2","Emails opened/month, last 3 mo = 0",Tenure (months) = 29,Active (bought Jan-Mar 2024),0
500943,0.0028,0,Low,Gold,Raleigh,2021,City = Raleigh,Tenure (months) = 29,"Support tickets, last 6 mo = 2",Active (bought Jan-Mar 2024),0
502505,0.0028,0,Low,Silver,Denver,2022,"Emails opened/month, last 3 mo = 0.33",Avg spend/month (history) = 195.92,"Promo share, last 3 mo = 0.41",Active (bought Jan-Mar 2024),0
500108,0.0028,0,Low,Silver,Columbus,2022,"Emails opened/month, last 3 mo = 0.33",Avg spend/month (history) = 191.95,"Support tickets, last 3 mo = 1",Active (bought Jan-Mar 2024),0
502411,0.0027,0,Low,Gold,Denver,2023,Spend volatility = 0.64,Transaction trend (last vs prior qtr) = n/a,Avg transactions/month (history) = 3.67,Active (bought Jan-Mar 2024),0
502484,0.0027,0,Low,Silver,Spokane,2023,Email-open trend = -1.33,Age = 50,Avg transactions/month (history) = 3.75,Active (bought Jan-Mar 2024),0
500435,0.0027,0,Low,Silver,Boise,2023,"Support tickets, last 3 mo = 2",Support-ticket trend = 2,"Emails opened/month, last 3 mo = 0.33",Active (bought Jan-Mar 2024),0
501386,0.0027,0,Low,Gold,Spokane,2021,Tenure (months) = 34,Months of history = 15,"Promo share, last 3 mo = 0.34",Active (bought Jan-Mar 2024),0
500495,0.0027,0,Low,Gold,Madison,2021,"Support tickets, last 3 mo = 1","Emails opened/month, last 3 mo = 0.50",Months of history = 15,Active (bought Jan-Mar 2024),0
501843,0.0027,0,Low,Silver,Madison,2023,"Emails opened/month, last 3 mo = 0.33","Support tickets, last 3 mo = 1",Age = 43,Active (bought Jan-Mar 2024),0
500992,0.0027,0,Low,Gold,Portland,2023,"Transactions, last month = 3",Spend volatility = 0.55,Avg transactions/month (history) = 4.33,Active (bought Jan-Mar 2024),0
500252,0.0027,0,Low,Gold,Portland,2022,"Emails opened/month, last 3 mo = 0","App sessions/month, last 3 mo = 0.67",Email-open trend = -1.33,Active (bought Jan-Mar 2024),0
501561,0.0026,0,Low,Silver,Nashville,2021,"Support tickets, last 6 mo = 3","Transactions, last month = 3",Home-store price tier = Value,Active (bought Jan-Mar 2024),0
502065,0.0026,0,Low,Silver,Tulsa,2022,"Transactions, last month = 3",Spend volatility = 0.58,"Transactions/month, prior 3 mo = 2.33",Active (bought Jan-Mar 2024),0
501942,0.0026,0,Low,Gold,Spokane,2021,Tenure (months) = 34,"Avg basket, last 3 mo = 27.90","Support tickets, last 3 mo = 1",Active (bought Jan-Mar 2024),0
502120,0.0026,0,Low,Silver,Madison,2023,"Transactions, last month = 3","Support tickets, last 3 mo = 1","Transactions/month, prior 3 mo = n/a",Active (bought Jan-Mar 2024),0
501950,0.0026,0,Low,Platinum,Portland,2023,"Transactions, last month = 2",Email-open trend = -2,"Avg basket, last 3 mo = 47.73",Active (bought Jan-Mar 2024),0
500837,0.0026,0,Low,Silver,Portland,2023,"App sessions/month, last 3 mo = 0.67","Support tickets, last 3 mo = 1",Coupons/month (history) = 0.20,Active (bought Jan-Mar 2024),0
500155,0.0026,0,Low,Gold,Raleigh,2022,"Avg basket, last 3 mo = 28.02",Email-open trend = -2,Avg transactions/month (history) = 4.87,Active (bought Jan-Mar 2024),0
500205,0.0026,0,Low,Gold,Tulsa,2021,Tenure (months) = 30,Months of history = 15,Home-store price tier = Value,Active (bought Jan-Mar 2024),0
502318,0.0026,0,Low,Gold,Columbus,2024,City = Columbus,"Transactions/month, prior 3 mo = n/a",Transaction trend (last vs prior qtr) = n/a,Active (bought Jan-Mar 2024),0
501328,0.0026,0,Low,Platinum,Tulsa,2021,Tenure (months) = 29,"Emails opened/month, last 3 mo = 0.33",App session trend = -1.00,Active (bought Jan-Mar 2024),0
500525,0.0025,0,Low,Gold,Spokane,2021,Tenure (months) = 32,Avg spend/month (history) = 168.17,"Support tickets, last 3 mo = 1",Active (bought Jan-Mar 2024),0
500206,0.0025,0,Low,Gold,Raleigh,2022,Avg spend/month (history) = 212.70,City = Raleigh,"Support tickets, last 3 mo = 1",Active (bought Jan-Mar 2024),0
500097,0.0025,0,Low,Silver,Portland,2021,"Transactions, last month = 3",Tenure (months) = 36,Spend volatility = 0.68,Active (bought Jan-Mar 2024),0
500563,0.0025,0,Low,Silver,Raleigh,2023,"App sessions/month, last 3 mo = 0",City = Raleigh,Spend volatility = 0.63,Active (bought Jan-Mar 2024),0
501559,0.0025,0,Low,Gold,Columbus,2023,"Transactions, last month = 3",City = Columbus,Transaction trend (last vs prior qtr) = n/a,Active (bought Jan-Mar 2024),0
500078,0.0025,0,Low,Platinum,Boise,2022,"Transactions/month, last 3 mo = 2","Transactions, last month = 3",Spend volatility = 0.76,Active (bought Jan-Mar 2024),0
500939,0.0025,0,Low,Gold,Austin,2022,"Avg basket, last 3 mo = 27.49","Emails opened/month, last 3 mo = 0",City = Austin,Active (bought Jan-Mar 2024),0
500345,0.0025,0,Low,Silver,Denver,2023,Spend trend % = 3.60,City = Denver,Spend volatility = 0.50,Active (bought Jan-Mar 2024),0
500352,0.0025,0,Low,Silver,Portland,2023,"Transactions, last month = 3","Categories bought, last 3 mo = 1",Age = 38,Active (bought Jan-Mar 2024),0
501255,0.0025,0,Low,Gold,Austin,2021,Tenure (months) = 33,City = Austin,Months of history = 15,Active (bought Jan-Mar 2024),0
501134,0.0025,0,Low,Gold,Columbus,2023,"Emails opened/month, last 3 mo = 0",Avg spend/month (history) = 167.79,City = Columbus,Active (bought Jan-Mar 2024),0
501466,0.0025,0,Low,Silver,Boise,2023,"Emails opened/month, last 3 mo = 0","Transactions, last month = 3","Support tickets, last 6 mo = 2",Active (bought Jan-Mar 2024),0
500824,0.0025,0,Low,Silver,Denver,2022,"Transactions, last month = 3","Avg basket, last 3 mo = 26.10",Transaction trend (last vs prior qtr) = -5.33,Active (bought Jan-Mar 2024),0
501006,0.0025,0,Low,Platinum,Spokane,2022,"Support tickets, last 3 mo = 1","Support tickets, last 6 mo = 2",Avg spend/month (history) = 221.06,Active (bought Jan-Mar 2024),0
500554,0.0025,0,Low,Platinum,Portland,2021,Tenure (months) = 34,Avg spend/month (history) = 171.88,"Support tickets, last 3 mo = 1",Active (bought Jan-Mar 2024),0
502471,0.0025,0,Low,Silver,Boise,2022,Spend volatility = 0.66,Email-open trend = -1.67,Avg transactions/month (history) = 4.07,Active (bought Jan-Mar 2024),0
500083,0.0024,0,Low,Gold,Portland,2021,"Transactions, last month = 3",Avg spend/month (history) = 160.15,Home-store price tier = Value,Active (bought Jan-Mar 2024),0
501726,0.0024,0,Low,Silver,Nashville,2021,"App sessions/month, last 3 mo = 0.67",Tenure (months) = 35,Months of history = 15,Active (bought Jan-Mar 2024),0
502445,0.0024,0,Low,Gold,Tulsa,2021,Tenure (months) = 31,Home-store price tier = Value,Avg spend/month (history) = 201.72,Active (bought Jan-Mar 2024),0
501657,0.0024,0,Low,Gold,Portland,2023,"App sessions/month, last 3 mo = 0.33",Email-open trend = -1.67,Spend trend % = 0.88,Active (bought Jan-Mar 2024),0
500587,0.0024,0,Low,Gold,Columbus,2021,City = Columbus,Tenure (months) = 31,Months of history = 15,Active (bought Jan-Mar 2024),0
500443,0.0024,0,Low,Silver,Portland,2023,"Emails opened/month, last 3 mo = 0.33",Spend volatility = 0.80,"Transactions/month, last 3 mo = 2.67",Active (bought Jan-Mar 2024),0
502390,0.0023,0,Low,Gold,Portland,2023,"Transactions, last month = 3","Categories bought, last 3 mo = 1.33",App session trend = -1.67,Active (bought Jan-Mar 2024),0
500287,0.0023,0,Low,Gold,Madison,2021,Tenure (months) = 33,Avg spend/month (history) = 168.55,"Support tickets, last 6 mo = 2",Active (bought Jan-Mar 2024),0
502081,0.0023,0,Low,Silver,Denver,2021,"Support tickets, last 3 mo = 2",Support-ticket trend = 2,Tenure (months) = 34,Active (bought Jan-Mar 2024),0
500507,0.0023,0,Low,Silver,Boise,2022,Spend trend % = 2.19,Spend volatility = 0.68,Age = 33,Active (bought Jan-Mar 2024),0
500620,0.0023,0,Low,Gold,Columbus,2023,Promo share (history) = 0.24,City = Columbus,"Support tickets, last 3 mo = 1",Active (bought Jan-Mar 2024),0
500629,0.0023,0,Low,Gold,Columbus,2021,City = Columbus,Tenure (months) = 31,"Transactions/month, last 3 mo = 3",Active (bought Jan-Mar 2024),0
502127,0.0023,0,Low,Silver,Spokane,2023,"Transactions, last month = 3",Home-store price tier = Value,"Promo share, last 3 mo = 0.40",Active (bought Jan-Mar 2024),0
501923,0.0023,0,Low,Silver,Columbus,2023,"Support tickets, last 3 mo = 3","Emails opened/month, last 3 mo = 0",Support-ticket trend = 2,Active (bought Jan-Mar 2024),0
502017,0.0022,0,Low,Silver,Raleigh,2022,"App sessions/month, last 3 mo = 0.67",City = Raleigh,Months of history = 15,Active (bought Jan-Mar 2024),0
500304,0.0022,0,Low,Platinum,Nashville,2022,Spend volatility = 0.73,"Emails opened/month, last 3 mo = 0.33",Avg spend/month (history) = 193.62,Active (bought Jan-Mar 2024),0
501054,0.0022,0,Low,Gold,Columbus,2023,"Emails opened/month, last 3 mo = 0.33",City = Columbus,Avg spend/month (history) = 208.47,Active (bought Jan-Mar 2024),0
501133,0.0022,0,Low,Silver,Portland,2023,"Transactions, last month = 2",Avg spend/month (history) = 202.03,Home-store price tier = Value,Active (bought Jan-Mar 2024),0
502309,0.0022,0,Low,Gold,Austin,2021,Tenure (months) = 30,City = Austin,"Support tickets, last 3 mo = 1",Active (bought Jan-Mar 2024),0
502449,0.0022,0,Low,Silver,Columbus,2021,Months of history = 15,City = Columbus,App session trend = -2.33,Active (bought Jan-Mar 2024),0
501474,0.0022,0,Low,Silver,Portland,2022,"Transactions, last month = 3",Spend volatility = 0.57,Home-store price tier = Value,Active (bought Jan-Mar 2024),0
500318,0.0022,0,Low,Silver,Tulsa,2021,Tenure (months) = 34,"Support tickets, last 6 mo = 2",Months of history = 15,Active (bought Jan-Mar 2024),0
500757,0.0022,0,Low,Gold,Madison,2022,"Emails opened/month, last 3 mo = 0.33","Support tickets, last 3 mo = 1",Months of history = 15,Active (bought Jan-Mar 2024),0
500898,0.0022,0,Low,Silver,Spokane,2021,Tenure (months) = 35,"Support tickets, last 3 mo = 1",Months of history = 15,Active (bought Jan-Mar 2024),0
501601,0.0022,0,Low,Silver,Tulsa,2022,Promo share (history) = 0.24,"Transactions, last month = 3",Months of history = 15,Active (bought Jan-Mar 2024),0
501290,0.0022,0,Low,Silver,Boise,2024,"App sessions/month, last 3 mo = 0","Emails opened/month, last 3 mo = 0","Coupons redeemed/month, last 3 mo = 0",Active (bought Jan-Mar 2024),0
501063,0.0022,0,Low,Silver,Tulsa,2022,"Emails opened/month, last 3 mo = 0","Transactions, last month = 3",Avg transactions/month (history) = 4.93,Active (bought Jan-Mar 2024),0
500500,0.0022,0,Low,Silver,Denver,2021,Tenure (months) = 33,City = Denver,Age = 35,Active (bought Jan-Mar 2024),0
500638,0.0022,0,Low,Silver,Austin,2023,"Transactions, last month = 3",City = Austin,Age = 47,Active (bought Jan-Mar 2024),0
501465,0.0022,0,Low,Gold,Denver,2023,Avg spend/month (history) = 163.04,Months of history = 14,Age = 35,Active (bought Jan-Mar 2024),0
502332,0.0022,0,Low,Silver,Spokane,2021,"Transactions, last month = 3",Tenure (months) = 34,Months of history = 15,Active (bought Jan-Mar 2024),0
500963,0.0022,0,Low,Silver,Madison,2023,"Transactions, last month = 3",Email-open trend = -2.33,"Coupons redeemed/month, last 3 mo = 0",Active (bought Jan-Mar 2024),0
500489,0.0021,0,Low,Gold,Columbus,2021,"Emails opened/month, last 3 mo = 0",Tenure (months) = 35,"Promo share, last 3 mo = 0.44",Active (bought Jan-Mar 2024),0
501509,0.0021,0,Low,Silver,Spokane,2021,Tenure (months) = 32,Months of history = 15,Spend trend % = 0.84,Active (bought Jan-Mar 2024),0
500343,0.0021,0,Low,Silver,Madison,2021,Tenure (months) = 31,"Support tickets, last 3 mo = 1",Home-store price tier = Value,Active (bought Jan-Mar 2024),0
502119,0.0021,0,Low,Gold,Raleigh,2023,City = Raleigh,Spend volatility = 0.61,Months of history = 14,Active (bought Jan-Mar 2024),0
502446,0.0021,0,Low,Silver,Tulsa,2024,"Transactions, last month = 3","Transactions/month, last 3 mo = 3",Preferred category = Bakery,Active (bought Jan-Mar 2024),0
502135,0.0021,0,Low,Silver,Denver,2023,Spend volatility = 0.52,City = Denver,Age = 52,Active (bought Jan-Mar 2024),0
500809,0.0021,0,Low,Gold,Spokane,2022,"Emails opened/month, last 3 mo = 0.33",Home-store price tier = Value,"Categories bought, last 3 mo = 1",Active (bought Jan-Mar 2024),0
501775,0.0021,0,Low,Gold,Raleigh,2022,City = Raleigh,"Emails opened/month, last 3 mo = 0.33",Spend volatility = 0.58,Active (bought Jan-Mar 2024),0
500512,0.0021,0,Low,Silver,Raleigh,2021,Promo share (history) = 0.24,"Emails opened/month, last 3 mo = 0",Tenure (months) = 37,Active (bought Jan-Mar 2024),0
501655,0.0021,0,Low,Silver,Tulsa,2022,"Emails opened/month, last 3 mo = 0","Transactions/month, last 3 mo = 2.50","Transactions, last month = 3",Active (bought Jan-Mar 2024),0
500391,0.0021,0,Low,Silver,Raleigh,2023,Promo share (history) = 0.24,City = Raleigh,"Spend/month, prior 3 mo = 40.18",Active (bought Jan-Mar 2024),0
500838,0.0021,0,Low,Gold,Nashville,2021,"Emails opened/month, last 3 mo = 0",Promo share (history) = 0.23,App session trend = -2,Active (bought Jan-Mar 2024),0
501224,0.002,0,Low,Silver,Austin,2023,Promo share (history) = 0.24,"Support tickets, last 3 mo = 1",City = Austin,Active (bought Jan-Mar 2024),0
500434,0.002,0,Low,Silver,Austin,2024,Spend volatility = 0.14,City = Austin,"Emails opened/month, last 3 mo = 0.50",Active (bought Jan-Mar 2024),0
500753,0.002,0,Low,Silver,Nashville,2023,"Emails opened/month, last 3 mo = 0",Coupons/month (history) = 0.25,"Support tickets, last 3 mo = 1",Active (bought Jan-Mar 2024),0
500655,0.002,0,Low,Silver,Columbus,2021,"Support tickets, last 3 mo = 2",City = Columbus,Tenure (months) = 35,Active (bought Jan-Mar 2024),0
502045,0.002,0,Low,Silver,Denver,2021,Tenure (months) = 30,"Emails opened/month, last 3 mo = 0",Months of history = 15,Active (bought Jan-Mar 2024),0
500812,0.002,0,Low,Gold,Denver,2022,"Support tickets, last 3 mo = 2",Support-ticket trend = 2,"Support tickets, last 6 mo = 2",Active (bought Jan-Mar 2024),0
500857,0.002,0,Low,Silver,Austin,2021,"Avg basket, last 3 mo = 27.64",Tenure (months) = 35,City = Austin,Active (bought Jan-Mar 2024),0
500003,0.002,0,Low,Gold,Tulsa,2021,"Support tickets, last 3 mo = 2",Tenure (months) = 36,Support-ticket trend = 2,Active (bought Jan-Mar 2024),0
502061,0.002,0,Low,Silver,Raleigh,2021,"Transactions, last month = 3",Tenure (months) = 37,City = Raleigh,Active (bought Jan-Mar 2024),0
501094,0.002,0,Low,Silver,Tulsa,2021,"Support tickets, last 3 mo = 2",Support-ticket trend = 2,Tenure (months) = 34,Active (bought Jan-Mar 2024),0
501075,0.002,0,Low,Gold,Portland,2021,Tenure (months) = 36,Transaction trend (last vs prior qtr) = -4.33,Email-open trend = -0.33,Active (bought Jan-Mar 2024),0
500732,0.002,0,Low,Gold,Austin,2021,Tenure (months) = 36,City = Austin,"Avg basket, last 3 mo = 26.28",Active (bought Jan-Mar 2024),0
501311,0.002,0,Low,Silver,Raleigh,2024,"Emails opened/month, last 3 mo = 0",City = Raleigh,Transaction trend (last vs prior qtr) = n/a,Active (bought Jan-Mar 2024),0
501799,0.002,0,Low,Gold,Austin,2022,"Emails opened/month, last 3 mo = 0","Transactions, last month = 3",Months of history = 15,Active (bought Jan-Mar 2024),0
500480,0.002,0,Low,Silver,Raleigh,2021,"Support tickets, last 3 mo = 2",Tenure (months) = 30,"Support tickets, last 6 mo = 2",Active (bought Jan-Mar 2024),0
500960,0.0019,0,Low,Silver,Nashville,2022,"Support tickets, last 3 mo = 2","Support tickets, last 6 mo = 3",Months of history = 15,Active (bought Jan-Mar 2024),0
502226,0.0019,0,Low,Silver,Nashville,2022,Spend volatility = 0.55,"Emails opened/month, last 3 mo = 0.33",Months of history = 15,Active (bought Jan-Mar 2024),0
500081,0.0019,0,Low,Silver,Denver,2022,"Support tickets, last 3 mo = 1","Support tickets, last 6 mo = 2",Avg spend/month (history) = 181.46,Active (bought Jan-Mar 2024),0
501725,0.0019,0,Low,Gold,Columbus,2021,Promo share (history) = 0.24,City = Columbus,Months of history = 15,Active (bought Jan-Mar 2024),0
500747,0.0019,0,Low,Gold,Denver,2023,"Transactions, last month = 3",Avg spend/month (history) = 166.45,Coupons/month (history) = 0.29,Active (bought Jan-Mar 2024),0
501898,0.0019,0,Low,Silver,Tulsa,2024,"App sessions/month, last 3 mo = 0","Categories bought, last 3 mo = 1",Avg spend/month (history) = 161.08,Active (bought Jan-Mar 2024),0
500731,0.0019,0,Low,Silver,Nashville,2023,Avg spend/month (history) = 162.41,"Promo share, last 3 mo = 0.35",Avg transactions/month (history) = 4.33,Active (bought Jan-Mar 2024),0
500350,0.0019,0,Low,Silver,Denver,2021,Promo share (history) = 0.25,Tenure (months) = 29,Age = 37,Active (bought Jan-Mar 2024),0
500553,0.0019,0,Low,Silver,Denver,2023,Promo share (history) = 0.24,City = Denver,Marketing opt-in = 1,Active (bought Jan-Mar 2024),0
500023,0.0019,0,Low,Silver,Raleigh,2022,Promo share (history) = 0.25,City = Raleigh,App session trend = -2.67,Active (bought Jan-Mar 2024),0
502090,0.0019,0,Low,Silver,Spokane,2024,"Transactions, last month = 3","Transactions/month, last 3 mo = 3","Transactions/month, prior 3 mo = n/a",Active (bought Jan-Mar 2024),0
502234,0.0019,0,Low,Silver,Portland,2022,Avg spend/month (history) = 169.54,"Support tickets, last 3 mo = 1","Avg basket, last 3 mo = 26.29",Active (bought Jan-Mar 2024),0
501963,0.0019,0,Low,Silver,Denver,2023,"Emails opened/month, last 3 mo = 0",Months of history = 13,Avg transactions/month (history) = 3.69,Active (bought Jan-Mar 2024),0
501876,0.0019,0,Low,Silver,Raleigh,2021,Tenure (months) = 29,City = Raleigh,"Support tickets, last 3 mo = 1",Active (bought Jan-Mar 2024),0
501889,0.0019,0,Low,Gold,Tulsa,2023,"Transactions, last month = 1",Home-store price tier = Value,Avg spend/month (history) = 253.41,Active (bought Jan-Mar 2024),0
501415,0.0019,0,Low,Silver,Portland,2023,"Transactions, last month = 3",Email-open trend = -1.67,"Transactions/month, last 3 mo = 3",Active (bought Jan-Mar 2024),0
501742,0.0018,0,Low,Gold,Madison,2022,"Transactions/month, last 3 mo = 3",Avg spend/month (history) = 198.80,Home-store price tier = Value,Active (bought Jan-Mar 2024),0
500216,0.0018,0,Low,Gold,Madison,2022,Avg spend/month (history) = 196.55,"Categories bought, last 3 mo = 1.33",Avg transactions/month (history) = 4.73,Active (bought Jan-Mar 2024),0
502233,0.0018,0,Low,Silver,Denver,2023,"Avg basket, last 3 mo = 28.30",Spend volatility = 0.92,"Promo share, last 3 mo = 0.51",Active (bought Jan-Mar 2024),0
501340,0.0018,0,Low,Platinum,Spokane,2022,"App sessions/month, last 3 mo = 0.67","Categories bought, last 3 mo = 1.33",Months of history = 15,Active (bought Jan-Mar 2024),0
500015,0.0018,0,Low,Platinum,Raleigh,2023,City = Raleigh,Transaction trend (last vs prior qtr) = -3.33,Spend volatility = 0.53,Active (bought Jan-Mar 2024),0
502568,0.0018,0,Low,Silver,Boise,2022,"Transactions/month, last 3 mo = 2","Transactions, last month = 3",Spend volatility = 0.70,Active (bought Jan-Mar 2024),0
500472,0.0018,0,Low,Platinum,Nashville,2022,"Transactions, last month = 3","Categories bought, last 3 mo = 1.33","Transactions/month, last 3 mo = 3",Active (bought Jan-Mar 2024),0
502427,0.0018,0,Low,Gold,Tulsa,2022,"Support tickets, last 3 mo = 2",Promo share (history) = 0.24,"Support tickets, last 6 mo = 3",Active (bought Jan-Mar 2024),0
500410,0.0018,0,Low,Silver,Austin,2024,"Emails opened/month, last 3 mo = 0",Spend volatility = 0.76,City = Austin,Active (bought Jan-Mar 2024),0
501848,0.0018,0,Low,Gold,Raleigh,2023,"Emails opened/month, last 3 mo = 0",City = Raleigh,Spend volatility = 0.56,Active (bought Jan-Mar 2024),0
500382,0.0018,0,Low,Silver,Spokane,2023,"Transactions, last month = 2",Age = 40,Avg spend/month (history) = 173.93,Active (bought Jan-Mar 2024),0
500953,0.0018,0,Low,Silver,Boise,2023,"Emails opened/month, last 3 mo = 0.33","Support tickets, last 3 mo = 1","Support tickets, last 6 mo = 2",Active (bought Jan-Mar 2024),0
502385,0.0018,0,Low,Silver,Spokane,2021,"Transactions, last month = 3","Support tickets, last 6 mo = 2",Age = 45,Active (bought Jan-Mar 2024),0
501111,0.0018,0,Low,Gold,Portland,2023,Promo share (history) = 0.24,"Support tickets, last 3 mo = 1",Avg spend/month (history) = 162.79,Active (bought Jan-Mar 2024),0
500210,0.0018,0,Low,Gold,Raleigh,2023,"Transactions, last month = 3",City = Raleigh,"Categories bought, last 3 mo = 1",Active (bought Jan-Mar 2024),0
502328,0.0018,0,Low,Silver,Spokane,2021,"Emails opened/month, last 3 mo = 0.33",Tenure (months) = 33,Avg spend/month (history) = 161.40,Active (bought Jan-Mar 2024),0
500446,0.0018,0,Low,Gold,Boise,2023,Transaction trend (last vs prior qtr) = -6.67,"Transactions, last month = 3","Support tickets, last 3 mo = 1",Active (bought Jan-Mar 2024),0
500412,0.0017,0,Low,Silver,Tulsa,2023,"App sessions/month, last 3 mo = 0.67","Promo share, last 3 mo = 0.48",App session trend = -2,Active (bought Jan-Mar 2024),0
500717,0.0017,0,Low,Silver,Raleigh,2023,"Emails opened/month, last 3 mo = 0",City = Raleigh,Months of history = 14,Active (bought Jan-Mar 2024),0
501801,0.0017,0,Low,Platinum,Boise,2023,"Support tickets, last 3 mo = 1","Avg basket, last 3 mo = 48.33",Coupons/month (history) = 0.33,Active (bought Jan-Mar 2024),0
500490,0.0017,0,Low,Silver,Raleigh,2021,City = Raleigh,Age = 39,Spend volatility = 0.57,Active (bought Jan-Mar 2024),0
501514,0.0017,0,Low,Platinum,Raleigh,2022,City = Raleigh,"Emails opened/month, last 3 mo = 0.33","Support tickets, last 3 mo = 1",Active (bought Jan-Mar 2024),0
500616,0.0017,0,Low,Gold,Austin,2021,City = Austin,Spend volatility = 0.74,Tenure (months) = 34,Active (bought Jan-Mar 2024),0
501379,0.0017,0,Low,Gold,Portland,2022,"Support tickets, last 6 mo = 3",Avg spend/month (history) = 161.59,"Support tickets, last 3 mo = 1",Active (bought Jan-Mar 2024),0
501702,0.0017,0,Low,Gold,Portland,2023,Spend volatility = 0.18,Age = 48,Transaction trend (last vs prior qtr) = -2.33,Active (bought Jan-Mar 2024),0
501178,0.0017,0,Low,Silver,Portland,2022,"Emails opened/month, last 3 mo = 0.33",Preferred category = Personal Care,Avg spend/month (history) = 158.67,Active (bought Jan-Mar 2024),0
501373,0.0017,0,Low,Silver,Portland,2022,Promo share (history) = 0.24,"Categories bought, last 3 mo = 0.67","Emails opened/month, last 3 mo = 0.33",Active (bought Jan-Mar 2024),0
502547,0.0017,0,Low,Platinum,Nashville,2023,"App sessions/month, last 3 mo = 0.33","Emails opened/month, last 3 mo = 0",Avg transactions/month (history) = 4.62,Active (bought Jan-Mar 2024),0
502432,0.0017,0,Low,Gold,Boise,2023,Spend volatility = 0.12,Preferred category = Bakery,Avg transactions/month (history) = 4.80,Active (bought Jan-Mar 2024),0
502219,0.0017,0,Low,Silver,Raleigh,2023,City = Raleigh,Spend volatility = 0.57,"Promo share, last 3 mo = 0.43",Active (bought Jan-Mar 2024),0
501720,0.0017,0,Low,Platinum,Austin,2024,City = Austin,"Emails opened/month, last 3 mo = 0.50",Transaction trend (last vs prior qtr) = n/a,Active (bought Jan-Mar 2024),0
501674,0.0016,0,Low,Silver,Raleigh,2022,City = Raleigh,"Transactions/month, last 3 mo = 3","Avg basket, last 3 mo = 26.98",Active (bought Jan-Mar 2024),0
501333,0.0016,0,Low,Gold,Portland,2022,"App sessions/month, last 3 mo = 0.67",Preferred category = Bakery,Age = 42,Active (bought Jan-Mar 2024),0
501193,0.0016,0,Low,Platinum,Denver,2021,Tenure (months) = 33,Months of history = 15,"Coupons redeemed/month, last 3 mo = 0",Active (bought Jan-Mar 2024),0
500726,0.0016,0,Low,Silver,Tulsa,2023,Spend volatility = 0.12,"Support tickets, last 3 mo = 1",Coupons/month (history) = 0.25,Active (bought Jan-Mar 2024),0
502118,0.0016,0,Low,Silver,Austin,2021,Tenure (months) = 35,City = Austin,Avg spend/month (history) = 160.88,Active (bought Jan-Mar 2024),0
500709,0.0016,0,Low,Gold,Raleigh,2023,City = Raleigh,"Support tickets, last 3 mo = 1",Email-open trend = -1.67,Active (bought Jan-Mar 2024),0
500088,0.0016,0,Low,Silver,Austin,2023,"Transactions, last month = 2",City = Austin,Age = 53,Active (bought Jan-Mar 2024),0
501017,0.0016,0,Low,Silver,Raleigh,2024,"App sessions/month, last 3 mo = 0",City = Raleigh,"Promo share, last 3 mo = 0.60",Active (bought Jan-Mar 2024),0
500550,0.0016,0,Low,Platinum,Denver,2023,"Support tickets, last 3 mo = 1","Emails opened/month, last 3 mo = 0.33",Months of history = 13,Active (bought Jan-Mar 2024),0
501787,0.0016,0,Low,Gold,Portland,2022,"Transactions, last month = 3","Emails opened/month, last 3 mo = 0.33",Spend trend % = 1.58,Active (bought Jan-Mar 2024),0
501809,0.0016,0,Low,Silver,Madison,2023,"Transactions, last month = 2","Emails opened/month, last 3 mo = 0",Avg spend/month (history) = 182.16,Active (bought Jan-Mar 2024),0
500364,0.0016,0,Low,Silver,Madison,2023,"Support tickets, last 3 mo = 1",Avg spend/month (history) = 159.66,Transaction trend (last vs prior qtr) = -3.00,Active (bought Jan-Mar 2024),0
501241,0.0016,0,Low,Silver,Boise,2021,Tenure (months) = 31,"Support tickets, last 6 mo = 2","Support tickets, last 3 mo = 1",Active (bought Jan-Mar 2024),0
502585,0.0016,0,Low,Gold,Portland,2023,Avg spend/month (history) = 240.33,Months of history = 13,Age = 32,Active (bought Jan-Mar 2024),0
501977,0.0016,0,Low,Silver,Denver,2022,"Emails opened/month, last 3 mo = 0.33",Avg spend/month (history) = 184.30,Months of history = 15,Active (bought Jan-Mar 2024),0
500497,0.0016,0,Low,Gold,Madison,2023,"Transactions, last month = 2",Avg transactions/month (history) = 4.57,Avg spend/month (history) = 178.13,Active (bought Jan-Mar 2024),0
501677,0.0016,0,Low,Silver,Denver,2022,"Support tickets, last 3 mo = 1","Emails opened/month, last 3 mo = 0.33",Months of history = 15,Active (bought Jan-Mar 2024),0
502488,0.0016,0,Low,Silver,Tulsa,2023,"Transactions/month, last 3 mo = 2.33","Transactions, last month = 3",Coupons/month (history) = 0.30,Active (bought Jan-Mar 2024),0
502098,0.0015,0,Low,Gold,Raleigh,2023,City = Raleigh,Avg spend/month (history) = 174.39,Promo share (history) = 0.21,Active (bought Jan-Mar 2024),0
502321,0.0015,0,Low,Silver,Austin,2021,"Support tickets, last 3 mo = 2","Support tickets, last 6 mo = 4",Avg spend/month (history) = 232.38,Active (bought Jan-Mar 2024),0
502137,0.0015,0,Low,Silver,Tulsa,2023,"Support tickets, last 3 mo = 3","Emails opened/month, last 3 mo = 0",Support-ticket trend = 3,Active (bought Jan-Mar 2024),0
501236,0.0015,0,Low,Silver,Austin,2023,"Support tickets, last 6 mo = 2",City = Austin,"Support tickets, last 3 mo = 1",Active (bought Jan-Mar 2024),0
502335,0.0015,0,Low,Silver,Boise,2022,"Support tickets, last 3 mo = 1","Emails opened/month, last 3 mo = 0.33",Age = 43,Active (bought Jan-Mar 2024),0
501402,0.0015,0,Low,Silver,Raleigh,2023,City = Raleigh,"Emails opened/month, last 3 mo = 0.33",Months of history = 12,Active (bought Jan-Mar 2024),0
500830,0.0015,0,Low,Silver,Austin,2022,"Support tickets, last 3 mo = 1","Transactions/month, last 3 mo = 3",City = Austin,Active (bought Jan-Mar 2024),0
501628,0.0015,0,Low,Silver,Boise,2023,Email-open trend = -2.33,Home-store price tier = Value,Avg transactions/month (history) = 4.60,Active (bought Jan-Mar 2024),0
500817,0.0015,0,Low,Gold,Tulsa,2023,"Emails opened/month, last 3 mo = 0.33",Spend volatility = 0.57,Avg transactions/month (history) = 4.67,Active (bought Jan-Mar 2024),0
500029,0.0015,0,Low,Silver,Denver,2022,"Support tickets, last 3 mo = 1","Emails opened/month, last 3 mo = 0.33",Spend volatility = 0.57,Active (bought Jan-Mar 2024),0
502499,0.0015,0,Low,Silver,Columbus,2021,Tenure (months) = 32,"Avg basket, last 3 mo = 27.94",City = Columbus,Active (bought Jan-Mar 2024),0
500476,0.0015,0,Low,Silver,Spokane,2022,"App sessions/month, last 3 mo = 0.67",Age = 44,Months of history = 15,Active (bought Jan-Mar 2024),0
501797,0.0015,0,Low,Platinum,Columbus,2021,City = Columbus,Months of history = 15,"Emails opened/month, last 3 mo = 0.33",Active (bought Jan-Mar 2024),0
502372,0.0015,0,Low,Silver,Columbus,2022,"Support tickets, last 6 mo = 2","Support tickets, last 3 mo = 1",City = Columbus,Active (bought Jan-Mar 2024),0
501226,0.0015,0,Low,Silver,Boise,2021,"App sessions/month, last 3 mo = 0.67",App session trend = -2.33,Avg spend/month (history) = 170.99,Active (bought Jan-Mar 2024),0
500535,0.0015,0,Low,Silver,Columbus,2023,City = Columbus,"Support tickets, last 3 mo = 1",Months of history = 12,Active (bought Jan-Mar 2024),0
500168,0.0015,0,Low,Gold,Boise,2022,"Transactions, last month = 3",Email-open trend = -1.83,Preferred category = Personal Care,Active (bought Jan-Mar 2024),0
501283,0.0015,0,Low,Silver,Tulsa,2022,Promo share (history) = 0.24,"Emails opened/month, last 3 mo = 0",Home-store price tier = Value,Active (bought Jan-Mar 2024),0
501041,0.0015,0,Low,Silver,Raleigh,2021,Promo share (history) = 0.24,Tenure (months) = 35,City = Raleigh,Active (bought Jan-Mar 2024),0
500479,0.0015,0,Low,Silver,Portland,2022,"Transactions, last month = 3",Spend volatility = 0.67,Avg spend/month (history) = 152.48,Active (bought Jan-Mar 2024),0
501201,0.0015,0,Low,Silver,Raleigh,2021,"Emails opened/month, last 3 mo = 0",Tenure (months) = 34,City = Raleigh,Active (bought Jan-Mar 2024),0
502306,0.0015,0,Low,Platinum,Madison,2021,Tenure (months) = 34,"Avg basket, last 3 mo = 61.02",Months of history = 15,Active (bought Jan-Mar 2024),0
501731,0.0015,0,Low,Silver,Boise,2022,"Avg basket, last 3 mo = 26.55","Coupons redeemed/month, last 3 mo = 0",Avg transactions/month (history) = 3.54,Active (bought Jan-Mar 2024),0
502109,0.0015,0,Low,Gold,Portland,2021,"Transactions, last month = 2","Support tickets, last 3 mo = 1",Tenure (months) = 34,Active (bought Jan-Mar 2024),0
500312,0.0015,0,Low,Silver,Columbus,2022,Promo share (history) = 0.25,City = Columbus,"Support tickets, last 3 mo = 1",Active (bought Jan-Mar 2024),0
501888,0.0015,0,Low,Silver,Boise,2024,"Support tickets, last 3 mo = 1",Transaction trend (last vs prior qtr) = n/a,Preferred category = Personal Care,Active (bought Jan-Mar 2024),0
501389,0.0014,0,Low,Gold,Nashville,2021,Tenure (months) = 29,Months of history = 15,Age = 40,Active (bought Jan-Mar 2024),0
500171,0.0014,0,Low,Silver,Spokane,2023,"Transactions, last month = 3","Categories bought, last 3 mo = 1","Emails opened/month, last 3 mo = 0.33",Active (bought Jan-Mar 2024),0
501598,0.0014,0,Low,Gold,Columbus,2023,City = Columbus,Spend volatility = 0.52,Age = 53,Active (bought Jan-Mar 2024),0
500491,0.0014,0,Low,Silver,Tulsa,2021,Tenure (months) = 30,"Emails opened/month, last 3 mo = 0.33",Months of history = 15,Active (bought Jan-Mar 2024),0
501119,0.0014,0,Low,Gold,Nashville,2022,"Transactions, last month = 3",Transaction trend (last vs prior qtr) = -3.33,Months of history = 15,Active (bought Jan-Mar 2024),0
501456,0.0014,0,Low,Silver,Austin,2023,Avg spend/month (history) = 166.79,"Emails opened/month, last 3 mo = 0.33",Months of history = 14,Active (bought Jan-Mar 2024),0
501144,0.0014,0,Low,Gold,Tulsa,2022,"Transactions, last month = 2","Emails opened/month, last 3 mo = 0",App session trend = -3.67,Active (bought Jan-Mar 2024),0
501858,0.0014,0,Low,Silver,Boise,2023,"Emails opened/month, last 3 mo = 0",Avg spend/month (history) = 197.27,App session trend = -2.67,Active (bought Jan-Mar 2024),0
500301,0.0014,0,Low,Silver,Portland,2021,"Emails opened/month, last 3 mo = 0.33",Tenure (months) = 35,"Support tickets, last 3 mo = 1",Active (bought Jan-Mar 2024),0
500482,0.0014,0,Low,Silver,Spokane,2022,Promo share (history) = 0.25,"Support tickets, last 3 mo = 1",Avg spend/month (history) = 159.76,Active (bought Jan-Mar 2024),0
502419,0.0014,0,Low,Gold,Austin,2022,"Emails opened/month, last 3 mo = 0",Avg spend/month (history) = 202.87,Months of history = 15,Active (bought Jan-Mar 2024),0
502203,0.0014,0,Low,Gold,Raleigh,2021,Tenure (months) = 33,City = Raleigh,Months of history = 15,Active (bought Jan-Mar 2024),0
502481,0.0014,0,Low,Gold,Boise,2023,"Transactions, last month = 2",Avg spend/month (history) = 171.42,Age = 49,Active (bought Jan-Mar 2024),0
500319,0.0014,0,Low,Gold,Raleigh,2021,"Support tickets, last 3 mo = 2",Tenure (months) = 31,City = Raleigh,Active (bought Jan-Mar 2024),0
500180,0.0013,0,Low,Platinum,Spokane,2023,"Avg basket, last 3 mo = 50.31",Months of history = 12,Age = 40,Active (bought Jan-Mar 2024),0
501565,0.0013,0,Low,Silver,Austin,2021,Tenure (months) = 30,Spend volatility = 0.54,City = Austin,Active (bought Jan-Mar 2024),0
500181,0.0013,0,Low,Gold,Spokane,2023,"Transactions, last month = 2","Emails opened/month, last 3 mo = 0.33",Spend volatility = 0.61,Active (bought Jan-Mar 2024),0
501183,0.0013,0,Low,Silver,Tulsa,2023,"Emails opened/month, last 3 mo = 0","Support tickets, last 3 mo = 1",Support-ticket trend = 1,Active (bought Jan-Mar 2024),0
500408,0.0013,0,Low,Silver,Tulsa,2022,"Avg basket, last 3 mo = 28.00",Spend volatility = 0.51,Months of history = 15,Active (bought Jan-Mar 2024),0
501933,0.0013,0,Low,Silver,Tulsa,2021,Tenure (months) = 35,Age = 37,Coupons/month (history) = 0.29,Active (bought Jan-Mar 2024),0
502513,0.0013,0,Low,Platinum,Tulsa,2021,Tenure (months) = 29,"Categories bought, last 3 mo = 1.33",Avg transactions/month (history) = 4.53,Active (bought Jan-Mar 2024),0
501955,0.0013,0,Low,Silver,Nashville,2023,Home-store price tier = Value,Age = 50,Transaction trend (last vs prior qtr) = -1.67,Active (bought Jan-Mar 2024),0
501675,0.0013,0,Low,Gold,Portland,2021,"Transactions, last month = 3",Tenure (months) = 33,Months of history = 15,Active (bought Jan-Mar 2024),0
500098,0.0013,0,Low,Gold,Raleigh,2023,"Transactions, last month = 3",City = Raleigh,Months of history = 14,Active (bought Jan-Mar 2024),0
502238,0.0013,0,Low,Gold,Spokane,2022,Spend volatility = 0.67,Months of history = 15,Tenure (months) = 26,Active (bought Jan-Mar 2024),0
500978,0.0013,0,Low,Silver,Spokane,2023,"Support tickets, last 6 mo = 3","Support tickets, last 3 mo = 1","Emails opened/month, last 3 mo = 0.33",Active (bought Jan-Mar 2024),0
500134,0.0013,0,Low,Gold,Tulsa,2022,Promo share (history) = 0.24,"Support tickets, last 3 mo = 1","Support tickets, last 6 mo = 2",Active (bought Jan-Mar 2024),0
500112,0.0013,0,Low,Silver,Madison,2021,"Emails opened/month, last 3 mo = 0",Tenure (months) = 27,Home-store price tier = Value,Active (bought Jan-Mar 2024),0
501816,0.0013,0,Low,Silver,Austin,2021,Tenure (months) = 31,Months of history = 15,City = Austin,Active (bought Jan-Mar 2024),0
501642,0.0013,0,Low,Platinum,Madison,2022,Avg spend/month (history) = 161.76,Spend volatility = 0.65,"Promo share, last 3 mo = 0.43",Active (bought Jan-Mar 2024),0
501341,0.0013,0,Low,Platinum,Portland,2021,Tenure (months) = 32,Avg spend/month (history) = 264.24,Avg transactions/month (history) = 4.79,Active (bought Jan-Mar 2024),0
500662,0.0013,0,Low,Silver,Nashville,2023,Promo share (history) = 0.24,"Emails opened/month, last 3 mo = 0","Support tickets, last 3 mo = 1",Active (bought Jan-Mar 2024),0
501143,0.0013,0,Low,Platinum,Austin,2022,Months of history = 15,City = Austin,"Coupons redeemed/month, last 3 mo = 0",Active (bought Jan-Mar 2024),0
501524,0.0013,0,Low,Gold,Austin,2023,"Emails opened/month, last 3 mo = 0.33",Avg spend/month (history) = 165.07,Spend volatility = 0.15,Active (bought Jan-Mar 2024),0
501542,0.0013,0,Low,Silver,Columbus,2021,Tenure (months) = 35,City = Columbus,"Support tickets, last 3 mo = 1",Active (bought Jan-Mar 2024),0
500861,0.0013,0,Low,Silver,Raleigh,2021,Tenure (months) = 33,City = Raleigh,Months of history = 15,Active (bought Jan-Mar 2024),0
500051,0.0013,0,Low,Silver,Boise,2023,"Avg basket, last 3 mo = 27.75",Spend volatility = 0.55,Preferred category = Personal Care,Active (bought Jan-Mar 2024),0
501618,0.0013,0,Low,Silver,Madison,2022,"Support tickets, last 3 mo = 1",Avg spend/month (history) = 190.31,Spend volatility = 0.62,Active (bought Jan-Mar 2024),0
500423,0.0013,0,Low,Platinum,Boise,2022,Avg spend/month (history) = 247.29,Months of history = 15,"Avg basket, last 3 mo = 47.18",Active (bought Jan-Mar 2024),0
500831,0.0013,0,Low,Silver,Denver,2022,City = Denver,Spend trend % = 0.96,Months of history = 15,Active (bought Jan-Mar 2024),0
502296,0.0013,0,Low,Silver,Columbus,2022,Avg spend/month (history) = 168.65,"Categories bought, last 3 mo = 1",City = Columbus,Active (bought Jan-Mar 2024),0
501280,0.0013,0,Low,Gold,Denver,2021,Tenure (months) = 32,Spend volatility = 0.71,City = Denver,Active (bought Jan-Mar 2024),0
500863,0.0013,0,Low,Gold,Austin,2022,"Emails opened/month, last 3 mo = 0",Months of history = 15,City = Austin,Active (bought Jan-Mar 2024),0
500595,0.0013,0,Low,Silver,Denver,2023,Avg spend/month (history) = 167.69,Email-open trend = -1.33,Home-store price tier = Value,Active (bought Jan-Mar 2024),0
501419,0.0013,0,Low,Silver,Columbus,2022,City = Columbus,Spend volatility = 0.66,"Support tickets, last 3 mo = 1",Active (bought Jan-Mar 2024),0
500223,0.0013,0,Low,Gold,Spokane,2021,Tenure (months) = 29,Spend volatility = 0.69,App session trend = -0.67,Active (bought Jan-Mar 2024),0
501943,0.0013,0,Low,Silver,Austin,2021,"Avg basket, last 3 mo = 28.44",Months of history = 15,City = Austin,Active (bought Jan-Mar 2024),0
502271,0.0013,0,Low,Gold,Raleigh,2023,"Transactions, last month = 3",City = Raleigh,"Categories bought, last 3 mo = 0.67",Active (bought Jan-Mar 2024),0
500184,0.0013,0,Low,Gold,Nashville,2022,Avg spend/month (history) = 222.71,Months of history = 15,Home-store price tier = Value,Active (bought Jan-Mar 2024),0
500115,0.0013,0,Low,Gold,Austin,2022,City = Austin,Avg transactions/month (history) = 4.53,Months of history = 15,Active (bought Jan-Mar 2024),0
501786,0.0013,0,Low,Silver,Tulsa,2021,Tenure (months) = 35,Avg spend/month (history) = 166.79,"Emails opened/month, last 3 mo = 0.33",Active (bought Jan-Mar 2024),0
500178,0.0012,0,Low,Platinum,Spokane,2023,"Support tickets, last 3 mo = 1",Avg transactions/month (history) = 4.80,Coupons/month (history) = 0.20,Active (bought Jan-Mar 2024),0
501593,0.0012,0,Low,Silver,Boise,2021,Tenure (months) = 37,Spend volatility = 0.59,Preferred category = Bakery,Active (bought Jan-Mar 2024),0
500233,0.0012,0,Low,Gold,Madison,2023,"Transactions, last month = 3",Spend volatility = 0.55,Transaction trend (last vs prior qtr) = -3.67,Active (bought Jan-Mar 2024),0
500194,0.0012,0,Low,Gold,Tulsa,2021,Tenure (months) = 36,"Transactions, last month = 3",Age = 43,Active (bought Jan-Mar 2024),0
500266,0.0012,0,Low,Silver,Tulsa,2022,"Emails opened/month, last 3 mo = 0","Support tickets, last 3 mo = 1",Age = 32,Active (bought Jan-Mar 2024),0
502080,0.0012,0,Low,Gold,Denver,2021,"Emails opened/month, last 3 mo = 0",Tenure (months) = 34,Months of history = 15,Active (bought Jan-Mar 2024),0
501788,0.0012,0,Low,Silver,Boise,2022,"Transactions, last month = 3",Months of history = 15,Avg transactions/month (history) = 4,Active (bought Jan-Mar 2024),1
502072,0.0012,0,Low,Silver,Spokane,2021,Tenure (months) = 34,"Support tickets, last 3 mo = 1",App session trend = -1.67,Active (bought Jan-Mar 2024),0
501736,0.0012,0,Low,Silver,Portland,2021,"Support tickets, last 3 mo = 2",Tenure (months) = 33,"Support tickets, last 6 mo = 4",Active (bought Jan-Mar 2024),0
500684,0.0012,0,Low,Silver,Tulsa,2023,"Emails opened/month, last 3 mo = 0","Transactions, last month = 3","Promo share, last 3 mo = 0.49",Active (bought Jan-Mar 2024),0
500530,0.0012,0,Low,Platinum,Portland,2022,"Support tickets, last 3 mo = 1","Emails opened/month, last 3 mo = 0.33","Support tickets, last 6 mo = 2",Active (bought Jan-Mar 2024),0
502538,0.0012,0,Low,Silver,Tulsa,2021,"Support tickets, last 3 mo = 2",Tenure (months) = 30,"Avg basket, last 3 mo = 27.45",Active (bought Jan-Mar 2024),0
501088,0.0012,0,Low,Platinum,Spokane,2023,"Support tickets, last 6 mo = 2",Signup year = 2023,Avg transactions/month (history) = 3.40,Active (bought Jan-Mar 2024),0
501366,0.0012,0,Low,Gold,Boise,2021,Tenure (months) = 34,Home-store price tier = Value,Months of history = 15,Active (bought Jan-Mar 2024),0
501381,0.0012,0,Low,Gold,Portland,2022,"Emails opened/month, last 3 mo = 0",Avg transactions/month (history) = 3.93,App session trend = -1,Active (bought Jan-Mar 2024),0
501532,0.0012,0,Low,Silver,Columbus,2021,Tenure (months) = 33,City = Columbus,Months of history = 15,Active (bought Jan-Mar 2024),0
500561,0.0012,0,Low,Silver,Raleigh,2021,City = Raleigh,Tenure (months) = 34,Months of history = 15,Active (bought Jan-Mar 2024),0
500811,0.0012,0,Low,Gold,Portland,2021,Avg spend/month (history) = 212.72,Home-store price tier = Value,Preferred category = Produce,Active (bought Jan-Mar 2024),0
501020,0.0012,0,Low,Silver,Raleigh,2023,City = Raleigh,App session trend = -1.50,"Transactions/month, prior 3 mo = 2",Active (bought Jan-Mar 2024),0
501365,0.0012,0,Low,Platinum,Nashville,2022,"Transactions/month, last 3 mo = 3",Avg transactions/month (history) = 4.33,"Coupons redeemed/month, last 3 mo = 0",Active (bought Jan-Mar 2024),0
501375,0.0012,0,Low,Silver,Raleigh,2023,City = Raleigh,"Categories bought, last 3 mo = 1",Age = 58,Active (bought Jan-Mar 2024),0
501234,0.0012,0,Low,Gold,Denver,2022,"Emails opened/month, last 3 mo = 0",Months of history = 15,Avg spend/month (history) = 224.76,Active (bought Jan-Mar 2024),0
500127,0.0012,0,Low,Silver,Columbus,2024,"Emails opened/month, last 3 mo = 0",City = Columbus,Spend volatility = 0.56,Active (bought Jan-Mar 2024),0
500463,0.0012,0,Low,Gold,Boise,2021,Tenure (months) = 31,App session trend = -1.33,Avg spend/month (history) = 274.65,Active (bought Jan-Mar 2024),0
500300,0.0012,0,Low,Silver,Boise,2023,"Support tickets, last 3 mo = 1",Avg transactions/month (history) = 4.12,Home-store price tier = Value,Active (bought Jan-Mar 2024),0
502544,0.0012,0,Low,Silver,Madison,2022,"Transactions, last month = 3",Transaction trend (last vs prior qtr) = -4.50,Spend volatility = 0.64,Active (bought Jan-Mar 2024),0
501921,0.0012,0,Low,Silver,Denver,2022,"Support tickets, last 3 mo = 1",City = Denver,Spend volatility = 0.56,Active (bought Jan-Mar 2024),0
501187,0.0012,0,Low,Gold,Spokane,2023,Avg spend/month (history) = 161.47,"Support tickets, last 3 mo = 1","Support tickets, last 6 mo = 2",Active (bought Jan-Mar 2024),0
501915,0.0012,0,Low,Silver,Raleigh,2021,Tenure (months) = 30,City = Raleigh,Months of history = 15,Active (bought Jan-Mar 2024),0
502367,0.0011,0,Low,Silver,Columbus,2021,Tenure (months) = 29,City = Columbus,Months of history = 15,Active (bought Jan-Mar 2024),0
500556,0.0011,0,Low,Gold,Portland,2023,"Emails opened/month, last 3 mo = 0","Support tickets, last 6 mo = 2",Spend volatility = 0.62,Active (bought Jan-Mar 2024),0
500706,0.0011,0,Low,Silver,Spokane,2022,"Transactions, last month = 3",Months of history = 15,Age = 34,Active (bought Jan-Mar 2024),0
500552,0.0011,0,Low,Gold,Denver,2021,Tenure (months) = 30,"Emails opened/month, last 3 mo = 0.33","Support tickets, last 3 mo = 1",Active (bought Jan-Mar 2024),0
502155,0.0011,0,Low,Silver,Columbus,2021,City = Columbus,Tenure (months) = 35,"Support tickets, last 3 mo = 1",Active (bought Jan-Mar 2024),0
500355,0.0011,0,Low,Gold,Spokane,2022,"Support tickets, last 3 mo = 2",Support-ticket trend = 2,"Support tickets, last 6 mo = 2",Active (bought Jan-Mar 2024),0
501074,0.0011,0,Low,Silver,Denver,2022,"Avg basket, last 3 mo = 27.30","Support tickets, last 6 mo = 2",Months of history = 15,Active (bought Jan-Mar 2024),0
501314,0.0011,0,Low,Silver,Denver,2021,Tenure (months) = 35,Avg spend/month (history) = 200.70,Months of history = 15,Active (bought Jan-Mar 2024),0
501390,0.0011,0,Low,Gold,Denver,2023,Spend volatility = 0.73,City = Denver,Age = 35,Active (bought Jan-Mar 2024),0
500356,0.0011,0,Low,Silver,Spokane,2021,Tenure (months) = 29,"Emails opened/month, last 3 mo = 0",Months of history = 14,Active (bought Jan-Mar 2024),0
502502,0.0011,0,Low,Gold,Tulsa,2022,"Support tickets, last 3 mo = 2",Support-ticket trend = 2,"Support tickets, last 6 mo = 2",Active (bought Jan-Mar 2024),0
501026,0.0011,0,Low,Gold,Boise,2023,Transaction trend (last vs prior qtr) = -2,Avg spend/month (history) = 204.93,Promo share (history) = 0.23,Active (bought Jan-Mar 2024),0
502096,0.0011,0,Low,Silver,Boise,2022,Spend volatility = 0.67,"Spend/month, prior 3 mo = 46.05","Transactions/month, prior 3 mo = 2",Active (bought Jan-Mar 2024),0
501344,0.0011,0,Low,Silver,Denver,2023,Email-open trend = -3,Home-store price tier = Value,"Promo share, last 3 mo = 0.55",Active (bought Jan-Mar 2024),0
501865,0.0011,0,Low,Gold,Boise,2023,"Transactions, last month = 2","Transactions/month, last 3 mo = 3","Categories bought, last 3 mo = 0.33",Active (bought Jan-Mar 2024),0
502112,0.0011,0,Low,Silver,Raleigh,2022,"Support tickets, last 3 mo = 1","Emails opened/month, last 3 mo = 0.33",City = Raleigh,Active (bought Jan-Mar 2024),0
502351,0.0011,0,Low,Silver,Boise,2022,Months of history = 15,Transaction trend (last vs prior qtr) = -2.33,Age = 37,Active (bought Jan-Mar 2024),0
500986,0.0011,0,Low,Silver,Denver,2022,"Support tickets, last 3 mo = 1",City = Denver,Age = 43,Active (bought Jan-Mar 2024),0
501549,0.0011,0,Low,Silver,Denver,2021,"Support tickets, last 6 mo = 2",Months of history = 15,"Emails opened/month, last 3 mo = 0.33",Active (bought Jan-Mar 2024),0
500323,0.0011,0,Low,Silver,Portland,2022,Spend trend % = 0.78,Spend volatility = 0.60,Age = 35,Active (bought Jan-Mar 2024),0
501555,0.0011,0,Low,Silver,Madison,2023,Spend volatility = 0.52,Preferred category = Bakery,Age = 33,Active (bought Jan-Mar 2024),0
500598,0.0011,0,Low,Silver,Columbus,2022,Promo share (history) = 0.24,"Emails opened/month, last 3 mo = 0.33",City = Columbus,Active (bought Jan-Mar 2024),0
501810,0.0011,0,Low,Silver,Nashville,2023,Promo share (history) = 0.24,"Transactions/month, prior 3 mo = n/a",Marketing opt-in = 1,Active (bought Jan-Mar 2024),0
500521,0.0011,0,Low,Silver,Nashville,2023,Promo share (history) = 0.24,"Categories bought, last 3 mo = 1.33","Support tickets, last 3 mo = 1",Active (bought Jan-Mar 2024),0
501896,0.0011,0,Low,Gold,Boise,2023,"Support tickets, last 3 mo = 1","Emails opened/month, last 3 mo = 0.33","Support tickets, last 6 mo = 2",Active (bought Jan-Mar 2024),0
500255,0.0011,0,Low,Gold,Spokane,2022,"Transactions, last month = 3",Transaction trend (last vs prior qtr) = -3.50,Months of history = 15,Active (bought Jan-Mar 2024),0
500646,0.0011,0,Low,Gold,Columbus,2023,"Transactions, last month = 3","Emails opened/month, last 3 mo = 0",City = Columbus,Active (bought Jan-Mar 2024),0
501316,0.0011,0,Low,Platinum,Tulsa,2022,Spend volatility = 0.61,Months of history = 14,Avg spend/month (history) = 247.46,Active (bought Jan-Mar 2024),0
502387,0.001,0,Low,Silver,Portland,2024,"App sessions/month, last 3 mo = 0","Promo share, last 3 mo = 0.42","Coupons redeemed/month, last 3 mo = 0",Active (bought Jan-Mar 2024),0
500900,0.001,0,Low,Platinum,Spokane,2021,Tenure (months) = 33,"Support tickets, last 3 mo = 1",Avg spend/month (history) = 184.15,Active (bought Jan-Mar 2024),0
501437,0.001,0,Low,Silver,Denver,2021,Tenure (months) = 35,"Emails opened/month, last 3 mo = 0",Months of history = 15,Active (bought Jan-Mar 2024),0
500012,0.001,0,Low,Silver,Columbus,2021,City = Columbus,Age = 46,Spend volatility = 0.52,Active (bought Jan-Mar 2024),0
500317,0.001,0,Low,Silver,Columbus,2022,"Support tickets, last 3 mo = 1",City = Columbus,Months of history = 15,Active (bought Jan-Mar 2024),0
500548,0.001,0,Low,Silver,Boise,2022,"Emails opened/month, last 3 mo = 0",Avg transactions/month (history) = 4.36,"Promo share, last 3 mo = 0.52",Active (bought Jan-Mar 2024),0
501494,0.001,0,Low,Gold,Raleigh,2021,Tenure (months) = 33,City = Raleigh,Months of history = 15,Active (bought Jan-Mar 2024),0
502557,0.001,0,Low,Silver,Raleigh,2021,City = Raleigh,Tenure (months) = 30,Months of history = 15,Active (bought Jan-Mar 2024),0
500826,0.001,0,Low,Silver,Austin,2021,Tenure (months) = 30,Avg spend/month (history) = 165.40,City = Austin,Active (bought Jan-Mar 2024),0
501205,0.001,0,Low,Silver,Spokane,2021,Tenure (months) = 34,"Support tickets, last 3 mo = 1",Months of history = 15,Active (bought Jan-Mar 2024),0
501699,0.001,0,Low,Gold,Boise,2023,"App sessions/month, last 3 mo = 0.67",Spend volatility = 0.59,"Spend/month, prior 3 mo = 54.53",Active (bought Jan-Mar 2024),0
502413,0.001,0,Low,Silver,Denver,2021,"Emails opened/month, last 3 mo = 0","Support tickets, last 3 mo = 1",Tenure (months) = 32,Active (bought Jan-Mar 2024),0
501620,0.001,0,Low,Platinum,Tulsa,2024,Preferred category = Personal Care,Transaction trend (last vs prior qtr) = n/a,Spend trend % = n/a,Active (bought Jan-Mar 2024),0
500307,0.001,0,Low,Gold,Spokane,2023,"Transactions, last month = 3","Categories bought, last 3 mo = 1.33",Avg transactions/month (history) = 3.90,Active (bought Jan-Mar 2024),0
500264,0.001,0,Low,Platinum,Spokane,2022,"Support tickets, last 3 mo = 1",Avg spend/month (history) = 181.77,Months of history = 15,Active (bought Jan-Mar 2024),0
500190,0.001,0,Low,Gold,Tulsa,2021,Tenure (months) = 35,Spend volatility = 0.75,Age = 47,Active (bought Jan-Mar 2024),0
501347,0.001,0,Low,Silver,Spokane,2021,Tenure (months) = 31,Months of history = 15,Avg spend/month (history) = 184.50,Active (bought Jan-Mar 2024),0
502075,0.001,0,Low,Silver,Raleigh,2021,Tenure (months) = 29,City = Raleigh,Months of history = 15,Active (bought Jan-Mar 2024),0
501167,0.001,0,Low,Gold,Raleigh,2021,"Support tickets, last 3 mo = 1",City = Raleigh,"Emails opened/month, last 3 mo = 0.33",Active (bought Jan-Mar 2024),0
501629,0.001,0,Low,Silver,Denver,2023,Age = 47,"Support tickets, last 6 mo = 2",City = Denver,Active (bought Jan-Mar 2024),0
501964,0.001,0,Low,Platinum,Boise,2023,App session trend = -2,Avg transactions/month (history) = 4.10,Age = 44,Active (bought Jan-Mar 2024),0
500321,0.001,0,Low,Silver,Raleigh,2022,Promo share (history) = 0.24,City = Raleigh,Months of history = 15,Active (bought Jan-Mar 2024),0
500745,0.001,0,Low,Gold,Columbus,2021,Tenure (months) = 30,"Emails opened/month, last 3 mo = 0.33","Support tickets, last 3 mo = 1",Active (bought Jan-Mar 2024),0
502180,0.001,0,Low,Gold,Tulsa,2023,Spend volatility = 0.62,Coupons/month (history) = 0.17,Age = 47,Active (bought Jan-Mar 2024),0
502160,0.001,0,Low,Silver,Nashville,2022,Home-store price tier = Value,Transaction trend (last vs prior qtr) = -5.00,"Avg basket, last 3 mo = 26.47",Active (bought Jan-Mar 2024),0
501668,0.001,0,Low,Silver,Columbus,2021,Tenure (months) = 34,City = Columbus,Age = 45,Active (bought Jan-Mar 2024),0
500440,0.001,0,Low,Silver,Madison,2023,"App sessions/month, last 3 mo = 0.67",Coupons/month (history) = 0.20,Avg transactions/month (history) = 3.90,Active (bought Jan-Mar 2024),0
500191,0.001,0,Low,Gold,Madison,2023,"Emails opened/month, last 3 mo = 0.33","Support tickets, last 3 mo = 1","Support tickets, last 6 mo = 2",Active (bought Jan-Mar 2024),0
500901,0.001,0,Low,Silver,Tulsa,2021,Promo share (history) = 0.25,Tenure (months) = 31,Months of history = 15,Active (bought Jan-Mar 2024),0
500850,0.001,0,Low,Platinum,Tulsa,2021,"Emails opened/month, last 3 mo = 0",Tenure (months) = 30,Avg spend/month (history) = 162.17,Active (bought Jan-Mar 2024),0
502461,0.001,0,Low,Silver,Portland,2022,"Support tickets, last 3 mo = 1",Age = 46,Months of history = 15,Active (bought Jan-Mar 2024),0
501108,0.001,0,Low,Platinum,Denver,2022,"Support tickets, last 6 mo = 3","Support tickets, last 3 mo = 1",Months of history = 15,Active (bought Jan-Mar 2024),0
500910,0.001,0,Low,Silver,Nashville,2022,Spend trend % = 0.99,Age = 34,Months of history = 15,Active (bought Jan-Mar 2024),0
501527,0.001,0,Low,Silver,Denver,2023,"Support tickets, last 3 mo = 1","Promo share, last 3 mo = 0.47","Avg basket, last 3 mo = 27.02",Active (bought Jan-Mar 2024),0
502002,0.001,0,Low,Gold,Nashville,2023,Spend volatility = 0.62,Home-store price tier = Value,Transaction trend (last vs prior qtr) = -2.50,Active (bought Jan-Mar 2024),0
501805,0.001,0,Low,Gold,Austin,2021,Tenure (months) = 34,Months of history = 15,City = Austin,Active (bought Jan-Mar 2024),0
502082,0.001,0,Low,Silver,Columbus,2021,City = Columbus,Tenure (months) = 35,Months of history = 15,Active (bought Jan-Mar 2024),0
501796,0.0009,0,Low,Silver,Raleigh,2022,City = Raleigh,"Support tickets, last 3 mo = 1",Months of history = 15,Active (bought Jan-Mar 2024),0
500952,0.0009,0,Low,Silver,Spokane,2022,Months of history = 15,Spend volatility = 0.60,Avg transactions/month (history) = 3.20,Active (bought Jan-Mar 2024),0
500577,0.0009,0,Low,Silver,Spokane,2023,Age = 50,Spend volatility = 0.65,"Transactions/month, prior 3 mo = n/a",Active (bought Jan-Mar 2024),0
500212,0.0009,0,Low,Gold,Madison,2021,"Emails opened/month, last 3 mo = 0",Tenure (months) = 34,Months of history = 15,Active (bought Jan-Mar 2024),0
500698,0.0009,0,Low,Silver,Madison,2021,Tenure (months) = 30,Months of history = 15,Age = 43,Active (bought Jan-Mar 2024),0
500325,0.0009,0,Low,Silver,Austin,2023,City = Austin,Spend volatility = 0.66,"Avg basket, last 3 mo = 26.98",Active (bought Jan-Mar 2024),0
500136,0.0009,0,Low,Gold,Columbus,2022,City = Columbus,Avg spend/month (history) = 176.39,Months of history = 15,Active (bought Jan-Mar 2024),0
502074,0.0009,0,Low,Silver,Denver,2023,"Support tickets, last 3 mo = 1",City = Denver,Coupons/month (history) = 0.30,Active (bought Jan-Mar 2024),0
501511,0.0009,0,Low,Silver,Denver,2022,Promo share (history) = 0.24,"Support tickets, last 3 mo = 1","Emails opened/month, last 3 mo = 0.33",Active (bought Jan-Mar 2024),0
500238,0.0009,0,Low,Gold,Madison,2023,Spend volatility = 0.17,Avg transactions/month (history) = 4,Home-store price tier = Value,Active (bought Jan-Mar 2024),0
502298,0.0009,0,Low,Gold,Denver,2022,"Support tickets, last 3 mo = 1",City = Denver,"Support tickets, last 6 mo = 2",Active (bought Jan-Mar 2024),0
501825,0.0009,0,Low,Silver,Madison,2023,Spend volatility = 0.54,Months of history = 14,Spend trend % = 1.42,Active (bought Jan-Mar 2024),0
501516,0.0009,0,Low,Gold,Tulsa,2022,"Emails opened/month, last 3 mo = 0","Support tickets, last 3 mo = 1",Months of history = 15,Active (bought Jan-Mar 2024),0
502177,0.0009,0,Low,Silver,Spokane,2024,"Emails opened/month, last 3 mo = 0",Spend volatility = 0.92,"Avg basket, last 3 mo = 27.22",Active (bought Jan-Mar 2024),0
502334,0.0009,0,Low,Silver,Boise,2023,"Support tickets, last 3 mo = 2",Support-ticket trend = 2,"Support tickets, last 6 mo = 2",Active (bought Jan-Mar 2024),0
500721,0.0009,0,Low,Gold,Spokane,2021,Tenure (months) = 36,"Avg basket, last 3 mo = 27.01",Spend volatility = 0.56,Active (bought Jan-Mar 2024),0
502142,0.0009,0,Low,Silver,Denver,2023,Age = 41,Coupons/month (history) = 0.25,City = Denver,Active (bought Jan-Mar 2024),0
500957,0.0009,0,Low,Platinum,Austin,2022,City = Austin,Months of history = 15,Avg spend/month (history) = 196.09,Active (bought Jan-Mar 2024),0
501191,0.0009,0,Low,Silver,Nashville,2021,"Support tickets, last 6 mo = 3",Tenure (months) = 30,Coupons/month (history) = 0.21,Active (bought Jan-Mar 2024),0
501512,0.0009,0,Low,Silver,Austin,2022,City = Austin,"Support tickets, last 6 mo = 2",Age = 45,Active (bought Jan-Mar 2024),0
501400,0.0009,0,Low,Gold,Austin,2023,Spend volatility = 0.15,City = Austin,Avg spend/month (history) = 157.25,Active (bought Jan-Mar 2024),0
500976,0.0009,0,Low,Silver,Tulsa,2021,Tenure (months) = 35,Months of history = 15,Spend volatility = 0.56,Active (bought Jan-Mar 2024),0
500389,0.0009,0,Low,Silver,Spokane,2023,Transaction trend (last vs prior qtr) = -5.67,Avg spend/month (history) = 161.48,Spend volatility = 0.52,Active (bought Jan-Mar 2024),0
500856,0.0009,0,Low,Silver,Raleigh,2021,Tenure (months) = 29,City = Raleigh,Months of history = 15,Active (bought Jan-Mar 2024),0
502348,0.0009,0,Low,Silver,Tulsa,2021,Tenure (months) = 34,"Emails opened/month, last 3 mo = 0",Months of history = 15,Active (bought Jan-Mar 2024),0
501832,0.0009,0,Low,Silver,Portland,2023,"Transactions, last month = 2",Coupons/month (history) = 0.17,"Categories bought, last 3 mo = 1",Active (bought Jan-Mar 2024),0
500064,0.0009,0,Low,Gold,Spokane,2023,Promo share (history) = 0.24,"Emails opened/month, last 3 mo = 0",Avg spend/month (history) = 198.83,Active (bought Jan-Mar 2024),0
501040,0.0009,0,Low,Gold,Madison,2023,"Categories bought, last 3 mo = 1.33","Support tickets, last 6 mo = 2","Support tickets, last 3 mo = 1",Active (bought Jan-Mar 2024),0
502381,0.0009,0,Low,Silver,Spokane,2023,"Emails opened/month, last 3 mo = 0","Support tickets, last 3 mo = 1","Support tickets, last 6 mo = 2",Active (bought Jan-Mar 2024),0
500728,0.0009,0,Low,Silver,Denver,2022,"Emails opened/month, last 3 mo = 0",Spend trend % = 1.44,Months of history = 14,Active (bought Jan-Mar 2024),0
500380,0.0009,0,Low,Silver,Madison,2021,"Avg basket, last 3 mo = 27.45",Tenure (months) = 29,Transaction trend (last vs prior qtr) = -5.33,Active (bought Jan-Mar 2024),0
502475,0.0009,0,Low,Gold,Raleigh,2021,City = Raleigh,Age = 37,Coupons/month (history) = 0.15,Active (bought Jan-Mar 2024),0
500608,0.0009,0,Low,Silver,Austin,2022,"Emails opened/month, last 3 mo = 0.33","Support tickets, last 3 mo = 1",City = Austin,Active (bought Jan-Mar 2024),0
500642,0.0009,0,Low,Silver,Columbus,2023,City = Columbus,"Emails opened/month, last 3 mo = 0.33",Age = 33,Active (bought Jan-Mar 2024),0
502588,0.0009,0,Low,Gold,Madison,2022,Spend volatility = 0.60,Transaction trend (last vs prior qtr) = -2,Months of history = 15,Active (bought Jan-Mar 2024),0
502354,0.0009,0,Low,Gold,Denver,2021,Tenure (months) = 32,"Emails opened/month, last 3 mo = 0",Months of history = 15,Active (bought Jan-Mar 2024),0
500730,0.0009,0,Low,Platinum,Raleigh,2024,"Support tickets, last 3 mo = 1",City = Raleigh,"Emails opened/month, last 3 mo = 0.50",Active (bought Jan-Mar 2024),0
502138,0.0009,0,Low,Gold,Denver,2021,"Avg basket, last 3 mo = 27.68",Spend volatility = 0.52,"Emails opened/month, last 3 mo = 0.33",Active (bought Jan-Mar 2024),0
501177,0.0009,0,Low,Silver,Tulsa,2021,Promo share (history) = 0.25,"Avg basket, last 3 mo = 27.96",Tenure (months) = 34,Active (bought Jan-Mar 2024),0
501815,0.0009,0,Low,Silver,Boise,2022,"Categories bought, last 3 mo = 1.33",Months of history = 15,App session trend = -2,Active (bought Jan-Mar 2024),0
501954,0.0009,0,Low,Silver,Denver,2022,Email-open trend = -2,"Emails opened/month, last 3 mo = 0.33",App session trend = -1.67,Active (bought Jan-Mar 2024),0
502289,0.0009,0,Low,Gold,Madison,2022,"Support tickets, last 3 mo = 1","Support tickets, last 6 mo = 2",Avg spend/month (history) = 268.90,Active (bought Jan-Mar 2024),0
502437,0.0009,0,Low,Silver,Columbus,2022,City = Columbus,Months of history = 15,Avg transactions/month (history) = 5.15,Active (bought Jan-Mar 2024),0
502560,0.0009,0,Low,Silver,Denver,2022,"Emails opened/month, last 3 mo = 0","Promo share, last 3 mo = 0.49",Months of history = 15,Active (bought Jan-Mar 2024),0
500371,0.0009,0,Low,Silver,Tulsa,2021,"Categories bought, last 3 mo = 1.33",Tenure (months) = 29,Avg spend/month (history) = 264.65,Active (bought Jan-Mar 2024),0
500909,0.0008,0,Low,Silver,Denver,2021,Tenure (months) = 34,"Emails opened/month, last 3 mo = 0",City = Denver,Active (bought Jan-Mar 2024),0
500071,0.0008,0,Low,Gold,Portland,2021,Tenure (months) = 31,Months of history = 15,App session trend = -3,Active (bought Jan-Mar 2024),0
500780,0.0008,0,Low,Silver,Madison,2022,Avg spend/month (history) = 160.23,"Emails opened/month, last 3 mo = 0.33",Months of history = 15,Active (bought Jan-Mar 2024),0
501223,0.0008,0,Low,Silver,Raleigh,2023,City = Raleigh,Spend volatility = 0.52,Spend trend % = 1.60,Active (bought Jan-Mar 2024),0
500714,0.0008,0,Low,Silver,Portland,2021,Promo share (history) = 0.24,"Emails opened/month, last 3 mo = 0",Avg spend/month (history) = 173.16,Active (bought Jan-Mar 2024),0
501938,0.0008,0,Low,Silver,Columbus,2023,Spend volatility = 0.12,City = Columbus,"Emails opened/month, last 3 mo = 0.50",Active (bought Jan-Mar 2024),0
502164,0.0008,0,Low,Silver,Columbus,2024,City = Columbus,Coupons/month (history) = 0,Preferred category = Personal Care,Active (bought Jan-Mar 2024),0
501182,0.0008,0,Low,Silver,Portland,2022,Months of history = 15,Coupons/month (history) = 0.27,"Promo share, last 3 mo = 0.53",Active (bought Jan-Mar 2024),0
501410,0.0008,0,Low,Silver,Tulsa,2021,"Emails opened/month, last 3 mo = 0",Tenure (months) = 30,Months of history = 15,Active (bought Jan-Mar 2024),0
500057,0.0008,0,Low,Silver,Portland,2023,"Support tickets, last 3 mo = 2",Support-ticket trend = 2,"Support tickets, last 6 mo = 2",Active (bought Jan-Mar 2024),0
502165,0.0008,0,Low,Gold,Tulsa,2023,"Support tickets, last 3 mo = 3",Support-ticket trend = 3,"Support tickets, last 6 mo = 3",Active (bought Jan-Mar 2024),0
502231,0.0008,0,Low,Gold,Madison,2022,Preferred category = Personal Care,Age = 51,Months of history = 15,Active (bought Jan-Mar 2024),0
500172,0.0008,0,Low,Gold,Portland,2023,Transaction trend (last vs prior qtr) = -3.33,"Promo share, last 3 mo = 0.48","Support tickets, last 3 mo = 1",Active (bought Jan-Mar 2024),0
502299,0.0008,0,Low,Silver,Austin,2021,Tenure (months) = 29,"Emails opened/month, last 3 mo = 0.33",Months of history = 15,Active (bought Jan-Mar 2024),0
501014,0.0008,0,Low,Silver,Raleigh,2023,Promo share (history) = 0.24,City = Raleigh,"Promo share, last 3 mo = 0.33",Active (bought Jan-Mar 2024),0
500969,0.0008,0,Low,Silver,Boise,2023,"Support tickets, last 3 mo = 1",Coupons/month (history) = 0.33,Age = 33,Active (bought Jan-Mar 2024),0
501136,0.0008,0,Low,Silver,Madison,2022,Spend volatility = 0.51,Months of history = 15,Avg transactions/month (history) = 5.38,Active (bought Jan-Mar 2024),0
502442,0.0008,0,Low,Gold,Tulsa,2021,Promo share (history) = 0.24,"Emails opened/month, last 3 mo = 0",Months of history = 15,Active (bought Jan-Mar 2024),0
500009,0.0008,0,Low,Silver,Tulsa,2022,"Emails opened/month, last 3 mo = 0.33","Spend/month, prior 3 mo = 49.69",Spend trend % = 0.40,Active (bought Jan-Mar 2024),0
501539,0.0008,0,Low,Silver,Austin,2023,Avg spend/month (history) = 168.56,City = Austin,"Emails opened/month, last 3 mo = 0.50",Active (bought Jan-Mar 2024),0
502527,0.0008,0,Low,Gold,Tulsa,2023,"Transactions, last month = 3",Avg spend/month (history) = 164.15,"Promo share, last 3 mo = 0.58",Active (bought Jan-Mar 2024),0
502497,0.0008,0,Low,Silver,Denver,2023,Promo share (history) = 0.25,"Emails opened/month, last 3 mo = 0","Support tickets, last 3 mo = 1",Active (bought Jan-Mar 2024),0
500041,0.0008,0,Low,Silver,Madison,2022,"Support tickets, last 3 mo = 1",Avg spend/month (history) = 171.32,Months of history = 14,Active (bought Jan-Mar 2024),0
501125,0.0008,0,Low,Silver,Raleigh,2024,City = Raleigh,Spend volatility = 0.78,Transaction trend (last vs prior qtr) = n/a,Active (bought Jan-Mar 2024),0
502487,0.0008,0,Low,Gold,Tulsa,2022,Avg spend/month (history) = 169.00,Months of history = 14,"Support tickets, last 6 mo = 2",Active (bought Jan-Mar 2024),0
501607,0.0008,0,Low,Silver,Raleigh,2021,Tenure (months) = 34,City = Raleigh,Months of history = 15,Active (bought Jan-Mar 2024),0
500330,0.0008,0,Low,Silver,Denver,2022,"Emails opened/month, last 3 mo = 0",Age = 35,Months of history = 15,Active (bought Jan-Mar 2024),0
501513,0.0008,0,Low,Silver,Nashville,2021,Tenure (months) = 34,Months of history = 15,Avg spend/month (history) = 185.98,Active (bought Jan-Mar 2024),0
502584,0.0008,0,Low,Silver,Boise,2023,"Promo share, last 3 mo = 0.45",Home-store price tier = Value,"Avg basket, last 3 mo = 25.93",Active (bought Jan-Mar 2024),0
501660,0.0008,0,Low,Silver,Tulsa,2023,"Avg basket, last 3 mo = 27.49",Coupons/month (history) = 0.20,"Support tickets, last 3 mo = 1",Active (bought Jan-Mar 2024),0
502436,0.0008,0,Low,Silver,Tulsa,2022,"Support tickets, last 3 mo = 1",Months of history = 15,"Coupons redeemed/month, last 3 mo = 0",Active (bought Jan-Mar 2024),0
501412,0.0008,0,Low,Silver,Denver,2023,Avg spend/month (history) = 169.93,City = Denver,Coupons/month (history) = 0.40,Active (bought Jan-Mar 2024),0
501217,0.0008,0,Low,Silver,Austin,2023,Spend volatility = 0.05,City = Austin,Transaction trend (last vs prior qtr) = n/a,Active (bought Jan-Mar 2024),0
500001,0.0008,0,Low,Silver,Madison,2022,"Emails opened/month, last 3 mo = 0.33",Months of history = 15,Spend trend % = 0.78,Active (bought Jan-Mar 2024),0
502514,0.0008,0,Low,Silver,Boise,2022,Coupons/month (history) = 0.15,Age = 40,Spend volatility = 0.56,Active (bought Jan-Mar 2024),0
500828,0.0008,0,Low,Silver,Boise,2022,"Support tickets, last 6 mo = 3","Support tickets, last 3 mo = 1",Avg spend/month (history) = 154.68,Active (bought Jan-Mar 2024),0
502099,0.0008,0,Low,Silver,Madison,2022,Months of history = 15,"Categories bought, last 3 mo = 1.50",Spend volatility = 0.49,Active (bought Jan-Mar 2024),0
502181,0.0008,0,Low,Silver,Spokane,2023,Transaction trend (last vs prior qtr) = -3,Spend volatility = 0.59,Avg spend/month (history) = 120.99,Active (bought Jan-Mar 2024),0
500712,0.0008,0,Low,Silver,Denver,2023,Promo share (history) = 0.24,App session trend = -4.17,City = Denver,Active (bought Jan-Mar 2024),0
501242,0.0007,0,Low,Silver,Boise,2023,Spend volatility = 0.63,Age = 38,Coupons/month (history) = 0.33,Active (bought Jan-Mar 2024),0
502310,0.0007,0,Low,Silver,Denver,2023,Home-store price tier = Value,City = Denver,"Categories bought, last 3 mo = 1.33",Active (bought Jan-Mar 2024),0
501148,0.0007,0,Low,Silver,Nashville,2023,Months of history = 14,Age = 49,Preferred category = Personal Care,Active (bought Jan-Mar 2024),0
501992,0.0007,0,Low,Gold,Portland,2021,Tenure (months) = 37,"Support tickets, last 6 mo = 2","Support tickets, last 3 mo = 1",Active (bought Jan-Mar 2024),0
500407,0.0007,0,Low,Platinum,Nashville,2021,Tenure (months) = 37,Months of history = 15,Avg spend/month (history) = 294.10,Active (bought Jan-Mar 2024),0
500506,0.0007,0,Low,Gold,Raleigh,2021,Tenure (months) = 29,City = Raleigh,Months of history = 15,Active (bought Jan-Mar 2024),0
501359,0.0007,0,Low,Gold,Columbus,2023,Spend volatility = 0.18,"Emails opened/month, last 3 mo = 0.33",City = Columbus,Active (bought Jan-Mar 2024),0
500488,0.0007,0,Low,Silver,Columbus,2022,City = Columbus,"Support tickets, last 3 mo = 1",Avg spend/month (history) = 188.67,Active (bought Jan-Mar 2024),0
501050,0.0007,0,Low,Silver,Denver,2023,City = Denver,Email-open trend = -1.50,Avg transactions/month (history) = 4,Active (bought Jan-Mar 2024),0
501188,0.0007,0,Low,Silver,Raleigh,2023,"Emails opened/month, last 3 mo = 0",City = Raleigh,"Support tickets, last 3 mo = 1",Active (bought Jan-Mar 2024),0
501053,0.0007,0,Low,Silver,Spokane,2022,"Support tickets, last 3 mo = 1",Months of history = 15,Age = 49,Active (bought Jan-Mar 2024),0
501934,0.0007,0,Low,Gold,Raleigh,2023,"Support tickets, last 3 mo = 1","Emails opened/month, last 3 mo = 0.33",City = Raleigh,Active (bought Jan-Mar 2024),0
500403,0.0007,0,Low,Silver,Columbus,2023,City = Columbus,"Emails opened/month, last 3 mo = 0.33",Promo share (history) = 0.33,Active (bought Jan-Mar 2024),0
500357,0.0007,0,Low,Silver,Boise,2023,App session trend = -1.33,"Support tickets, last 6 mo = 2","Support tickets, last 3 mo = 1",Active (bought Jan-Mar 2024),0
500004,0.0007,0,Low,Gold,Spokane,2021,Promo share (history) = 0.24,Tenure (months) = 32,Months of history = 15,Active (bought Jan-Mar 2024),0
501727,0.0007,0,Low,Gold,Austin,2021,Months of history = 15,City = Austin,"Coupons redeemed/month, last 3 mo = 0",Active (bought Jan-Mar 2024),0
501979,0.0007,0,Low,Gold,Austin,2022,Avg spend/month (history) = 169.23,"Categories bought, last 3 mo = 1.33",Months of history = 15,Active (bought Jan-Mar 2024),0
502467,0.0007,0,Low,Silver,Madison,2022,Spend volatility = 0.71,Spend trend % = 1.90,"Transactions/month, prior 3 mo = 1.67",Active (bought Jan-Mar 2024),0
502599,0.0007,0,Low,Silver,Raleigh,2023,City = Raleigh,"Avg basket, last 3 mo = 28.28",Preferred category = Bakery,Active (bought Jan-Mar 2024),0
501510,0.0007,0,Low,Gold,Columbus,2024,City = Columbus,Transaction trend (last vs prior qtr) = n/a,"Categories bought, last 3 mo = 1",Active (bought Jan-Mar 2024),0
501105,0.0007,0,Low,Silver,Nashville,2023,"Emails opened/month, last 3 mo = 0.33",Avg spend/month (history) = 237.43,Transaction trend (last vs prior qtr) = -2,Active (bought Jan-Mar 2024),0
501068,0.0007,0,Low,Gold,Madison,2021,Tenure (months) = 33,"Emails opened/month, last 3 mo = 0.33",Age = 33,Active (bought Jan-Mar 2024),0
500697,0.0007,0,Low,Gold,Tulsa,2021,Tenure (months) = 29,"Emails opened/month, last 3 mo = 0.33",Avg spend/month (history) = 173.29,Active (bought Jan-Mar 2024),0
500622,0.0007,0,Low,Silver,Austin,2023,Promo share (history) = 0.25,"Support tickets, last 6 mo = 2","Support tickets, last 3 mo = 1",Active (bought Jan-Mar 2024),0
500846,0.0007,0,Low,Silver,Raleigh,2022,City = Raleigh,Months of history = 15,App session trend = -2.67,Active (bought Jan-Mar 2024),0
500807,0.0007,0,Low,Platinum,Columbus,2023,Promo share (history) = 0.24,"Support tickets, last 3 mo = 1",City = Columbus,Active (bought Jan-Mar 2024),0
500742,0.0007,0,Low,Silver,Tulsa,2022,"Support tickets, last 6 mo = 3","Support tickets, last 3 mo = 1",Months of history = 15,Active (bought Jan-Mar 2024),0
501751,0.0007,0,Low,Gold,Portland,2022,"Avg basket, last 3 mo = 26.04",Months of history = 15,Avg transactions/month (history) = 4.87,Active (bought Jan-Mar 2024),0
502326,0.0007,0,Low,Silver,Madison,2023,Promo share (history) = 0.24,Coupons/month (history) = 0.10,Age = 52,Active (bought Jan-Mar 2024),0
500028,0.0007,0,Low,Gold,Denver,2023,"Support tickets, last 3 mo = 1","Support tickets, last 6 mo = 2",Months of history = 13,Active (bought Jan-Mar 2024),0
501124,0.0007,0,Low,Gold,Austin,2021,City = Austin,Avg spend/month (history) = 215.90,Months of history = 15,Active (bought Jan-Mar 2024),0
500267,0.0007,0,Low,Gold,Nashville,2024,Age = 43,Preferred category = Bakery,Transaction trend (last vs prior qtr) = n/a,Active (bought Jan-Mar 2024),0
500347,0.0007,0,Low,Silver,Austin,2023,City = Austin,Age = 38,"Transactions/month, prior 3 mo = 7.67",Active (bought Jan-Mar 2024),0
500141,0.0007,0,Low,Silver,Nashville,2022,"Avg basket, last 3 mo = 27.29",Transaction trend (last vs prior qtr) = -3.33,Months of history = 15,Active (bought Jan-Mar 2024),0
500199,0.0007,0,Low,Silver,Boise,2021,Promo share (history) = 0.24,Tenure (months) = 33,App session trend = -3.00,Active (bought Jan-Mar 2024),0
501057,0.0007,0,Low,Silver,Nashville,2023,"Emails opened/month, last 3 mo = 0",Spend volatility = 0.73,Avg spend/month (history) = 197.42,Active (bought Jan-Mar 2024),0
501497,0.0007,0,Low,Silver,Austin,2022,App session trend = -2.33,Months of history = 15,Avg spend/month (history) = 220.66,Active (bought Jan-Mar 2024),0
502468,0.0007,0,Low,Silver,Boise,2023,"Emails opened/month, last 3 mo = 0",Preferred category = Personal Care,Transaction trend (last vs prior qtr) = -1.67,Active (bought Jan-Mar 2024),0
502227,0.0007,0,Low,Platinum,Nashville,2023,Spend volatility = 0.08,Preferred category = Produce,Transaction trend (last vs prior qtr) = n/a,Active (bought Jan-Mar 2024),0
501439,0.0007,0,Low,Gold,Austin,2022,Months of history = 15,Home-store price tier = Value,City = Austin,Active (bought Jan-Mar 2024),0
501027,0.0007,0,Low,Silver,Boise,2021,Tenure (months) = 30,"Support tickets, last 3 mo = 1",Months of history = 15,Active (bought Jan-Mar 2024),0
502242,0.0007,0,Low,Silver,Columbus,2021,Tenure (months) = 30,City = Columbus,"Emails opened/month, last 3 mo = 0.33",Active (bought Jan-Mar 2024),0
501109,0.0007,0,Low,Gold,Portland,2021,"Emails opened/month, last 3 mo = 0.33","Support tickets, last 3 mo = 1",Spend volatility = 0.68,Active (bought Jan-Mar 2024),0
500021,0.0007,0,Low,Gold,Raleigh,2022,City = Raleigh,"Emails opened/month, last 3 mo = 0.33",Months of history = 15,Active (bought Jan-Mar 2024),0
500964,0.0007,0,Low,Gold,Austin,2022,Promo share (history) = 0.25,Home-store price tier = Value,City = Austin,Active (bought Jan-Mar 2024),0
501151,0.0007,0,Low,Gold,Spokane,2024,Spend volatility = 0.61,Transaction trend (last vs prior qtr) = n/a,"Transactions/month, prior 3 mo = n/a",Active (bought Jan-Mar 2024),0
500138,0.0007,0,Low,Gold,Columbus,2023,City = Columbus,"Support tickets, last 3 mo = 1",Months of history = 12,Active (bought Jan-Mar 2024),0
500729,0.0007,0,Low,Gold,Austin,2023,Avg spend/month (history) = 185.87,Age = 50,City = Austin,Active (bought Jan-Mar 2024),0
501189,0.0007,0,Low,Silver,Raleigh,2021,City = Raleigh,Spend volatility = 0.62,Avg spend/month (history) = 210.76,Active (bought Jan-Mar 2024),0
500748,0.0007,0,Low,Silver,Tulsa,2022,"Support tickets, last 3 mo = 1",Months of history = 15,Avg spend/month (history) = 162.39,Active (bought Jan-Mar 2024),0
501606,0.0007,0,Low,Gold,Boise,2022,"Support tickets, last 6 mo = 2",Transaction trend (last vs prior qtr) = -3.67,Spend volatility = 0.57,Active (bought Jan-Mar 2024),0
500299,0.0007,0,Low,Silver,Denver,2022,Home-store price tier = Value,Spend volatility = 0.51,Months of history = 15,Active (bought Jan-Mar 2024),0
502106,0.0007,0,Low,Gold,Spokane,2021,Tenure (months) = 30,Months of history = 15,"Emails opened/month, last 3 mo = 0.33",Active (bought Jan-Mar 2024),0
500123,0.0007,0,Low,Silver,Raleigh,2023,"Emails opened/month, last 3 mo = 0",City = Raleigh,Transaction trend (last vs prior qtr) = n/a,Active (bought Jan-Mar 2024),0
500647,0.0006,0,Low,Silver,Madison,2021,Tenure (months) = 30,"Support tickets, last 3 mo = 1",Coupons/month (history) = 0.14,Active (bought Jan-Mar 2024),0
501035,0.0006,0,Low,Silver,Portland,2023,"Avg basket, last 3 mo = 27.79","Support tickets, last 3 mo = 1",Avg transactions/month (history) = 4.71,Active (bought Jan-Mar 2024),0
501302,0.0006,0,Low,Silver,Raleigh,2023,City = Raleigh,Avg spend/month (history) = 159.49,"Avg basket, last 3 mo = 26.94",Active (bought Jan-Mar 2024),0
501484,0.0006,0,Low,Silver,Tulsa,2022,"Emails opened/month, last 3 mo = 0","Avg basket, last 3 mo = 26.75","Support tickets, last 3 mo = 1",Active (bought Jan-Mar 2024),0
502071,0.0006,0,Low,Silver,Nashville,2021,Tenure (months) = 35,Months of history = 15,Spend volatility = 0.55,Active (bought Jan-Mar 2024),0
500474,0.0006,0,Low,Gold,Austin,2024,"Emails opened/month, last 3 mo = 0",City = Austin,Transaction trend (last vs prior qtr) = n/a,Active (bought Jan-Mar 2024),0
500774,0.0006,0,Low,Silver,Denver,2022,City = Denver,Months of history = 15,Age = 35,Active (bought Jan-Mar 2024),0
500766,0.0006,0,Low,Silver,Portland,2024,"Categories bought, last 3 mo = 1","Coupons redeemed/month, last 3 mo = 0",Transaction trend (last vs prior qtr) = n/a,Active (bought Jan-Mar 2024),0
500253,0.0006,0,Low,Silver,Raleigh,2023,City = Raleigh,Email-open trend = -1.83,Spend volatility = 0.54,Active (bought Jan-Mar 2024),0
501700,0.0006,0,Low,Silver,Boise,2024,Spend volatility = 0.12,Transaction trend (last vs prior qtr) = n/a,Avg spend/month (history) = 162.10,Active (bought Jan-Mar 2024),0
502162,0.0006,0,Low,Gold,Spokane,2021,"Support tickets, last 3 mo = 1",Age = 38,Months of history = 15,Active (bought Jan-Mar 2024),0
500599,0.0006,0,Low,Silver,Denver,2023,App session trend = -5.67,City = Denver,Avg transactions/month (history) = 4.25,Active (bought Jan-Mar 2024),0
500907,0.0006,0,Low,Platinum,Madison,2023,"Emails opened/month, last 3 mo = 0.33",Email-open trend = -2.67,Avg spend/month (history) = 243.59,Active (bought Jan-Mar 2024),0
500430,0.0006,0,Low,Silver,Raleigh,2023,City = Raleigh,Age = 48,Preferred category = Produce,Active (bought Jan-Mar 2024),0
502115,0.0006,0,Low,Gold,Madison,2021,Tenure (months) = 30,"Emails opened/month, last 3 mo = 0",Months of history = 15,Active (bought Jan-Mar 2024),0
501925,0.0006,0,Low,Silver,Denver,2024,"Emails opened/month, last 3 mo = 0","Promo share, last 3 mo = 0.61",Marketing opt-in = 1,Active (bought Jan-Mar 2024),0
500369,0.0006,0,Low,Platinum,Tulsa,2023,Avg spend/month (history) = 213.74,Spend volatility = 0.65,Home-store price tier = Value,Active (bought Jan-Mar 2024),0
502566,0.0006,0,Low,Silver,Tulsa,2024,Spend volatility = 0.58,Transaction trend (last vs prior qtr) = n/a,Preferred category = Produce,Active (bought Jan-Mar 2024),0
502025,0.0006,0,Low,Platinum,Raleigh,2024,City = Raleigh,Spend volatility = 0.14,Age = 47,Active (bought Jan-Mar 2024),0
501572,0.0006,0,Low,Platinum,Boise,2021,Tenure (months) = 29,Email-open trend = -2,Months of history = 15,Active (bought Jan-Mar 2024),0
500859,0.0006,0,Low,Silver,Spokane,2021,Avg spend/month (history) = 169.61,Age = 40,"Categories bought, last 3 mo = 1.33",Active (bought Jan-Mar 2024),0
501115,0.0006,0,Low,Gold,Nashville,2023,Promo share (history) = 0.24,"Emails opened/month, last 3 mo = 0",Months of history = 14,Active (bought Jan-Mar 2024),0
501729,0.0006,0,Low,Silver,Tulsa,2021,Promo share (history) = 0.24,Tenure (months) = 34,"Support tickets, last 6 mo = 2",Active (bought Jan-Mar 2024),0
501086,0.0006,0,Low,Gold,Columbus,2023,Spend volatility = 0.15,City = Columbus,Avg spend/month (history) = 168.98,Active (bought Jan-Mar 2024),0
501360,0.0006,0,Low,Silver,Portland,2022,"Support tickets, last 3 mo = 1",Months of history = 15,Home-store price tier = Value,Active (bought Jan-Mar 2024),0
500959,0.0006,0,Low,Gold,Denver,2023,"Support tickets, last 3 mo = 1",Months of history = 12,App session trend = -3.00,Active (bought Jan-Mar 2024),0
501219,0.0006,0,Low,Gold,Columbus,2023,City = Columbus,Avg spend/month (history) = 228.88,Age = 60,Active (bought Jan-Mar 2024),0
502362,0.0006,0,Low,Silver,Nashville,2022,Promo share (history) = 0.25,Months of history = 15,App session trend = -1.50,Active (bought Jan-Mar 2024),0
500847,0.0006,0,Low,Silver,Nashville,2024,"App sessions/month, last 3 mo = 0","Emails opened/month, last 3 mo = 0",Home-store price tier = Value,Active (bought Jan-Mar 2024),0
502089,0.0006,0,Low,Platinum,Austin,2023,City = Austin,Avg spend/month (history) = 289.48,Home-store price tier = Value,Active (bought Jan-Mar 2024),0
500840,0.0006,0,Low,Gold,Austin,2023,"Emails opened/month, last 3 mo = 0","Support tickets, last 3 mo = 1",City = Austin,Active (bought Jan-Mar 2024),0
500602,0.0006,0,Low,Gold,Tulsa,2023,Promo share (history) = 0.24,Email-open trend = -2,App session trend = -2.33,Active (bought Jan-Mar 2024),0
501568,0.0006,0,Low,Gold,Columbus,2022,"Support tickets, last 3 mo = 1",City = Columbus,Months of history = 15,Active (bought Jan-Mar 2024),0
501767,0.0006,0,Low,Silver,Madison,2023,"Categories bought, last 3 mo = 1.33",App session trend = -2.67,Transaction trend (last vs prior qtr) = -2.83,Active (bought Jan-Mar 2024),0
501487,0.0006,0,Low,Silver,Denver,2023,"Emails opened/month, last 3 mo = 0.33",Months of history = 12,Avg spend/month (history) = 213.12,Active (bought Jan-Mar 2024),0
501780,0.0006,0,Low,Silver,Columbus,2021,Tenure (months) = 33,City = Columbus,Avg spend/month (history) = 230.53,Active (bought Jan-Mar 2024),0
502323,0.0006,0,Low,Platinum,Madison,2023,"Categories bought, last 3 mo = 1","Avg basket, last 3 mo = 50.59",Avg spend/month (history) = 356.52,Active (bought Jan-Mar 2024),0
501261,0.0006,0,Low,Platinum,Denver,2022,Months of history = 15,City = Denver,Avg spend/month (history) = 192.37,Active (bought Jan-Mar 2024),0
500675,0.0006,0,Low,Silver,Tulsa,2021,Avg spend/month (history) = 161.76,Spend volatility = 0.54,Months of history = 15,Active (bought Jan-Mar 2024),0
502225,0.0006,0,Low,Gold,Columbus,2023,"Support tickets, last 6 mo = 2","Support tickets, last 3 mo = 1",City = Columbus,Active (bought Jan-Mar 2024),0
501625,0.0006,0,Low,Gold,Columbus,2022,City = Columbus,"Emails opened/month, last 3 mo = 0.33",Months of history = 15,Active (bought Jan-Mar 2024),0
500765,0.0006,0,Low,Gold,Boise,2023,"Emails opened/month, last 3 mo = 0","Support tickets, last 3 mo = 1",Transaction trend (last vs prior qtr) = n/a,Active (bought Jan-Mar 2024),0
502279,0.0006,0,Low,Silver,Denver,2022,Months of history = 14,City = Denver,Avg spend/month (history) = 175.14,Active (bought Jan-Mar 2024),0
501651,0.0006,0,Low,Silver,Madison,2021,Tenure (months) = 34,Spend volatility = 0.57,Months of history = 15,Active (bought Jan-Mar 2024),0
500058,0.0006,0,Low,Platinum,Boise,2021,Tenure (months) = 36,Avg spend/month (history) = 193.89,Spend volatility = 0.56,Active (bought Jan-Mar 2024),0
501430,0.0006,0,Low,Gold,Spokane,2023,"Emails opened/month, last 3 mo = 0",Avg spend/month (history) = 161.30,"Categories bought, last 3 mo = 1.33",Active (bought Jan-Mar 2024),0
500912,0.0006,0,Low,Platinum,Columbus,2024,"Emails opened/month, last 3 mo = 0","Categories bought, last 3 mo = 0",City = Columbus,Active (bought Jan-Mar 2024),0
500110,0.0006,0,Low,Platinum,Madison,2023,"Support tickets, last 6 mo = 2",Avg spend/month (history) = 345.63,Age = 44,Active (bought Jan-Mar 2024),0
500373,0.0006,0,Low,Silver,Madison,2022,"Emails opened/month, last 3 mo = 0.33",Months of history = 15,Preferred category = Personal Care,Active (bought Jan-Mar 2024),0
500982,0.0006,0,Low,Gold,Denver,2023,"Emails opened/month, last 3 mo = 0",City = Denver,Avg transactions/month (history) = 4.12,Active (bought Jan-Mar 2024),0
500841,0.0006,0,Low,Silver,Boise,2022,"Spend/month, prior 3 mo = 47.65",Spend volatility = 0.55,Preferred category = Bakery,Active (bought Jan-Mar 2024),0
500417,0.0006,0,Low,Gold,Denver,2022,"Support tickets, last 3 mo = 1",City = Denver,Spend trend % = 2.25,Active (bought Jan-Mar 2024),0
502571,0.0006,0,Low,Platinum,Austin,2023,Spend volatility = 0.72,City = Austin,Age = 55,Active (bought Jan-Mar 2024),0
500956,0.0006,0,Low,Gold,Denver,2022,"Emails opened/month, last 3 mo = 0",Months of history = 15,Avg spend/month (history) = 269.52,Active (bought Jan-Mar 2024),0
502389,0.0006,0,Low,Silver,Nashville,2023,Promo share (history) = 0.24,"Emails opened/month, last 3 mo = 0.33",Age = 40,Active (bought Jan-Mar 2024),0
502015,0.0006,0,Low,Platinum,Columbus,2021,Tenure (months) = 30,"Emails opened/month, last 3 mo = 0",City = Columbus,Active (bought Jan-Mar 2024),0
500335,0.0006,0,Low,Silver,Nashville,2022,Promo share (history) = 0.25,Months of history = 15,Coupons/month (history) = 0.29,Active (bought Jan-Mar 2024),0
500543,0.0006,0,Low,Silver,Madison,2024,Spend volatility = 0.15,Coupons/month (history) = 0,Age = 33,Active (bought Jan-Mar 2024),0
500067,0.0006,0,Low,Silver,Tulsa,2024,"Emails opened/month, last 3 mo = 0",Spend volatility = 0.07,Preferred category = Produce,Active (bought Jan-Mar 2024),0
500390,0.0006,0,Low,Platinum,Denver,2023,Spend volatility = 0.56,"Emails opened/month, last 3 mo = 0.33",City = Denver,Active (bought Jan-Mar 2024),0
502276,0.0006,0,Low,Gold,Boise,2021,Tenure (months) = 32,Home-store price tier = Value,Months of history = 14,Active (bought Jan-Mar 2024),0
500839,0.0006,0,Low,Silver,Columbus,2021,Tenure (months) = 34,"Support tickets, last 3 mo = 1","Support tickets, last 6 mo = 2",Active (bought Jan-Mar 2024),0
502249,0.0006,0,Low,Gold,Columbus,2024,City = Columbus,Transaction trend (last vs prior qtr) = n/a,Marketing opt-in = 1,Active (bought Jan-Mar 2024),0
501733,0.0006,0,Low,Gold,Denver,2023,"Support tickets, last 6 mo = 2","Support tickets, last 3 mo = 1",Age = 37,Active (bought Jan-Mar 2024),0
501603,0.0006,0,Low,Silver,Madison,2021,"Support tickets, last 3 mo = 1","Emails opened/month, last 3 mo = 0.33",Months of history = 15,Active (bought Jan-Mar 2024),0
501996,0.0006,0,Low,Gold,Raleigh,2023,City = Raleigh,Avg spend/month (history) = 160.69,Home-store price tier = Value,Active (bought Jan-Mar 2024),0
501468,0.0006,0,Low,Silver,Raleigh,2021,City = Raleigh,Age = 43,Months of history = 15,Active (bought Jan-Mar 2024),0
500784,0.0006,0,Low,Silver,Columbus,2024,"Support tickets, last 3 mo = 1",City = Columbus,"Avg basket, last 3 mo = 27.41",Active (bought Jan-Mar 2024),0
501157,0.0006,0,Low,Silver,Raleigh,2024,City = Raleigh,Coupons/month (history) = 0,Transaction trend (last vs prior qtr) = n/a,Active (bought Jan-Mar 2024),0
501131,0.0006,0,Low,Gold,Spokane,2022,Months of history = 15,Age = 43,App session trend = -1.33,Active (bought Jan-Mar 2024),0
501407,0.0006,0,Low,Gold,Raleigh,2021,Tenure (months) = 30,City = Raleigh,Months of history = 15,Active (bought Jan-Mar 2024),0
500438,0.0006,0,Low,Silver,Denver,2022,"Support tickets, last 3 mo = 1","Emails opened/month, last 3 mo = 0.33",Age = 36,Active (bought Jan-Mar 2024),0
500422,0.0006,0,Low,Silver,Nashville,2023,"Support tickets, last 3 mo = 1",Avg spend/month (history) = 174.49,Months of history = 13,Active (bought Jan-Mar 2024),0
502489,0.0006,0,Low,Platinum,Raleigh,2021,City = Raleigh,Age = 44,Months of history = 15,Active (bought Jan-Mar 2024),0
501899,0.0006,0,Low,Gold,Columbus,2022,"Emails opened/month, last 3 mo = 0.33",City = Columbus,Months of history = 15,Active (bought Jan-Mar 2024),0
501081,0.0006,0,Low,Silver,Raleigh,2024,Spend volatility = 0.04,City = Raleigh,Transaction trend (last vs prior qtr) = n/a,Active (bought Jan-Mar 2024),0
501275,0.0005,0,Low,Silver,Austin,2021,Tenure (months) = 31,City = Austin,Months of history = 15,Active (bought Jan-Mar 2024),0
500555,0.0005,0,Low,Silver,Columbus,2023,City = Columbus,Months of history = 12,Membership tier = Silver,Active (bought Jan-Mar 2024),0
500275,0.0005,0,Low,Gold,Boise,2022,Months of history = 15,"Avg basket, last 3 mo = 28.96",Avg spend/month (history) = 153.06,Active (bought Jan-Mar 2024),0
502361,0.0005,0,Low,Silver,Raleigh,2023,City = Raleigh,Months of history = 13,"Promo share, last 3 mo = 0.51",Active (bought Jan-Mar 2024),0
500103,0.0005,0,Low,Gold,Portland,2021,Tenure (months) = 36,"Promo share, last 3 mo = 0.48",Months of history = 15,Active (bought Jan-Mar 2024),0
500122,0.0005,0,Low,Silver,Denver,2021,Tenure (months) = 36,Months of history = 15,City = Denver,Active (bought Jan-Mar 2024),0
502363,0.0005,0,Low,Silver,Nashville,2022,Months of history = 15,Preferred category = Bakery,"Promo share, last 3 mo = 0.50",Active (bought Jan-Mar 2024),0
501721,0.0005,0,Low,Gold,Portland,2021,Tenure (months) = 36,Avg spend/month (history) = 159.40,Months of history = 15,Active (bought Jan-Mar 2024),0
501396,0.0005,0,Low,Gold,Nashville,2021,Avg spend/month (history) = 163.47,Months of history = 15,App session trend = -2.33,Active (bought Jan-Mar 2024),0
500924,0.0005,0,Low,Platinum,Madison,2021,Tenure (months) = 30,Spend volatility = 0.57,Months of history = 14,Active (bought Jan-Mar 2024),0
500788,0.0005,0,Low,Silver,Spokane,2022,"Support tickets, last 3 mo = 1",Months of history = 15,Home-store price tier = Value,Active (bought Jan-Mar 2024),0
500268,0.0005,0,Low,Silver,Columbus,2023,City = Columbus,Spend volatility = 0.67,Spend trend % = 1.87,Active (bought Jan-Mar 2024),0
501349,0.0005,0,Low,Silver,Columbus,2023,City = Columbus,Age = 51,Membership tier = Silver,Active (bought Jan-Mar 2024),0
500775,0.0005,0,Low,Gold,Denver,2022,"Emails opened/month, last 3 mo = 0","Support tickets, last 6 mo = 2",Months of history = 15,Active (bought Jan-Mar 2024),0
501705,0.0005,0,Low,Silver,Boise,2022,Months of history = 15,Preferred category = Personal Care,"Transactions/month, prior 3 mo = 6",Active (bought Jan-Mar 2024),0
502409,0.0005,0,Low,Platinum,Tulsa,2023,"Support tickets, last 3 mo = 1","Avg basket, last 3 mo = 56.11",Avg spend/month (history) = 345.38,Active (bought Jan-Mar 2024),0
500368,0.0005,0,Low,Silver,Columbus,2022,City = Columbus,Months of history = 15,Avg spend/month (history) = 218.31,Active (bought Jan-Mar 2024),0
502123,0.0005,0,Low,Silver,Nashville,2021,Spend trend % = 1.03,Months of history = 15,Spend volatility = 0.53,Active (bought Jan-Mar 2024),0
501686,0.0005,0,Low,Silver,Austin,2024,City = Austin,Age = 34,"Emails opened/month, last 3 mo = 0.50",Active (bought Jan-Mar 2024),0
501634,0.0005,0,Low,Silver,Madison,2022,Avg spend/month (history) = 215.11,Months of history = 15,Home-store price tier = Value,Active (bought Jan-Mar 2024),0
501323,0.0005,0,Low,Silver,Raleigh,2022,City = Raleigh,Months of history = 15,Avg spend/month (history) = 168.87,Active (bought Jan-Mar 2024),0
500771,0.0005,0,Low,Gold,Columbus,2022,City = Columbus,Months of history = 15,Email-open trend = -2.00,Active (bought Jan-Mar 2024),0
501215,0.0005,0,Low,Silver,Denver,2023,"Support tickets, last 3 mo = 1",Spend volatility = 0.59,Transaction trend (last vs prior qtr) = n/a,Active (bought Jan-Mar 2024),0
500113,0.0005,0,Low,Silver,Boise,2024,Transaction trend (last vs prior qtr) = n/a,Preferred category = Bakery,Marketing opt-in = 1,Active (bought Jan-Mar 2024),0
501774,0.0005,0,Low,Silver,Columbus,2022,City = Columbus,Months of history = 15,Avg spend/month (history) = 313.23,Active (bought Jan-Mar 2024),0
501707,0.0005,0,Low,Gold,Nashville,2022,Months of history = 15,Email-open trend = -1.33,Home-store price tier = Value,Active (bought Jan-Mar 2024),0
500248,0.0005,0,Low,Silver,Portland,2023,Spend volatility = 0.17,"Support tickets, last 3 mo = 1",Preferred category = Bakery,Active (bought Jan-Mar 2024),0
500908,0.0005,0,Low,Platinum,Nashville,2022,Spend volatility = 0.62,Avg spend/month (history) = 169.22,Months of history = 15,Active (bought Jan-Mar 2024),0
500363,0.0005,0,Low,Silver,Columbus,2022,Months of history = 15,City = Columbus,Avg spend/month (history) = 175.38,Active (bought Jan-Mar 2024),0
500471,0.0005,0,Low,Gold,Denver,2023,"Emails opened/month, last 3 mo = 0",Age = 48,Avg spend/month (history) = 194.98,Active (bought Jan-Mar 2024),0
502417,0.0005,0,Low,Gold,Spokane,2022,Home-store price tier = Value,Marketing opt-in = 1,Avg transactions/month (history) = 4.53,Active (bought Jan-Mar 2024),0
501803,0.0005,0,Low,Silver,Austin,2022,City = Austin,Months of history = 15,Avg transactions/month (history) = 5.50,Active (bought Jan-Mar 2024),0
501944,0.0005,0,Low,Platinum,Tulsa,2023,Spend volatility = 0.58,Age = 46,Avg spend/month (history) = 174.45,Active (bought Jan-Mar 2024),0
501552,0.0005,0,Low,Gold,Raleigh,2021,City = Raleigh,Months of history = 14,Spend trend % = 0.42,Active (bought Jan-Mar 2024),0
502236,0.0005,0,Low,Silver,Portland,2021,Tenure (months) = 33,Months of history = 15,"Transactions/month, prior 3 mo = 7.67",Active (bought Jan-Mar 2024),0
502146,0.0005,0,Low,Silver,Tulsa,2023,"Emails opened/month, last 3 mo = 0",Email-open trend = -1.33,Spend volatility = 0.58,Active (bought Jan-Mar 2024),0
500927,0.0005,0,Low,Gold,Raleigh,2023,City = Raleigh,Age = 38,"Promo share, last 3 mo = 0.35",Active (bought Jan-Mar 2024),0
501547,0.0005,0,Low,Silver,Portland,2022,Months of history = 15,Avg spend/month (history) = 250.65,Home-store price tier = Value,Active (bought Jan-Mar 2024),0
501683,0.0005,0,Low,Silver,Tulsa,2023,"Support tickets, last 3 mo = 1",Coupons/month (history) = 0.33,Home-store price tier = Value,Active (bought Jan-Mar 2024),0
502307,0.0005,0,Low,Silver,Tulsa,2023,"Support tickets, last 3 mo = 1","Support tickets, last 6 mo = 2",Coupons/month (history) = 0.20,Active (bought Jan-Mar 2024),0
501914,0.0005,0,Low,Silver,Spokane,2021,Tenure (months) = 29,Months of history = 15,Spend trend % = 0.37,Active (bought Jan-Mar 2024),0
500517,0.0005,0,Low,Silver,Tulsa,2024,"Support tickets, last 3 mo = 1",Age = 47,Avg spend/month (history) = 227.38,Active (bought Jan-Mar 2024),0
500536,0.0005,0,Low,Gold,Boise,2022,Months of history = 15,"Promo share, last 3 mo = 0.46",Age = 41,Active (bought Jan-Mar 2024),0
502038,0.0005,0,Low,Silver,Columbus,2022,Avg spend/month (history) = 169.88,Months of history = 14,City = Columbus,Active (bought Jan-Mar 2024),0
501051,0.0005,0,Low,Silver,Nashville,2021,Avg spend/month (history) = 165.54,Months of history = 15,Tenure (months) = 28,Active (bought Jan-Mar 2024),0
501545,0.0005,0,Low,Gold,Denver,2023,Months of history = 14,City = Denver,Avg transactions/month (history) = 4.08,Active (bought Jan-Mar 2024),0
500133,0.0005,0,Low,Silver,Boise,2024,"Coupons redeemed/month, last 3 mo = 0",Transaction trend (last vs prior qtr) = n/a,Marketing opt-in = 1,Active (bought Jan-Mar 2024),0
501309,0.0005,0,Low,Silver,Nashville,2023,Spend volatility = 0.68,Age = 35,Avg transactions/month (history) = 4.20,Active (bought Jan-Mar 2024),0
500704,0.0005,0,Low,Silver,Madison,2021,Tenure (months) = 31,"Support tickets, last 3 mo = 1",Months of history = 15,Active (bought Jan-Mar 2024),0
501922,0.0005,0,Low,Silver,Denver,2021,Tenure (months) = 32,Months of history = 14,Avg spend/month (history) = 258.83,Active (bought Jan-Mar 2024),0
501679,0.0005,0,Low,Gold,Madison,2023,"Emails opened/month, last 3 mo = 0",Months of history = 13,Coupons/month (history) = 0.23,Active (bought Jan-Mar 2024),0
501380,0.0005,0,Low,Gold,Portland,2023,Promo share (history) = 0.25,"Emails opened/month, last 3 mo = 0.33",Age = 32,Active (bought Jan-Mar 2024),0
500349,0.0005,0,Low,Silver,Nashville,2023,Transaction trend (last vs prior qtr) = n/a,Preferred category = Bakery,"Promo share, last 3 mo = 0.55",Active (bought Jan-Mar 2024),0
501849,0.0005,0,Low,Gold,Nashville,2022,Months of history = 14,Transaction trend (last vs prior qtr) = -3.33,Avg spend/month (history) = 215.32,Active (bought Jan-Mar 2024),0
502223,0.0005,0,Low,Platinum,Portland,2022,"Support tickets, last 3 mo = 2",Support-ticket trend = 2,"Support tickets, last 6 mo = 2",Active (bought Jan-Mar 2024),0
500664,0.0005,0,Low,Silver,Austin,2023,City = Austin,Age = 38,Transaction trend (last vs prior qtr) = n/a,Active (bought Jan-Mar 2024),0
500286,0.0005,0,Low,Platinum,Nashville,2021,Tenure (months) = 32,Months of history = 15,Avg spend/month (history) = 321.58,Active (bought Jan-Mar 2024),0
502515,0.0005,0,Low,Silver,Raleigh,2023,City = Raleigh,"Support tickets, last 3 mo = 1",Age = 46,Active (bought Jan-Mar 2024),0
502270,0.0005,0,Low,Silver,Tulsa,2021,"Emails opened/month, last 3 mo = 0",Tenure (months) = 32,Months of history = 15,Active (bought Jan-Mar 2024),0
502477,0.0005,0,Low,Gold,Tulsa,2024,Avg spend/month (history) = 173.02,Home-store price tier = Value,Transaction trend (last vs prior qtr) = n/a,Active (bought Jan-Mar 2024),0
501577,0.0005,0,Low,Gold,Nashville,2022,"Emails opened/month, last 3 mo = 0",Months of history = 15,Promo share (history) = 0.22,Active (bought Jan-Mar 2024),0
500052,0.0005,0,Low,Gold,Portland,2023,"Emails opened/month, last 3 mo = 0",Spend volatility = 0.51,App session trend = -1.67,Active (bought Jan-Mar 2024),0
500331,0.0005,0,Low,Silver,Raleigh,2023,City = Raleigh,Avg spend/month (history) = 216.42,Months of history = 13,Active (bought Jan-Mar 2024),0
501004,0.0005,0,Low,Gold,Spokane,2022,Spend volatility = 0.55,Months of history = 15,App session trend = -1.67,Active (bought Jan-Mar 2024),0
501426,0.0005,0,Low,Silver,Denver,2022,"Avg basket, last 3 mo = 27.67",Months of history = 15,City = Denver,Active (bought Jan-Mar 2024),0
500493,0.0005,0,Low,Platinum,Austin,2023,"Emails opened/month, last 3 mo = 0.33",City = Austin,Avg spend/month (history) = 270.59,Active (bought Jan-Mar 2024),0
500486,0.0005,0,Low,Gold,Raleigh,2024,"App sessions/month, last 3 mo = 0",City = Raleigh,"Coupons redeemed/month, last 3 mo = 0",Active (bought Jan-Mar 2024),0
500767,0.0005,0,Low,Platinum,Madison,2021,"Support tickets, last 3 mo = 1",Months of history = 15,Avg spend/month (history) = 225.80,Active (bought Jan-Mar 2024),0
502121,0.0005,0,Low,Gold,Madison,2022,Email-open trend = -2.50,App session trend = -1.50,Months of history = 15,Active (bought Jan-Mar 2024),0
502462,0.0005,0,Low,Silver,Portland,2022,"Emails opened/month, last 3 mo = 0.33","Categories bought, last 3 mo = 1",Months of history = 15,Active (bought Jan-Mar 2024),0
501199,0.0004,0,Low,Silver,Madison,2022,"Support tickets, last 6 mo = 2",Months of history = 15,Home-store price tier = Value,Active (bought Jan-Mar 2024),0
501956,0.0004,0,Low,Platinum,Nashville,2022,"Support tickets, last 3 mo = 1",Avg spend/month (history) = 296.79,Months of history = 15,Active (bought Jan-Mar 2024),0
501452,0.0004,0,Low,Gold,Raleigh,2021,City = Raleigh,Months of history = 15,Age = 46,Active (bought Jan-Mar 2024),0
501436,0.0004,0,Low,Platinum,Nashville,2023,"Emails opened/month, last 3 mo = 0",Spend volatility = 0.53,Home-store price tier = Value,Active (bought Jan-Mar 2024),0
501306,0.0004,0,Low,Silver,Spokane,2023,Months of history = 13,Avg spend/month (history) = 248.01,Age = 50,Active (bought Jan-Mar 2024),0
502472,0.0004,0,Low,Silver,Tulsa,2022,"Emails opened/month, last 3 mo = 0",Months of history = 15,Avg spend/month (history) = 198.64,Active (bought Jan-Mar 2024),0
500974,0.0004,0,Low,Silver,Raleigh,2023,City = Raleigh,"Emails opened/month, last 3 mo = 0.33",Coupons/month (history) = 0.20,Active (bought Jan-Mar 2024),0
501077,0.0004,0,Low,Gold,Portland,2023,"Emails opened/month, last 3 mo = 0",Avg spend/month (history) = 223.05,Months of history = 12,Active (bought Jan-Mar 2024),0
501714,0.0004,0,Low,Gold,Portland,2022,"Emails opened/month, last 3 mo = 0",Months of history = 15,Avg spend/month (history) = 199.47,Active (bought Jan-Mar 2024),0
502141,0.0004,0,Low,Gold,Spokane,2023,Coupons/month (history) = 0.17,App session trend = -1.33,Avg spend/month (history) = 179.85,Active (bought Jan-Mar 2024),0
501609,0.0004,0,Low,Platinum,Tulsa,2022,"Emails opened/month, last 3 mo = 0.33",Months of history = 15,Age = 35,Active (bought Jan-Mar 2024),0
501597,0.0004,0,Low,Gold,Raleigh,2023,City = Raleigh,"Categories bought, last 3 mo = 0.67",Avg spend/month (history) = 158.53,Active (bought Jan-Mar 2024),0
500670,0.0004,0,Low,Silver,Raleigh,2023,City = Raleigh,Email-open trend = -1.33,"Promo share, last 3 mo = 0.51",Active (bought Jan-Mar 2024),0
500062,0.0004,0,Low,Gold,Denver,2022,Months of history = 15,City = Denver,Spend trend % = 1.29,Active (bought Jan-Mar 2024),0
500575,0.0004,0,Low,Silver,Spokane,2022,Promo share (history) = 0.24,Months of history = 15,App session trend = -1.67,Active (bought Jan-Mar 2024),0
501745,0.0004,0,Low,Gold,Nashville,2021,Tenure (months) = 35,Months of history = 15,Coupons/month (history) = 0.21,Active (bought Jan-Mar 2024),0
502327,0.0004,0,Low,Silver,Madison,2021,Tenure (months) = 30,Spend volatility = 0.66,Months of history = 15,Active (bought Jan-Mar 2024),0
501298,0.0004,0,Low,Gold,Nashville,2022,"Emails opened/month, last 3 mo = 0",Months of history = 15,Age = 32,Active (bought Jan-Mar 2024),0
500695,0.0004,0,Low,Gold,Columbus,2024,City = Columbus,Age = 35,"Transactions/month, prior 3 mo = n/a",Active (bought Jan-Mar 2024),0
501835,0.0004,0,Low,Silver,Raleigh,2022,City = Raleigh,Months of history = 15,Avg spend/month (history) = 252.74,Active (bought Jan-Mar 2024),0
502346,0.0004,0,Low,Gold,Portland,2022,"Emails opened/month, last 3 mo = 0",Months of history = 15,Avg spend/month (history) = 211.24,Active (bought Jan-Mar 2024),0
501232,0.0004,0,Low,Silver,Nashville,2021,Tenure (months) = 32,Months of history = 15,Home-store price tier = Value,Active (bought Jan-Mar 2024),0
501785,0.0004,0,Low,Gold,Tulsa,2021,Tenure (months) = 32,Months of history = 14,Age = 41,Active (bought Jan-Mar 2024),0
502517,0.0004,0,Low,Gold,Madison,2023,Spend volatility = 0.54,Transaction trend (last vs prior qtr) = n/a,"Transactions/month, prior 3 mo = n/a",Active (bought Jan-Mar 2024),0
502300,0.0004,0,Low,Silver,Tulsa,2021,Tenure (months) = 36,Months of history = 15,Age = 41,Active (bought Jan-Mar 2024),0
500013,0.0004,0,Low,Silver,Denver,2022,Avg spend/month (history) = 159.40,Months of history = 15,City = Denver,Active (bought Jan-Mar 2024),0
500420,0.0004,0,Low,Gold,Columbus,2023,City = Columbus,Months of history = 13,Transaction trend (last vs prior qtr) = -2.33,Active (bought Jan-Mar 2024),0
502064,0.0004,0,Low,Silver,Tulsa,2021,Tenure (months) = 32,Months of history = 15,Avg spend/month (history) = 252.94,Active (bought Jan-Mar 2024),0
500329,0.0004,0,Low,Gold,Boise,2021,Avg spend/month (history) = 175.70,Avg transactions/month (history) = 4.64,Months of history = 15,Active (bought Jan-Mar 2024),0
501135,0.0004,0,Low,Silver,Portland,2021,"Emails opened/month, last 3 mo = 0",Tenure (months) = 36,Months of history = 15,Active (bought Jan-Mar 2024),0
501288,0.0004,0,Low,Silver,Nashville,2021,Months of history = 14,Age = 35,Tenure (months) = 28,Active (bought Jan-Mar 2024),0
502240,0.0004,0,Low,Silver,Portland,2022,"Emails opened/month, last 3 mo = 0.33",Home-store price tier = Value,Months of history = 15,Active (bought Jan-Mar 2024),0
500313,0.0004,0,Low,Gold,Portland,2024,Spend volatility = 0.10,Age = 48,Transaction trend (last vs prior qtr) = n/a,Active (bought Jan-Mar 2024),0
501863,0.0004,0,Low,Gold,Tulsa,2022,Avg spend/month (history) = 163.39,Months of history = 15,Avg transactions/month (history) = 4.93,Active (bought Jan-Mar 2024),0
501202,0.0004,0,Low,Silver,Austin,2023,"Emails opened/month, last 3 mo = 0",City = Austin,Age = 40,Active (bought Jan-Mar 2024),0
501770,0.0004,0,Low,Gold,Spokane,2022,"Emails opened/month, last 3 mo = 0",Months of history = 15,"Avg basket, last 3 mo = 28.19",Active (bought Jan-Mar 2024),0
500541,0.0004,0,Low,Silver,Austin,2022,City = Austin,"Emails opened/month, last 3 mo = 0.33",Months of history = 15,Active (bought Jan-Mar 2024),0
502366,0.0004,0,Low,Gold,Portland,2023,"Emails opened/month, last 3 mo = 0",Avg spend/month (history) = 238.88,Months of history = 13,Active (bought Jan-Mar 2024),0
502028,0.0004,0,Low,Silver,Spokane,2022,Months of history = 15,Age = 33,App session trend = -1.33,Active (bought Jan-Mar 2024),0
501164,0.0004,0,Low,Gold,Tulsa,2023,Promo share (history) = 0.25,"Emails opened/month, last 3 mo = 0.33",Spend volatility = 0.67,Active (bought Jan-Mar 2024),0
500096,0.0004,0,Low,Platinum,Madison,2023,Avg spend/month (history) = 218.40,Home-store price tier = Value,Months of history = 13,Active (bought Jan-Mar 2024),0
500984,0.0004,0,Low,Gold,Austin,2024,"Emails opened/month, last 3 mo = 0","Promo share, last 3 mo = 0.60",Transaction trend (last vs prior qtr) = n/a,Active (bought Jan-Mar 2024),0
502500,0.0004,0,Low,Gold,Portland,2023,"Support tickets, last 3 mo = 1",Months of history = 12,Coupons/month (history) = 0.42,Active (bought Jan-Mar 2024),0
500429,0.0004,0,Low,Gold,Columbus,2023,"Emails opened/month, last 3 mo = 0.33",City = Columbus,"Coupons redeemed/month, last 3 mo = 0",Active (bought Jan-Mar 2024),0
501060,0.0004,0,Low,Silver,Boise,2022,Coupons/month (history) = 0.27,Months of history = 15,"Promo share, last 3 mo = 0.43",Active (bought Jan-Mar 2024),0
501259,0.0004,0,Low,Gold,Tulsa,2024,"Emails opened/month, last 3 mo = 0","Coupons redeemed/month, last 3 mo = 0",Transaction trend (last vs prior qtr) = n/a,Active (bought Jan-Mar 2024),0
502529,0.0004,0,Low,Gold,Madison,2023,"Emails opened/month, last 3 mo = 0",Transaction trend (last vs prior qtr) = -1.67,Avg spend/month (history) = 239.80,Active (bought Jan-Mar 2024),0
501637,0.0004,0,Low,Silver,Boise,2022,Avg spend/month (history) = 206.67,Email-open trend = -1.67,Months of history = 15,Active (bought Jan-Mar 2024),0
502122,0.0004,0,Low,Silver,Raleigh,2021,Tenure (months) = 32,City = Raleigh,Months of history = 14,Active (bought Jan-Mar 2024),0
500328,0.0004,0,Low,Silver,Tulsa,2023,Spend volatility = 0.62,Avg spend/month (history) = 165.37,Home-store price tier = Value,Active (bought Jan-Mar 2024),0
501823,0.0004,0,Low,Gold,Boise,2023,Promo share (history) = 0.24,Spend volatility = 0.15,Transaction trend (last vs prior qtr) = n/a,Active (bought Jan-Mar 2024),0
500393,0.0004,0,Low,Silver,Austin,2022,City = Austin,Months of history = 15,Home-store price tier = Value,Active (bought Jan-Mar 2024),0
500259,0.0004,0,Low,Platinum,Portland,2023,"Emails opened/month, last 3 mo = 0.33",Preferred category = Personal Care,Age = 34,Active (bought Jan-Mar 2024),0
500777,0.0004,0,Low,Silver,Austin,2024,City = Austin,Transaction trend (last vs prior qtr) = n/a,Home-store price tier = Value,Active (bought Jan-Mar 2024),0
500915,0.0004,0,Low,Gold,Portland,2023,"Emails opened/month, last 3 mo = 0",Promo share (history) = 0.24,"Support tickets, last 3 mo = 1",Active (bought Jan-Mar 2024),0
500462,0.0004,0,Low,Silver,Denver,2022,"Emails opened/month, last 3 mo = 0",Months of history = 15,City = Denver,Active (bought Jan-Mar 2024),0
501553,0.0004,0,Low,Gold,Denver,2024,"Emails opened/month, last 3 mo = 0","Promo share, last 3 mo = 0.41",Transaction trend (last vs prior qtr) = n/a,Active (bought Jan-Mar 2024),0
502188,0.0004,0,Low,Silver,Tulsa,2022,Months of history = 15,Avg spend/month (history) = 238.26,Home-store price tier = Value,Active (bought Jan-Mar 2024),0
501440,0.0004,0,Low,Silver,Raleigh,2022,City = Raleigh,Months of history = 15,Age = 42,Active (bought Jan-Mar 2024),0
500277,0.0004,0,Low,Gold,Madison,2021,Tenure (months) = 33,Months of history = 15,Home-store price tier = Value,Active (bought Jan-Mar 2024),0
501163,0.0004,0,Low,Platinum,Raleigh,2023,City = Raleigh,"Categories bought, last 3 mo = 1",Age = 45,Active (bought Jan-Mar 2024),0
501537,0.0004,0,Low,Silver,Austin,2023,"Emails opened/month, last 3 mo = 0",City = Austin,Avg spend/month (history) = 336.38,Active (bought Jan-Mar 2024),0
501214,0.0004,0,Low,Gold,Nashville,2022,"Emails opened/month, last 3 mo = 0",Months of history = 15,Avg spend/month (history) = 293.78,Active (bought Jan-Mar 2024),0
502176,0.0004,0,Low,Silver,Madison,2024,Age = 33,Preferred category = Personal Care,Transaction trend (last vs prior qtr) = n/a,Active (bought Jan-Mar 2024),0
500687,0.0004,0,Low,Platinum,Madison,2021,Tenure (months) = 36,Avg spend/month (history) = 158.91,Months of history = 15,Active (bought Jan-Mar 2024),0
501274,0.0004,0,Low,Silver,Nashville,2024,"Categories bought, last 3 mo = 1","Coupons redeemed/month, last 3 mo = 0",Coupons/month (history) = 0,Active (bought Jan-Mar 2024),0
500855,0.0004,0,Low,Gold,Nashville,2024,"Support tickets, last 3 mo = 1",Transaction trend (last vs prior qtr) = n/a,Preferred category = Personal Care,Active (bought Jan-Mar 2024),0
501864,0.0004,0,Low,Platinum,Madison,2021,Tenure (months) = 33,Avg spend/month (history) = 170.38,Months of history = 15,Active (bought Jan-Mar 2024),0
501348,0.0004,0,Low,Silver,Boise,2021,"Support tickets, last 6 mo = 2","Support tickets, last 3 mo = 1",Months of history = 15,Active (bought Jan-Mar 2024),0
502360,0.0004,0,Low,Silver,Tulsa,2024,Spend volatility = 0.04,Avg spend/month (history) = 353.24,"Promo share, last 3 mo = 0.43",Active (bought Jan-Mar 2024),0
500967,0.0004,0,Low,Gold,Denver,2023,"Emails opened/month, last 3 mo = 0.33",App session trend = -2.67,Avg spend/month (history) = 167.78,Active (bought Jan-Mar 2024),0
500574,0.0004,0,Low,Silver,Tulsa,2024,Spend volatility = 0.01,Transaction trend (last vs prior qtr) = n/a,Home-store price tier = Value,Active (bought Jan-Mar 2024),0
501211,0.0004,0,Low,Silver,Madison,2022,Months of history = 15,Avg spend/month (history) = 216.82,"Promo share, last 3 mo = 0.41",Active (bought Jan-Mar 2024),0
502369,0.0004,0,Low,Silver,Madison,2023,Spend volatility = 0.52,Age = 36,App session trend = -1.67,Active (bought Jan-Mar 2024),0
502040,0.0004,0,Low,Silver,Austin,2021,City = Austin,Months of history = 15,Home-store price tier = Value,Active (bought Jan-Mar 2024),0
500686,0.0004,0,Low,Gold,Nashville,2022,Promo share (history) = 0.24,Months of history = 14,"Transactions/month, prior 3 mo = 9",Active (bought Jan-Mar 2024),0
501650,0.0004,0,Low,Platinum,Denver,2023,"Categories bought, last 3 mo = 1","Avg basket, last 3 mo = 50.40",App session trend = -1.67,Active (bought Jan-Mar 2024),0
500764,0.0004,0,Low,Silver,Portland,2021,Avg spend/month (history) = 236.52,Months of history = 15,Age = 32,Active (bought Jan-Mar 2024),0
500601,0.0004,0,Low,Silver,Tulsa,2023,Spend volatility = 0.12,Avg spend/month (history) = 166.39,Transaction trend (last vs prior qtr) = n/a,Active (bought Jan-Mar 2024),0
500026,0.0004,0,Low,Gold,Portland,2024,Transaction trend (last vs prior qtr) = n/a,Marketing opt-in = 1,Avg transactions/month (history) = 4,Active (bought Jan-Mar 2024),0
500791,0.0004,0,Low,Silver,Boise,2022,Spend volatility = 0.56,"Avg basket, last 3 mo = 28.56",Months of history = 15,Active (bought Jan-Mar 2024),0
500070,0.0004,0,Low,Gold,Madison,2023,"Support tickets, last 3 mo = 1",Avg spend/month (history) = 264.09,Coupons/month (history) = 0.25,Active (bought Jan-Mar 2024),0
502377,0.0004,0,Low,Silver,Raleigh,2023,City = Raleigh,Months of history = 13,"Promo share, last 3 mo = 0.49",Active (bought Jan-Mar 2024),0
501132,0.0004,0,Low,Gold,Tulsa,2023,"Support tickets, last 3 mo = 1","Avg basket, last 3 mo = 29.06",Avg spend/month (history) = 174.60,Active (bought Jan-Mar 2024),0
501327,0.0004,0,Low,Gold,Austin,2024,City = Austin,Age = 44,Transaction trend (last vs prior qtr) = n/a,Active (bought Jan-Mar 2024),0
500795,0.0004,0,Low,Gold,Portland,2023,Spend volatility = 0.57,"Transactions/month, prior 3 mo = n/a",Transaction trend (last vs prior qtr) = n/a,Active (bought Jan-Mar 2024),0
500291,0.0003,0,Low,Gold,Nashville,2023,"Categories bought, last 3 mo = 1",Email-open trend = -1.33,Avg spend/month (history) = 200.76,Active (bought Jan-Mar 2024),0
501619,0.0003,0,Low,Silver,Madison,2023,"Promo share, last 3 mo = 0.44","Coupons redeemed/month, last 3 mo = 0",Coupons/month (history) = 0.33,Active (bought Jan-Mar 2024),0
501697,0.0003,0,Low,Gold,Spokane,2022,Months of history = 14,Avg spend/month (history) = 298.55,Home-store price tier = Value,Active (bought Jan-Mar 2024),0
500633,0.0003,0,Low,Silver,Denver,2022,Months of history = 15,City = Denver,Home-store price tier = Value,Active (bought Jan-Mar 2024),0
502459,0.0003,0,Low,Platinum,Portland,2022,Months of history = 15,Avg spend/month (history) = 224.40,Age = 33,Active (bought Jan-Mar 2024),0
500189,0.0003,0,Low,Platinum,Madison,2024,Transaction trend (last vs prior qtr) = n/a,Age = 58,"Transactions/month, prior 3 mo = n/a",Active (bought Jan-Mar 2024),0
501739,0.0003,0,Low,Gold,Spokane,2023,Avg spend/month (history) = 163.94,"Avg basket, last 3 mo = 28.83",Marketing opt-in = 1,Active (bought Jan-Mar 2024),0
501856,0.0003,0,Low,Gold,Tulsa,2022,Preferred category = Bakery,Months of history = 14,Spend trend % = 0.39,Active (bought Jan-Mar 2024),0
500842,0.0003,0,Low,Silver,Tulsa,2022,Months of history = 15,"Avg basket, last 3 mo = 49.32",App session trend = -1.33,Active (bought Jan-Mar 2024),0
502217,0.0003,0,Low,Silver,Tulsa,2022,"Emails opened/month, last 3 mo = 0",Months of history = 15,Avg spend/month (history) = 151.86,Active (bought Jan-Mar 2024),0
500466,0.0003,0,Low,Gold,Madison,2022,Email-open trend = -2,Spend volatility = 0.53,Months of history = 15,Active (bought Jan-Mar 2024),0
500188,0.0003,0,Low,Silver,Spokane,2023,"Transactions/month, prior 3 mo = 6",Home-store price tier = Value,"Avg basket, last 3 mo = 28.46",Active (bought Jan-Mar 2024),0
500080,0.0003,0,Low,Platinum,Denver,2023,City = Denver,Home-store price tier = Value,Avg spend/month (history) = 191.13,Active (bought Jan-Mar 2024),0
500636,0.0003,0,Low,Gold,Raleigh,2022,City = Raleigh,Months of history = 15,Age = 47,Active (bought Jan-Mar 2024),0
500008,0.0003,0,Low,Platinum,Boise,2021,Tenure (months) = 31,Months of history = 15,Avg spend/month (history) = 261.04,Active (bought Jan-Mar 2024),0
500360,0.0003,0,Low,Platinum,Boise,2021,Avg spend/month (history) = 223.16,Months of history = 14,Tenure (months) = 28,Active (bought Jan-Mar 2024),0
500671,0.0003,0,Low,Silver,Portland,2022,Months of history = 15,Home-store price tier = Value,Coupons/month (history) = 0.21,Active (bought Jan-Mar 2024),0
500040,0.0003,0,Low,Silver,Nashville,2022,Months of history = 15,"Transactions/month, prior 3 mo = 5.67",Avg spend/month (history) = 145.48,Active (bought Jan-Mar 2024),0
500174,0.0003,0,Low,Silver,Portland,2023,Coupons/month (history) = 0.20,Avg spend/month (history) = 170.05,Avg transactions/month (history) = 5,Active (bought Jan-Mar 2024),0
502169,0.0003,0,Low,Silver,Tulsa,2022,Months of history = 15,Age = 36,Avg spend/month (history) = 202.81,Active (bought Jan-Mar 2024),0
500921,0.0003,0,Low,Platinum,Tulsa,2021,Tenure (months) = 37,Home-store price tier = Value,Months of history = 15,Active (bought Jan-Mar 2024),0
501024,0.0003,0,Low,Silver,Portland,2022,"Emails opened/month, last 3 mo = 0","Avg basket, last 3 mo = 27.34",Months of history = 15,Active (bought Jan-Mar 2024),0
501003,0.0003,0,Low,Silver,Portland,2023,App session trend = -1.67,Avg spend/month (history) = 174.80,Preferred category = Personal Care,Active (bought Jan-Mar 2024),0
501846,0.0003,0,Low,Silver,Madison,2024,"Emails opened/month, last 3 mo = 0","Coupons redeemed/month, last 3 mo = 0",Age = 39,Active (bought Jan-Mar 2024),0
501616,0.0003,0,Low,Platinum,Tulsa,2023,Spend volatility = 0.12,"Avg basket, last 3 mo = 54.35",Home-store price tier = Value,Active (bought Jan-Mar 2024),0
502319,0.0003,0,Low,Gold,Denver,2024,"Emails opened/month, last 3 mo = 0","Coupons redeemed/month, last 3 mo = 0",Age = 29,Active (bought Jan-Mar 2024),0
501101,0.0003,0,Low,Silver,Boise,2021,Tenure (months) = 29,Spend volatility = 0.58,Home-store price tier = Value,Active (bought Jan-Mar 2024),0
500920,0.0003,0,Low,Silver,Madison,2023,Spend volatility = 0.53,Signup year = 2023,Avg spend/month (history) = 118.01,Active (bought Jan-Mar 2024),0
501204,0.0003,0,Low,Silver,Boise,2021,"Support tickets, last 3 mo = 1","Support tickets, last 6 mo = 2",Avg spend/month (history) = 239.71,Active (bought Jan-Mar 2024),0
500938,0.0003,0,Low,Gold,Denver,2023,"Support tickets, last 6 mo = 2","Emails opened/month, last 3 mo = 0.33",Transaction trend (last vs prior qtr) = -1.67,Active (bought Jan-Mar 2024),0
502275,0.0003,0,Low,Gold,Austin,2023,City = Austin,App session trend = -1.33,Age = 53,Active (bought Jan-Mar 2024),0
500913,0.0003,0,Low,Silver,Austin,2023,"Emails opened/month, last 3 mo = 0.33",City = Austin,Avg spend/month (history) = 173.01,Active (bought Jan-Mar 2024),0
502260,0.0003,0,Low,Gold,Tulsa,2022,"Support tickets, last 3 mo = 1",Months of history = 15,Avg spend/month (history) = 195.78,Active (bought Jan-Mar 2024),0
500676,0.0003,0,Low,Silver,Tulsa,2022,Months of history = 15,Age = 39,Avg spend/month (history) = 180.66,Active (bought Jan-Mar 2024),0
500342,0.0003,0,Low,Silver,Spokane,2023,"Avg basket, last 3 mo = 27.16",Age = 34,Avg transactions/month (history) = 4.73,Active (bought Jan-Mar 2024),0
500039,0.0003,0,Low,Silver,Tulsa,2023,Months of history = 14,Avg spend/month (history) = 222.32,Transaction trend (last vs prior qtr) = -1.33,Active (bought Jan-Mar 2024),0
500161,0.0003,0,Low,Silver,Tulsa,2021,Tenure (months) = 36,Months of history = 15,Avg spend/month (history) = 210.95,Active (bought Jan-Mar 2024),0
501854,0.0003,0,Low,Silver,Tulsa,2023,Months of history = 13,Age = 37,App session trend = -1.67,Active (bought Jan-Mar 2024),0
501424,0.0003,0,Low,Gold,Portland,2022,Preferred category = Bakery,Months of history = 15,Marketing opt-in = 1,Active (bought Jan-Mar 2024),0
502277,0.0003,0,Low,Platinum,Portland,2022,"Support tickets, last 3 mo = 1",Avg spend/month (history) = 377.36,Months of history = 15,Active (bought Jan-Mar 2024),0
502480,0.0003,0,Low,Gold,Spokane,2023,Age = 47,App session trend = -2.00,"Promo share, last 3 mo = 0.43",Active (bought Jan-Mar 2024),0
500879,0.0003,0,Low,Gold,Boise,2023,Transaction trend (last vs prior qtr) = n/a,Marketing opt-in = 1,Home-store price tier = Value,Active (bought Jan-Mar 2024),0
500940,0.0003,0,Low,Silver,Austin,2023,City = Austin,"Promo share, last 3 mo = 0.47",App session trend = -2,Active (bought Jan-Mar 2024),0
500385,0.0003,0,Low,Silver,Madison,2023,Coupons/month (history) = 0.20,Age = 35,Promo share (history) = 0.31,Active (bought Jan-Mar 2024),0
500128,0.0003,0,Low,Gold,Boise,2022,Home-store price tier = Value,Marketing opt-in = 1,Months of history = 15,Active (bought Jan-Mar 2024),0
502182,0.0003,0,Low,Gold,Tulsa,2023,Promo share (history) = 0.25,Avg spend/month (history) = 240.49,App session trend = -0.67,Active (bought Jan-Mar 2024),0
500881,0.0003,0,Low,Gold,Denver,2023,City = Denver,Avg spend/month (history) = 188.48,Signup year = 2023,Active (bought Jan-Mar 2024),0
501587,0.0003,0,Low,Gold,Boise,2023,Avg spend/month (history) = 163.06,Transaction trend (last vs prior qtr) = -1.33,Home-store price tier = Value,Active (bought Jan-Mar 2024),0
501206,0.0003,0,Low,Gold,Tulsa,2022,Months of history = 15,Avg spend/month (history) = 182.47,Marketing opt-in = 1,Active (bought Jan-Mar 2024),0
500733,0.0003,0,Low,Gold,Tulsa,2023,Months of history = 13,Avg spend/month (history) = 232.67,Home-store price tier = Value,Active (bought Jan-Mar 2024),0
500688,0.0003,0,Low,Gold,Madison,2024,"Support tickets, last 3 mo = 1",Avg spend/month (history) = 250.48,Home-store price tier = Value,Active (bought Jan-Mar 2024),0
500231,0.0003,0,Low,Silver,Portland,2021,Tenure (months) = 34,"Support tickets, last 6 mo = 2",Months of history = 15,Active (bought Jan-Mar 2024),0
500487,0.0003,0,Low,Silver,Portland,2023,Avg spend/month (history) = 165.35,Email-open trend = -0.33,Home-store price tier = Value,Active (bought Jan-Mar 2024),0
501870,0.0003,0,Low,Silver,Boise,2022,Promo share (history) = 0.24,Months of history = 15,Avg spend/month (history) = 265.39,Active (bought Jan-Mar 2024),0
501753,0.0003,0,Low,Silver,Boise,2023,Email-open trend = -1.33,Avg spend/month (history) = 228.40,Age = 41,Active (bought Jan-Mar 2024),0
501266,0.0003,0,Low,Silver,Boise,2023,Home-store price tier = Value,Transaction trend (last vs prior qtr) = n/a,Avg spend/month (history) = 270.76,Active (bought Jan-Mar 2024),0
500315,0.0003,0,Low,Platinum,Spokane,2022,Months of history = 15,Avg spend/month (history) = 345.53,"Promo share, last 3 mo = 0.41",Active (bought Jan-Mar 2024),0
500639,0.0003,0,Low,Silver,Boise,2023,"Emails opened/month, last 3 mo = 0.33",Age = 39,Home-store price tier = Value,Active (bought Jan-Mar 2024),0
500243,0.0003,0,Low,Silver,Spokane,2023,Coupons/month (history) = 0.22,"Coupons redeemed/month, last 3 mo = 0",Avg spend/month (history) = 183.53,Active (bought Jan-Mar 2024),0
501461,0.0003,0,Low,Gold,Madison,2023,"Emails opened/month, last 3 mo = 0.33",Avg spend/month (history) = 217.04,Home-store price tier = Value,Active (bought Jan-Mar 2024),0
501155,0.0003,0,Low,Silver,Denver,2024,"Emails opened/month, last 3 mo = 0","Categories bought, last 3 mo = 1",Transaction trend (last vs prior qtr) = n/a,Active (bought Jan-Mar 2024),0
501579,0.0003,0,Low,Gold,Tulsa,2022,"Emails opened/month, last 3 mo = 0.33","Support tickets, last 6 mo = 2",Months of history = 15,Active (bought Jan-Mar 2024),0
501018,0.0003,0,Low,Gold,Spokane,2022,Months of history = 15,Home-store price tier = Value,App session trend = -1.33,Active (bought Jan-Mar 2024),0
501009,0.0003,0,Low,Gold,Boise,2023,"Emails opened/month, last 3 mo = 0.33",Months of history = 14,Avg spend/month (history) = 213.21,Active (bought Jan-Mar 2024),0
502248,0.0003,0,Low,Silver,Tulsa,2023,"Emails opened/month, last 3 mo = 0",Transaction trend (last vs prior qtr) = -3.33,App session trend = -1.33,Active (bought Jan-Mar 2024),0
501130,0.0003,0,Low,Silver,Tulsa,2023,"Support tickets, last 3 mo = 1",Avg transactions/month (history) = 4.75,Coupons/month (history) = 0,Active (bought Jan-Mar 2024),0
501658,0.0003,0,Low,Gold,Raleigh,2024,City = Raleigh,Avg spend/month (history) = 362.35,Transaction trend (last vs prior qtr) = n/a,Active (bought Jan-Mar 2024),0
501632,0.0003,0,Low,Silver,Nashville,2023,Spend volatility = 0.65,Avg transactions/month (history) = 4.44,Marketing opt-in = 1,Active (bought Jan-Mar 2024),0
502124,0.0003,0,Low,Silver,Tulsa,2022,Months of history = 15,"Promo share, last 3 mo = 0.43",Avg spend/month (history) = 305.32,Active (bought Jan-Mar 2024),0
501031,0.0002,0,Low,Silver,Boise,2021,Tenure (months) = 35,Months of history = 15,App session trend = -1.33,Active (bought Jan-Mar 2024),0
502397,0.0002,0,Low,Silver,Boise,2023,Spend volatility = 0.58,Avg transactions/month (history) = 4.58,Months of history = 12,Active (bought Jan-Mar 2024),0
501557,0.0002,0,Low,Silver,Boise,2023,Avg spend/month (history) = 194.53,Age = 33,Preferred category = Produce,Active (bought Jan-Mar 2024),0
501080,0.0002,0,Low,Platinum,Tulsa,2023,Coupons/month (history) = 0.29,Avg spend/month (history) = 200.34,Membership tier = Platinum,Active (bought Jan-Mar 2024),0
500980,0.0002,0,Low,Gold,Tulsa,2023,"Emails opened/month, last 3 mo = 0",Coupons/month (history) = 0.10,Age = 47,Active (bought Jan-Mar 2024),0
500046,0.0002,0,Low,Platinum,Boise,2022,Months of history = 15,Avg spend/month (history) = 319.94,Preferred category = Bakery,Active (bought Jan-Mar 2024),0
500270,0.0002,0,Low,Gold,Raleigh,2024,City = Raleigh,Age = 45,Preferred category = Produce,Active (bought Jan-Mar 2024),0
500442,0.0002,0,Low,Gold,Boise,2024,Transaction trend (last vs prior qtr) = n/a,Promo share (history) = 0.21,Marketing opt-in = 1,Active (bought Jan-Mar 2024),0
501798,0.0002,0,Low,Platinum,Portland,2024,"Emails opened/month, last 3 mo = 0","Coupons redeemed/month, last 3 mo = 0",Transaction trend (last vs prior qtr) = n/a,Active (bought Jan-Mar 2024),0
501907,0.0002,0,Low,Gold,Raleigh,2024,City = Raleigh,Transaction trend (last vs prior qtr) = n/a,Age = 55,Active (bought Jan-Mar 2024),0
500215,0.0002,0,Low,Silver,Nashville,2023,Avg spend/month (history) = 277.69,Signup year = 2023,Marketing opt-in = 1,Active (bought Jan-Mar 2024),0
500803,0.0002,0,Low,Gold,Nashville,2023,Avg spend/month (history) = 282.87,Transaction trend (last vs prior qtr) = -2.67,"Promo share, last 3 mo = 0.34",Active (bought Jan-Mar 2024),0
500919,0.0002,0,Low,Gold,Columbus,2024,City = Columbus,"Promo share, last 3 mo = 0.50","Coupons redeemed/month, last 3 mo = 0",Active (bought Jan-Mar 2024),0
502209,0.0002,0,Low,Silver,Portland,2021,Months of history = 15,Avg spend/month (history) = 232.85,"Coupons redeemed/month, last 3 mo = 0",Active (bought Jan-Mar 2024),0
502456,0.0002,0,Low,Gold,Boise,2023,Avg spend/month (history) = 169.89,Spend volatility = 0.54,Age = 53,Active (bought Jan-Mar 2024),0
501313,0.0002,0,Low,Silver,Tulsa,2023,"Promo share, last 3 mo = 0.57",Email-open trend = -0.33,Avg spend/month (history) = 183.78,Active (bought Jan-Mar 2024),0
501362,0.0002,0,Low,Gold,Boise,2023,Transaction trend (last vs prior qtr) = n/a,"Promo share, last 3 mo = 0.55",Avg spend/month (history) = 362.44,Active (bought Jan-Mar 2024),0
501518,0.0002,0,Low,Silver,Boise,2021,Months of history = 15,Avg spend/month (history) = 157.00,Avg transactions/month (history) = 4.71,Active (bought Jan-Mar 2024),0
501432,0.0002,0,Low,Gold,Tulsa,2023,Avg spend/month (history) = 206.59,Marketing opt-in = 1,"Promo share, last 3 mo = 0.35",Active (bought Jan-Mar 2024),0
500843,0.0002,0,Low,Silver,Portland,2024,Avg spend/month (history) = 159.86,"Transactions/month, prior 3 mo = n/a",Marketing opt-in = 1,Active (bought Jan-Mar 2024),0
